-- phpMyAdmin SQL Dump
-- version 5.2.1
-- https://www.phpmyadmin.net/
--
-- Host: 127.0.0.1
-- Generation Time: May 04, 2026 at 02:30 PM
-- Server version: 10.4.32-MariaDB
-- PHP Version: 8.2.12

SET SQL_MODE = "NO_AUTO_VALUE_ON_ZERO";
START TRANSACTION;
SET time_zone = "+00:00";


/*!40101 SET @OLD_CHARACTER_SET_CLIENT=@@CHARACTER_SET_CLIENT */;
/*!40101 SET @OLD_CHARACTER_SET_RESULTS=@@CHARACTER_SET_RESULTS */;
/*!40101 SET @OLD_COLLATION_CONNECTION=@@COLLATION_CONNECTION */;
/*!40101 SET NAMES utf8mb4 */;

--
-- Database: `takafoljood_reception`
--

-- --------------------------------------------------------

--
-- Table structure for table `admins`
--

CREATE TABLE `admins` (
  `id` bigint(20) UNSIGNED NOT NULL,
  `name` varchar(200) DEFAULT NULL,
  `email` varchar(50) NOT NULL,
  `phone` varchar(15) NOT NULL,
  `password` varchar(100) NOT NULL,
  `image` varchar(191) DEFAULT NULL,
  `dob` date NOT NULL,
  `gender` int(11) NOT NULL DEFAULT 1 COMMENT '1 male , 2 female',
  `type` int(11) NOT NULL DEFAULT 1 COMMENT '1 main admin ,2 supervisor',
  `status` tinyint(4) NOT NULL DEFAULT 1,
  `deleted_at` timestamp NULL DEFAULT NULL,
  `created_at` timestamp NULL DEFAULT NULL,
  `updated_at` timestamp NULL DEFAULT NULL
) ENGINE=InnoDB DEFAULT CHARSET=utf8mb4 COLLATE=utf8mb4_unicode_ci;

--
-- Dumping data for table `admins`
--

INSERT INTO `admins` (`id`, `name`, `email`, `phone`, `password`, `image`, `dob`, `gender`, `type`, `status`, `deleted_at`, `created_at`, `updated_at`) VALUES
(1, 'Dr Ayman', 'admin@admin.com', '01221274710', '$10$ApjSEBzmqXf.Hr7vStlp/ewJPgBpd.ClQPhYdgULwJP0NuJ5OZ232', NULL, '1991-01-01', 1, 1, 1, '0000-00-00 00:00:00', '2022-10-17 01:28:56', '2022-10-17 01:28:56');

-- --------------------------------------------------------

--
-- Table structure for table `age_categories`
--

CREATE TABLE `age_categories` (
  `id` bigint(20) UNSIGNED NOT NULL,
  `age_from` varchar(255) NOT NULL,
  `age_from_period` enum('days','years') NOT NULL DEFAULT 'years',
  `age_to` varchar(255) NOT NULL,
  `age_to_period` enum('days','years') NOT NULL DEFAULT 'years',
  `status` tinyint(4) NOT NULL DEFAULT 1,
  `created_at` timestamp NULL DEFAULT NULL,
  `updated_at` timestamp NULL DEFAULT NULL
) ENGINE=InnoDB DEFAULT CHARSET=utf8mb4 COLLATE=utf8mb4_unicode_ci;

--
-- Dumping data for table `age_categories`
--

INSERT INTO `age_categories` (`id`, `age_from`, `age_from_period`, `age_to`, `age_to_period`, `status`, `created_at`, `updated_at`) VALUES
(1, '0', 'days', '30', 'days', 1, '2024-05-03 17:14:43', '2024-05-03 17:14:43'),
(2, '30', 'days', '2', 'years', 1, '2024-05-03 17:14:43', '2024-05-03 17:14:43'),
(3, '2', 'years', '12', 'years', 1, '2024-05-03 17:14:43', '2024-05-03 17:14:43'),
(4, '12', 'years', '20', 'years', 1, '2024-05-03 17:14:43', '2024-05-03 17:14:43'),
(5, '20', 'years', '120', 'years', 1, '2024-05-03 17:14:43', '2024-05-03 17:14:43');

-- --------------------------------------------------------

--
-- Table structure for table `all_permissions`
--

CREATE TABLE `all_permissions` (
  `id` bigint(20) UNSIGNED NOT NULL,
  `permission` varchar(191) DEFAULT NULL,
  `name_en` varchar(255) NOT NULL,
  `name_ar` varchar(255) NOT NULL,
  `flag` int(11) NOT NULL DEFAULT 1,
  `status` tinyint(4) NOT NULL DEFAULT 1,
  `parent_id` bigint(20) UNSIGNED DEFAULT NULL,
  `deleted_at` timestamp NULL DEFAULT NULL,
  `created_at` timestamp NULL DEFAULT NULL,
  `updated_at` timestamp NULL DEFAULT NULL
) ENGINE=InnoDB DEFAULT CHARSET=utf8mb4 COLLATE=utf8mb4_unicode_ci;

--
-- Dumping data for table `all_permissions`
--

INSERT INTO `all_permissions` (`id`, `permission`, `name_en`, `name_ar`, `flag`, `status`, `parent_id`, `deleted_at`, `created_at`, `updated_at`) VALUES
(1, 'complaints', 'complaints', 'الشكاوى', 0, 1, NULL, NULL, '2022-08-19 16:55:34', '2022-08-19 16:55:34'),
(2, 'complaint_view', 'View', 'عرض', 1, 1, 1, NULL, '2022-08-19 16:55:34', '2022-08-19 16:55:34'),
(3, 'complaint_reply', 'Reply', 'الرد', 6, 1, 1, NULL, '2022-08-19 16:55:34', '2022-08-19 16:55:34'),
(4, 'posts', 'Posts', 'المشاركات', 0, 1, NULL, NULL, '2022-08-19 16:55:34', '2022-08-19 16:55:34'),
(5, 'post_view', 'View', 'عرض', 1, 1, 4, NULL, '2022-08-19 16:55:34', '2022-08-19 16:55:34'),
(6, 'post_add', 'Add', 'اضافة', 2, 1, 4, NULL, '2022-08-19 16:55:34', '2022-08-19 16:55:34'),
(7, 'post_edit', 'Edit', 'تعديل', 3, 1, 4, NULL, '2022-08-19 16:55:34', '2022-08-19 16:55:34'),
(8, 'post_delete', 'Delete', 'حذف', 4, 1, 4, NULL, '2022-08-19 16:55:34', '2022-08-19 16:55:34'),
(9, 'attendance', 'Attendance', 'الحضور والانصراف', 0, 1, NULL, NULL, '2022-08-19 16:55:34', '2022-08-19 16:55:34'),
(10, 'attendance_view', 'manage', 'إدارة الحضور والاذونات', 1, 1, 9, NULL, '2022-08-19 16:55:34', '2022-08-19 16:55:34'),
(11, 'Profile', 'profile', 'الملف الشخصى', 0, 1, NULL, NULL, '2022-08-19 16:55:34', '2022-08-19 16:55:34'),
(12, 'profile_view', 'View ', 'عرض', 1, 1, 11, NULL, '2022-08-19 16:55:34', '2022-08-19 16:55:34'),
(13, 'profile_edit', 'Edit', 'تعديل', 3, 1, 11, NULL, '2022-08-19 16:55:34', '2022-08-19 16:55:34'),
(14, 'Departments', 'departments', 'الاقسام', 0, 1, NULL, NULL, '2022-08-19 16:55:34', '2022-08-19 16:55:34'),
(15, 'department_view', 'View', 'عرض', 1, 1, 14, NULL, '2022-08-19 16:55:34', '2022-08-19 16:55:34'),
(16, 'department_add', 'Add', 'اضافة', 2, 1, 14, NULL, '2022-08-19 16:55:34', '2022-08-19 16:55:34'),
(17, 'department_edit', 'Edit', 'تعديل', 3, 1, 14, NULL, '2022-08-19 16:55:34', '2022-08-19 16:55:34'),
(18, 'department_status', 'Status', 'تفعيل وعدم تفعيل', 5, 1, 14, NULL, '2022-08-19 16:55:34', '2022-08-19 16:55:34'),
(19, 'department_shift', 'Shifts department', 'ادارة شيفت', 7, 1, 14, NULL, '2022-08-19 16:55:34', '2022-08-19 16:55:34'),
(20, 'department_employees', 'show employees', 'عرض موظفيين', 8, 1, 14, NULL, '2022-08-19 16:55:34', '2022-08-19 16:55:34'),
(21, 'Offers', 'Offers', 'العروض', 0, 1, NULL, NULL, '2022-08-19 16:55:34', '2022-08-19 16:55:34'),
(22, 'offers_view', 'View', 'عرض', 1, 1, 21, NULL, '2022-08-19 16:55:34', '2022-08-19 16:55:34'),
(23, 'offers_add', 'Add', 'اضافة', 2, 1, 21, NULL, '2022-08-19 16:55:34', '2022-08-19 16:55:34'),
(24, 'offer_edit', 'Edit', 'تعديل', 3, 1, 21, NULL, '2022-08-19 16:55:34', '2022-08-19 16:55:34'),
(25, 'offers_delete', 'Delete', 'حذف ', 4, 1, 21, NULL, '2022-08-19 16:55:34', '2022-08-19 16:55:34'),
(26, 'specialties', 'specialties', 'التخصصات', 0, 1, NULL, NULL, '2022-08-19 16:55:34', '2022-08-19 16:55:34'),
(27, 'specialties_view', 'View', 'عرض', 1, 1, 26, NULL, '2022-08-19 16:55:34', '2022-08-19 16:55:34'),
(28, 'specialties_add', 'Add', 'اضافة', 2, 1, 26, NULL, '2022-08-19 16:55:34', '2022-08-19 16:55:34'),
(29, 'specialties_edit', 'Edit', 'تعديل', 3, 1, 26, NULL, '2022-08-19 16:55:34', '2022-08-19 16:55:34'),
(30, 'specialties_delete', 'Delete', 'حذف', 4, 1, 26, NULL, '2022-08-19 16:55:34', '2022-08-19 16:55:34'),
(31, 'Branches', 'branches', 'فروع العيادة', 0, 1, NULL, NULL, '2022-08-19 16:55:34', '2022-08-19 16:55:34'),
(32, 'branches_view', 'View', 'عرض', 1, 1, 31, NULL, '2022-08-19 16:55:34', '2022-08-19 16:55:34'),
(33, 'branches_add', 'Add', 'اضافة', 2, 1, 31, NULL, '2022-08-19 16:55:34', '2022-08-19 16:55:34'),
(34, 'branches_edit', 'Edit', 'تعديل', 3, 1, 31, NULL, '2022-08-19 16:55:34', '2022-08-19 16:55:34'),
(35, 'branches_status', 'Status', 'تفعيل وعدم تفعيل', 5, 1, 31, NULL, '2022-08-19 16:55:34', '2022-08-19 16:55:34'),
(36, 'Supervisors managment', 'supervisors', 'المشرفيين', 0, 1, NULL, NULL, '2022-08-19 16:55:34', '2022-08-19 16:55:34'),
(37, 'supervisors_view', 'View', 'عرض', 1, 1, 36, NULL, '2022-08-19 16:55:34', '2022-08-19 16:55:34'),
(38, 'supervisors_add', 'Add', 'اضافة', 2, 1, 36, NULL, '2022-08-19 16:55:34', '2022-08-19 16:55:34'),
(39, 'supervisors_edit', 'Edit', 'تعديل', 3, 1, 36, NULL, '2022-08-19 16:55:34', '2022-08-19 16:55:34'),
(40, 'supervisors_permissions', 'permissions', 'صلاحيات', 9, 1, 36, NULL, '2022-08-19 16:55:34', '2022-08-19 16:55:34'),
(41, 'Points', 'points', 'نقاط العيادة', 0, 1, NULL, NULL, '2022-08-19 16:55:34', '2022-08-19 16:55:34'),
(42, 'points_view', 'View', 'عرض', 1, 1, 41, NULL, '2022-08-19 16:55:34', '2022-08-19 16:55:34');

-- --------------------------------------------------------

--
-- Table structure for table `app_types`
--

CREATE TABLE `app_types` (
  `id` bigint(20) UNSIGNED NOT NULL,
  `name_en` varchar(255) NOT NULL,
  `name_ar` varchar(255) NOT NULL,
  `clinic_id` bigint(20) DEFAULT NULL,
  `type` int(11) NOT NULL DEFAULT 2,
  `status` tinyint(4) NOT NULL DEFAULT 1,
  `deleted_at` timestamp NULL DEFAULT NULL,
  `created_at` timestamp NULL DEFAULT NULL,
  `updated_at` timestamp NULL DEFAULT NULL
) ENGINE=InnoDB DEFAULT CHARSET=utf8mb4 COLLATE=utf8mb4_unicode_ci;

--
-- Dumping data for table `app_types`
--

INSERT INTO `app_types` (`id`, `name_en`, `name_ar`, `clinic_id`, `type`, `status`, `deleted_at`, `created_at`, `updated_at`) VALUES
(1, 'clinics', 'عيادات', NULL, 1, 1, NULL, '2022-07-03 03:15:53', '2022-07-03 03:15:53'),
(2, 'Reciption', 'الاسنقبال', NULL, 1, 1, NULL, '2022-07-13 01:19:44', '2022-08-05 17:58:27'),
(3, 'Doctors', 'الأطباء', NULL, 1, 1, NULL, '2022-07-13 01:19:44', '2022-08-05 15:37:00'),
(4, 'Labs', 'المعامل', NULL, 1, 1, NULL, '2022-07-13 01:19:44', '2022-07-13 01:19:44'),
(5, 'pharmacy', 'صيدلية', NULL, 1, 1, NULL, '2022-07-13 01:19:44', '2022-08-05 04:28:06'),
(6, 'Admin', 'الادمن', NULL, 0, 0, NULL, '2022-07-14 10:59:50', '2022-08-05 01:00:33'),
(7, 'Branches', 'فروع العياده', NULL, 0, 0, NULL, '2022-08-04 01:38:41', '2022-08-04 14:45:39'),
(8, 'Nursing', 'تمريض', NULL, 1, 1, NULL, '2022-07-13 02:19:44', '2022-08-05 05:28:06'),
(9, 'Accounting', 'الحسابات', NULL, 1, 1, NULL, '2022-07-13 02:19:44', '2022-08-05 05:28:06'),
(10, 'Insurances', 'التامينات', NULL, 1, 1, NULL, '2022-07-13 02:19:44', '2022-08-05 05:28:06'),
(25, 'Lab', 'معمل', NULL, 1, 1, NULL, '2022-07-13 02:19:44', '2022-08-05 05:28:06'),
(26, 'Rays', 'أشعة', NULL, 1, 1, NULL, '2022-07-13 02:19:44', '2022-08-05 05:28:06'),
(27, 'Warehouse official', 'مسئول المخزن', NULL, 1, 1, NULL, '2022-07-13 02:19:44', '2022-08-05 05:28:06'),
(28, 'Employee', 'الموظفيين', NULL, 1, 1, NULL, '2022-07-13 02:19:44', '2022-08-05 05:28:06'),
(35, 'doc', 'دكتور', 1, 2, 1, NULL, '2025-06-13 11:21:35', '2025-11-16 09:43:07'),
(36, 'doctors', 'الاطباء', 102, 2, 1, NULL, '2025-07-19 15:00:20', '2025-11-22 17:39:14'),
(37, 'test', 'تيست', 1, 2, 1, NULL, '2025-11-16 11:29:52', '2025-11-16 11:29:58'),
(38, 'test', 'تيست', 1, 2, 1, NULL, '2025-11-16 11:38:40', '2025-11-16 11:38:40'),
(39, 'test', 'تيست', 1, 2, 1, NULL, '2025-11-16 12:12:49', '2025-11-16 12:12:53'),
(40, 'testdf', 'دكتوررfdg', 1, 2, 1, NULL, '2025-11-16 13:40:49', '2025-11-19 15:25:26'),
(41, 'testبل', 'تيستfghf', 1, 2, 1, NULL, '2025-11-19 15:25:45', '2025-11-19 15:26:07'),
(42, 'accountant', 'المحاسبة', 102, 2, 1, NULL, '2025-11-22 17:46:32', '2025-11-22 17:46:32');

-- --------------------------------------------------------

--
-- Table structure for table `attendances`
--

CREATE TABLE `attendances` (
  `id` bigint(20) UNSIGNED NOT NULL,
  `account_type` bigint(20) UNSIGNED NOT NULL,
  `clinic_id` bigint(20) UNSIGNED NOT NULL,
  `day_id` bigint(20) UNSIGNED NOT NULL,
  `check_in` varchar(255) DEFAULT NULL,
  `check_out` varchar(255) DEFAULT NULL,
  `another_employee` bigint(20) UNSIGNED DEFAULT NULL,
  `status` int(11) NOT NULL DEFAULT 1,
  `created_at` timestamp NULL DEFAULT NULL,
  `updated_at` timestamp NULL DEFAULT NULL
) ENGINE=InnoDB DEFAULT CHARSET=utf8mb4 COLLATE=utf8mb4_unicode_ci;

-- --------------------------------------------------------

--
-- Table structure for table `attendance_settings`
--

CREATE TABLE `attendance_settings` (
  `id` bigint(20) UNSIGNED NOT NULL,
  `clinic_id` bigint(20) UNSIGNED NOT NULL,
  `attendance_period` int(11) NOT NULL COMMENT 'hours',
  `leaving_period` int(11) NOT NULL COMMENT 'hours',
  `extra_time` int(11) NOT NULL COMMENT 'hours',
  `created_at` timestamp NULL DEFAULT NULL,
  `updated_at` timestamp NULL DEFAULT NULL
) ENGINE=InnoDB DEFAULT CHARSET=utf8mb4 COLLATE=utf8mb4_unicode_ci;

--
-- Dumping data for table `attendance_settings`
--

INSERT INTO `attendance_settings` (`id`, `clinic_id`, `attendance_period`, `leaving_period`, `extra_time`, `created_at`, `updated_at`) VALUES
(2, 1, 4, 4, 8, '2023-08-19 07:41:35', '2025-11-19 15:57:23'),
(3, 352, 10, 0, 15, '2025-11-21 18:08:56', '2025-11-21 18:08:56'),
(4, 102, 10, 0, 15, '2025-11-22 17:44:03', '2025-11-22 17:44:03');

-- --------------------------------------------------------

--
-- Table structure for table `bonds`
--

CREATE TABLE `bonds` (
  `id` bigint(20) UNSIGNED NOT NULL,
  `user_id` bigint(20) UNSIGNED NOT NULL,
  `reception_id` bigint(20) UNSIGNED DEFAULT NULL,
  `account_type` enum('register_in_safe','register_with_card') DEFAULT 'register_in_safe',
  `price` varchar(255) NOT NULL DEFAULT '0',
  `notes` longtext DEFAULT NULL,
  `account_id` int(10) UNSIGNED DEFAULT NULL,
  `movement_type` enum('receipt_bond','exchange_bond') DEFAULT NULL,
  `date` date DEFAULT NULL,
  `payment_method` enum('cache','visa') DEFAULT NULL,
  `created_at` timestamp NULL DEFAULT NULL,
  `updated_at` timestamp NULL DEFAULT NULL,
  `deleted_at` timestamp NULL DEFAULT NULL
) ENGINE=InnoDB DEFAULT CHARSET=utf8mb4 COLLATE=utf8mb4_unicode_ci;

--
-- Dumping data for table `bonds`
--

INSERT INTO `bonds` (`id`, `user_id`, `reception_id`, `account_type`, `price`, `notes`, `account_id`, `movement_type`, `date`, `payment_method`, `created_at`, `updated_at`, `deleted_at`) VALUES
(1, 42, 4, 'register_in_safe', '120', 'باقى تحليل', NULL, NULL, NULL, NULL, '2024-02-20 17:44:56', '2024-02-20 17:44:56', NULL),
(6, 13, NULL, 'register_in_safe', '200', NULL, 1, 'receipt_bond', '2024-08-25', 'cache', '2024-08-25 12:34:15', '2024-08-25 12:34:15', NULL),
(7, 13, NULL, 'register_in_safe', '100', NULL, 1, 'receipt_bond', '2024-08-25', 'cache', '2024-08-26 21:33:15', '2024-08-26 21:33:15', NULL),
(8, 13, NULL, 'register_in_safe', '500', NULL, 2, 'exchange_bond', '2024-08-27', 'cache', '2024-08-26 21:33:52', '2024-08-26 21:33:52', NULL),
(9, 13, NULL, 'register_in_safe', '150', NULL, 1, 'receipt_bond', '2024-09-15', 'cache', '2024-09-14 22:30:10', '2024-09-14 22:30:10', NULL),
(10, 13, NULL, 'register_in_safe', '100', NULL, 1, 'receipt_bond', '2024-10-05', 'cache', '2024-10-04 23:16:18', '2024-10-04 23:16:18', NULL),
(11, 50, 10, 'register_with_card', '120', 'تيست', NULL, NULL, NULL, NULL, '2025-11-15 09:53:50', '2025-11-15 09:53:50', NULL),
(12, 13, NULL, 'register_in_safe', '100', NULL, 1, 'receipt_bond', '2025-11-15', 'cache', '2025-11-15 12:00:04', '2025-11-15 12:00:04', NULL),
(13, 13, NULL, 'register_in_safe', '100', NULL, 2, 'exchange_bond', '2025-11-15', 'cache', '2025-11-15 12:01:05', '2025-11-15 12:01:05', NULL),
(14, 52, 371, 'register_in_safe', '115', 'jdsj', NULL, NULL, NULL, NULL, '2025-12-18 13:45:46', '2025-12-18 13:45:46', NULL);

-- --------------------------------------------------------

--
-- Table structure for table `cities`
--

CREATE TABLE `cities` (
  `id` bigint(20) UNSIGNED NOT NULL,
  `name_en` varchar(100) NOT NULL,
  `name_ar` varchar(100) NOT NULL,
  `country_id` bigint(20) UNSIGNED DEFAULT 1,
  `status` tinyint(4) NOT NULL DEFAULT 1,
  `created_by` bigint(20) UNSIGNED DEFAULT NULL,
  `deleted_at` timestamp NULL DEFAULT NULL,
  `created_at` timestamp NULL DEFAULT NULL,
  `updated_at` timestamp NULL DEFAULT NULL
) ENGINE=InnoDB DEFAULT CHARSET=utf8mb4 COLLATE=utf8mb4_unicode_ci;

--
-- Dumping data for table `cities`
--

INSERT INTO `cities` (`id`, `name_en`, `name_ar`, `country_id`, `status`, `created_by`, `deleted_at`, `created_at`, `updated_at`) VALUES
(1, 'Riyadh', 'الرياض', 1, 1, NULL, NULL, '2022-07-03 04:24:32', '2022-07-03 04:24:32'),
(2, 'Makkah', 'مكة المكرمة', 1, 1, NULL, NULL, '2022-07-03 04:24:32', '2022-07-03 04:24:32'),
(3, 'AL Madinah AL Munawwarah', 'المدينة المنورة', 1, 1, NULL, NULL, '2022-07-03 04:24:32', '2022-07-03 04:24:32'),
(4, 'tabuk', 'تبوك', 1, 1, NULL, NULL, '2022-07-03 04:24:32', '2022-07-03 04:24:32'),
(5, 'Al Ahsa', 'الأحساء', 1, 1, NULL, NULL, '2022-07-03 04:24:32', '2022-07-03 04:24:32'),
(6, 'Najran', 'نجران', 1, 1, NULL, NULL, '2022-07-03 04:24:32', '2022-07-03 04:24:32'),
(7, 'Hail', 'حائل', 1, 1, NULL, NULL, '2022-07-03 04:24:32', '2022-07-03 04:24:32'),
(9, 'Dammam', 'الدمام', 1, 1, 272, NULL, '2024-12-21 21:29:59', '2024-12-21 21:30:14'),
(10, 'bisha', 'بيشة', 1, 1, 272, NULL, '2025-01-06 07:48:10', '2025-01-06 07:48:36'),
(11, 'Taif', 'الطائف', 1, 1, 272, NULL, '2025-07-28 18:44:28', '2025-07-28 18:44:28'),
(12, 'jeddah', 'جدة', 1, 1, 272, NULL, '2025-07-28 18:44:56', '2025-07-28 18:44:56');

-- --------------------------------------------------------

--
-- Table structure for table `clinics`
--

CREATE TABLE `clinics` (
  `id` bigint(20) UNSIGNED NOT NULL,
  `name` varchar(191) NOT NULL,
  `email` varchar(255) NOT NULL,
  `phone` varchar(255) DEFAULT NULL,
  `password` varchar(255) DEFAULT NULL,
  `image` varchar(191) DEFAULT NULL,
  `post_number` varchar(255) DEFAULT NULL,
  `fax` varchar(255) DEFAULT NULL,
  `website` varchar(255) DEFAULT NULL,
  `monitor_username` varchar(255) DEFAULT NULL,
  `monitor_password` varchar(255) DEFAULT NULL,
  `qr_code` varchar(100) DEFAULT NULL,
  `app_type` bigint(20) UNSIGNED NOT NULL DEFAULT 1,
  `parent_id` bigint(20) UNSIGNED DEFAULT NULL,
  `city_id` bigint(20) UNSIGNED DEFAULT NULL,
  `date_created` date DEFAULT NULL,
  `package_end_date` date DEFAULT NULL,
  `communication_officer` varchar(255) DEFAULT NULL,
  `communication_officer_phone` varchar(20) DEFAULT NULL,
  `lat` double DEFAULT 0,
  `lng` double DEFAULT 0,
  `address` varchar(191) DEFAULT NULL,
  `gender` int(11) DEFAULT 1 COMMENT '1 male, 2 female ,3 other',
  `specialization` varchar(150) DEFAULT NULL,
  `status` tinyint(4) NOT NULL DEFAULT 1,
  `platform` tinyint(4) NOT NULL DEFAULT 1 COMMENT '1 android ,2 ios',
  `device_token` varchar(255) DEFAULT NULL,
  `jwt_token` varchar(255) NOT NULL,
  `info` longtext DEFAULT NULL,
  `info_ar` longtext DEFAULT NULL,
  `degree_id` bigint(20) DEFAULT NULL,
  `ID_Number` int(11) DEFAULT NULL,
  `condition` longtext DEFAULT NULL,
  `firebase_token` longtext DEFAULT NULL,
  `tax` int(11) NOT NULL DEFAULT 15,
  `is_manager` int(11) NOT NULL DEFAULT 0 COMMENT '1 is manager nursing	',
  `nursing_point_id` bigint(20) UNSIGNED DEFAULT NULL,
  `notes` text DEFAULT NULL,
  `role_id` bigint(20) UNSIGNED DEFAULT NULL,
  `created_at` timestamp NULL DEFAULT NULL,
  `updated_at` timestamp NULL DEFAULT NULL
) ENGINE=InnoDB DEFAULT CHARSET=utf8mb4 COLLATE=utf8mb4_unicode_ci;

--
-- Dumping data for table `clinics`
--

INSERT INTO `clinics` (`id`, `name`, `email`, `phone`, `password`, `image`, `post_number`, `fax`, `website`, `monitor_username`, `monitor_password`, `qr_code`, `app_type`, `parent_id`, `city_id`, `date_created`, `package_end_date`, `communication_officer`, `communication_officer_phone`, `lat`, `lng`, `address`, `gender`, `specialization`, `status`, `platform`, `device_token`, `jwt_token`, `info`, `info_ar`, `degree_id`, `ID_Number`, `condition`, `firebase_token`, `tax`, `is_manager`, `nursing_point_id`, `notes`, `role_id`, `created_at`, `updated_at`) VALUES
(1, 'alaa تيست', 'alaatest50@gmail.com', '01023707024150', '$2y$10$FQx5iPE4dbpbz4.LDdOKPuDmftA/lmSf9qBBsRHbfi1SnbogZ2Cmm', '16850300511957.jpg', NULL, NULL, NULL, NULL, NULL, '16850262478092.jpg', 1, 1, 1, '1970-01-01', NULL, NULL, NULL, 24.4412804, 39.6198035, 'مستشفى الحياة الوطني، طريق الهجرة الفرعي، المدينة المنورة السعودية', 1, NULL, 1, 1, '2134', 'HxTqbxpFrskTUwmumlhzW05C6r4mToA3DofA2mLOqcTnxwQIhW1762948661', 'تيست', NULL, NULL, 930230712, NULL, 'fGtUFxC8RMOdBrGhNN7xEn:APA91bGm4KlIg5zeHmLLBrngZoPeGo5mJqOFFqTOpVjhLO6MI6noVQoHRvZ7w5CEdotnayVJ4y_lRkzLTDW4z91XoPU0qc7n95GXHfNp9QTihzekTxfL26c', 15, 0, NULL, NULL, NULL, '2022-07-03 04:44:23', '2025-11-19 15:23:36'),
(2, 'amgad', 'amgad_takafoul@gmail.com', '012212747101', '$2y$10$MKxlKVZIZuv1JCx58pREdOAkoBJb8cbcmQoi017oxDJHXwzmV0Wn.', '16568410057498.jpg', NULL, NULL, NULL, NULL, NULL, '16568410059461.jpg', 1, 2, 1, '2022-06-28', NULL, 'amgad', NULL, 24.4473167, 39.5027045, 'مسجد منى الردادي', 1, NULL, 1, 1, 'deviice', 'Vb1FU24WSiZYgMOGn3t4bWowuJXwazJ3iIeS5IqnYvAxpLDUVG1656841043', 'info about clinic amgad', NULL, NULL, NULL, NULL, 'firebase', 15, 0, NULL, NULL, NULL, '2022-07-03 13:36:45', '2022-07-03 13:38:58'),
(4, 'Mahmoud reception', 'rec@gmail.com', '+966547872256', '$2y$10$65AIHQaBB.FXV5wAyBZctOexAqq39eXZOl1Vl09ArA0.KYByHovoO', '16568090633801.jpg', NULL, NULL, NULL, NULL, NULL, '16568090632378.jpg', 2, 1, 1, '2022-06-28', NULL, 'amgad', NULL, 24.4473165, 39.5027044, 'قاعة الولاء، الدفاع، المدينة المنورة 42377، المملكة العربية السعودية', 1, NULL, 1, 1, 'RP1A.200720.012', 'zTX42sc4L4ydVHtDJaLt3n23FGPZdnrWrN8CNuyqOSmkTfQrIx1739349677', 'info about reception', NULL, NULL, NULL, NULL, 'eB2nBMdkSOaJpldKqsvt-V:APA91bHnvpcvDoJ7f3S7DkFWCb_nBHhv3RpRxAiY0mfc9y1Hp9N8Mu2KhZGRtmH2CrXfppFFVkvT8AyN3-vAWjs2TUSKbLqFYpl9YCrqLHP5fcc8ojgOnnQ', 15, 0, NULL, NULL, NULL, '2022-07-03 04:44:23', '2025-12-16 18:39:05'),
(10, 'Mahamed Ahmed Ali', 'Mahmoud1@gmail.com', '0122222222', '$2y$10$EmNW62ILE/F/HV2HBDskY.nIjy9Sj/Y4FaDKlH/WdVKL6/iQuovwm', '16601232485738.jpg', NULL, NULL, NULL, NULL, NULL, NULL, 2, 1, NULL, NULL, NULL, NULL, NULL, 0, 0, NULL, 1, NULL, 1, 1, NULL, 'snOWNuyyzgjXONcmYx3czMV8SxcTehQo4HznlWgKwFnl9r1byUIYbDUwvcuTdxhgBbB7cGpTLV7', NULL, NULL, NULL, NULL, NULL, NULL, 15, 0, NULL, NULL, NULL, '2022-08-10 16:20:48', '2025-11-15 09:11:22'),
(11, 'Mahmaed Ali m', 'doctor2@gmail.com', '01221274710', '$2y$10$yYyGbySbkSKewT3N4usGh.QW4Aj/ZIVJL/vNV23h.bgpeTEJzJPwm', '17017136896852.jpg', NULL, NULL, NULL, NULL, NULL, NULL, 3, 1, NULL, NULL, NULL, NULL, NULL, 0, 0, NULL, 1, 'Obstetrics and Gynecology', 1, 1, 'AP3A.240905.015.A2', 'd0S8tIhIZzwypPQRuBbHYL8Bp6cREc8pYIgkLFFSGyKzx8EQw81763677339', NULL, NULL, 1, 324615378, NULL, 'c-7O1rLzRL2ENtSvMpDgHJ:APA91bGRLLMm9mBmDOH1M6uBe3ididnuBJ1PM61QKZ0UjuuiZkgVRf1RLqUGRF4HVzIliu4QuCTGOGCy3_yFjPqmkFerBvQpEhN8HI_PWsoE-GRL454blsU', 15, 0, NULL, NULL, NULL, '2022-08-10 16:27:20', '2025-12-16 10:44:43'),
(12, 'Mahamed Labs', 'labs@gmail.com', '0122222229', '$2y$10$xcmtH.zN4U9WO7Zt358LLO3wJHwA3EfKyY7zTiVhtOymc4vA7DmRy', '16601237881519.png', NULL, NULL, NULL, NULL, NULL, NULL, 4, 1, NULL, NULL, NULL, NULL, NULL, 0, 0, NULL, 1, NULL, 1, 1, NULL, '2pZ4FgV2XJXfbK0kTxwIqJqak6uJts14iWtPxx6X8U0LCCbXFPcI3T4Dx3lHe8enmvCAe3AciRi', NULL, NULL, NULL, 324615377, NULL, NULL, 15, 0, NULL, NULL, NULL, '2022-08-10 16:29:48', '2022-08-10 16:29:48'),
(13, 'Mahamed Pharmacist', 'Pharmacist@gmail.com', '0122222223', '$2y$10$f8Xm13IKzx2M.hOCq45cMu03U35JPdmc6lCaXSe.7UzbjTVIsR.eK', '16601239917630.png', NULL, NULL, NULL, NULL, '$2y$10$YitSVkmVG8KG3unVKVl85ejvEw3aoV6qV9bmARNj58XhocURQ4GqG', NULL, 5, 1, NULL, NULL, NULL, NULL, NULL, 0, 0, 'Cairo', 1, NULL, 1, 1, NULL, 'DPyDeS7yc4avpHKFrfuYhY0YEujtglSkxE2UvIeOjN6DGF7upA1704552957', NULL, NULL, NULL, NULL, NULL, 'cqQbjdyrROKLm-ZIoP4wwK:APA91bH8RaNR68reVwCXI6a08iTeLcw_Te-3exvdx1QLrJCWzS2LE4ok6Wcp9uR4TRhx2hA77BeiL9AMfR7ko87DVPEJojv8ucHuePxKMr_UjTYTXj3qt0l-_PMvgf89j5G_fDVh_2zS', 15, 0, NULL, NULL, NULL, '2022-08-10 16:33:11', '2025-11-15 11:48:26'),
(18, 'New Branch 1', 'branch@gmail.com556613', '0122127471186614', '$2y$10$K0nJoXDuuBL8mruV0yVi7eeXs.xVWk5gGm4tPqZwINnRenCTCObSW', NULL, NULL, NULL, NULL, NULL, NULL, NULL, 7, 1, NULL, NULL, NULL, NULL, NULL, 0, 0, NULL, 1, NULL, 0, 1, NULL, '7eoXvMLcoz7JRwRDk8G6x9jhqe6evh0HPs9798JPyofZPafr6WpHjNDwgpH1ocado2SWD2xu9zr', NULL, NULL, NULL, NULL, NULL, NULL, 15, 0, NULL, NULL, NULL, '2022-08-13 02:14:39', '2023-09-17 08:46:48'),
(21, 'Mahamed Ahmed Ali', 'Mahmoud111@gmail.com', '01222222221', '$2y$10$kWQ0xvaI2B7yRQYLGClbVOH3NJvzvgQ.NqyLPxgH2k76JoNtcdiyG', NULL, NULL, NULL, NULL, NULL, NULL, NULL, 2, 1, NULL, NULL, NULL, NULL, NULL, 0, 0, NULL, 2, NULL, 1, 1, NULL, 'S7ZbpnHf58vzIUfsBC6jB3DqqHd8g5QsZWjXG3Otb7HhxfFrOxW1oYBCtxdQvZ3WjsdnlnoK07x', NULL, NULL, NULL, NULL, NULL, NULL, 15, 0, NULL, NULL, NULL, '2022-08-14 06:19:59', '2022-12-12 01:22:24'),
(25, 'Employee new', 'emp@gmail.com', '+966570570570', '$2y$10$zyeAW0iPCEAoUxoYkgmsWugAyY6U0MYLEVp2JeCfTX7u1eEpPhrw6', '17410335084441.jpg', NULL, NULL, NULL, NULL, NULL, NULL, 2, 58, 1, NULL, NULL, NULL, NULL, 0, 0, NULL, 1, NULL, 1, 1, '0B10C38C-3F17-473C-AF73-2FBD502ACAD3', 'jf9lyBGrrEANDiOFI9FOmHM6jVn5f2K79nFxecV6yXxhA694F01764604351', NULL, NULL, NULL, NULL, NULL, NULL, 15, 0, NULL, NULL, NULL, '2022-08-16 02:50:27', '2025-12-01 15:52:31'),
(26, 'test lab assistant', 'shaaa@aa.com', '555555555', 'shebkhan', '16606702935203.jpg', NULL, NULL, NULL, NULL, NULL, NULL, 4, 1, NULL, NULL, NULL, NULL, NULL, 0, 0, NULL, 2, NULL, 1, 1, NULL, '80QGs4u3GRSx49zZG4AZj5f67XM1PavyzMtCMKUUglwJS9LDiRmgMrr6oC208pdyxHOzpe5xNqd', NULL, NULL, NULL, NULL, NULL, NULL, 15, 0, NULL, NULL, NULL, '2022-08-16 22:32:24', '2022-08-17 00:18:13'),
(27, 'Dr Annie', 'ddddd@aa.com', '888888888', '$2y$10$cYjRR6qkv1mk9a0KQ/EdDuJjVi5jwuPpdGPep2YCJ/BFhEOSfwIU2', '16606650466765.jpg', NULL, NULL, NULL, NULL, NULL, NULL, 4, 1, NULL, NULL, NULL, NULL, NULL, 0, 0, NULL, 2, NULL, 1, 1, NULL, 'qGd1tyBrE9ilTooUquEcvCtmwV9OZZojyBzfZY4Xin7tkWboB2Th8erHdqOqZIZnsya2xoEnwFY', NULL, NULL, NULL, NULL, NULL, NULL, 15, 0, NULL, NULL, NULL, '2022-08-16 22:50:46', '2022-08-16 22:50:46'),
(31, 'Sheb', 'nnnn@a.com', '999999', '$2y$10$.fTfe8bTyyH0X7utBCz7z.WE6uU1XiloUod9lkkJcFpy8s3GXRhby', '16606655098402.jpg', NULL, NULL, NULL, NULL, NULL, NULL, 4, 1, NULL, NULL, NULL, NULL, NULL, 0, 0, NULL, 1, NULL, 1, 1, NULL, 'JNxooQyTr3tcHMvnzOAzi99a6k1Y7w4IDg5foljThCySwSeew9rBrMjdUgkkuyLnh1MhOZ4F2kk', NULL, NULL, NULL, NULL, NULL, NULL, 15, 0, NULL, NULL, NULL, '2022-08-16 22:58:29', '2022-08-16 22:58:29'),
(33, 'airpor b', 'aa@a.com', '55555555', '$2y$10$jTuIVRzAFDUt6LyNHrVT2.slD7uqkOiFMyp5W735tYvB4OTzmdwO.', '16609313075933.jpg', NULL, NULL, NULL, NULL, NULL, NULL, 7, 1, NULL, NULL, NULL, NULL, NULL, 0, 0, NULL, 1, NULL, 0, 1, NULL, 'exKnpyrUBvJ2jpHOVQH9BE13bBmZg2UqwmOf4K4e5o2LOzfYwkMLjpki3QqaCECzBQa13GnYcDP', NULL, NULL, NULL, NULL, NULL, NULL, 15, 0, NULL, NULL, NULL, '2022-08-17 01:41:03', '2023-09-17 08:46:52'),
(34, 'New Branch 34', 'branch@gmail.com5566135', '01221274711866144', '$2y$10$qcApKTVagjpnl6JS3pOWV.ajPB1FOYORudfRpilqloWPujkytRDg6', '16606862797573.png', NULL, NULL, NULL, NULL, NULL, NULL, 7, 2, NULL, NULL, NULL, NULL, NULL, 0, 0, NULL, 1, NULL, 1, 1, NULL, 'nt0SEL4e6kaVIcJG2xazr81nq1zGZdMIQ1hH6AR5yTrYBz170vpmRQr5FAGT18RkzXpb8ppGAa1', NULL, NULL, NULL, NULL, NULL, NULL, 15, 0, NULL, NULL, NULL, '2022-08-17 04:43:59', '2022-08-17 04:44:39'),
(35, 'مجمع ترياق الطبي العام', 'branch@gmail.com', '012212747118661441', '$2y$10$zPnbMPDjNoBbQuZ0Fo8MDOvmfoJZxS/yLAwAuatCyPS2yE1ZEZ.fu', '16609313423037.png', NULL, NULL, NULL, NULL, NULL, NULL, 7, 1, 5, '1970-01-01', NULL, 'دكتور محمد', NULL, 24.4227609, 39.5787109, 'مجمع ترياق الحياة الطبي العام, المدينة المنورة السعودية', 1, NULL, 1, 1, NULL, 'WQpW0kLj9Ocpv5mAwxeQghUMOsxezsN8TPNmtSpnwRDBH3As4a24aLUxV8urZ9bPafKPboslpUV', 'تفاصيل عن العيادة', NULL, NULL, NULL, NULL, NULL, 15, 0, NULL, NULL, NULL, '2022-08-17 21:34:31', '2023-09-17 14:34:22'),
(37, 'supervisor2', 'sup2@gmail.com', '01222222792', '$2y$10$I2SvEnxVBrSMft.M6aBWW.ml62PIGuDjzYyR2iNHKhr.ctuNjOO.y', '16609202618089.png', NULL, NULL, NULL, NULL, NULL, NULL, 6, 1, NULL, '2000-01-01', NULL, NULL, NULL, 0, 0, NULL, 1, NULL, 1, 1, NULL, 'S97wzdhhKP6pgm9Cbg56bfxFsFQs6bapnMqyjB1eBHhNQdDSzi2t9WvxC0OLmTHhM64RCODiCJJ', NULL, NULL, NULL, NULL, NULL, NULL, 15, 0, NULL, NULL, NULL, '2022-08-19 21:44:21', '2022-08-19 21:44:21'),
(40, 'doctor Mahmaed', 'doctor31@gmail.com', '01222222228', '$2y$10$Np01JnxQ1FBdcel7gBvHuu3q.mTbhkniNCbDFf74e/icVl.oIUf6y', NULL, NULL, NULL, NULL, NULL, NULL, NULL, 3, 1, NULL, NULL, NULL, NULL, NULL, 0, 0, NULL, 1, 'Obstetrics and Gynecology', 1, 1, 'HONORHEY-W09', 'emRi3BjZAxYl9NIb3CZ8aaLqxCCgYhjvkJFxebRCqWWYIGQijz1739392313', NULL, NULL, 1, NULL, NULL, 'ffkQIoSyTJ26YQYz9gT9Nh:APA91bEY6ixdD7ltfUAhDLt7Dh-N-K2KWIcPyYQTDKsu_ucqnw88lUk3BvdcHecrwNwflZ3MLM7eFvaeT518PggbSSIknrMQPS33wk9MR9Lw4wNQ6QXOUBI', 15, 0, NULL, NULL, NULL, '2022-08-20 00:59:54', '2025-02-12 20:31:53'),
(41, 'supervisor3', 'sup3@gmail.com', '01222222793', '$2y$10$ueSuIT.tNg9r2NMzdTXWUe.ijCr0irn8lBC4x/ugnca9xx0dMnJNK', '16609362905644.png', NULL, NULL, NULL, NULL, NULL, NULL, 6, 1, NULL, '2000-01-01', NULL, NULL, NULL, 0, 0, NULL, 1, NULL, 1, 1, NULL, 'BOAtFj2qnaJWuvBb6UPyPUc0jEhNRjb11xhpv1VAlSprNWQDAWLDy9xeNT5cxqUyrf9ODUjmgPu', NULL, NULL, NULL, NULL, NULL, NULL, 15, 0, NULL, NULL, NULL, '2022-08-20 02:11:30', '2022-08-20 02:11:30'),
(42, 'test', 'u@u.com', '0125646646', '$2y$10$VLcfkL/S64rQ3kdoDUVkT.olmD9Km3fVdJtiRaTy3hoPKBSJa7Yx.', '16609846446745.jpg', NULL, NULL, NULL, NULL, NULL, NULL, 7, 1, NULL, NULL, NULL, NULL, NULL, 0, 0, NULL, 1, NULL, 0, 1, NULL, 'b7HeVBf18c1WN5IfmB8sabk9uTb37H1I0yjoPIR5ZudL8e3pzKtLVCd4LE1pSQMhb1MLhdfCAL8', 'فإن للطب فقها بلا شك، وقد ترجم كثير من المحدثين كالبخاري في كتبهم، كتابا للطب، ويذكر الفقهاء أحكام المرض والتداوي في مفتتح كتاب الجنائز غالبا.\n\nومما يجب على الطبيب معرفته معرفة ما تجوز المداواة به، وأنه لا يجوز أن يصف دواء محرما، ومعرفة من تجوز مداواته.\n\nوأن يعلم الرجل أنه لا يجوز له مداواة المرأة لغير حاجة والعكس، وكذلك عليه أن يتعلم ما يجوز فعله من ذلك، وما لا يجوز.\n\nوكذلك عليه أن يتعلم أحكام الإجارة؛ ليتحقق من صحة العقود التي يجريها مع المرضى، أو مع الجهات التي تستأجره كمستشفى ونحوه.\n\nفهذه بعض أمثلة لما يحتاج من امتهن الطب إلى معرفته وتعلمه، وعلى من اشتغل بالطب أو غيره أن يجتهد في تعلم ما يلزمه.\n\nثم عليه أن يسأل أهل العلم عما يُشكل عليه، ولا يهجم على العمل قبل التحقق من حكم الشرع.\n\nوالله أعلم.', NULL, NULL, NULL, NULL, NULL, 15, 0, NULL, NULL, NULL, '2022-08-20 15:37:24', '2023-09-17 08:46:56'),
(43, 'sheb', 'shebkhan2@yahoo.ie', '99222563', '$2y$10$FQx5iPE4dbpbz4.LDdOKPuDmftA/lmSf9qBBsRHbfi1SnbogZ2Cmm', '16613584701239.jpg', NULL, NULL, NULL, NULL, NULL, NULL, 3, 58, 1, NULL, NULL, NULL, NULL, 0, 0, NULL, 1, 'Obstetrics and Gynecology', 1, 1, NULL, 'tTwMwhH62rZYal4IKuZnLXzhshvamAFeO0UvrPIzYqZN3cG8XRdwEVRbregyAZZQWCeciRjWlMQ', 'Medicine has a jurisprudence, without a doubt. Many hadith scholars, such as Al-Bukhari, have translated a book on medicine in their books. Jurists often mention the rulings on illness and treatment at the beginning of a book on funerals.', 'فإن للطب فقها بلا شك، وقد ترجم كثير من المحدثين كالبخاري في كتبهم، كتابا للطب، ويذكر الفقهاء أحكام المرض والتداوي في مفتتح كتاب الجنائز غالبا.\n\nومما يجب على الطبيب معرفته معرفة ما تجوز المداواة به، وأنه لا يجوز أن يصف دواء محرما، ومعرفة من تجوز مداواته.\n\nوأن يعلم الرجل أنه لا يجوز له مداواة المرأة لغير حاجة والعكس، وكذلك عليه أن يتعلم ما يجوز فعله من ذلك، وما لا يجوز.\n\nوكذلك عليه أن يتعلم أحكام الإجارة؛ ليتحقق من صحة العقود التي يجريها مع المرضى، أو مع الجهات التي تستأجره كمستشفى ونحوه.\n\nفهذه بعض أمثلة لما يحتاج من امتهن الطب إلى معرفته وتعلمه، وعلى من اشتغل بالطب أو غيره أن يجتهد في تعلم ما يلزمه.\n\nثم عليه أن يسأل أهل العلم عما يُشكل عليه، ولا يهجم على العمل قبل التحقق من حكم الشرع.\n\nوالله أعلم.', 2, NULL, NULL, NULL, 15, 0, NULL, 'فإن للطب فقها بلا شك، وقد ترجم كثير من المحدثين كالبخاري في كتبهم، كتابا للطب، ويذكر الفقهاء أحكام المرض والتداوي في مفتتح كتاب الجنائز غالبا.\n\nومما يجب على الطبيب معرفته معرفة ما تجوز المداواة به، وأنه لا يجوز أن يصف دواء محرما، ومعرفة من تجوز مداواته.\n\nوأن يعلم الرجل أنه لا يجوز له مداواة المرأة لغير حاجة والعكس، وكذلك عليه أن يتعلم ما يجوز فعله من ذلك، وما لا يجوز.\n\nوكذلك عليه أن يتعلم أحكام الإجارة؛ ليتحقق من صحة العقود التي يجريها مع المرضى، أو مع الجهات التي تستأجره كمستشفى ونحوه.\n\nفهذه بعض أمثلة لما يحتاج من امتهن الطب إلى معرفته وتعلمه، وعلى من اشتغل بالطب أو غيره أن يجتهد في تعلم ما يلزمه.\n\nثم عليه أن يسأل أهل العلم عما يُشكل عليه، ولا يهجم على العمل قبل التحقق من حكم الشرع.\n\nوالله أعلم.', NULL, '2022-08-24 23:27:50', '2022-08-24 23:27:50'),
(44, 'sheb', 'aa@assx.com', '2222222', '$2y$10$KOiatgAGPC94qgNeP/xoaOCo2ZjVRHf8BZLakxGT0LohzFGMoc6Xm', '16615613309932.png', NULL, NULL, NULL, NULL, NULL, NULL, 6, 1, NULL, '2000-01-01', NULL, NULL, NULL, 0, 0, NULL, 1, NULL, 1, 1, NULL, 'aScM4QBGXG8w1jHCK4QLo0szXQ1TV4vueLLGeDRmrnDQxmVEoFHuvMmn7jIEX4pI2drcuIMEOiZ', NULL, NULL, NULL, NULL, NULL, NULL, 15, 0, NULL, NULL, NULL, '2022-08-27 07:48:50', '2022-08-27 07:48:50'),
(46, 'test branch', 'shaimaa@gmail.com', '01238967988', '$2y$10$PkcJ3RDAy4XmQvfQyJo/AObDal9/IcgFrkRD97fzM3VPwSeHkEsSS', '16618596118677.jpg', NULL, NULL, NULL, NULL, NULL, NULL, 7, 1, NULL, NULL, NULL, NULL, NULL, 0, 0, NULL, 1, NULL, 0, 1, NULL, '6an0Abnu3HiWSajetWuw2BYc7MJzbVY4F9PiUSvhv9bptfrcjC1662329247', NULL, NULL, NULL, NULL, NULL, '2134', 15, 0, NULL, NULL, NULL, '2022-08-30 18:40:11', '2023-09-17 08:46:57'),
(48, 'hamza', 'moza@gmail.com', '01346899088', '$2y$10$Luxoa5ARDt6yMgdH7oW6UOvC6aA09FJFVFRgunXp88The7ybpZWLC', '16623291244275.jpg', NULL, NULL, NULL, NULL, NULL, NULL, 6, 1, NULL, '2022-09-05', NULL, NULL, NULL, 0, 0, NULL, 1, NULL, 1, 1, NULL, 'RI491sqcF55IqGV7UTbmJtpeJMnbiDl41PeomvdaVJtlls5zOOLDamaMj84I6UQIh6mJr4GTW1t', NULL, NULL, NULL, NULL, NULL, NULL, 15, 0, NULL, NULL, NULL, '2022-09-05 05:05:24', '2022-09-05 05:05:24'),
(49, 'Mahamed Pharmacist', 'Pharmacist@gmail.com1', '01222222231', '123456', '16624872543781.jpg', NULL, NULL, NULL, NULL, NULL, NULL, 5, 1, NULL, NULL, NULL, NULL, NULL, 0, 0, NULL, 1, NULL, 1, 1, NULL, 'Dqj71hffl6QV1cCTK8qgAJFVzSzS4nGkYijrXxLSHPwfZKIuCHFNE6X6yk4bmPgHuwM6VHmisf4', NULL, NULL, NULL, NULL, NULL, NULL, 15, 0, NULL, NULL, NULL, '2022-09-07 01:00:12', '2022-09-07 01:00:54'),
(56, 'amgad', 'amgad_takafoul@gmail.com1', '012212747107', '$2y$10$FQx5iPE4dbpbz4.LDdOKPuDmftA/lmSf9qBBsRHbfi1SnbogZ2Cmm', '16568090633801.jpg', NULL, NULL, NULL, NULL, NULL, '16568090632378.jpg', 1, 56, 1, '2022-06-28', NULL, 'amgad', NULL, 12.0999889, 13.018833, 'egypt-masr elswdan', 1, NULL, 1, 1, '2134', 'ZQ7te8XfMGvyRL5aqfVFuWvF8hKlW1iWvpaZERpiHA5QE8a6hw16660850351', 'info about clinic', NULL, NULL, NULL, NULL, '2134', 15, 0, NULL, NULL, NULL, '2022-07-03 04:44:23', '2022-10-18 16:23:55'),
(58, 'عيادات داوى', '1test@test.com', '01221274791', '$2y$10$FQx5iPE4dbpbz4.LDdOKPuDmftA/lmSf9qBBsRHbfi1SnbogZ2Cmm', 'dawi.jpg', NULL, NULL, NULL, NULL, NULL, NULL, 1, 58, 1, NULL, NULL, NULL, NULL, 30.1620953, 31.4323931, '5C6J+RWQ, El-Nahda, Second Al Salam, Cairo Governorate 4650110, Egypt', 1, NULL, 1, 1, NULL, '989559348', NULL, NULL, NULL, 930230712, NULL, NULL, 15, 0, NULL, NULL, NULL, '2022-10-21 20:28:41', '2022-10-21 20:28:41'),
(99, 'Clinic new 1', 'c@c.com', '0122127471000', '$2y$10$YN5Lf3JHiU.p1ThvkIOEGuePSOIAn.tEbq4HN6l.jwlP1qYq81Xja', '16710935086695.jpg', NULL, NULL, NULL, NULL, NULL, NULL, 1, 99, 1, NULL, NULL, NULL, NULL, 30.0864171, 31.2854911, 'مصر و السودان، Mansheyat as Sadr, Hada\'iq El Qobbah, Egypt', 1, NULL, 0, 1, NULL, 'FBKujkrB90jiJMc5YwTRmFmunU9T5JGW2RRrB1ezRS9UGE42tkiDr1jINMulKAahJnc7WVqp0AZ', NULL, NULL, NULL, NULL, NULL, NULL, 15, 0, NULL, NULL, NULL, '2022-12-15 15:38:28', '2022-12-15 15:38:28'),
(100, 'مجمع الثقات الطبي العام', 'elthokat@gmail.com', '0148300067', '$2y$10$R8d1lRDtU3BOBuMFV2zcL.DBFEfIaJJ8Y/yGRNX5jEznU7KzwipQ.', '16713418325366.jpg', NULL, NULL, NULL, NULL, NULL, NULL, 1, 100, 5, NULL, NULL, NULL, NULL, 24.4482574, 39.5295158, 'الامام البخاري، 42374، الدفاع، المدينة المنورة 42374، المملكة العربية السعودية', 1, NULL, 1, 1, NULL, 'asjLANYPA7cIhl0UVupJszPz66CKzifZs13wY0eQ2v1kxoYI4D0LaKbfumtsXtLKktFBQAvvWxb', NULL, NULL, NULL, NULL, NULL, NULL, 15, 0, NULL, NULL, NULL, '2022-12-18 12:37:12', '2022-12-18 12:37:12'),
(101, 'مجمع د.وفاء طلبه الطبي', 'wafaa@gmail.com', '966148455557', '$2y$10$.YTIR5Jk0zBHobdX2njB5eLGDfBbVJysbXKgXZUramJelOuyk22Yu', '16713419955424.jpg', NULL, NULL, NULL, NULL, NULL, NULL, 1, 101, 5, NULL, NULL, NULL, NULL, 24.4913506, 39.5887376, 'قداد بن عمار، 42331، المدينة المنورة 42331، المملكة العربية السعودية', 1, NULL, 1, 1, NULL, 'cKFGk16lP9zOq1XLzxyMeo2CJNiGSEYvWaEZYL0zIdU2pfWFhbNryHm5YzFbRPgoXtwi7mhNcFj', NULL, NULL, NULL, NULL, NULL, NULL, 15, 0, NULL, NULL, NULL, '2022-12-18 12:39:55', '2022-12-18 12:39:55'),
(102, 'مجمع البشري الطبي - الهجرة', 'beshry@gmail.com', '96614831314', '$2y$10$9.1c9XXjtJz0weyDu.jJ0ecj0d/R.8FsK5lDLs07x.Ll096TNQ0gC', '16713422514281.jpg', NULL, NULL, NULL, NULL, NULL, NULL, 1, 102, 3, '1970-01-01', NULL, NULL, NULL, 24.4325789, 39.6033525, 'طريق الملك عبدالله، القصواء، المدينة المنورة السعودية', 1, NULL, 1, 1, NULL, 'iFkNtiCf0Cuxu6euztdIscJYMVHtSPs3yYgZNyarkdhDBVER2BDJ15wuqQ7FvGuC4YycGosPD3q', 'نخبة من الأطباء في قسم الاسنان والطب العام', NULL, NULL, NULL, NULL, NULL, 15, 0, NULL, NULL, NULL, '2022-12-18 12:44:11', '2025-07-19 14:40:36'),
(103, 'عيادات الحياة', 'nahdycare@gmail.com', '02133434546', '$2y$10$mnIoecmRVSIRIXlMSGL.XuhExSZfgvMCF1.PJNTqDznhpBsPMLE7O', '17588987539248.jpg', NULL, NULL, NULL, NULL, NULL, NULL, 1, 103, 3, '1970-01-01', NULL, NULL, NULL, 24.478185, 39.6568547, 'عيادات النهدي كير، المدينة المنورة Saudi Arabia', 1, NULL, 1, 1, NULL, 'eEeO2uOi91Ug7oIkzQ8jVmwrK9Gpwgr4sBBSGTQCQhS4iLK2WEBnprPvL1kqGjCRLjruA2fr7F4', 'عيادات الحياة سابقا  ( النهدي كير )', NULL, NULL, NULL, NULL, NULL, 15, 0, NULL, NULL, NULL, '2022-12-18 12:48:46', '2025-09-26 14:59:13'),
(104, 'عيادات دكتور سامي دنت', 'sami@gmail.com', '02133434543', '$2y$10$Yc0CZb0dMFCRNIMNMzaYSOpxy6ZO852YozXCqvd4VDzLBI/n2Q7Yi', '16713426657089.jpeg', NULL, NULL, NULL, NULL, NULL, NULL, 1, 104, 3, '1970-01-01', NULL, NULL, NULL, 24.4873816, 39.5885129, 'سامي دنت لطب الاسنان (ابراج غوث)، King Abdullah Road, Madinah Saudi Arabia', 1, NULL, 1, 1, NULL, 'oXXYskXscike8svn8CSEJEneJO84CYpEzMxwvY6OlpZ6rzzEC7TyNgqn8Wm6gH7Snz1iPrI31gN', 'مختص في تقويم الاسنان', NULL, NULL, NULL, NULL, NULL, 15, 0, NULL, NULL, NULL, '2022-12-18 12:51:05', '2025-09-26 15:03:31'),
(105, 'عيادات عناية', 'enaya@gmail.com', '0213343454', '$2y$10$bcNeTcyHdChws.iezjLNFu9CNERqhYmcbyPcjqnI3TPYwCD0Ty8..', '16713436586995.jpeg', NULL, NULL, NULL, NULL, NULL, NULL, 1, 105, 5, NULL, NULL, NULL, NULL, 30.10334989999999, 31.374175, 'شيراتون، شيراتون المطار، قسم النزهة، مصر', 1, NULL, 1, 1, NULL, 'ZDmt8Gz9C6V2zQrCAwOJdvTQrJtZU8CvHVGO3bmdxyIR30qNZLyhL2f6lSKEQlUhbON2PdDizrH', NULL, NULL, NULL, NULL, NULL, NULL, 15, 0, NULL, NULL, NULL, '2022-12-18 13:07:38', '2022-12-18 13:07:38'),
(106, 'amgad', '1@gmail.com', '31402239', '$2y$10$.qinoX.ti5diGwRT48FIke.FM47EwN8kVcNI6wYoA67g0BZH8lbB6', '16732944712400.png', NULL, NULL, NULL, NULL, NULL, '16732944711394.png', 1, 106, 1, '2022-06-28', NULL, 'amgad', NULL, 12.0999889, 13.018833, 'egypt-masr elswdan', 1, NULL, 1, 1, 'device token', 'XrcPgBAoL5gmprV8BUufWkyzuAbFqK5wgxnEGms09hiuEiXohmVxAIgR4p9d6saoX2c43v4mYR8', 'info about clinic', NULL, NULL, NULL, NULL, 'token', 15, 0, NULL, NULL, NULL, '2023-01-10 03:01:11', '2023-01-10 03:06:02'),
(111, 'branch test', 'branch7@gmail.com', '01221274719', '$2y$10$4fugDXWSWlhX0Q6Y9hs3KOH6qoXoHsgkpOf.89nYKlzSzBJaNTYnW', '16811096854916.jpg', NULL, NULL, NULL, NULL, NULL, NULL, 7, 1, NULL, NULL, NULL, NULL, NULL, 0, 0, NULL, 1, NULL, 0, 1, NULL, 'TBRYxzduTHaPFSpt2uwMQ7YPfGdlMMzAV4Eepc6qvLNSpw1Nl7gUttMsWfH2I3x4sTKIoGnCcdz', NULL, NULL, NULL, NULL, NULL, NULL, 15, 0, NULL, NULL, NULL, '2023-04-10 04:54:45', '2025-11-16 13:47:30'),
(112, 'ايمن خليل', 'dr_aymankmk@hotmail.com', '0547872256', '$2y$10$E1JPhMLvllD9IXhUe.NEmuGJ7ssCi3bEHMEcgMTH4Vt4i1tvzCn5q', '16813271563459.jpg', NULL, NULL, NULL, NULL, NULL, NULL, 3, 1, NULL, NULL, NULL, NULL, NULL, 0, 0, NULL, 1, 'جراحة الفم والأسنان', 1, 1, 'TP1A.220905.001', 'fodxmxLQftfWFDPppClOzOQ4uwRFDhkEPjgSGRafjKn8Dg45VR1765874900', NULL, NULL, NULL, NULL, NULL, 'cDyqfdGST-acxovClkjUeA:APA91bFlgK0Jj-UCFDCdqPaH36oocMxLM06PQRzwl4PWgpJAh63CPjnd3pAW43CUj66Nrs8OwVzv_ceofcUhAj_48guWzyh2hDwUDuHlcy9rhbFgrKubOIE', 15, 0, NULL, NULL, NULL, '2023-04-12 17:19:16', '2025-12-16 08:48:20'),
(118, 'Amgad supervisor', 'amgad_sup@gmail.com', '0122127471012', '$2y$10$l73zB97hOYiHS3yG5FfSZe9Elsg/gByilwPLnZeIAZYnBCUHbEvve', '16846259476284.png', NULL, NULL, NULL, NULL, NULL, NULL, 6, 1, NULL, NULL, NULL, NULL, NULL, 0, 0, NULL, 1, NULL, 1, 1, NULL, 'SbdhWFYdekOd7IizqYpZGZhJ3CebCsvvO7YVOfC9DKpEZi9Y6MLup2irBRyMh3If26I4Y0Dgoxx', NULL, NULL, NULL, NULL, NULL, NULL, 15, 0, NULL, NULL, NULL, '2023-05-20 20:39:07', '2023-05-20 20:39:07'),
(119, 'seif elsdin', 'sefo@gmail.com', '01234325436', '$2y$10$KyyqlUgtEOfDEuV4gtSYA.zRG4enaWq/eVyYjd.VJHwrPpKQgh0wm', '16847420987748.png', NULL, NULL, NULL, NULL, NULL, NULL, 6, 1, NULL, NULL, NULL, NULL, NULL, 0, 0, NULL, 1, NULL, 1, 1, NULL, 'ijiTz4DOCFtSFAvVWaTJc1l0IxEoi3QkXCj6Onxzlenzn1T3Cyda5sf3IKOvucawuimp0OC06rx', NULL, NULL, NULL, NULL, NULL, NULL, 15, 0, NULL, NULL, NULL, '2023-05-22 04:54:58', '2023-05-25 11:32:21'),
(132, 'mona', 'mona@gmail.com', '+966545236541', '$2y$10$fPRTknZe6qy0Ud2izctEjue3Nei4GRVfXodNMVDLeOu4TWraEjA/y', '16930391996919.png', NULL, NULL, NULL, NULL, NULL, NULL, 2, 1, NULL, NULL, NULL, NULL, NULL, 0, 0, NULL, 2, NULL, 1, 1, NULL, '7AP7cBKM71UDXNWTRqVTlShi9WUCAar42aT2U5W29grmqLYBJ11701690777', NULL, NULL, NULL, NULL, NULL, 'c0EGGhyFRdGXzq7HrIUmWs:APA91bFJXSBH-qQwtkFu2Ym7VLFae9zAHb9CY96WOixNJSMKbhkV0mpI1ygGZKvIdEVgcy2ZC0WWVno1YGTdwPaHjfd63Q9MivzPHuLGKWvnDd_TXve_zZoBuglSPzftkCKnnROkGOVs', 15, 0, NULL, NULL, NULL, '2023-08-26 08:39:59', '2023-12-04 12:52:58'),
(137, 'عدنان زيد', 'adnan@gmail.com', '0563609978', '$2y$10$md./cTSHbotSf9VNbweg8eLyw2cXcpR7kJIyTyTP.rgM2cs6gnQPi', '16949397655610.jpg', NULL, NULL, NULL, NULL, NULL, NULL, 4, 1, NULL, NULL, NULL, NULL, NULL, 0, 0, NULL, 1, NULL, 1, 1, NULL, 'pOrkbZpfdqOpmEbiLmA9C4UFs1RNzPEWXwoC40DBg5ySGNuLAy1694961990', NULL, NULL, NULL, NULL, NULL, 'c18p1smqSMmTCbfzjtTUMH:APA91bGsGMvvNQsKcjbcZm8t1mHeuO640Wqm6TeYBprkFqtZdCmOFh9gKBrCh-oav9sG6mSdTctsiM9oPm6--0W9Tqaw-Wamx1ftBUmkiG92fHqnUAbqu7vvW9yXkGGN-CZLD1mPioIo', 15, 0, NULL, NULL, NULL, '2023-09-17 08:36:05', '2023-09-17 14:46:30'),
(138, 'احمد', 'ahmad@gmail.com', '0545454545', '$2y$10$IHs/drQOrFyLnisLzOkNOuiTdT2ZsF2tDuTps1Yhp0J.BMtnQVVtK', '16949619515131.jpg', NULL, NULL, NULL, NULL, NULL, NULL, 2, 35, NULL, NULL, NULL, NULL, NULL, 0, 0, NULL, 1, NULL, 1, 1, NULL, '0OZ2AjARAMQs2EwlPEjkAQwlrXvwu2norEtUrIYnoie4DFPec41699121960', NULL, NULL, NULL, NULL, NULL, 'c18p1smqSMmTCbfzjtTUMH:APA91bGsGMvvNQsKcjbcZm8t1mHeuO640Wqm6TeYBprkFqtZdCmOFh9gKBrCh-oav9sG6mSdTctsiM9oPm6--0W9Tqaw-Wamx1ftBUmkiG92fHqnUAbqu7vvW9yXkGGN-CZLD1mPioIo', 15, 0, NULL, NULL, NULL, '2023-09-17 14:45:51', '2023-11-04 19:19:20'),
(155, 'alaa', 'alaa@gmail.com', '01023702415', '$2y$10$28y70t20MTmQo35RgvSMfOIc5ddNU/zlGryaMhbrPKUDKd8rEyN/O', '16986973023543.webp', NULL, NULL, NULL, NULL, NULL, NULL, 3, 1, NULL, NULL, NULL, NULL, NULL, 0, 0, NULL, 2, NULL, 1, 1, 'TP1A.220624.014', 'dYZl2hWTBxBvlUx6DlmSsJgcXuFBNdnsXHevkT2rGX8Wk9SzIv1748617594', NULL, NULL, 1, NULL, NULL, 'f8YrRvPASbKxdxL12uLpjY:APA91bFlGQuiJaOXSSBsdYsG7OORRINQUGaiUobqVEQNY7gMAL2Wp6UW7eoN_Y1_6i-fK6DBsbBv6BevANqe--EaOWjIZfDbhF4WI20X--krOkKM9gwTNiA', 15, 0, NULL, NULL, NULL, '2023-10-30 21:21:42', '2025-05-30 15:06:34'),
(165, 'Lab', 'lab@gmail.com', '01221274716', '$2y$10$FQx5iPE4dbpbz4.LDdOKPuDmftA/lmSf9qBBsRHbfi1SnbogZ2Cmm', '16914149652396.avif', NULL, NULL, NULL, NULL, NULL, NULL, 25, 1, NULL, NULL, NULL, NULL, NULL, 0, 0, NULL, 1, 'Obstetrics and Gynecology', 1, 1, NULL, '0xbQDe43KwTlorglHWBMbk3NKxkAKBd1sQLO0k2rG6DYrqdCTmeeMAVphS0OfMv0yYnbwB7j2Nz', NULL, NULL, 1, 324615374, NULL, NULL, 15, 0, NULL, NULL, NULL, '2022-08-10 17:27:20', '2025-11-19 05:21:40'),
(167, 'Rays', 'rays@gmail.com', '01221274717', '123456', '16914149652396.avif', NULL, NULL, NULL, NULL, NULL, NULL, 26, 1, NULL, NULL, NULL, NULL, NULL, 0, 0, NULL, 2, 'Obstetrics and Gynecology', 1, 1, NULL, '0xbQDe43KwTlorglHWBMbk3NKxkAKBd1sQLO0k2rG6DYrqdCTmeeMAVphS0OfMv0yYnbwB7j2Nx', NULL, NULL, 1, 324615374, NULL, NULL, 15, 0, NULL, NULL, NULL, '2022-08-10 17:27:20', '2025-12-16 18:59:07'),
(171, 'alaa', 'alaa3@gmail.com', '010237024', '$2y$10$DRV5JNpbRUFaxtAoD.X3eOMYMtvaeuH2zV1WIDnGiQfTR8voSQWOq', '17026042819570.webp', NULL, NULL, NULL, NULL, NULL, NULL, 6, 1, NULL, NULL, NULL, NULL, NULL, 0, 0, NULL, 1, NULL, 1, 1, NULL, 'Jdqn3jEMsmfvC3AVVef9WS5KuCrBkdzM0bYaoQ4XeMxy5vxYZHhsHC8LqEuYoSiFaIjvLVSRX6b', NULL, NULL, NULL, NULL, NULL, NULL, 15, 0, NULL, NULL, NULL, '2023-12-15 02:38:01', '2025-11-19 15:53:15'),
(182, 'احمد على', 'nursing@gmail.com', '01111111112', '$2y$10$/Lx40bh6XC05WTtF9PnRYeLQU6kW2XkPfE5MN7mJpk6mmXvyG3tom', '17101985279075.png', NULL, NULL, NULL, NULL, NULL, NULL, 8, 1, NULL, NULL, NULL, NULL, NULL, 0, 0, NULL, 1, NULL, 1, 1, NULL, 'cKMXdMNadQJD9Xfivvk34QMRVDqMPerVyqNQU6OYnuL7299O7ZvDzOO8xexlYapIyh0Ikhi8Az3', NULL, NULL, NULL, NULL, NULL, NULL, 15, 1, NULL, NULL, NULL, '2024-03-12 00:08:47', '2025-11-16 10:19:49'),
(183, 'محاسب ', 'acounting@gmail.com', '01111111113', '$2y$10$MKxlKVZIZuv1JCx58pREdOAkoBJb8cbcmQoi017oxDJHXwzmV0Wn.', '17101985279075.png', NULL, NULL, NULL, NULL, NULL, NULL, 9, 1, NULL, NULL, NULL, NULL, NULL, 0, 0, NULL, 1, NULL, 1, 1, NULL, 'cKMXdMNadQJD9Xfivvk34QMRVDqMPerVyqNQU6OYnuL7299O7ZvDzOO8xexlYapIyh0Ikhi8Az4', NULL, NULL, NULL, NULL, NULL, NULL, 15, 1, NULL, NULL, NULL, '2024-03-12 00:08:47', '2024-03-12 00:08:47'),
(184, 'موظف تامينات', 'insurance@gmail.com', '01225625421', '123456', '17130942714714.png', NULL, NULL, NULL, NULL, NULL, NULL, 10, 1, NULL, NULL, NULL, NULL, NULL, 0, 0, NULL, 1, NULL, 1, 1, NULL, 'jyybbUsnOFxEz8OqtE2grsO3PkzrUyH880GTm6682wDh7NRWxmtXAzYZrAiOcKvPs2cY3IwbrPD', NULL, NULL, NULL, NULL, NULL, NULL, 15, 0, NULL, NULL, NULL, '2024-04-14 11:31:11', '2025-11-16 13:39:08'),
(210, 'alaa', 'alaatest@gmail.com', '0102370702415', '$2y$10$VOA0wrmQvAXUdmXUD1kdXOCrxcWzKGPmdDD3Qt5wW502QVkwA1Zxq', '17213936404085.jpeg', NULL, NULL, NULL, NULL, NULL, NULL, 27, 1, NULL, NULL, NULL, NULL, NULL, 0, 0, NULL, 2, NULL, 1, 1, NULL, 'zhHBEUgCcD1wgZ0497YmpFVIEfEHLgLQnbeXh4fIr8SSbxGkl0xixiFE2dFRZaR6X62bfUWvTEO', NULL, NULL, NULL, NULL, NULL, NULL, 15, 0, NULL, NULL, NULL, '2024-07-19 12:54:00', '2025-11-16 09:44:40'),
(241, 'عيادات نخبة العلاج الطبي', 'nokhba@gmail.com', '05567890', '$2y$10$VhFsetp5LzIDRw6UHaJFk.NEmxyVPDAyC5VKXBtZpYwta1TENEBdC', '17322294769104.jpeg', NULL, NULL, NULL, NULL, NULL, NULL, 1, 241, 1, '1970-01-01', NULL, NULL, NULL, 30.10334989999999, 31.374175, 'شيراتون، شيراتون المطار، قسم النزهة، مصر', 1, NULL, 1, 1, NULL, 'ELNNqXawR4lm07V78v9vI7tQ2wfqw17XmCJLWfL8msFggcXvXsHOYtjtfEjz5eHV1u0VU9jYOU0', 'تفاصيل عن العياده', NULL, NULL, NULL, NULL, NULL, 15, 0, NULL, NULL, NULL, '2024-11-21 22:51:16', '2024-11-23 15:19:22'),
(242, 'صفوة المهيدب', 'ora@gmail.com', '0523450', '$2y$10$OotuxdgUKLIF47AlYsKDFefOEaLXoAmOcCaaxRU1AbURt3x3ygYCa', '17322351744304.jpeg', NULL, NULL, NULL, NULL, NULL, NULL, 1, 242, 3, '1970-01-01', NULL, NULL, NULL, 24.449691, 39.52238639999999, 'صفوة المهيدب لطب الاسنان المدينة المنورة حي العزيزية، شارع البخاري، المدينة المنورة السعودية', 1, NULL, 1, 1, NULL, 'tAd1e1QaErsXwywqcxEFfnuM7rnNhei9jBbZpjplCt1QzZARvwwlctwgwW95k4yJ0ZcMJx0Pvec', 'شارع الامام البخاري حي العزيزية مقابل كارفور  سابقا (بن داوود حاليا )', NULL, NULL, NULL, NULL, NULL, 15, 0, NULL, NULL, NULL, '2024-11-22 00:26:14', '2025-07-26 16:07:18'),
(243, 'مستشفى الزهراء', 'clinic3@gmail.com', '051234567', '$2y$10$Gd..HxYB1I4LusHcZMFlJ.aoh7tYIIEJz0PkWk4px85IZ61Ce1kqe', '17322353197932.jpeg', NULL, NULL, NULL, NULL, NULL, NULL, 1, 243, 3, '1970-01-01', NULL, NULL, NULL, 24.4541982, 39.6267193, 'مستشفى الزهراء، Madinah Saudi Arabia', 1, NULL, 1, 1, NULL, 'unkFiJu0MpocqjITIIJgrtxMvHoQhRk6dPRQ3D48DPLXxlXxaFoYh3iXURHFoZ90zWhYwhasIYN', 'مستشفى عام يقبل التامين', NULL, NULL, NULL, NULL, NULL, 15, 0, NULL, NULL, NULL, '2024-11-22 00:28:39', '2025-09-26 14:50:36'),
(244, 'عيادات رنال الطبي ( اطلس سابقا )', 'rnal@gmail.com', '05123789', '$2y$10$1Z8VCGgmNsH0A2ls9QgdWO0ujzeFI2rOo16RMHUHQJDLauZGIVyhm', '17322353799898.jpeg', NULL, NULL, NULL, NULL, NULL, NULL, 1, 244, 1, '1970-01-01', NULL, NULL, NULL, 24.459809, 39.6660016, 'مجمع اطلس الطبي Atlas Medical Center، طريق الملك عبدالله الفرعي، المدينة المنورة السعودية', 1, NULL, 1, 1, NULL, 'LtpVesI0XzfR0beoPxWLalobj9gzhJOwy5qMKdjRNY8k0mhun3Cpht2QHmBbcI9dD6Jx0M61Frj', 'جلدية تجميل ليزر', NULL, NULL, NULL, NULL, NULL, 15, 0, NULL, NULL, NULL, '2024-11-22 00:29:39', '2025-12-17 07:56:43'),
(245, 'الرياض', 'nokhba1@gmail.com', '05123456', '$2y$10$nglzdqXLiEYnh9NMAQwiDOdfD0EtFT2W6qjZ6nEqSnMz55p.DiX7C', '17322365274193.jpg', NULL, NULL, NULL, NULL, NULL, NULL, 7, 105, NULL, NULL, NULL, NULL, NULL, 0, 0, NULL, 1, NULL, 1, 1, NULL, '8FzXT94MaH9xP3nzD1YnYhx2SVC42rZwdVKtGe41tZUgjaxLy7GtSjD9fMl7R08hnMgqFyChdrX', NULL, NULL, NULL, NULL, NULL, NULL, 15, 0, NULL, NULL, NULL, '2024-11-22 00:48:47', '2024-11-22 00:48:47'),
(246, 'المدينة المنورة', 'nokhbaelmadina@gmail.com', '050000000', '$2y$10$zDicACXRtVZOWGPDU/uhN.WlJYi/1HHAcQ.xpUY/nsLXj/U2./Xh2', '17322366085038.jpg', NULL, NULL, NULL, NULL, NULL, NULL, 7, 105, NULL, NULL, NULL, NULL, NULL, 0, 0, NULL, 1, NULL, 1, 1, NULL, 'Uf3oWuJeMwLD6hSb0jTdSmtISloQ2okT1e7xs57VGXyITSvM5GgMebGi7uAHXwPJkhlav95NPNS', NULL, NULL, NULL, NULL, NULL, NULL, 15, 0, NULL, NULL, NULL, '2024-11-22 00:50:08', '2024-11-22 00:50:08'),
(247, 'مكة المكرمة', 'nokhba33@gmail.com', '05000123', '$2y$10$CqVQ0jg1An1qlluEVaUbZu0zaWsL96YGmpIHcyNQhWNQflqir1cKi', '17322366445798.jpg', NULL, NULL, NULL, NULL, NULL, NULL, 7, 105, NULL, NULL, NULL, NULL, NULL, 0, 0, NULL, 1, NULL, 1, 1, NULL, 'jl1LEXmjsjZTT3xQDFt9eXthA50vUR88XwNJ99g8bx10SDqH6ub9UtR8EEIpBz7u553vhJWIcW4', NULL, NULL, NULL, NULL, NULL, NULL, 15, 0, NULL, NULL, NULL, '2024-11-22 00:50:44', '2024-11-22 00:50:44'),
(248, 'mohamed ali mohamed', 'mohamedalimohamed@gmail.com', '0588888', '$2y$10$EwzC9uA6ELy.1hN0rTl8Xejx81LM9zXAFcdytqhkdMcbm5W7TJpS6', '17322367693213.jpg', NULL, NULL, NULL, NULL, NULL, NULL, 3, 105, NULL, NULL, NULL, NULL, NULL, 0, 0, NULL, 1, NULL, 1, 1, NULL, '0K53qMVPrekIRaPKkt7DhFzOL7Bzsd9DtmqTBXjb53624v28Lb672TnwsCK2GaXsoHZCToAkv97', NULL, NULL, 1, NULL, NULL, NULL, 15, 0, NULL, NULL, NULL, '2024-11-22 00:52:49', '2024-11-22 00:52:49'),
(249, 'amgad naeem', 'amgaddoctor@gmail.com', '051111111', '$2y$10$Ta9bIYEW2n.JT1nFIbY9p.FCV4pE1rRdY/6QW99elQ4zQDvEd58Yi', '17322369584753.jpg', NULL, NULL, NULL, NULL, NULL, NULL, 3, 105, NULL, NULL, NULL, NULL, NULL, 0, 0, NULL, 1, NULL, 1, 1, NULL, 'ggzVIiv3k5GO0C283vkc2Gkpi8h2gD3tbQzAtERb7h5CnpfgUEk3ocUXB8Cz1SCYr8MEDXiz0mR', NULL, NULL, 2, NULL, NULL, NULL, 15, 0, NULL, NULL, NULL, '2024-11-22 00:55:58', '2024-11-22 00:55:58'),
(250, 'alaa', 'alaanokhba@gmail.com', '0523724', '$2y$10$pPydZCWmRUo356eCDrdWu.8HhNtLsDhaU0mjbKiMsWvMNSKLRjBhi', '17323756841811.jpg', NULL, NULL, NULL, NULL, NULL, NULL, 3, 241, NULL, NULL, NULL, NULL, NULL, 0, 0, NULL, 2, NULL, 1, 1, NULL, 'HiIqz32kYN5ax2DUkd3fnYKpbTbuiHrAM4QSgRXAStwLhDnxgMOb7PyZEQiNbEjG8Rsf9cCwmr8', NULL, NULL, 1, NULL, NULL, NULL, 15, 0, NULL, NULL, NULL, '2024-11-23 15:28:04', '2024-11-23 15:28:04'),
(251, 'الدمام', 'nokhbadammam@gmail.com', '0500033', '$2y$10$GHb4yATTLDmFj9yZ7nuYAOQzCI3Cm7pEtIauhNAsTiOh/DbLIn3gy', '17323919268625.jpg', NULL, NULL, NULL, NULL, NULL, NULL, 7, 241, NULL, NULL, NULL, NULL, NULL, 0, 0, NULL, 1, NULL, 1, 1, NULL, 'GLzAvrmSs55K66LESWK5qdzd26J1KA0SQReNlEBDdMGchoc7ZDgaWz2pDVd0c6da5QCzlUXy4mA', NULL, NULL, NULL, NULL, NULL, NULL, 15, 0, NULL, NULL, NULL, '2024-11-23 19:58:46', '2024-11-23 19:58:46'),
(252, 'الرياض', 'nokhbaelriyadh@gmail.com', '0500055', '$2y$10$YA4.MG18tQ29f66ttmVYxeSPCj2fwWlPkY0ikwXkbxuRHkmB1oN/C', '17323919723455.jpg', NULL, NULL, NULL, NULL, NULL, NULL, 7, 241, NULL, NULL, NULL, NULL, NULL, 0, 0, NULL, 1, NULL, 1, 1, NULL, 'd3VPcuzMPArErIVwynaVN7QyMMAYdKP9d9KelRaUkU62aIVOSVEV9u8DmZkIZpPEK5j57iUaAsJ', NULL, NULL, NULL, NULL, NULL, NULL, 15, 0, NULL, NULL, NULL, '2024-11-23 19:59:32', '2024-11-23 19:59:32'),
(253, 'aser', 'aserclinic@gmail.com', '05237042', '$2y$10$hhT1092UKIzTDFglkrLjNOxCO1QHzXRTfxUJh7lqk5TBdKo52CPQu', '17323920189155.jpg', NULL, NULL, NULL, NULL, NULL, NULL, 3, 241, NULL, NULL, NULL, NULL, NULL, 0, 0, NULL, 1, NULL, 1, 1, NULL, 'Uymi5j7dVKEzOyQoYBvZAK27lKR90iy3mLiHYljbnejfxBVHVgkPiynKeEjVN6XKA5E7RjjWQ1M', NULL, NULL, 1, NULL, NULL, NULL, 15, 0, NULL, NULL, NULL, '2024-11-23 20:00:18', '2024-11-23 20:00:18'),
(254, 'amgad', 'amgadnokhbadoctor@gmail.com', '05887452', '$2y$10$5V56bBf5EWLnYnWLgVuNFe1Y2HVtN3yLw6ebNEu9isxK9bZcehhiW', '17323920913266.jpg', NULL, NULL, NULL, NULL, NULL, NULL, 3, 241, NULL, NULL, NULL, NULL, NULL, 0, 0, NULL, 1, NULL, 1, 1, NULL, 'Dgw1WZ2TB2o9H4B64vq6tQoyMDKd8EfJ5mgWFax5mNY9575prVzCPTh2cFdNIq8nKWwNvzG5JMq', NULL, NULL, 2, NULL, NULL, NULL, 15, 0, NULL, NULL, NULL, '2024-11-23 20:01:31', '2024-11-23 20:01:31'),
(255, 'Ali', 'aliora@gmail.com', '0555500', '$2y$10$9SmuDnRjJuuCBD1RLH6dAueZ2iR9vq.Mp9f7Kss6eAS/Rrh/EF2wG', '17323934314428.jpg', NULL, NULL, NULL, NULL, NULL, NULL, 3, 242, NULL, NULL, NULL, NULL, NULL, 0, 0, NULL, 1, NULL, 1, 1, NULL, 'QGCX8DWXrcihFmlWAtAwaa3Af3sJbVeAAjYoSAmIVNjzTZuaZUuAvMEkN1jnAQI2YItF5Juv4R7', NULL, NULL, 1, NULL, NULL, NULL, 15, 0, NULL, NULL, NULL, '2024-11-23 20:23:51', '2024-11-23 20:23:51'),
(256, 'seif', 'seifclinicora@gmail.com', '055557890', '$2y$10$al2.ATQfyjafzqYQ8Bdrp.ov4ziWrYIUKe2z1zwGmjOfhFuDWjgte', '17323934684549.jpg', NULL, NULL, NULL, NULL, NULL, NULL, 3, 242, NULL, NULL, NULL, NULL, NULL, 0, 0, NULL, 1, NULL, 1, 1, NULL, '4SXOgyYrBFwRhhtWxOpdSABzKMFHRfzqnz5ZoYEzbBPLCSfRMaSsPbegQu268qyF6e6RqJCSt19', NULL, NULL, 1, NULL, NULL, NULL, 15, 0, NULL, NULL, NULL, '2024-11-23 20:24:28', '2024-11-23 20:24:28'),
(257, 'mohamed', 'mohamedora@gmail.com', '05345600', '$2y$10$dVqlITu394Z3YxOxTTY0Ne/nfQGmkPE6BPimztqe/ZKtIrbJJW9OK', '17323935055059.jpg', NULL, NULL, NULL, NULL, NULL, NULL, 3, 242, NULL, NULL, NULL, NULL, NULL, 0, 0, NULL, 1, NULL, 1, 1, NULL, 'dNLbjXF7uYshqDOyo7UNuiaVNHzo0JrTyEtkzdkrNKD2Q0BYswjEtjB6SoHQmECP4yiK207MEOf', NULL, NULL, 2, NULL, NULL, NULL, 15, 0, NULL, NULL, NULL, '2024-11-23 20:25:05', '2024-11-23 20:25:05'),
(258, 'جدة', 'Jeddah33@gmail.com', '0550055', '$2y$10$k1/AIRhlc5cp3cmCN9ooDevk61NE5pa4QWMW1pr4rQcUH2Vm7uqRu', '17323938131672.jpg', NULL, NULL, NULL, NULL, NULL, NULL, 7, 242, NULL, NULL, NULL, NULL, NULL, 0, 0, NULL, 1, NULL, 1, 1, NULL, 'aMYAa7dV0PEWbZPykIczbP6bulE6nvt5s60Bu0gYsOd8KuMmZrMuPlhtzuT66GFodxcvPbSGTh2', NULL, NULL, NULL, NULL, NULL, NULL, 15, 0, NULL, NULL, NULL, '2024-11-23 20:30:13', '2024-11-23 20:30:13'),
(259, 'المدينة المنورة', 'Riyadh@gmail.com', '05123456700', '$2y$10$PGaYpHdwzLL6Bi/oUBxD4.qiXZD85HDsskBS.lO.oNjzr2N5gH7mK', '17323938399931.jpg', NULL, NULL, NULL, NULL, NULL, NULL, 7, 242, NULL, NULL, NULL, NULL, NULL, 0, 0, NULL, 1, NULL, 1, 1, NULL, 'yAubIgDjwZ6YkJZUWSBU1dCTQkzqEIYG1oLIrDhRUqveWBbUCl0OCdgep0xw7GZ1W2NQmlLrbns', NULL, NULL, NULL, NULL, NULL, NULL, 15, 0, NULL, NULL, NULL, '2024-11-23 20:30:39', '2025-07-29 14:43:30'),
(260, 'صفوة المهيدب الطائف', 'Taif@gmail.com', '05702458', '$2y$10$vkp2HQ9E55tCyzRSuV6iNOIR1UDTaKYU9l15MidJpypZcho4zaZEe', '17323938684902.jpg', NULL, NULL, NULL, NULL, NULL, NULL, 7, 242, 11, '1970-01-01', NULL, NULL, NULL, 21.2691314, 40.40348340000001, 'صفوة المهيدب لطب للاسنان، الطائف السعودية', 1, NULL, 1, 1, NULL, 'beu734lmw8ARHK1NuE33DdHDMCUncYiLOmOUcAD1vkG0tiH8raRkGauREshvznabPuKUDe7GY0b', 'فرع الطائف لصفوة المهيدب', NULL, NULL, NULL, NULL, NULL, 15, 0, NULL, NULL, NULL, '2024-11-23 20:31:08', '2025-07-28 18:54:42'),
(261, 'Alaa', 'Alaaclinic3@gmail.com', '052323150', '$2y$10$kP7EMMnPnSSaPEf/TeWM4OXkkvye3AoVVHDsPBOyjYxwFvxM3qBSK', '17323941052986.jpg', NULL, NULL, NULL, NULL, NULL, NULL, 3, 243, NULL, NULL, NULL, NULL, NULL, 0, 0, NULL, 2, NULL, 1, 1, NULL, 'M8bR8mPeNTNVe9lxOBvrbAKTxDpjxRdWZnysuE6tWo5iI98ymdmLn3PU7sXeH0bIAnDOZGbywsX', NULL, NULL, 1, NULL, NULL, NULL, 15, 0, NULL, NULL, NULL, '2024-11-23 20:35:05', '2024-11-23 20:35:05'),
(262, 'shaimaa', 'shaimaaclinic3@gmail.com', '050002370', '$2y$10$pTg53f9QruSWLSGqikvsq.fNjQhp5KDgN34gQdcpK42sHJvu8jfDC', '17323941587580.jpg', NULL, NULL, NULL, NULL, NULL, NULL, 3, 243, NULL, NULL, NULL, NULL, NULL, 0, 0, NULL, 2, NULL, 1, 1, NULL, 'tpFM9iB82s0d97BJ2AGzxAaA5LdFBR0yrxUE4p5XzZ0wra9ze0nT3Pi1VkWeCyxLLD1ejM7j7K9', NULL, NULL, 2, NULL, NULL, NULL, 15, 0, NULL, NULL, NULL, '2024-11-23 20:35:58', '2024-11-23 20:35:58'),
(263, 'mohamed', 'mohamedclinic33@gmail.com', '05999900', '$2y$10$Hon8R17xaWxlTvl2..PG8e6AYQWlrqJQ2Eqz.YdB1bFKZHwGckMZC', '17323941886092.jpg', NULL, NULL, NULL, NULL, NULL, NULL, 3, 243, NULL, NULL, NULL, NULL, NULL, 0, 0, NULL, 1, NULL, 1, 1, NULL, 'lXH1ylx4WxgCBgyOIEn9BvXx7Gt2ZAPOVveisg1KpyLOlmMP1pkpp4mDCDeuJiLL3I9xHLxJKEy', NULL, NULL, 2, NULL, NULL, NULL, 15, 0, NULL, NULL, NULL, '2024-11-23 20:36:28', '2024-11-23 20:36:28'),
(264, 'eslam', 'eslamclinic33@gmail.com', '051234560', '$2y$10$Rtjb9jumjghMtDuHko5TkeNflbO9Xlo/Dslm4rFT.l4kDVZCYxkiS', '17323942285114.jpg', NULL, NULL, NULL, NULL, NULL, NULL, 3, 243, NULL, NULL, NULL, NULL, NULL, 0, 0, NULL, 1, NULL, 1, 1, NULL, 's2qVqLGQSfr40NhJbgRePmJEZJ2rShXg7jnRmcHYJMa9j3WNiUa2PCQvHNdQBrfLE0xhXGlqNj5', NULL, NULL, 2, NULL, NULL, NULL, 15, 0, NULL, NULL, NULL, '2024-11-23 20:37:08', '2024-11-23 20:37:08'),
(265, 'صفوة المهيدب جدة', 'Jeddah@gmail.com', '05000714', '$2y$10$srllWbuY6vQCpBXWED05quzHqM0iSTsWUykm2Es.PKrZB8Wavzucm', '17323945438284.jpg', NULL, NULL, NULL, NULL, NULL, NULL, 7, 243, 12, '1970-01-01', NULL, NULL, NULL, 21.6175747, 39.17579699999999, 'صفوة المهيدب لطب الأسنان جدة فرع حراء، جدة السعودية', 1, NULL, 1, 1, NULL, '7Tf9KhnWl6L7rn5mIT6N7K9PiI54pgoFE0w0jTQDYvc00801nsXOy3UGYUZI5wI1nRsDYxQUkJM', 'فرع شارع حراء', NULL, NULL, NULL, NULL, NULL, 15, 0, NULL, NULL, NULL, '2024-11-23 20:42:23', '2025-07-28 18:49:04'),
(266, 'مكة المكرمة', 'Mecca@gmail.com', '055523700', '$2y$10$b5yh5dV1K3qQbdDtaVqMN.OqFmoqvdOCYARD1fcBSAyj887hNIIs.', '17323946246332.jpg', NULL, NULL, NULL, NULL, NULL, NULL, 7, 243, NULL, NULL, NULL, NULL, NULL, 0, 0, NULL, 1, NULL, 1, 1, NULL, 'mmznR52wgRJm93xhOb4iGYiX88OJN6Jio882xrSug1lOfdRrpJOUuV12U5b2bvinJx4HvsWhl3X', NULL, NULL, NULL, NULL, NULL, NULL, 15, 0, NULL, NULL, NULL, '2024-11-23 20:43:44', '2024-11-23 20:43:44'),
(267, 'ali', 'alirnal@gmail.com', '05741369', '$2y$10$p4FwfZFJvMvh31AQIvnyPO27U6nb1kTTfRR21Z9uSOMkY6.iADRLe', '17323947487688.jpg', NULL, NULL, NULL, NULL, NULL, NULL, 3, 244, NULL, NULL, NULL, NULL, NULL, 0, 0, NULL, 1, NULL, 1, 1, NULL, 'elwkye0DrL6yAd9jcCuqJfUDIlS0219mdBQwdwG0KnE084d9w01763677627', NULL, NULL, 1, NULL, NULL, 'c-7O1rLzRL2ENtSvMpDgHJ:APA91bGRLLMm9mBmDOH1M6uBe3ididnuBJ1PM61QKZ0UjuuiZkgVRf1RLqUGRF4HVzIliu4QuCTGOGCy3_yFjPqmkFerBvQpEhN8HI_PWsoE-GRL454blsU', 15, 0, NULL, NULL, NULL, '2024-11-23 20:45:48', '2025-11-20 22:27:07'),
(268, 'amgad', 'amgadrnal@gmail.com', '053698500', '$2y$10$T82kYtZMGRCfl9LxktaFTeVyUoz1yFie786WdOwPLhBp7Wpns3tde', '17323947744223.jpg', NULL, NULL, NULL, NULL, NULL, NULL, 3, 244, NULL, NULL, NULL, NULL, NULL, 0, 0, NULL, 1, NULL, 1, 1, NULL, 'BCsN9xLJTlf7MjAjXnus3Bzpwv8vxlFsRlouZbpFVHONAicoaVFIETIQZ7UoxYeQ4lYoU56Frsk', NULL, NULL, 2, NULL, NULL, NULL, 15, 0, NULL, NULL, NULL, '2024-11-23 20:46:14', '2024-11-23 20:46:14'),
(272, 'مدير المشروع', 'admin@gmail.com', '01221274700', '$2y$10$FQx5iPE4dbpbz4.LDdOKPuDmftA/lmSf9qBBsRHbfi1SnbogZ2Cmm', '16850300511957.jpg', NULL, NULL, NULL, NULL, NULL, '16850262478092.jpg', 6, NULL, 5, '1970-01-01', NULL, 'دكتور احمد', NULL, 24.4412804, 39.6198035, 'مستشفى الحياة الوطني، طريق الهجرة الفرعي، المدينة المنورة السعودية', 1, NULL, 1, 1, '2134', 'nVBQ6w8i32ALah9wccEgup2Zlxyj3VHXIxzsvsgf1HEBlzLPMC1673301722', 'مستشفى الحياة طريق الهجره', NULL, NULL, 930230712, NULL, '2134', 15, 0, NULL, NULL, NULL, '2022-07-03 04:44:23', '2023-05-29 13:53:14'),
(287, 'alaa', 'alaaadmin@gmail.com', '9662370', '$2y$10$JsjEF9/SsRV2xACW4hkCseogep.tS8.td.RM83RoYHSrd0Edo5QOS', '17388824758307.jpg', NULL, NULL, NULL, NULL, NULL, NULL, 2, 241, NULL, NULL, NULL, NULL, NULL, 0, 0, NULL, 2, NULL, 1, 1, NULL, '5Otb0WsUXJW2gZXUOa1eJ31JzuOexGrFRD3dQjjaNandtzGrUQfKLbANzSodt1GhJRQpOdlBFZ0', NULL, NULL, NULL, NULL, NULL, NULL, 15, 0, NULL, NULL, NULL, '2025-02-06 22:54:35', '2025-02-06 22:54:35'),
(288, 'amgadtakafolnew', 'amgadtakafolnew@gmail.com', '96655555', '$2y$10$XpEZxxEq/LVMyfLOi/UeE.rrsDfZjUEK/X19w5qHW5KxPGLbORAom', '17388825431489.jpg', NULL, NULL, NULL, NULL, NULL, NULL, 8, 241, NULL, NULL, NULL, NULL, NULL, 0, 0, NULL, 1, NULL, 1, 1, NULL, 'cD2aQKyaqvwLvP2u1AiATLtIfyF0pXGpeD1Zvz1Yrf1BmaZA7qn9YfCNPaq8JFyJvVDlKrNmQ7C', NULL, NULL, NULL, NULL, NULL, NULL, 15, 0, NULL, NULL, NULL, '2025-02-06 22:55:43', '2025-02-06 22:55:43'),
(290, 'alaatakafol', 'alaatakafol@gmail.com', '01024157023', '$2y$10$s6/LEjrK8s0odH4y95DNruBLr47/JRPmHGm1c6Kfg0rrdynBtwVz2', '17388827219077.jpg', NULL, NULL, NULL, NULL, NULL, NULL, 25, 241, NULL, NULL, NULL, NULL, NULL, 0, 0, NULL, 2, NULL, 1, 1, NULL, 'UxyCMnvP5cUtU7eRLr6c63O0WVkNQ4l16ccRKZBnEvzmD3sdnvcsJJroptVPMTwX0YksLpwnGbg', NULL, NULL, NULL, NULL, NULL, NULL, 15, 0, NULL, NULL, NULL, '2025-02-06 22:58:41', '2025-02-06 22:58:41'),
(291, 'seif', 'seif@gmail.com', '966123456', '$2y$10$DpUf3rUTVww8JboIj5ZQ3uNmtcRAAPcSoZnKkWPUilZcwWfn57WyK', '17388827621496.jpg', NULL, NULL, NULL, NULL, NULL, NULL, 5, 241, NULL, NULL, NULL, NULL, NULL, 0, 0, NULL, 1, NULL, 1, 1, NULL, 'K16Xqo2LGyj92SgftKqPdMy96JoRlCIVE5aEjAjWr8Iz3XMl2YWuFiiiVN8ds29WCFNZbhBeSla', NULL, NULL, NULL, NULL, NULL, NULL, 15, 0, NULL, NULL, NULL, '2025-02-06 22:59:22', '2025-02-06 22:59:22'),
(292, 'alaatakaolnew', 'newtakafol@gmail.com', '9661234567', '$2y$10$h4Kdp80FHLEh2UVV93KEf.IvHuZ7/GpBGEoNj36KIwkQYW6qT71uO', '17388829439362.jpg', NULL, NULL, NULL, NULL, NULL, NULL, 2, 242, NULL, NULL, NULL, NULL, NULL, 0, 0, NULL, 2, NULL, 1, 1, NULL, '5qcD0UeqOktreJTy4g0XG3RxOzYhdXCKKUBV3WkynlCp4DKIY8XPDap3vHLiNwmjRLF8imX1aXF', NULL, NULL, NULL, NULL, NULL, NULL, 15, 0, NULL, NULL, NULL, '2025-02-06 23:02:23', '2025-02-06 23:02:23'),
(293, 'alaaora', 'alaaora@gmail.com', '010123456', '$2y$10$UwqXD/rrHuhtm/YfB1cb4.s9kMjvvKCITQux5leHhTHNQryMElvRi', '17388830002747.jpg', NULL, NULL, NULL, NULL, NULL, NULL, 8, 242, NULL, NULL, NULL, NULL, NULL, 0, 0, NULL, 2, NULL, 1, 1, NULL, 'CGiHW4cVoEcRXgCovXfDu5tNudee2IsfSbFUycm1gcPHqSRlBxB6JQBGoRWsewAkElQwSXY8iKg', NULL, NULL, NULL, NULL, NULL, NULL, 15, 0, NULL, NULL, NULL, '2025-02-06 23:03:20', '2025-02-06 23:03:20'),
(294, 'alaaclinic', 'alaaclinic@gmail.com', '123456', '$2y$10$EEE7yWBbJJlDrSAKeXjLr.kKT8oSwGBJYLpVzaqxwCD9ZvEBkozEa', '17388830537545.jpg', NULL, NULL, NULL, NULL, NULL, NULL, 25, 242, NULL, NULL, NULL, NULL, NULL, 0, 0, NULL, 2, NULL, 1, 1, NULL, '3guZNm4JA7hazZh3Lg0IAqOkH5MRmdXgYQztawWHs5v4zBCXpPsebW0c4uoR7eji7ESKl4oa1F1', NULL, NULL, NULL, NULL, NULL, NULL, 15, 0, NULL, NULL, NULL, '2025-02-06 23:04:13', '2025-02-06 23:04:13'),
(295, 'amgad', 'amgadclinicora@gmail.com', '010232415', '$2y$10$LnktzxbjnPvjZn3HCempHeURjB.GhEw2UDeTUTU4Gf2yIXPbuL1KG', '17388831522138.jpg', NULL, NULL, NULL, NULL, NULL, NULL, 5, 242, NULL, NULL, NULL, NULL, NULL, 0, 0, NULL, 1, NULL, 1, 1, NULL, 'gEHZIQBZ3PH0IyEEzH7eOh2vLoDmw5n6bVXJP5ZEERFBlALjsGMEvPyEcb7k4CdjhnPJqwcWrQS', NULL, NULL, NULL, NULL, NULL, NULL, 15, 0, NULL, NULL, NULL, '2025-02-06 23:05:52', '2025-02-06 23:05:52'),
(296, 'alaa', 'alaaclinicalaa@gmail.com', '966707070', '$2y$10$oDFvIgZLG7v6trzVTbvvj.fQVgslLvgOGu2aIUtHTr4fUne2LhDp.', '17388832986631.jpg', NULL, NULL, NULL, NULL, NULL, NULL, 26, 242, NULL, NULL, NULL, NULL, NULL, 0, 0, NULL, 2, NULL, 1, 1, NULL, 'f81iOVz0xiDRqB8XZGqic8XSCezY31cGeAnVcQHtxt26nqPYMkM7JENCRuBkpRg997xpplQ2nzq', NULL, NULL, NULL, NULL, NULL, NULL, 15, 0, NULL, NULL, NULL, '2025-02-06 23:08:18', '2025-02-06 23:08:18'),
(297, 'alaa', 'seifclinic@gmail.com', '0101232415', '$2y$10$KOraJxizXOjQeEkF3VBmDe5M97nu6/Lbq0QXX/kx99aY74ZGqi9Ta', '17388834395633.jpg', NULL, NULL, NULL, NULL, NULL, NULL, 26, 243, NULL, NULL, NULL, NULL, NULL, 0, 0, NULL, 2, NULL, 1, 1, NULL, '3V3uczBbnfbTN8PjApg6LuZuMuCfHsAFcZ4ipFvP10SBiLCOwp9jqoH1i7KQNeIQakUxIyhuncS', NULL, NULL, NULL, NULL, NULL, NULL, 15, 0, NULL, NULL, NULL, '2025-02-06 23:10:39', '2025-02-06 23:10:39'),
(298, 'takafol', 'clinicnewtakafol@gmail.com', '010241570010', '$2y$10$ulpHBbDVllXpck8B9be1peff1fZM0bjE8jgNObUKnGNKmJh1WWiYq', '17388834831353.jpg', NULL, NULL, NULL, NULL, NULL, NULL, 25, 243, NULL, NULL, NULL, NULL, NULL, 0, 0, NULL, 1, NULL, 1, 1, NULL, 'WmnK8NPk2Xw0VKnVvS90FxulnF9ZYs1KSW0RVU8ZttD8Jw6mNVxSSuWKyW8k66P5U25Mw8Ahxkf', NULL, NULL, NULL, NULL, NULL, NULL, 15, 0, NULL, NULL, NULL, '2025-02-06 23:11:23', '2025-02-06 23:11:23'),
(299, 'amgad', 'amgadnewnew@gmail.com', '010555552415', '$2y$10$1CAISiDNh0tqvlHre46E..ZLTb3Smdwn/6I0uEHxVnxz.pMr2ursa', '17388835224213.jpg', NULL, NULL, NULL, NULL, NULL, NULL, 8, 243, NULL, NULL, NULL, NULL, NULL, 0, 0, NULL, 1, NULL, 1, 1, NULL, 'pLiPzClQbzwHc7S8kXVDtaHSLhlnLG5hxL59B00bgG8LXUocifOyD32tJXx36YqQToGyno3IN2L', NULL, NULL, NULL, NULL, NULL, NULL, 15, 0, NULL, NULL, NULL, '2025-02-06 23:12:02', '2025-02-06 23:12:02'),
(300, 'seif', 'newseif@gmail.com', '010123456010', '$2y$10$8t4n58BqP4L8vPBBfse0zemw6mB9USkpgmMHEjD6UaqyhOhcGdkva', '17388835571411.jpg', NULL, NULL, NULL, NULL, NULL, NULL, 5, 243, NULL, NULL, NULL, NULL, NULL, 0, 0, NULL, 1, NULL, 1, 1, NULL, 'QpNXLCWxCwIAaZCNEKt8NS5i2h7PUawAtwcVVCfNhMzNI3kVhXpTym93Mft0CqaxnCRaf6q8zGC', NULL, NULL, NULL, NULL, NULL, NULL, 15, 0, NULL, NULL, NULL, '2025-02-06 23:12:37', '2025-02-06 23:12:37'),
(301, 'employee', 'employee@gmail.com', '01023232324', '$2y$10$8wbZ.l5s1VP3oUYiijCMLePAy.TeY9Vd0pp3xu7vpid2H5F/yifr6', '17388837571352.jpg', NULL, NULL, NULL, NULL, NULL, NULL, 2, 243, NULL, NULL, NULL, NULL, NULL, 0, 0, NULL, 1, NULL, 1, 1, NULL, '8DO515uLxsqVwK8MEI1wZ0mgPp1V0pzCh6XGB7bqpzRcWMeog1BCgBlvcrTUarhDNtNAD8MblAh', NULL, NULL, NULL, NULL, NULL, NULL, 15, 0, NULL, NULL, NULL, '2025-02-06 23:15:57', '2025-02-06 23:15:57'),
(302, 'employee', 'employeernal@gmail.com', '01024155555555', '$2y$10$Puf8qDVqUXwGG7BD6gclvu130sZx0VFJvvP/DrpzduS6xEuurkwLe', '17388838504523.jpg', NULL, NULL, NULL, NULL, NULL, NULL, 26, 244, NULL, NULL, NULL, NULL, NULL, 0, 0, NULL, 1, NULL, 1, 1, NULL, 'Nyx36FKlgpF0U2OBudWwdgTtwlqGlU5aXMZ2odMIWtkAksDUwxNdceYF4dwy8uz5tklLSKQwx3u', NULL, NULL, NULL, NULL, NULL, NULL, 15, 0, NULL, NULL, NULL, '2025-02-06 23:17:30', '2025-02-06 23:17:30'),
(303, 'rnal', 'clinicrnalnew@gmail.com', '010010010010', '$2y$10$27Zqug1lhrbKcZi0r/0VzutOcmpJqeek4iM1sc5.xZ1ifBEHITt6m', '17388838847653.jpg', NULL, NULL, NULL, NULL, NULL, NULL, 25, 244, NULL, NULL, NULL, NULL, NULL, 0, 0, NULL, 1, NULL, 1, 1, NULL, '7I5vYLx8B8NzQQRWAwTWJPRWeOP7iY9qXKhGRx5Wn7rnwEFTi4GQC1HHQqR7EQqleMJcfoWxLjU', NULL, NULL, NULL, NULL, NULL, NULL, 15, 0, NULL, NULL, NULL, '2025-02-06 23:18:04', '2025-02-06 23:18:04'),
(304, 'Nursing', 'nursingnew@gmail.com', '0101234567123456', '$2y$10$6yRAWL1CvPxdce5VRqjVROKE6v007KnOJNj0jZ.EyLbUspfd53iuW', '17388839474875.jpg', NULL, NULL, NULL, NULL, NULL, NULL, 8, 244, NULL, NULL, NULL, NULL, NULL, 0, 0, NULL, 1, NULL, 1, 1, NULL, 'Jy2zkOfUVOyAnHPUM2L5EH41KA96QTi0ZnScZsmimDoOtK8HjuYEQPfI1JlSAjNBA29g2GhAfXa', NULL, NULL, NULL, NULL, NULL, NULL, 15, 0, NULL, NULL, NULL, '2025-02-06 23:19:07', '2025-02-06 23:19:07'),
(305, 'pharmacy', 'pharmacynew@gmail.com', '123456123456', '$2y$10$276qXOevBy2BxO.QnG2Fq.mR9HwYSEa//yu.DkaDfks6uOqqR1Jpq', '17388839872184.jpg', NULL, NULL, NULL, NULL, NULL, NULL, 5, 244, NULL, NULL, NULL, NULL, NULL, 0, 0, NULL, 1, NULL, 1, 1, NULL, 't06oRI6f9Iuw7zP8tmalkbUtsApjmqa5XH7RQNLrqVPpT2TSXDMyx5CLgkjtv1YmSTK4A7dq4gA', NULL, NULL, NULL, NULL, NULL, NULL, 15, 0, NULL, NULL, NULL, '2025-02-06 23:19:47', '2025-02-06 23:19:47'),
(306, 'Reciption', 'reciptionemployee@gmail.com', '0101123456', '$2y$10$GgrwUIFWQ9VMpHwybE.DJuEiuAlgx6b90jJfedQ6BBu425afcZQd2', '17388840527433.jpg', NULL, NULL, NULL, NULL, NULL, NULL, 2, 244, NULL, NULL, NULL, NULL, NULL, 0, 0, NULL, 1, NULL, 1, 1, NULL, 'f4PLWP1VTW6ysjQt6drJnOeE9royMNWM3fQQK6vzQsd9lBA9yJpoBe28c29z9TvP3M4Y0Iv42mr', NULL, NULL, NULL, NULL, NULL, NULL, 15, 0, NULL, NULL, NULL, '2025-02-06 23:20:52', '2025-02-06 23:20:52'),
(308, 'alaa', 'nokhbaalaa@gmail.com', '01010102423', '$2y$10$pRMfjaZj1Iyv7WsuC4xd6eKtizFDcltEXw/BpUaKrDOV5DRcmcZKG', '17390996117536.jpg', NULL, NULL, NULL, NULL, NULL, NULL, 10, 241, NULL, NULL, NULL, NULL, NULL, 0, 0, NULL, 2, NULL, 1, 1, NULL, '607mmWXLd8tjHOHcy2Mzhu78b5IgdGGQ2w9iUkbenPX0pDvZVk4KzlrsWnl36sYsB2gL2OnajQ5', NULL, NULL, NULL, NULL, NULL, NULL, 15, 0, NULL, NULL, NULL, '2025-02-09 11:13:31', '2025-02-09 11:13:31'),
(309, 'ora', 'oraalaaora@gmail.com', '0102301024', '$2y$10$JlGfc/oNuB36tYOnKkbieu1P2Fgr3dN6tNsuZK0PYZDhm9z.goTQO', '17390997794937.jpg', NULL, NULL, NULL, NULL, NULL, NULL, 10, 242, NULL, NULL, NULL, NULL, NULL, 0, 0, NULL, 2, NULL, 1, 1, NULL, '3NnYRcSwqj1kBhmuwzl3kNalIit9dEc4FRhiyjSZTt6YHmg1sdcG136yxo5tGERkgqHROoZIDdm', NULL, NULL, NULL, NULL, NULL, NULL, 15, 0, NULL, NULL, NULL, '2025-02-09 11:16:19', '2025-02-09 11:16:19');
INSERT INTO `clinics` (`id`, `name`, `email`, `phone`, `password`, `image`, `post_number`, `fax`, `website`, `monitor_username`, `monitor_password`, `qr_code`, `app_type`, `parent_id`, `city_id`, `date_created`, `package_end_date`, `communication_officer`, `communication_officer_phone`, `lat`, `lng`, `address`, `gender`, `specialization`, `status`, `platform`, `device_token`, `jwt_token`, `info`, `info_ar`, `degree_id`, `ID_Number`, `condition`, `firebase_token`, `tax`, `is_manager`, `nursing_point_id`, `notes`, `role_id`, `created_at`, `updated_at`) VALUES
(310, 'aser', 'insurances@gmail.com', '010010000', '$2y$10$m5.h2AfLZj4tSYZDwoHLCeRg4/YV2TjuzxOsu553YESmnmz8bNX42', '17390998991912.jpg', NULL, NULL, NULL, NULL, NULL, NULL, 10, 243, NULL, NULL, NULL, NULL, NULL, 0, 0, NULL, 1, NULL, 1, 1, NULL, 'e7ShjqRPnV3tAcs1XXfvZmvCVd6o5m7w2pwipD2UoGQVbqCArsGGYOXmyTsNj8rmRrycNKVwbOB', NULL, NULL, NULL, NULL, NULL, NULL, 15, 0, NULL, NULL, NULL, '2025-02-09 11:18:19', '2025-02-09 11:18:19'),
(323, 'Amgad Naeem', 'aa@aa.com', '0123652422', '$2y$10$4nOZyapGQoA1sRi2exbBW.tZmSyJZ2gaxhxoCeGnEDjlW4uOqPanK', '17478205123718.webp', NULL, NULL, NULL, NULL, NULL, NULL, 6, NULL, 9, NULL, NULL, NULL, NULL, 0, 0, NULL, 1, NULL, 1, 1, NULL, 'OfrpJRthjb3k60OREPPCpNLqfrmhpkrEwgfbVzUxN2CmvaCZt4xgIVLUfDdHTHvGw4XbpwM53mV', NULL, NULL, NULL, NULL, NULL, NULL, 15, 0, NULL, NULL, NULL, '2025-05-21 09:41:52', '2025-05-21 09:41:52'),
(324, 'LeemuT', 'yawiviseya67@gmail.com', '81184821437', '$2y$10$e7lI3aNF8NsFsh0GwKrPzObtT8yQ119MBqU3ZDf1c9BvNfyVxeD.G', NULL, NULL, NULL, NULL, NULL, NULL, NULL, 1, NULL, 5, NULL, NULL, NULL, NULL, 328259, 299129, NULL, 1, NULL, 1, 1, NULL, 'yD3U0bmPCALsAWxq55q8AK7TnbcqQdp18RH9Ysaf5ieUApEz339HXx1zQS4Y3e5J8Johux7NVsP', NULL, NULL, NULL, NULL, NULL, NULL, 15, 0, NULL, NULL, NULL, '2025-06-20 04:58:24', '2025-06-20 04:58:24'),
(325, 'Alex Amin', 'alexamin4x4@gmail.com', '89157719375', '$2y$10$NCKiZjYEaIe5wpCd6lMSxug/lExihPjXu5B6Ff9YWgel1tNlQ8guW', NULL, NULL, NULL, NULL, NULL, NULL, NULL, 1, NULL, 9, NULL, NULL, NULL, NULL, 792528, 697442, 'https://www.no-site.com', 1, NULL, 1, 1, NULL, 'D3kRcB9wvIvGOVsSsNRGN9brjXDwCtUbCKOOfwa6nj4FXlmVaXFkevxQEJqucH54F6knFI9IvBA', NULL, NULL, NULL, NULL, NULL, NULL, 15, 0, NULL, NULL, NULL, '2025-06-20 11:33:48', '2025-06-20 11:33:48'),
(326, 'Mike Gabriel Mertens', 'info@digital-x-press.com', '81588427429', '$2y$10$TO3PcoDYRzqs6qUxcs6c1eEo71eLhRGFhS.jJn.TejwL1ymNE8U66', NULL, NULL, NULL, NULL, NULL, NULL, NULL, 1, NULL, 10, NULL, NULL, NULL, NULL, 168575, 393784, 'https://www.digital-x-press.com/unbeatable-seo/', 1, NULL, 1, 1, NULL, 'RKi0URXYYDKZzdBBInabMgf03HxMhiYwzdPVsqFkBVwNSxa9EnEvEsPcMjNV5lzrRfzrRbwcvGU', NULL, NULL, NULL, NULL, NULL, NULL, 15, 0, NULL, NULL, NULL, '2025-06-22 09:33:31', '2025-06-22 09:33:31'),
(327, 'Mike Lars-Goran Vincent', 'mike@monkeydigital.co', '85628395652', '$2y$10$iFKpTTM4F/Wiun5APHUgHuT/JwH1eWGVc9H3iH/XQEvTn6uh8mTcW', NULL, NULL, NULL, NULL, NULL, NULL, NULL, 1, NULL, 10, NULL, NULL, NULL, NULL, 874449, 141295, 'https://www.monkeydigital.co/join-our-affiliate-program/', 1, NULL, 1, 1, NULL, '8BCt98dlSPJtUAiR8BuibAgruwqr0qWIoR5lQLhjOZrO5KlNToUR72zzHfoZ9bdletVEkhhnHF4', NULL, NULL, NULL, NULL, NULL, NULL, 15, 0, NULL, NULL, NULL, '2025-06-22 12:46:19', '2025-06-22 12:46:19'),
(328, 'Ahmed Abdulla', 'ahmed.abdulla00175@gmail.com', '81556327564', '$2y$10$qemxSOqr2RxNomTC9ioUKeP69RUnW4kBftyfWATVMURK94BKtOg6i', NULL, NULL, NULL, NULL, NULL, NULL, NULL, 1, NULL, 7, NULL, NULL, NULL, NULL, 134869, 523238, 'https://www.no-site.com', 1, NULL, 1, 1, NULL, 'nTYgl2mR9yj5PcUvCSbaYwvxnZga7yUCpVlrDaA5Uo1zswVknAT7gIKbVkAbLpB2In3XhoiWKje', NULL, NULL, NULL, NULL, NULL, NULL, 15, 0, NULL, NULL, NULL, '2025-06-22 17:12:27', '2025-06-22 17:12:27'),
(329, 'LeemuT', 'dinanikolskaya99@gmail.com', '81995687517', '$2y$10$ZhadZ9W7pHkyeZfqnm/hk.K1o8z3DvRb45C5wJuB8Yh.fEpTUmGVG', NULL, NULL, NULL, NULL, NULL, NULL, NULL, 1, NULL, 9, NULL, NULL, NULL, NULL, 368115, 399689, NULL, 1, NULL, 0, 1, NULL, 'OHaGlEs6DkYwO6tEjV45nXxGJivI1WLAgJ8XsCmlPhUQ5bMFmGD4ph0oaor30chkJmiMqhzOyy6', NULL, NULL, NULL, NULL, NULL, NULL, 15, 0, NULL, NULL, NULL, '2025-06-23 17:35:03', '2025-10-14 15:43:12'),
(330, 'alaa1', 'alaa1@gmail.com', '01159703474', '$2y$10$9ITVrEfOsDcphTxjxVQY0.pz9hTa0hYP0cWUKoEriQwJzLnH/m9QW', '17528483948042.png', NULL, NULL, NULL, NULL, NULL, NULL, 6, NULL, 9, NULL, NULL, NULL, NULL, 0, 0, NULL, 1, NULL, 1, 1, NULL, '5sqrxdVSfSTk8E0u8zYm4qyceN4wNpI5CWrI5ziJDXOudHpNU4zgBEPu8zJvTIi27f8zkgvmgfs', NULL, NULL, NULL, NULL, NULL, NULL, 15, 0, NULL, NULL, 2, '2025-07-18 14:19:54', '2025-09-30 18:14:03'),
(331, 'مجدي الخواجه', '2021dama2021@gmail.com', '0555106121', '$2y$10$AXcm84ctrLK1hMpGhih4/uai2pK6wi6EEOezu6Idsi37W7O/TsRom', '17529374049851.jpeg', NULL, NULL, NULL, NULL, NULL, NULL, 36, 102, NULL, NULL, NULL, NULL, NULL, 0, 0, NULL, 1, NULL, 1, 1, NULL, 'f7vvNslFSqxfSvmjHry1aOgB74TZ1ewW1bumsaZwdxi7o9BKu4HTn10FLiX7Vx0tc9ozJJNML3U', NULL, NULL, NULL, NULL, NULL, NULL, 15, 0, NULL, NULL, NULL, '2025-07-19 15:03:24', '2025-07-19 15:05:08'),
(336, 'NAEWTRER3073240NERTHRRTH', 'qsjawuwn@polosmail.com', '86577135573', '$2y$10$6yE.0kOltZ6ms0D8ekdmMeQIR7Tmqml5W6ERGacgjva319m0Lz2I6', NULL, NULL, NULL, NULL, NULL, NULL, NULL, 1, NULL, 9, NULL, NULL, NULL, NULL, 676158, 993341, NULL, 1, NULL, 1, 1, NULL, 'ia5UByb90e6FmyGPalvN77NgxbaWWnnwPzLe6kWdhB9351KKbbPzYHNRjt14n2V763HFhCBcYT0', NULL, NULL, NULL, NULL, NULL, NULL, 15, 0, NULL, NULL, NULL, '2025-11-16 10:10:04', '2025-11-16 10:10:04'),
(344, 'test', 'test@gmail.com', '01020685285', '$2y$10$VlNENmCGNSpW7s6Gn6PW/ukeiRs8iETOkzdof6ff8wJmQCBD4cY0q', '17633008751972.jpg', NULL, NULL, NULL, NULL, NULL, NULL, 7, 1, NULL, NULL, NULL, NULL, NULL, 0, 0, NULL, 1, NULL, 1, 1, NULL, 'oLnHpvqwbyeZfUcQQPKnh2CO3mLrq3WEECwnKY0MCCoKQzm1WGTNe3UuPvS4b9k9yjYQfktRLot', NULL, NULL, NULL, NULL, NULL, NULL, 15, 0, NULL, NULL, NULL, '2025-11-16 13:47:55', '2025-11-19 15:48:30'),
(346, 'Mike Matthias Richard', 'info@strictlydigital.net', '83937946156', '$2y$10$7uP/IYAZP8JeFHsFAT1ptencaFvnINK.Lq6BYEOIKs0LlIc9I7huq', NULL, NULL, NULL, NULL, NULL, NULL, NULL, 1, NULL, 12, NULL, NULL, NULL, NULL, 461452, 737321, 'https://www.strictlydigital.net/product/semrush-backlinks/', 1, NULL, 1, 1, NULL, 'oRdR8SCbjTBYI0wNMXsjmdCXcYmcKdpxZZlAvouwoH3bINpljW5ZpZGsUTCnhlrQMcgF1GWloF9', NULL, NULL, NULL, NULL, NULL, NULL, 15, 0, NULL, NULL, NULL, '2025-11-16 19:42:08', '2025-11-16 19:42:08'),
(347, 'Lab2', 'lab2@gmail.com', '01234567890', '$2y$10$RINlRIwxMAr0FTCElsiCz.tnSOpFHq5a0TyD6StD9DU2ythll4l9a', '17635297993853.jpeg', NULL, NULL, NULL, NULL, NULL, NULL, 25, 1, NULL, NULL, NULL, NULL, NULL, 0, 0, NULL, 1, NULL, 1, 1, NULL, 'sRLkXk97j9egB4GlZKz5UiIBCkSstpMRL3dBH6aWtLrOdVu6WDTfB2rtMeU8qw0oQdXbBwvLoJE', NULL, NULL, NULL, NULL, NULL, NULL, 15, 0, NULL, NULL, NULL, '2025-11-19 05:23:19', '2025-11-19 05:23:19'),
(348, 'Rays', 'rays2@gmail.com', '01152389776', '$2y$10$400EewVduAexVpOcuNNqd.xuxtgVnAoRjpNFZuqydxA08nBdbRzpW', '17635299788827.jpeg', NULL, NULL, NULL, NULL, NULL, NULL, 26, 1, NULL, NULL, NULL, NULL, NULL, 0, 0, NULL, 1, NULL, 1, 1, NULL, 'pZXV7UsCLoh6RFViRkCcDRtyAbmIYroNS1NxXXyElxSbsxTLqYeWT62SyRKDO1oRrjHnFC3ptub', NULL, NULL, NULL, NULL, NULL, NULL, 15, 0, NULL, NULL, NULL, '2025-11-19 05:26:18', '2025-11-19 05:26:18'),
(350, 'Marwa Badawy', 'testtt60@gmail.com', '1020685283', '$2y$10$MFoIjruOWdTZ.tAF.4ycj.f2jTZXk9u7tGx41TUBz4iN1pIMFAiuu', '17635673841314.jpg', NULL, NULL, NULL, NULL, NULL, NULL, 7, 1, NULL, NULL, NULL, NULL, NULL, 0, 0, NULL, 1, NULL, 1, 1, NULL, 'XgMPWEmuSCSpMQyWQCTAztqqStIAdiWljUoFN7FU4KsoWoy3VDaf89wsLakUZPzaLCWrhff42RC', NULL, NULL, NULL, NULL, NULL, NULL, 15, 0, NULL, NULL, NULL, '2025-11-19 15:49:44', '2025-11-19 15:50:08'),
(352, 'مستشفى المواساة', 'imaneriyade1@gmail.com', '0560452425', '$2y$10$3z5/oHXO23thvApzyoZPEexzI7231zah5VFc22ZsVRY6MV.Pk/GUq', '17637482617289.jpg', NULL, NULL, NULL, NULL, NULL, NULL, 7, 2, 3, '1970-01-01', NULL, 'ايمان رياض', '0560452425', 24.467481, 39.6701531, 'مستشفى المواساة | المدينة المنورة, Madinah Saudi Arabia', 1, NULL, 1, 1, NULL, '6iBWmkUT0gBLPkEjW9nqgfvt43xNgIuNcGNt77V4q5Gr3CyISYBjIbnF1BuxRhL9ObeYgVbZSrl', 'مستشفى يقدم الخدمات الطبية في جميع التخصصات', NULL, NULL, NULL, NULL, NULL, 15, 0, NULL, NULL, NULL, '2025-11-21 18:04:21', '2025-11-21 18:06:57'),
(353, 'Ruchspunc', '3w8w5kvg@icloud.com', '88482788429', '$2y$10$2j8fS1vYZc35CIuUSH.2l.gBs2hae5S3Ufr0Ua3NzMFP9XBVVkVtu', NULL, NULL, NULL, NULL, NULL, NULL, NULL, 1, NULL, 3, NULL, NULL, NULL, NULL, 814994, 794528, NULL, 1, NULL, 1, 1, NULL, 'Oag6ycuncRWyZYxEdgChsvZsRpPp3ogPKtJlz5uHQoKarJaiAxQGOOrYQlNYiWIuFf086Td0qLu', NULL, NULL, NULL, NULL, NULL, NULL, 15, 0, NULL, NULL, NULL, '2025-11-29 17:16:21', '2025-11-29 17:16:21'),
(354, 'branch2', 'rnal2@gmail.com', '12719869778', '$2y$10$1l0cIFjF3zseBxO1SGRlsekU0lAQ2gKuEpqXy/ZQuxesV4t3JDsIG', '17649684748614.png', NULL, NULL, NULL, NULL, NULL, NULL, 7, 244, NULL, NULL, NULL, NULL, NULL, 0, 0, NULL, 1, NULL, 1, 1, NULL, 'K6J4WnHiqiEIE5oacBsCIEA9P5TWPL4DAz9L5mf9uA7unVvOUWNvXaGS9uSSAKOUrvfdn9eQz7r', NULL, NULL, NULL, NULL, NULL, NULL, 15, 0, NULL, NULL, NULL, '2025-12-05 21:01:14', '2025-12-05 21:01:14'),
(355, 'AhmetTet', 'morrismi1@outlook.com', '81871785688', '$2y$10$leVTOKugxRfL6dxSU87lvuTe/gytcCwHrYos.Mq0zb0sNbL2owUym', NULL, NULL, NULL, NULL, NULL, NULL, NULL, 1, NULL, 11, NULL, NULL, NULL, NULL, 548696, 493753, 'https://www.no-site.com', 1, NULL, 1, 1, NULL, 'M0Yic00PJUY8PZtc7m6rS7zPck4u37jjRNVSJLE21qKO0iEXASn3GqNK51vSfZlFeFrmb6FqQAA', NULL, NULL, NULL, NULL, NULL, NULL, 15, 0, NULL, NULL, NULL, '2025-12-06 16:08:03', '2025-12-06 16:08:03'),
(356, 'shaimaa farouk4', 'sh@gmail.com', '01152389778', '$2y$10$cITMIApnHJ0Eug0GLs4U..EPlUBuo0hN3FizIW8VLLi0.CfCvsZIu', '17652666759122.jpeg', NULL, NULL, NULL, NULL, NULL, NULL, 2, 354, NULL, NULL, NULL, NULL, NULL, 0, 0, NULL, 1, NULL, 1, 1, NULL, 'WOKIVdFu9KNsIOkGO5Ee8DTSepJ6Qg2CTgnRTlkS1tcwVFXkUcQwE0NU1cR0FxSjbereiloTjk6', NULL, NULL, NULL, NULL, NULL, NULL, 15, 0, NULL, NULL, NULL, '2025-12-09 07:51:15', '2025-12-09 07:51:15'),
(359, 'branch3', 'branch60@gmail.com', '01251685285', '$2y$10$Srnu8I5KIlSoUGpy64c.UOfI/5SPvE2JOTJSpOxj1yPbaMxwr/ecS', '17658748672423.png', NULL, NULL, NULL, NULL, NULL, NULL, 7, 244, NULL, NULL, NULL, NULL, NULL, 0, 0, NULL, 1, NULL, 1, 1, NULL, 'ZDB8GYEEsuIE561LalhSrZCoCOg9713r9EOqUzDzvv6SGp8skCZEJ48wd4BacbixeWHSt04iRi4', NULL, NULL, NULL, NULL, NULL, NULL, 15, 0, NULL, NULL, NULL, '2025-12-16 08:47:47', '2025-12-16 08:47:47'),
(360, 'Marwa Badawy', 'marwabadwy11@gmail.com', '+966547872255', '$2y$10$sMH1DINtlFhaOzRWDlPdgOxC.kuEqOgcVw2T1ikFsEN3CPGatgnqK', '17658751497101.jpeg', NULL, NULL, NULL, NULL, NULL, NULL, 2, 244, NULL, NULL, NULL, NULL, NULL, 0, 0, NULL, 2, NULL, 1, 1, NULL, 'oSSRtb59DjpBVn78pjwkHMZDbegqwXT1ab7kDM8RxdufQuBcFl1765887373', NULL, NULL, NULL, NULL, NULL, 'cDyqfdGST-acxovClkjUeA:APA91bFlgK0Jj-UCFDCdqPaH36oocMxLM06PQRzwl4PWgpJAh63CPjnd3pAW43CUj66Nrs8OwVzv_ceofcUhAj_48guWzyh2hDwUDuHlcy9rhbFgrKubOIE', 15, 0, NULL, NULL, NULL, '2025-12-16 08:52:29', '2025-12-16 12:16:13'),
(361, 'rays rays', 'rays60@gmail.com', '+966547882256', '$2y$10$vkxIDFnNq6fCTfaK0oHz0.0RCOxaRClfqaTaR.pAsD8eltzkQKqGK', '17658897082355.jpg', NULL, NULL, NULL, NULL, NULL, NULL, 2, 244, NULL, NULL, NULL, NULL, NULL, 0, 0, NULL, 2, NULL, 1, 1, NULL, 'qTv5PQKDP2DDrECDaHBvjGTKL2NtRH9yCuUxqvdgW3nnfUpsX11765889768', NULL, NULL, NULL, NULL, NULL, 'cDyqfdGST-acxovClkjUeA:APA91bFlgK0Jj-UCFDCdqPaH36oocMxLM06PQRzwl4PWgpJAh63CPjnd3pAW43CUj66Nrs8OwVzv_ceofcUhAj_48guWzyh2hDwUDuHlcy9rhbFgrKubOIE', 15, 0, NULL, NULL, NULL, '2025-12-16 12:48:33', '2025-12-16 12:56:08'),
(362, 'karim walid', 'karim@gmail.com', '0123456789', '$2y$10$s5wCL6LaMuzsXLSFJleo.uqFdrBZunaC1zr6BJvJz3jYzc/HxBSz6', '17659648897407.jpeg', NULL, NULL, NULL, NULL, NULL, NULL, 3, 241, NULL, NULL, NULL, NULL, NULL, 0, 0, NULL, 2, NULL, 1, 1, NULL, 'MOr526gsheAbZgCzMXOb7kkhNPpqB3DjjdxRJrVh5piBkktctlsLXppt4u9uty57BjDJP8cP11R', NULL, NULL, 1, NULL, NULL, NULL, 15, 0, NULL, NULL, NULL, '2025-12-17 09:48:09', '2025-12-17 09:48:09'),
(363, 'ali badawy', 'ali@gmail.com', '01123456789', '$2y$10$iP3BWU0DVesEusvoSqgPqOdvMXYok2hf18I/YLCCusq9eDceADL8u', '17659653106648.jpeg', NULL, NULL, NULL, NULL, NULL, NULL, 2, 241, NULL, NULL, NULL, NULL, NULL, 0, 0, NULL, 1, NULL, 1, 1, NULL, 'S45knBRXEeafSCPgYg2SfT5hH247tmqTwPmDl0pMYkQe6ofPlrVFCcDfuALyqTVa5INAIdAs3qb', NULL, NULL, NULL, NULL, NULL, NULL, 15, 0, NULL, NULL, NULL, '2025-12-17 09:55:10', '2025-12-17 09:55:10'),
(364, 'ola Badawy', 'ola@gmail.com', '011123456789', '$2y$10$5bZHrC34aErXQYXGj79SmOGOYN9VMODUrDvOF2wshSAn4bQmQFC72', '17659656107758.jpeg', NULL, NULL, NULL, NULL, NULL, NULL, 26, 241, NULL, NULL, NULL, NULL, NULL, 0, 0, NULL, 2, NULL, 1, 1, NULL, 'HrrTQXa4U52SxR1IPzBTxOvSX3XE2bYODgTRmgjmuvNlXjtaQj5QbIXspISiTu4R902kb3kqzuo', NULL, NULL, NULL, NULL, NULL, NULL, 15, 0, NULL, NULL, NULL, '2025-12-17 10:00:10', '2025-12-17 10:00:10'),
(365, 'rehab Badawy', 'marwabadwy60@gmail.com', '01111234567', '$2y$10$vpAOxFIItuOGvwxW0x0Ur.zIA1/jAK0EuXrFDE/3U5ccpgwcDj8aG', '17659657478526.jpeg', NULL, NULL, NULL, NULL, NULL, NULL, 25, 241, NULL, NULL, NULL, NULL, NULL, 0, 0, NULL, 2, NULL, 1, 1, NULL, 'd4avE8t9fvmaLEFmYDiLHxO9ehat0KZ7Lh9hwoEirNIQEz8MhrgizGMsxmiHzyJfzrixfhh94bl', NULL, NULL, NULL, NULL, NULL, NULL, 15, 0, NULL, NULL, NULL, '2025-12-17 10:02:27', '2025-12-17 10:02:27'),
(366, 'manar walid', 'manar@gmail.com', '0111112345678', '$2y$10$W.uqy8xaSF.QeRslIYTsLOhUrcP1xQ/glIhrP3QjvCo9IRETlYVwe', '17659658842133.jpeg', NULL, NULL, NULL, NULL, NULL, NULL, 5, 241, NULL, NULL, NULL, NULL, NULL, 0, 0, NULL, 2, NULL, 1, 1, NULL, 'k3DSOEGaGu4yUkl9GFPZ48CdEHIIKWKNGfYQWhJNZC23lB8rfCFDXYmJbX9sOOdJRndpVVqhQn6', NULL, NULL, NULL, NULL, NULL, NULL, 15, 0, NULL, NULL, NULL, '2025-12-17 10:04:44', '2025-12-17 10:04:44'),
(367, 'menna walid', 'menna@gmail.com', '011111234567', '$2y$10$xYn2SrF3RH.wag/PiI6Me.3rzA4BdATpc1sFupHwXQ6Q3UA9RGOOm', '17659661215023.jpeg', NULL, NULL, NULL, NULL, NULL, NULL, 10, 241, NULL, NULL, NULL, NULL, NULL, 0, 0, NULL, 2, NULL, 1, 1, NULL, 'vuGjySqdpnRtE0fkz1Lcatfs7B5rjmbln5jCpgyYhQh3fPbnC7s7SRzoe1MF26Z6QeapIJQzH7i', NULL, NULL, NULL, NULL, NULL, NULL, 15, 0, NULL, NULL, NULL, '2025-12-17 10:08:41', '2025-12-17 10:08:41'),
(368, 'badawy ali', 'badwy@gmail.com', '011111123456', '$2y$10$2H4u0A80ZCs4tU.zj0EbQu6uDdvZSoHHMVA7wDflbCzVDzMWQtpTO', '17659662596955.jpeg', NULL, NULL, NULL, NULL, NULL, NULL, 9, 241, NULL, NULL, NULL, NULL, NULL, 0, 0, NULL, 1, NULL, 1, 1, NULL, 'L80ORiJpicZsMCRh3sm4E29tvLkAwP7HAzOdmeNYXr3rzv0fuYX3O64JuAMG3AOtveiVKGq8pjf', NULL, NULL, NULL, NULL, NULL, NULL, 15, 0, NULL, NULL, NULL, '2025-12-17 10:10:59', '2025-12-17 10:10:59'),
(369, 'azza mohamed', 'azza@gmail.com', '011111112345', '$2y$10$g55DB8KjtpK3FzVSjGOomux4D.4Ycmw6OrhgmmitRQe29DKeJ0NH.', '17659664024642.jpeg', NULL, NULL, NULL, NULL, NULL, NULL, 8, 241, NULL, NULL, NULL, NULL, NULL, 0, 0, NULL, 2, NULL, 1, 1, NULL, 'ZOPf0wg6eBoj7vh6Hck5qjtSKS8ZDtIur6tQ1seepQ0kU43AHfRM1Cu63rSgOMXvjR9ECrEGtNR', NULL, NULL, NULL, NULL, NULL, NULL, 15, 0, NULL, NULL, NULL, '2025-12-17 10:13:22', '2025-12-17 10:13:22'),
(370, 'Marwa Badawy', 'doctor@gmail.com', '0122345678', '$2y$10$nC3NwlzPQksF9eeQvNn0FeVTlX3F1K9OU2TMVIHwNeRJjpvTrtkyG', '17659736488504.jpeg', NULL, NULL, NULL, NULL, NULL, NULL, 3, 2, NULL, NULL, NULL, NULL, NULL, 0, 0, NULL, 2, NULL, 1, 1, NULL, 'MB21U8YwRG7Ao7ZjKB3kEya6K5E641Phg8zUOYF9L6LxHGqmmywdn8w2qe3qFYPyF1O9338hj6V', NULL, NULL, 1, NULL, NULL, NULL, 15, 0, NULL, NULL, NULL, '2025-12-17 12:14:08', '2025-12-17 12:14:08'),
(371, 'rehab Badawy', 'recep@gmail.com', '0123345678', '$2y$10$3p0BIlmZoJDJzmkMXhts.O3cV6i//9CnO/claIkTTT0qGgArzjmtO', '17659742187284.jpeg', NULL, NULL, NULL, NULL, NULL, NULL, 2, 2, NULL, NULL, NULL, NULL, NULL, 0, 0, NULL, 2, NULL, 1, 1, NULL, 'MNFSUsvneH6YCKnYF0f0cnrkJhM0Pxa6UsfIWCIdiW9OI27v6C6zqz1yJQi2rVMEbHXmnHZ4ZOd', NULL, NULL, NULL, NULL, NULL, NULL, 15, 0, NULL, NULL, NULL, '2025-12-17 12:23:38', '2025-12-17 12:23:38'),
(372, 'ola Badawy', 'ray@gmail.com', '0123445678', '$2y$10$ehCDZWbN2sST7tUHr/WNd.dBOOxf5mvHcRRVsbTSjV3Yrba1bjscG', '17659745257279.jpeg', NULL, NULL, NULL, NULL, NULL, NULL, 26, 2, NULL, NULL, NULL, NULL, NULL, 0, 0, NULL, 2, NULL, 1, 1, NULL, '6QTWmMZOYXFTvdutQHQlDwLIAep7wNdhpdkxDm2LgdOUx3s9fZ1767700513', NULL, NULL, NULL, NULL, NULL, 'e16kjNb0QjWMxT-pdovU_R:APA91bEh24xqfHqmyrm1PmKF2ufuE0WuZuF2JFabaU-16I3V3jE0NTU4i2IuzRTHwEpsVAcFM1w8VOUNgbviOkaQsVTrbxh2XAiagICSqMeCcVODJJ54Dv0', 15, 0, NULL, NULL, NULL, '2025-12-17 12:28:45', '2026-01-06 11:55:13'),
(373, 'karim Badawy', 'labb@gmail.com', '0123455678', '$2y$10$Gr1lSY2oIQix5PFrFfmtOudiK50z3j.U/zPnfERNafsHC8XVie/1a', '17659746345942.jpeg', NULL, NULL, NULL, NULL, NULL, NULL, 25, 2, NULL, NULL, NULL, NULL, NULL, 0, 0, NULL, 1, NULL, 1, 1, NULL, 'IjcqyzwpUdy6sDVtdBDzooT9Ja7GFMsj2Ewmv1louYp48hMLMR0pxKLO7TWkf8z5ujrUPFba7SL', NULL, NULL, NULL, NULL, NULL, NULL, 15, 0, NULL, NULL, NULL, '2025-12-17 12:30:34', '2025-12-17 12:30:34'),
(374, 'islam Ali', 'islam@gmail.com', '012345677', '$2y$10$Xjo8izotBacGzNeGfccsI.2ooIwGLq/co6G2fU/1KpYFGl4papxVq', '17659785933999.jpeg', NULL, NULL, NULL, NULL, NULL, NULL, 5, 2, NULL, NULL, NULL, NULL, NULL, 0, 0, NULL, 1, NULL, 1, 1, NULL, 'OsKL0JiCHdnOvogcq4fpgazplxXi9zJsjIARb9r4ESLoqLbuCQnFxmENjugvix7dv3QD517lX2A', NULL, NULL, NULL, NULL, NULL, NULL, 15, 0, NULL, NULL, NULL, '2025-12-17 13:36:33', '2025-12-17 13:36:33'),
(375, 'walid zenhoum', 'account@gmail.com', '012345667', '$2y$10$YDQBGxqApJ8d8jJkEaBtMOUOyjuVvmqqRceQar9lttTzIjwZziila', '17660602702515.jpeg', NULL, NULL, NULL, NULL, NULL, NULL, 9, 2, NULL, NULL, NULL, NULL, NULL, 0, 0, NULL, 1, NULL, 1, 1, NULL, 'upEG0PvbpOhWxHsyhnGW7epfpi8Qu5LpcYNmMZFbCAqoZ68uolXIgW9Csdu6axELDUcy9T8mNoS', NULL, NULL, NULL, NULL, NULL, NULL, 15, 0, NULL, NULL, NULL, '2025-12-18 12:17:50', '2025-12-18 13:19:58'),
(376, 'admin admin', 'admin60@gmail.com', '011122233344', '$2y$10$qMRI5sdyUBZBDjDM6fcnSOWfZvNxMFKAJu9UTWPodcBovAwNAwYoy', '17662438609349.jpeg', NULL, NULL, NULL, NULL, NULL, NULL, 6, 2, NULL, NULL, NULL, NULL, NULL, 0, 0, NULL, 1, NULL, 1, 1, NULL, 'D59OAFOgRlhxP0U8AwjH8zY3bRHdFmKOXc6lUfbzxFerv6G5duEUDn6GAopDb9D8fea8B1Ch0PP', NULL, NULL, NULL, NULL, NULL, NULL, 15, 0, NULL, NULL, NULL, '2025-12-20 15:17:40', '2025-12-20 15:17:40'),
(377, 'عزه محمد', 'azza60@gmail.com', '0235465416541', '$2y$10$oea7vNxl9jtOgFFPbSMApurjM8ZQAQBc6pjilogPaChh4BOBK.pxC', '17668385157915.jpeg', NULL, NULL, NULL, NULL, NULL, NULL, 8, 2, NULL, NULL, NULL, NULL, NULL, 0, 0, NULL, 2, NULL, 1, 1, NULL, 'cWTFfIWpSjBn0Z3LfIVKkM1WMxt9y6COFmaKyLOh7rSrXdk8ZWeFEVFNUf0wP5nyzjD8y8rVTSK', NULL, NULL, NULL, NULL, NULL, NULL, 15, 0, NULL, NULL, NULL, '2025-12-27 12:28:35', '2025-12-27 12:28:35'),
(378, 'انتصار', 'entsar@gmail.com', '0556589', '$2y$10$kmkeNqFHfU1Dh3WcmHB4..oIZPJhkNOdL5SkW7.JHHjtE5GjOaMES', '17668396568536.jpeg', NULL, NULL, NULL, NULL, NULL, NULL, 10, 2, NULL, NULL, NULL, NULL, NULL, 0, 0, NULL, 2, NULL, 1, 1, NULL, 'Z0R0Gia0xwbFncoukqP8rDxfjCFS9tRM7V4d77gq5NrmJ3KrThOdwQyVurzBs0w2mbh5ERq8hQT', NULL, NULL, NULL, NULL, NULL, NULL, 15, 0, NULL, NULL, NULL, '2025-12-27 12:47:36', '2025-12-27 13:06:14'),
(379, 'مستخدم 1', 'user1@gmail.com', '01090537394', '$2y$10$c6pafbVHVb3PjpY3xYCok.KHQzDpUUV2X/itKa996mPSBysCQNaYq', '17670949223217.png', NULL, NULL, NULL, NULL, NULL, NULL, 27, 2, NULL, NULL, NULL, NULL, NULL, 0, 0, NULL, 1, NULL, 1, 1, NULL, 'uQbyqgBmSBmgEz8TfmqEAAFcuzGydT9Zz259iU4TbS2vZmFkd2tLMREcUPEXpnecf51vARj0fIU', NULL, NULL, NULL, NULL, NULL, NULL, 15, 0, NULL, NULL, NULL, '2025-12-30 11:42:02', '2025-12-30 11:42:10'),
(381, 'أحمد محمود', 'ahmed.mahmoud@clinic.com', '01012345678', '$2y$10$dZ3.D0YAlMOdgn8hSRoVm.ORS405O3c1YeI7gXN4l.mAose2h/7Fi', '17680542961463.jpeg', NULL, NULL, NULL, NULL, NULL, NULL, 3, 2, NULL, NULL, NULL, NULL, NULL, 0, 0, NULL, 1, NULL, 1, 1, NULL, '3ksEsnyRVu3GMueBcSxxNo6ABIfKp9QsW0XDujZfhc6vdd1XFNwxbY1Vrwr7U2siJAhAhembinc', NULL, NULL, 1, NULL, NULL, NULL, 15, 0, NULL, NULL, NULL, '2026-01-10 14:11:36', '2026-01-10 14:11:36'),
(382, 'سارة محمد', 'sara.mohamed60@clinic.com', '01123456788', '$2y$10$tGg3DOED4LipmXzFdnBinOIH.xCpscGO6bD3fF/zB.n4EVw0mxlfG', '17680544166643.jpeg', NULL, NULL, NULL, NULL, NULL, NULL, 3, 2, NULL, NULL, NULL, NULL, NULL, 0, 0, NULL, 2, NULL, 1, 1, NULL, 'aCzIxITdbPCCHb9Xv6B0IaAWuMmcSPWjrnzGC6UMdOLiMD42zkUe72SvLpyDwn8YI4nv8lP4VkA', NULL, NULL, 1, NULL, NULL, NULL, 15, 0, NULL, NULL, NULL, '2026-01-10 14:13:36', '2026-01-10 14:13:36'),
(383, 'محمد علي', 'mohamed.ali@clinic.com', '01234567800', '$2y$10$OeVSurTPMGpV9ePvqtKceujqtuZbKV2UyZPIfvczgmC4KrBYK/o32', '17680545326624.jpeg', NULL, NULL, NULL, NULL, NULL, NULL, 3, 2, NULL, NULL, NULL, NULL, NULL, 0, 0, NULL, 1, NULL, 1, 1, NULL, 'pgsoVaoF8H5Qc3uoOSluOmMrCX8SA18dSeFvCbkq1XwN96DEJZsqecyTSJeFDBM5p94E4ycT7z0', NULL, NULL, 1, NULL, NULL, NULL, 15, 0, NULL, NULL, NULL, '2026-01-10 14:15:32', '2026-01-10 14:15:32'),
(384, 'نجلاء حسن', 'naglaa.hassan@clinic.com', '01098765432', '$2y$10$V43IQhFx3nsMFCs4jWKl/uTPwXdv.qD/yemeMkVW.NgynRI8HnK0.', '17680545781999.jpeg', NULL, NULL, NULL, NULL, NULL, NULL, 3, 2, NULL, NULL, NULL, NULL, NULL, 0, 0, NULL, 2, NULL, 1, 1, NULL, '1KAhLHDeS9NFhxTxCzppSeopUsGMYt2ZYLx25NXTjhNC7j73Do6CrKvfbToyH78gMYkB0vge15O', NULL, NULL, 1, NULL, NULL, NULL, 15, 0, NULL, NULL, NULL, '2026-01-10 14:16:18', '2026-01-10 14:16:18'),
(385, 'خالد عبد الله', 'khaled.abdallah@clinic.com', '01187654321', '$2y$10$QR68bQCQx/DQGFy10gkvne5/PidcFuonCh9J..JJ3FpscJYT2FeJ2', '17680546273487.jpeg', NULL, NULL, NULL, NULL, NULL, NULL, 3, 2, NULL, NULL, NULL, NULL, NULL, 0, 0, NULL, 1, NULL, 1, 1, NULL, 'PkPL8cMRqCRJPkBiocgZhpfshoSIAVpr8jY7KM0fOwSpvqcOkwSsN2cqoe2vDOvLTMxEXXE35vX', NULL, NULL, 1, NULL, NULL, NULL, 15, 0, NULL, NULL, NULL, '2026-01-10 14:17:07', '2026-01-10 14:17:07'),
(386, 'ريهام نصار', 'reham.nsar@clinic.com', '01187654311', '$2y$10$BRSszzLfLvwi0cxiruDZHeEVafEe8DFeskUAtPEJrmz75OJTmgJ5i', '17680546991628.jpeg', NULL, NULL, NULL, NULL, NULL, NULL, 3, 2, NULL, NULL, NULL, NULL, NULL, 0, 0, NULL, 2, NULL, 1, 1, NULL, 'aUJeUnELF4Y9k6ljWYEGULFybRczzMBWSHTseRRCxB2bsOTAkioI4j8CEWpbqpsv5BTe7mEAxTD', NULL, NULL, 1, NULL, NULL, NULL, 15, 0, NULL, NULL, NULL, '2026-01-10 14:18:19', '2026-01-10 14:18:19'),
(387, 'احمد حاتم', 'ahmed.hatem@clinic.com', '01012345878', '$2y$10$icyfTKy0AV7qae20/u9JXenGWTIns6xjX57ns3EmnsSd539FJIWzK', '17680548011554.jpeg', NULL, NULL, NULL, NULL, NULL, NULL, 3, 2, NULL, NULL, NULL, NULL, NULL, 0, 0, NULL, 1, NULL, 1, 1, NULL, 'quWKrwKRpeqpp3I7uriofh5AlsYl4inv35CoLGJ8eFACBbFi8e9G4VZTK1brSDhY44RqFTM5SV7', NULL, NULL, 1, NULL, NULL, NULL, 15, 0, NULL, NULL, NULL, '2026-01-10 14:20:01', '2026-01-10 14:20:01'),
(388, 'محمد سامي', 'mohamed.sami@clinic.com', '01113456789', '$2y$10$EQYWtgiZ8RXcY/3yYxqCQu6GiL2FFWpy95yrTq7sJ6kk8vD4LT4di', '17680557699390.jpeg', NULL, NULL, NULL, NULL, NULL, NULL, 3, 2, NULL, NULL, NULL, NULL, NULL, 0, 0, NULL, 1, NULL, 1, 1, NULL, 'Wm291Eyscax4EDH6kQFgyyizo9dRn12IubNzJ9WfZMJQ6yScVg7aBWc0IFIpZTxRPliKVJBszOZ', NULL, NULL, 1, NULL, NULL, NULL, 15, 0, NULL, NULL, NULL, '2026-01-10 14:36:09', '2026-01-10 14:36:09'),
(389, 'خالد يوسف', 'khaled.youssef@clinic.com', '01214567890', '$2y$10$.JCXWaZeeg/LMNJrkWu74OPdkpBUQTXUoACTNwayvfdmpFL/Pi18C', '17680558938191.jpeg', NULL, NULL, NULL, NULL, NULL, NULL, 3, 2, NULL, NULL, NULL, NULL, NULL, 0, 0, NULL, 1, NULL, 1, 1, NULL, 'rwIwfrIPjHPNntz6rax7ZpfAHAEam5ibMBJ2Po0Kfi9SiemVENPrkfbDuh3XjXzZsuK9FqWevlN', NULL, NULL, 1, NULL, NULL, NULL, 15, 0, NULL, NULL, NULL, '2026-01-10 14:38:13', '2026-01-10 14:38:13'),
(390, 'محمود كريم', 'mahmoud.karim@clinic.com', '01091765432', '$2y$10$iPtVFIyo4GT1tAyTGeEtb.UPTwAp7H83t5yYFYWW6FvGNXNMLMsNK', '17680559499586.jpeg', NULL, NULL, NULL, NULL, NULL, NULL, 3, 2, NULL, NULL, NULL, NULL, NULL, 0, 0, NULL, 1, NULL, 1, 1, NULL, '72joEumJZjczsiTpnuTZZvkxYRrIXMqLPMyJ5nOZiHXqGoBvuxhnZcl9zUsvB0dA7HHUhPuhpOn', NULL, NULL, 1, NULL, NULL, NULL, 15, 0, NULL, NULL, NULL, '2026-01-10 14:39:09', '2026-01-10 14:39:09'),
(391, 'علي حسام', 'ali.hossam@clinic.com', '01187654322', '$2y$10$ITHRH22QY1CFlGW9xTVtPuopxDnxiSXI4UJvhx4QSo9V1NcMUQfBS', '17680560201674.jpeg', NULL, NULL, NULL, NULL, NULL, NULL, 3, 2, NULL, NULL, NULL, NULL, NULL, 0, 0, NULL, 1, NULL, 1, 1, NULL, 'uX8l52LRdZZd3xsKZCmmdArV7mBjhXkad15xKaVIy9EmG7OB09ayRD5dm8jrn5oVB9SQcsKxmWV', NULL, NULL, 1, NULL, NULL, NULL, 15, 0, NULL, NULL, NULL, '2026-01-10 14:40:20', '2026-01-10 14:40:20'),
(392, 'سعاد عبد الرحمن', 'suad.abdelrahman@clinic.com', '01123459877', '$2y$10$oLKBbPH9h6tHy2IkweUC2./8Oo5.lGeWEr.U8BFq0yupDBah67VSK', '17680565946950.jpeg', NULL, NULL, NULL, NULL, NULL, NULL, 3, 2, NULL, NULL, NULL, NULL, NULL, 0, 0, NULL, 2, NULL, 1, 1, NULL, 'PGXw3htwZ8bacyywuZmkCaVQXo4ZqVBenLal6vfbRM3mmPOmfatI7h0OJmNQ9qQPl7BnomQJbBf', NULL, NULL, 1, NULL, NULL, NULL, 15, 0, NULL, NULL, NULL, '2026-01-10 14:49:54', '2026-01-10 14:49:54'),
(393, 'محمود فؤاد', 'mahmoud.fouad@clinic.com', '01534569876', '$2y$10$aZuEbF59pLKD.vBPVpv7iuKxzQoJKy6Lov9eFRcXRfR302b2XRB3W', '17680566491321.jpeg', NULL, NULL, NULL, NULL, NULL, NULL, 3, 2, NULL, NULL, NULL, NULL, NULL, 0, 0, NULL, 1, NULL, 1, 1, NULL, 'sy7Cx24AMExeFEwAzpVLp7UZ7T3iZgvBCeU1xgH5gbNs1ABbrtM7tYenmghC0Ruye9G3Ldaf8K6', NULL, NULL, 1, NULL, NULL, NULL, 15, 0, NULL, NULL, NULL, '2026-01-10 14:50:49', '2026-01-10 14:50:49'),
(394, 'خالد مصطفى', 'khaled.mostafa@clinic.com', '01018769876', '$2y$10$tW3vXnmBPUyqJ4.0BcvsM.c9fNgPlYbC8ru.Ixmy8EO6pJl4ygtPC', '17680567168677.jpeg', NULL, NULL, NULL, NULL, NULL, NULL, 3, 2, NULL, NULL, NULL, NULL, NULL, 0, 0, NULL, 1, NULL, 1, 1, NULL, 'YDVfk3Zje8irqdIZzCBFn6hSETbDsxZ1dffb4WBSbqzzVMhjgq4joSlIh3Haby5wLc00n3LFt2t', NULL, NULL, 1, NULL, NULL, NULL, 15, 0, NULL, NULL, NULL, '2026-01-10 14:51:56', '2026-01-10 14:51:56'),
(395, 'إيمان علي', 'iman.ali@clinic.com', '01187658876', '$2y$10$JnpanB5PiI0YyD4w.0zBQ.8p6Tq0.3d92ElQGZJYJ31tBHGMS76bK', '17680567906692.jpeg', NULL, NULL, NULL, NULL, NULL, NULL, 3, 2, NULL, NULL, NULL, NULL, NULL, 0, 0, NULL, 2, NULL, 1, 1, NULL, 'LrVsFN89tFRROkYyFUDcYYa0DbT6D8sqFG084SkSLj77wr24QJZR8Ku9HrsUm4fApM3Nx3yGn0d', NULL, NULL, 1, NULL, NULL, NULL, 15, 0, NULL, NULL, NULL, '2026-01-10 14:53:10', '2026-01-10 14:53:10'),
(396, 'أحمد علي', 'ahmed.ali@clinic.com', '01011223344', '$2y$10$Nh99AECsZRWlzcQ312wY7eekCk76YrXvgADWKWaysJ.PgIUEOGVm.', '17680569388648.jpeg', NULL, NULL, NULL, NULL, NULL, NULL, 3, 2, NULL, NULL, NULL, NULL, NULL, 0, 0, NULL, 1, NULL, 1, 1, NULL, 'jdQZ6M8I0YYgPGlTaDGEJW4ZL3vzLKSollPcg7NCuoTsJ0ICMJLy56KfYJmwsr9oeVM5ZKGyL8G', NULL, NULL, 1, NULL, NULL, NULL, 15, 0, NULL, NULL, NULL, '2026-01-10 14:55:38', '2026-01-10 14:55:38'),
(397, 'سارة محمود', 'sara.mahmoud@clinic.com', '01122334455', '$2y$10$POx/ICiKKr3P936pKtbcSOcdyvwAgP51pMOBZ1wPMPMj3x0lh9xr.', '17680569875282.jpeg', NULL, NULL, NULL, NULL, NULL, NULL, 3, 2, NULL, NULL, NULL, NULL, NULL, 0, 0, NULL, 2, NULL, 1, 1, NULL, 'oxDev2xhrjXOU2wL8EL46YgVo8ijNBryJW9P1lBSldeSLUMAswYwN6ec5sQOVYgPtuPaKPHoD3f', NULL, NULL, 1, NULL, NULL, NULL, 15, 0, NULL, NULL, NULL, '2026-01-10 14:56:27', '2026-01-10 14:56:27'),
(398, 'نادر سامي', 'nader.sami@clinic.com', '01233445566', '$2y$10$xGDlh9Y8kUvafRfFtvrume09w6q0LoSoQkI8itIaXu7m0MIQS3WK.', '17680570757778.jpeg', NULL, NULL, NULL, NULL, NULL, NULL, 3, 2, NULL, NULL, NULL, NULL, NULL, 0, 0, NULL, 1, NULL, 1, 1, NULL, 'hZZzIUS4CSnFOZ34GTednkadEsLP3Lc6Zq5H2pX2cNhLuAgio0nwu8iDUf2gER1yhGa4UjOa1Zd', NULL, NULL, 1, NULL, NULL, NULL, 15, 0, NULL, NULL, NULL, '2026-01-10 14:57:55', '2026-01-10 14:57:55'),
(399, 'هالة سعيد', 'hala.saeed@clinic.com', '01044556677', '$2y$10$bJGtOHECEeBEUW5XeKn1YOyI4pkq13FQQpMhcrcCOBG1D/Ftbk12u', '17680571399896.jpeg', NULL, NULL, NULL, NULL, NULL, NULL, 3, 2, NULL, NULL, NULL, NULL, NULL, 0, 0, NULL, 2, NULL, 1, 1, NULL, 'ViJhCQO8UZmxERksH9dnknrrfjhImgeplGMlXNVdiDJ9Kx2PwCGOvUuOpvYL8BuuctyTS9E2ANz', NULL, NULL, 1, NULL, NULL, NULL, 15, 0, NULL, NULL, NULL, '2026-01-10 14:58:59', '2026-01-10 14:58:59'),
(400, 'مصطفى فؤاد', 'mostafa.fouad@clinic.com', '01155667788', '$2y$10$rQl.bXgEOF9/6A4J5gHbLeq8/XOZ1aQ/.q5qcKyWdFtgtAEng9LEW', '17680572087704.jpeg', NULL, NULL, NULL, NULL, NULL, NULL, 3, 2, NULL, NULL, NULL, NULL, NULL, 0, 0, NULL, 1, NULL, 1, 1, NULL, 'T0L0sR0N79BdFXvSiCOPJDzPBD500K07AE4543i7nkLzFMsDmIrVZKZE3gIP1C0FJtbMJtaLVWY', NULL, NULL, 1, NULL, NULL, NULL, 15, 0, NULL, NULL, NULL, '2026-01-10 15:00:08', '2026-01-10 15:00:08'),
(401, 'محمد علي', 'mohamed.alitk@clinic.com', '01012345699', '$2y$10$ssdt8iNChnG6Jg9MEemyfOA4UJscbR0DIramcZsJz3uVtvry.1/xq', '17680573399506.jpeg', NULL, NULL, NULL, NULL, NULL, NULL, 3, 2, NULL, NULL, NULL, NULL, NULL, 0, 0, NULL, 1, NULL, 1, 1, NULL, 'XFrZuf5wEUR7c1bcziaHGTmvySVwANs6S8QJ3Jt0s8C9H7aZ7i8CmfwyXQwNs7RcMxfaTp8fR5W', NULL, NULL, 1, NULL, NULL, NULL, 15, 0, NULL, NULL, NULL, '2026-01-10 15:02:19', '2026-01-10 15:02:19'),
(402, 'سارة محمود', 'sara.mohamed@clinic.com', '01122334499', '$2y$10$PNsI2QtzM84n6/PQVkP7CeNRL.FIGB5N3S1ViLykpDKs7cVko3qrO', '17680573792269.jpeg', NULL, NULL, NULL, NULL, NULL, NULL, 3, 2, NULL, NULL, NULL, NULL, NULL, 0, 0, NULL, 2, NULL, 1, 1, NULL, '5rWQFMxIfj5SVsDoyNXM2Rv6vVy5IBeJBlaMYBwl89zUB5fv6u9TkDrwjXc2qgHRZ45hvG6Ptor', NULL, NULL, 1, NULL, NULL, NULL, 15, 0, NULL, NULL, NULL, '2026-01-10 15:02:59', '2026-01-10 15:02:59'),
(403, 'عبدالله خالد', 'abdallah.khaled@clinic.com', '01233445599', '$2y$10$r6FgjmBxoy1obdvapvrAguhEU4VAvvlYKMSye5n83ajeb0PB87Ura', '17680575584483.jpeg', NULL, NULL, NULL, NULL, NULL, NULL, 3, 2, NULL, NULL, NULL, NULL, NULL, 0, 0, NULL, 1, NULL, 1, 1, NULL, '6K9XeEdIfa6bPgm8x65S6adE5pVGXgdf88NOZqss85TBb10SUIEbRv4i8ENvhEZZIzE72Ep21PA', NULL, NULL, 1, NULL, NULL, NULL, 15, 0, NULL, NULL, NULL, '2026-01-10 15:05:58', '2026-01-10 15:05:58'),
(404, 'نجلاء احمد', 'naglaa.ahmed@clinic.com', '01044556699', '$2y$10$8iGISr.bzDFMmX/Oc27qD.TbfZM65pztEoA5xJWS10F6jjVN3fDAS', '17680576353168.jpeg', NULL, NULL, NULL, NULL, NULL, NULL, 3, 2, NULL, NULL, NULL, NULL, NULL, 0, 0, NULL, 2, NULL, 1, 1, NULL, 'P9Ak9ofM0HcIhVhLffVN5F5BrgOHureJXYPf3uo83SPERXSN1wARZRkTWW3ylPfL8O4EqOvkNy8', NULL, NULL, 1, NULL, NULL, NULL, 15, 0, NULL, NULL, NULL, '2026-01-10 15:07:15', '2026-01-10 15:07:15'),
(405, 'محمود فتحي', 'mahmoud.fathi@clinic.com', '01155667799', '$2y$10$h3UuhZukYyXT/sklb8r8XuhwdARkLcmURvitHCXTPVFbQbG3oCM/C', '17680577591727.jpeg', NULL, NULL, NULL, NULL, NULL, NULL, 3, 2, NULL, NULL, NULL, NULL, NULL, 0, 0, NULL, 1, NULL, 1, 1, NULL, 'cZKexNY1Y3xn2ZPdtVR6948ptdARAOXg2waMHeJXrgCcnZtPcR8Po0EDWs8TShtuLuXEBoboNzh', NULL, NULL, 1, NULL, NULL, NULL, 15, 0, NULL, NULL, NULL, '2026-01-10 15:09:19', '2026-01-10 15:09:19'),
(406, 'أحمد سعيد', 'ahmed.saeed@clinic.com', '01012349988', '$2y$10$qkGGChNlxeNngkOXHx1PM.W8jWpFkGtwKRwyqYVYQueBvhbx1i6aW', '17680579376237.jpeg', NULL, NULL, NULL, NULL, NULL, NULL, 3, 2, NULL, NULL, NULL, NULL, NULL, 0, 0, NULL, 1, NULL, 1, 1, NULL, 'JgasFkzcWyS3rt13ce3G00ezBCnSfj7JA9Kt7sf8q7G2MPBEvbjLrpGdIUxyy5Wm3dzcJlYmQnb', NULL, NULL, 1, NULL, NULL, NULL, 15, 0, NULL, NULL, NULL, '2026-01-10 15:12:17', '2026-01-10 15:12:17'),
(407, 'محمود علي', 'mahmoud.ali@clinic.com', '01233449988', '$2y$10$2PcUhVxGDsr8vogLvReU1OMd3On9uo7MZoDb4KEcBI2f7qTCvwAS6', '17680579736564.jpeg', NULL, NULL, NULL, NULL, NULL, NULL, 3, 2, NULL, NULL, NULL, NULL, NULL, 0, 0, NULL, 1, NULL, 1, 1, NULL, 'L9CiQvb1pLUVz9ENGlNcJEPm35vzNmAWSzwhZzvumwEmbM1aRCq02ibrODsxpexBMgNuSiPwPwp', NULL, NULL, 1, NULL, NULL, NULL, 15, 0, NULL, NULL, NULL, '2026-01-10 15:12:53', '2026-01-10 15:12:53'),
(408, 'مصطفى حسن', 'mostafa.hassan@clinic.com', '01044559988', '$2y$10$iTF4Dxi4OzXqcRRObpgjOeYO2F3hwILg7x9lwaDWWs0hWzmNqyaO.', '17680580291205.jpeg', NULL, NULL, NULL, NULL, NULL, NULL, 3, 2, NULL, NULL, NULL, NULL, NULL, 0, 0, NULL, 1, NULL, 1, 1, NULL, 'KsUIJIEGWTbO2NMnI2olWIBE7WDEXYwABRlKaJ3xB18oJgkQvgXMIj18G9KdOJHfz9CTFe9eaEr', NULL, NULL, 1, NULL, NULL, NULL, 15, 0, NULL, NULL, NULL, '2026-01-10 15:13:49', '2026-01-10 15:13:49'),
(409, 'سارة فتحي', 'sara.fathi@clinic.com', '01155669988', '$2y$10$TWl91BPL3zLc8bdc9a.OMOGXvUncHPhWY2a0T/Y179IwvLsjbRsfK', '17680580741316.jpeg', NULL, NULL, NULL, NULL, NULL, NULL, 3, 2, NULL, NULL, NULL, NULL, NULL, 0, 0, NULL, 2, NULL, 1, 1, NULL, 'BNSfaKCI3gc1c3lV2hUIyKjnC1LKiOIlZoLKc86EB0wtX4251bE18Ok1BTjTktBENMqRrZO47bM', NULL, NULL, 1, NULL, NULL, NULL, 15, 0, NULL, NULL, NULL, '2026-01-10 15:14:34', '2026-01-10 15:14:34'),
(410, 'أحمد سامي', 'ahmed.sami@clinic.com', '0101010101', '$2y$10$nfvIEejU8cnC4mu.PxdmZus3T4lPWjC2zHy/pLUZVy4aepoWUte.i', '17680585163537.jpeg', NULL, NULL, NULL, NULL, NULL, NULL, 3, 2, NULL, NULL, NULL, NULL, NULL, 0, 0, NULL, 1, NULL, 1, 1, NULL, 'OdaAotj47VaHy9qlT1BszOypGDhzromveDyrEOSzK4qR9CkppMNr1JPfJdq8Yn79FZOIZriLGLl', NULL, NULL, 1, NULL, NULL, NULL, 15, 0, NULL, NULL, NULL, '2026-01-10 15:21:56', '2026-01-10 15:21:56'),
(411, 'سارة على', 'sara.ali@clinic.com', '0111010101', '$2y$10$grthizDKc53surL04i8MeuO2eJn0xFQ7vuPRD4tWVdGhszG9VCOLu', '17680586092597.jpeg', NULL, NULL, NULL, NULL, NULL, NULL, 3, 2, NULL, NULL, NULL, NULL, NULL, 0, 0, NULL, 2, NULL, 1, 1, NULL, 'OUO5tcsCPZXdbTcC6BXQXZwpQepnJe0EO9HWKokYUXIHhoXs7WQmNk8opClxGnHrFCF2OwKtsuF', NULL, NULL, 1, NULL, NULL, NULL, 15, 0, NULL, NULL, NULL, '2026-01-10 15:23:29', '2026-01-10 15:23:29'),
(412, 'خالد علي', 'khaled.ali@clinic.com', '0121010101', '$2y$10$JrF.wB7Lb6v9LiXMboWrr.Dj51WA1Yr3mPFoMvYfAHXK78nqp0Whm', '17680586576840.jpeg', NULL, NULL, NULL, NULL, NULL, NULL, 3, 2, NULL, NULL, NULL, NULL, NULL, 0, 0, NULL, 1, NULL, 1, 1, NULL, 'K9FBbHzWsxkAFakGceX4SOtQ90k7BefZCbj9fJ51G7uxaqZdqsq2BSQEFtLPH0xzBWXH6zrmM9S', NULL, NULL, 1, NULL, NULL, NULL, 15, 0, NULL, NULL, NULL, '2026-01-10 15:24:17', '2026-01-10 15:24:17'),
(413, 'نجلاء حسن', 'dr.naglaa.hassan@clinic.com', '0102020222', '$2y$10$.wG4PbO7XPeFeCMTRsM0AeVHyEVPVUhoKAaKaOUZKoHczfFtJdqxS', '17680587752984.jpeg', NULL, NULL, NULL, NULL, NULL, NULL, 3, 2, NULL, NULL, NULL, NULL, NULL, 0, 0, NULL, 2, NULL, 1, 1, NULL, 'LMx0xPAzcnDoW9gr550UbmWPBXyxkXErmhdnQau1ZEueOOlXHXu5RmiUui6dMxFpFHqLH9PR43l', NULL, NULL, 1, NULL, NULL, NULL, 15, 0, NULL, NULL, NULL, '2026-01-10 15:26:15', '2026-01-10 15:26:15'),
(414, 'مصطفى فؤاد', 'dr.mostafa.fouad@clinic.com', '0112020212', '$2y$10$EN8Au1jfgDAPUOWtGJQnUOFVhqI5jG9muCNVAdHehCMsslHQtRYRq', '17680589173417.jpeg', NULL, NULL, NULL, NULL, NULL, NULL, 3, 2, NULL, NULL, NULL, NULL, NULL, 0, 0, NULL, 1, NULL, 1, 1, NULL, '5a2FlNpPRkYBggNyS6zT1TBZMpF1iJEvYxp6CJvwA3MYd3nsr2o2zuNxuLHRzmpl0YsNIccMgAK', NULL, NULL, 1, NULL, NULL, NULL, 15, 0, NULL, NULL, NULL, '2026-01-10 15:28:37', '2026-01-10 15:28:37'),
(415, 'د. محمد علي', 'dr.mohamed.ali@clinic.com', '0103030313', '$2y$10$mejelKl6mjzUcd65jpHc6e77y2d0zbhwWf9bFAxlryo/JRWo3utZO', '17680591185351.jpeg', NULL, NULL, NULL, NULL, NULL, NULL, 3, 2, NULL, NULL, NULL, NULL, NULL, 0, 0, NULL, 1, NULL, 1, 1, NULL, 'rGwhuArkLTRjv7LTnGWxfsSYahRRCSOKjnkBAjuNNVkSoNQIwXKPzIrCOuecdDqVZcCMvc4wKbc', NULL, NULL, 1, NULL, NULL, NULL, 15, 0, NULL, NULL, NULL, '2026-01-10 15:31:58', '2026-01-10 15:31:58'),
(416, 'خالد يوسف', 'dr.khaled.youssef@clinic.com', '0123030333', '$2y$10$kYs4jgJWgqCw76FOFtdu/Oe1Khfg0WNgvvwKAaatQAWcrHPyMHpPm', '17680592302619.jpeg', NULL, NULL, NULL, NULL, NULL, NULL, 3, 2, NULL, NULL, NULL, NULL, NULL, 0, 0, NULL, 1, NULL, 1, 1, NULL, '4S5yStiBK9fIE6q7pTuFK4iJOnbZAgrO6phGbtAUOlLnW2HjJ6c8RszSO7tGqUt8FNc90aQE5yQ', NULL, NULL, 1, NULL, NULL, NULL, 15, 0, NULL, NULL, NULL, '2026-01-10 15:33:50', '2026-01-10 15:33:50'),
(417, 'نجلاء سعيد', 'naglaa.saeed@clinic.com', '0104040404', '$2y$10$CGoHIIWHy7IS77kw/XMAwel4pGl09/8P3M14/cEvdsm.eJYw/49P6', '17680592711614.jpeg', NULL, NULL, NULL, NULL, NULL, NULL, 3, 2, NULL, NULL, NULL, NULL, NULL, 0, 0, NULL, 2, NULL, 1, 1, NULL, 'Yu8kGuyogPob278CeGqEAceftd7VZsh24AIblYsnmJ2uBNnHAsLrsG98v2GLVJKwYiYXyGHiqzZ', NULL, NULL, 1, NULL, NULL, NULL, 15, 0, NULL, NULL, NULL, '2026-01-10 15:34:31', '2026-01-10 15:34:31'),
(418, 'محمود عبد الله', 'mahmoud.abdallah@clinic.com', '0114040404', '$2y$10$b6Y98SfcirSbklMh15zmxOJyXZFzW0cM19/Y01jezAEWLve/L.Vqa', '17680593187962.jpeg', NULL, NULL, NULL, NULL, NULL, NULL, 3, 2, NULL, NULL, NULL, NULL, NULL, 0, 0, NULL, 1, NULL, 1, 1, NULL, 'zvyLyI9XuCFYLn1nMdZKGoigebVx2CBubcCfAGrMJm5fJZXBpVKZZGhEYfsjDkxMpSFgdePyUy6', NULL, NULL, 1, NULL, NULL, NULL, 15, 0, NULL, NULL, NULL, '2026-01-10 15:35:18', '2026-01-10 15:35:18'),
(419, 'ياسمين علي', 'yasmeen.ali@clinic.com', '0107070707', '$2y$10$yNUeg32nOzTtB23QqebyB.igryuGWDQZW9iRnts6vDAm9pIOytKkq', '17680594306755.jpeg', NULL, NULL, NULL, NULL, NULL, NULL, 3, 2, NULL, NULL, NULL, NULL, NULL, 0, 0, NULL, 2, NULL, 1, 1, NULL, 'I89RpZvmTkivyoHGHgyCM8azL5qjX907BnSN7AC4LPDZrZtWGZgy0xJSHpUhX56cML7xh5B1OxU', NULL, NULL, 1, NULL, NULL, NULL, 15, 0, NULL, NULL, NULL, '2026-01-10 15:37:10', '2026-01-10 15:37:10'),
(420, 'فرح محمد', 'farh.mahmoud@clinic.com', '0117070707', '$2y$10$UTX1nJjgmRWv8Tl.fP3n2OMOScBtPzQ5bB5ZcrPytw00avkFeb.Au', '17680594985844.jpeg', NULL, NULL, NULL, NULL, NULL, NULL, 3, 2, NULL, NULL, NULL, NULL, NULL, 0, 0, NULL, 2, NULL, 1, 1, NULL, 'Gj8rlIQTEw8i76EXLjkWSCc9gYuduZPg5K2pYpVhzJS6uYCeDfFWNa8frDOaO6mhS1t3crydIAs', NULL, NULL, 1, NULL, NULL, NULL, 15, 0, NULL, NULL, NULL, '2026-01-10 15:38:18', '2026-01-10 15:38:18'),
(421, 'شهد على', 'shahd.ali@clinic.com', '0127070707', '$2y$10$2Vr9Ey770VjtWSOd3xYFx.3t1A6hMVfrbZFwfeJl01xXyYXyoSCRO', '17680595667277.jpeg', NULL, NULL, NULL, NULL, NULL, NULL, 3, 2, NULL, NULL, NULL, NULL, NULL, 0, 0, NULL, 2, NULL, 1, 1, NULL, '1VX3PlVGt9nX2Jbpm8hnZcsnJLb5XQVPSFZr8ifKDOTuC3OzXq43mwmyErC9FgOg2puJy45mDrw', NULL, NULL, 1, NULL, NULL, NULL, 15, 0, NULL, NULL, NULL, '2026-01-10 15:39:26', '2026-01-10 15:39:26'),
(422, 'أحمد حسن', 'ahmed.hassan@clinic.com', '0118080808', '$2y$10$A/rsN.dGHkFUdQEI3nef.ejsB5yH3J0n7UrU6BOKIRapZ/ysi0Et2', '17680596533735.jpeg', NULL, NULL, NULL, NULL, NULL, NULL, 3, 2, NULL, NULL, NULL, NULL, NULL, 0, 0, NULL, 1, NULL, 1, 1, NULL, 'tu7UG7EllJ2xVdU3T07HJcEuTjZh3XXOPaqNK81uqkGJ8jboFCZBfhdadBWUXUre0UINYQw3qhQ', NULL, NULL, 1, NULL, NULL, NULL, 15, 0, NULL, NULL, NULL, '2026-01-10 15:40:53', '2026-01-10 15:40:53'),
(423, 'آدم سمير', 'adam.samir@clinic.com', '0109090909', '$2y$10$sWp4lEnq7Gi7Lny/TzEmbepEa215RD7A.e4MsHU3SQSpj9K6g5sJK', '17680599369798.jpeg', NULL, NULL, NULL, NULL, NULL, NULL, 3, 2, NULL, NULL, NULL, NULL, NULL, 0, 0, NULL, 1, NULL, 1, 1, NULL, '2rLiroKZxZAEQ77KDkYGuMmWWlrgcHXmc8X5Nwlq5Yyih46mkuyS5VElTJHuZlygBpcHArHiNG5', NULL, NULL, 1, NULL, NULL, NULL, 15, 0, NULL, NULL, NULL, '2026-01-10 15:45:36', '2026-01-10 15:45:36'),
(424, 'ياسين كريم', 'yassin.karim@clinic.com', '0119090909', '$2y$10$gXpiVAL.rtFvgI6RIbyYteC6chhxDtgDAh9myICafT4sfAb./YxrW', '17680599802695.jpeg', NULL, NULL, NULL, NULL, NULL, NULL, 3, 2, NULL, NULL, NULL, NULL, NULL, 0, 0, NULL, 1, NULL, 1, 1, NULL, 'TG3rJrVsVI8ajW029iBQ9mGr0nuFqgs0g80oLUgUQKQnF00NWEvFG2auHjl5Q8euDpCyjB19MaZ', NULL, NULL, 1, NULL, NULL, NULL, 15, 0, NULL, NULL, NULL, '2026-01-10 15:46:20', '2026-01-10 15:46:20'),
(425, 'ريان هشام', 'rayan.hesham@clinic.com', '0129090909', '$2y$10$n1f.ZlwNC6OUXj4MKvmWE.dre1C43lV.4AIBZGo9sNbGK1PqfLzSy', '17680600321915.jpeg', NULL, NULL, NULL, NULL, NULL, NULL, 3, 2, NULL, NULL, NULL, NULL, NULL, 0, 0, NULL, 1, NULL, 1, 1, NULL, '5lxFhRqTRD7kOqCtinUh2Ow4JDnxt35t0uikc7V8OMFjEIx4x34P6tTF64ToWnhU4jDMjyO7M51', NULL, NULL, 1, NULL, NULL, NULL, 15, 0, NULL, NULL, NULL, '2026-01-10 15:47:12', '2026-01-10 15:47:12'),
(426, 'تيم حسن', 'tim.hassan@clinic.com', '0100101010', '$2y$10$uVnkXVKKmN9f/g.RpTjaXOs5jqi2ZJbswuWMW.dttk1NrkOrZBlkW', '17680600862379.jpeg', NULL, NULL, NULL, NULL, NULL, NULL, 3, 2, NULL, NULL, NULL, NULL, NULL, 0, 0, NULL, 1, NULL, 1, 1, NULL, 'kiG9LMclMSilr98Ls4jsAeJ7h4wcB8uwIP4MrKsmF6eRCRN9jzcu9gLnuAlDSOn9txoLAi16aGI', NULL, NULL, 1, NULL, NULL, NULL, 15, 0, NULL, NULL, NULL, '2026-01-10 15:48:06', '2026-01-10 15:48:06'),
(427, 'زين نادر', 'zain.nader@clinic.com', '0110101010', '$2y$10$gDmUdFuTTP64QEZXnioUeO4/kqgfBJ3InM1V1amDMrkVYm9ey9r2q', '17680601237317.jpeg', NULL, NULL, NULL, NULL, NULL, NULL, 3, 2, NULL, NULL, NULL, NULL, NULL, 0, 0, NULL, 1, NULL, 1, 1, NULL, 'kyoITeHCpPVoLteWLvpOG6KIkdi9FEyKmbJzl4pNu3dHKWeakdHqKnDCGhY1xSkZADtsxXKrSL8', NULL, NULL, 1, NULL, NULL, NULL, 15, 0, NULL, NULL, NULL, '2026-01-10 15:48:43', '2026-01-10 15:48:43'),
(429, 'ليان فؤاد', 'layan.fouad@clinic.com', '0101111111', '$2y$10$.W7gbeOrtWzDXtx7Y33CJezq5Jtzglh7xWi7YVOl591bO2WUTvWJm', '17680603446864.jpeg', NULL, NULL, NULL, NULL, NULL, NULL, 3, 2, NULL, NULL, NULL, NULL, NULL, 0, 0, NULL, 2, NULL, 1, 1, NULL, 'xsZlqbYOGWl2OjFIOUIIIupxlp1zqg5rJlih0yOVM4vMoD7uRETg8WKJjlMvjWUz0bKfMqJpwIY', NULL, NULL, 1, NULL, NULL, NULL, 15, 0, NULL, NULL, NULL, '2026-01-10 15:52:24', '2026-01-10 15:52:24'),
(430, 'ميار كريم', 'mayar.karim@clinic.com', '0111111111', '$2y$10$s5/upIjl.dA4OmGOJL6rHOH509CjUdWLjKVMcRnpswW7V3QCnEpj.', '17680603903329.jpeg', NULL, NULL, NULL, NULL, NULL, NULL, 3, 2, NULL, NULL, NULL, NULL, NULL, 0, 0, NULL, 2, NULL, 1, 1, NULL, 'nEZZZsciGdnElqEGgdZ2qhBx5MD7GZN1kO5ne4fSyZNwv3neMkhZ9RsGNczyaUHFhbQNKGmLKPW', NULL, NULL, 1, NULL, NULL, NULL, 15, 0, NULL, NULL, NULL, '2026-01-10 15:53:10', '2026-01-10 15:53:10'),
(431, 'جنى يوسف', 'jana.youssef@clinic.com', '0121111111', '$2y$10$/6ZdY5cdo6OGwxLp7dqNCei381sSGzw5nDxGlDdWafFT05PP7maES', '17680604568265.jpeg', NULL, NULL, NULL, NULL, NULL, NULL, 3, 2, NULL, NULL, NULL, NULL, NULL, 0, 0, NULL, 2, NULL, 1, 1, NULL, 'iXAR96u6i2AOtfokpBcoY5ZFKIfArU12hVSlJXAU1A4lb8k6dxwHixCacTDcviuVJYDlfNC3Zzn', NULL, NULL, 1, NULL, NULL, NULL, 15, 0, NULL, NULL, NULL, '2026-01-10 15:54:16', '2026-01-10 15:54:16'),
(432, 'دانا سامي', 'dana.sami@clinic.com', '0112202222', '$2y$10$c4GUkbLFWSEhuw9wA/UDQuhRdrSM3JJtuCjI8UypyhKNDTzD95mV.', '17680606361922.jpeg', NULL, NULL, NULL, NULL, NULL, NULL, 3, 2, NULL, NULL, NULL, NULL, NULL, 0, 0, NULL, 2, NULL, 1, 1, NULL, '9nn8WETvAHczI1enki13QGs9ElF8PV2n0UWxYgPlT9InoNbC1bf0OrJhmequDAi7TUGc4oGUTys', NULL, NULL, 1, NULL, NULL, NULL, 15, 0, NULL, NULL, NULL, '2026-01-10 15:57:16', '2026-01-10 15:57:16'),
(433, 'هيثم نادر', 'haitham.nader@clinic.com', '0103333333', '$2y$10$NJFITRshkamnW1uTl0qiM.9E7RsYtjN/vNnlTk9TIVaxuY8FXouTi', '17680608266699.jpeg', NULL, NULL, NULL, NULL, NULL, NULL, 3, 2, NULL, NULL, NULL, NULL, NULL, 0, 0, NULL, 1, NULL, 1, 1, NULL, 'BO5R8rS3PmoS3qdUd1StJt2ng6GUmLVgiRQU9GT4pd2EOmVFAr3kWJ0hRtmIEUxw5xyV9cvGksq', NULL, NULL, 1, NULL, NULL, NULL, 15, 0, NULL, NULL, NULL, '2026-01-10 16:00:26', '2026-01-10 16:00:26'),
(434, 'تيمور خالد', 'taymour.khaled@clinic.com', '0113333333', '$2y$10$KmtfVL03WZk5/03HGoKTWeVwFKJeX5m6lCwz23shmgoyalYE8qdRS', '17680608818107.jpeg', NULL, NULL, NULL, NULL, NULL, NULL, 3, 2, NULL, NULL, NULL, NULL, NULL, 0, 0, NULL, 1, NULL, 1, 1, NULL, 'eIpEfv1y2cueTFiiCQv3w2Wq4MfhVjnVCtZrdFrIerzG0r6GW2YJk1NnUi4PSr7r2LE7958TYnO', NULL, NULL, 1, NULL, NULL, NULL, 15, 0, NULL, NULL, NULL, '2026-01-10 16:01:21', '2026-01-10 16:01:21'),
(435, 'إياد نبيل', 'eyad.nabil@clinic.com', '0104444444', '$2y$10$II3zK9VAkzMz61d/7wDCcuq5apd7TNBFOiNX1kL2ntRc5z6LRgZqG', '17680609355360.jpeg', NULL, NULL, NULL, NULL, NULL, NULL, 3, 2, NULL, NULL, NULL, NULL, NULL, 0, 0, NULL, 1, NULL, 1, 1, NULL, 'wkbaOOCBzpIXBe7QsihULyCUclIeBhcEi9wFUEd34F9YTIUXEwqX47H6OQvOFYJTgNktcwpjuxH', NULL, NULL, 1, NULL, NULL, NULL, 15, 0, NULL, NULL, NULL, '2026-01-10 16:02:15', '2026-01-10 16:02:15'),
(436, 'عدي فؤاد', 'adi.fouad@clinic.com', '0114444444', '$2y$10$RMLCwjkS1nLH0S77yqHK7O1KBkfL2HhHKfph8ZdPi.nLIf9B/R5hC', '17680609796947.jpeg', NULL, NULL, NULL, NULL, NULL, NULL, 3, 2, NULL, NULL, NULL, NULL, NULL, 0, 0, NULL, 1, NULL, 1, 1, NULL, 'RZEGzZaK7U9E8Ti3zd7dfJ4YCq2gMu3WkFbC3dE6Bgl6FZftAtm0H7vx5rVK5TcRvb8LOTj24cY', NULL, NULL, 1, NULL, NULL, NULL, 15, 0, NULL, NULL, NULL, '2026-01-10 16:02:59', '2026-01-10 16:02:59'),
(437, 'شهد طارق', 'shahd.tarek@clinic.com', '0105050505', '$2y$10$sYvY6i6XP4IOnuBmrodQXejNLxFhy2P8P8eMvJPYcB/tCdW8Mi9kW', '17680613543398.jpeg', NULL, NULL, NULL, NULL, NULL, NULL, 3, 2, NULL, NULL, NULL, NULL, NULL, 0, 0, NULL, 2, NULL, 1, 1, NULL, 'h8wxTHmUEa4Hqr7SP6vsgbYgpA2IQn895t2ViyJhivolWUATVT6dVqL1Qoj3cUTMUjeMdSyrXDm', NULL, NULL, 1, NULL, NULL, NULL, 15, 0, NULL, NULL, NULL, '2026-01-10 16:09:14', '2026-01-10 16:09:14'),
(438, 'ياسمين مصطفى', 'yasmin.mostafa@clinic.com', '0115050505', '$2y$10$FYfCp0tLf/PaD8H9nvdVd.UVfAbZG0Zh6rrEjnKaW8tMuD46tdT2S', '17680613985064.jpeg', NULL, NULL, NULL, NULL, NULL, NULL, 3, 2, NULL, NULL, NULL, NULL, NULL, 0, 0, NULL, 2, NULL, 1, 1, NULL, '4nDxiC8ODu7Y3BR6nlgY8js4L046wi7O5ssYAN4kkIU2KICV2zORYP5fpwz5BuMQF8qVbjPhQPB', NULL, NULL, 1, NULL, NULL, NULL, 15, 0, NULL, NULL, NULL, '2026-01-10 16:09:58', '2026-01-10 16:09:58'),
(439, 'هاجر رامي', 'hager.ramy@clinic.com', '0125050505', '$2y$10$BwB/1ANHSpk81RRcHbEazOE.45kupqGCy0vUbDPuZf/c7jXL91vtG', '17680614391909.jpeg', NULL, NULL, NULL, NULL, NULL, NULL, 3, 2, NULL, NULL, NULL, NULL, NULL, 0, 0, NULL, 2, NULL, 1, 1, NULL, '4zkiqLtwrPTIJXtOnixng5G1UTeyFmpLRRCOJKBsCiOoCMXBnOkdiFARzEJGiYPhJK0dokDwjn6', NULL, NULL, 1, NULL, NULL, NULL, 15, 0, NULL, NULL, NULL, '2026-01-10 16:10:39', '2026-01-10 16:10:39'),
(440, 'ندى سامر', 'nada.samer@clinic.com', '0106060606', '$2y$10$YlwRd.aGcuAQ1kuOpFo7GOuweq4vNZ2qe2y9czVQqnD7dd1vaFoKu', '17680614963688.jpeg', NULL, NULL, NULL, NULL, NULL, NULL, 3, 2, NULL, NULL, NULL, NULL, NULL, 0, 0, NULL, 2, NULL, 1, 1, NULL, 'PhCVMzZdoqDSgaA19KqglXz8J3MqiVX5UIRuSnOpY7k2VwMd3KdZgU2zEE5KtcHILcUWcL2IyNX', NULL, NULL, 1, NULL, NULL, NULL, 15, 0, NULL, NULL, NULL, '2026-01-10 16:11:36', '2026-01-10 16:11:36'),
(441, 'رهف محمود', 'rahaf.mahmoud@clinic.com', '0116060606', '$2y$10$09k430OUlll7H7165plpkOzeVv0AzkeAMODjzaVaZAIxaYndsrjdW', '17680615429171.jpeg', NULL, NULL, NULL, NULL, NULL, NULL, 3, 2, NULL, NULL, NULL, NULL, NULL, 0, 0, NULL, 2, NULL, 1, 1, NULL, 'fRUEe14IZp7AwTVtUwNhj8FSm2xCNnIDuRA7LnmtF6p9zevMmuYIngQN0NXBzGfD5RPQmgupO7k', NULL, NULL, 1, NULL, NULL, NULL, 15, 0, NULL, NULL, NULL, '2026-01-10 16:12:22', '2026-01-10 16:12:22'),
(442, 'مالك سامي', 'malek.sami@clinic.com', '0106661111', '$2y$10$YXYfV9Kl.U4QizVXyFqXaepMgw/6EFY1l4XoP0117M1hoCbsxkmW2', '17680621827394.jpeg', NULL, NULL, NULL, NULL, NULL, NULL, 3, 2, NULL, NULL, NULL, NULL, NULL, 0, 0, NULL, 1, NULL, 1, 1, NULL, 'WWISsMm7XZIIA5qW5enbXCCQj105mRXiUx3Gr11kNFRnhPP89eSWfUTOo5nnnFwZq0etzWE65zu', NULL, NULL, 1, NULL, NULL, NULL, 15, 0, NULL, NULL, NULL, '2026-01-10 16:23:02', '2026-01-10 16:23:02'),
(443, 'كيان يوسف', 'kian.youssef@clinic.com', '0116661111', '$2y$10$n/tX0e/DTgcZPYwQVBwIuuG.l0PYyRNCGMZFAMdWQ2bQGZlSnlytm', '17680622191872.jpeg', NULL, NULL, NULL, NULL, NULL, NULL, 3, 2, NULL, NULL, NULL, NULL, NULL, 0, 0, NULL, 1, NULL, 1, 1, NULL, 'HL8mCCkGvyWBV3VVpckbOfyqrjbrH6fAFdnDr1JfDNNZYyMWA9IlCypbFletGcTMDdKVRbD12GS', NULL, NULL, 1, NULL, NULL, NULL, 15, 0, NULL, NULL, NULL, '2026-01-10 16:23:39', '2026-01-10 16:23:39'),
(444, 'آدم رامي', 'adam.ramy@clinic.com', '0126661111', '$2y$10$lecq.luzMBe0e7f1v3aPrOKy2/3P0bnuHdeiRxFkEUDZu6QN./fiC', '17680622601706.jpeg', NULL, NULL, NULL, NULL, NULL, NULL, 3, 2, NULL, NULL, NULL, NULL, NULL, 0, 0, NULL, 1, NULL, 1, 1, NULL, 'cRtaLVKUfDieAE9xxFhxOhW2p4h9VeH1mLymSIzHaqy1fhaMzVcTOAGJRuFzNWyiMjhbRCjMWEI', NULL, NULL, 1, NULL, NULL, NULL, 15, 0, NULL, NULL, NULL, '2026-01-10 16:24:20', '2026-01-10 16:24:20'),
(445, 'سيف طارق', 'saif.tarek@clinic.com', '0116662222', '$2y$10$H0ghjlRpJNHOtwak.bnvsex7AUDhLMbd7kiZ7N0Pi.W8jBU/Rp/Hi', '17680623106721.jpeg', NULL, NULL, NULL, NULL, NULL, NULL, 3, 2, NULL, NULL, NULL, NULL, NULL, 0, 0, NULL, 1, NULL, 1, 1, NULL, 'yrnZRTkFE4pNF1dN84BlMMmknNafgY3b5VNzg9kKaXr70dN8TzcGsi2HzfTsROJrtR0sUKteQ3P', NULL, NULL, 1, NULL, NULL, NULL, 15, 0, NULL, NULL, NULL, '2026-01-10 16:25:10', '2026-01-10 16:25:10'),
(446, 'لمى طه', 'lama.taha@clinic.com', '10105551111', '$2y$10$5VRhmA14JP4DQInxMM23d.BlsnbZF7jdSflNcCp8JtMFIauPgd5rC', '17680623764543.jpeg', NULL, NULL, NULL, NULL, NULL, NULL, 3, 2, NULL, NULL, NULL, NULL, NULL, 0, 0, NULL, 2, NULL, 1, 1, NULL, '1s97uL5cMCvWVEWpqAk71XzvswL4HWLdcysVEfhmi00YCdN1wWETLvBrAlrrs4F257zIJWbYZVX', NULL, NULL, 1, NULL, NULL, NULL, 15, 0, NULL, NULL, NULL, '2026-01-10 16:26:16', '2026-01-10 16:26:16'),
(447, 'سارة أيمن', 'sara.ayman@clinic.com', '0115552222', '$2y$10$HC1A8oLNQCL5d6VxigznvOEO97ZNJ/Msx2DCPZhhymrUVwg4b/.JG', '17680624548030.jpeg', NULL, NULL, NULL, NULL, NULL, NULL, 3, 2, NULL, NULL, NULL, NULL, NULL, 0, 0, NULL, 2, NULL, 1, 1, NULL, 'MUI7Ol3HRdJsBonoQIs5B3thqDdAsqqsfLs6ql9WMZWjxCb8zia24DdIYX58J7kZUht3WGV63sI', NULL, NULL, 1, NULL, NULL, NULL, 15, 0, NULL, NULL, NULL, '2026-01-10 16:27:34', '2026-01-10 16:27:34'),
(448, 'GeorgemuT', 'zekisuquc419@gmail.com', '87276494524', '$2y$10$OesgWMHgHDfsJ.FFW5qw3uvUBzUKGEuIDJnDr6BbUyPyAEAhcFFw.', NULL, NULL, NULL, NULL, NULL, NULL, NULL, 1, NULL, 3, NULL, NULL, NULL, NULL, 484357, 131358, NULL, 1, NULL, 1, 1, NULL, 'H0Omepo5HAnTnekX97QMqhC743Edp08neSoHe0hiqIvBjr2iLbBaz87PU2PJffC0UAz1Cjb3som', NULL, NULL, NULL, NULL, NULL, NULL, 15, 0, NULL, NULL, NULL, '2026-01-13 03:43:50', '2026-01-13 03:43:50'),
(449, 'Mike Lars-Erik Nilsen', 'info@professionalseocleanup.com', '81119553654', '$2y$10$iWILxI/LQMfT6RzOIV7W9.a/4OQjlwvEuCPKmvPTp3jOG1SN9UzWO', NULL, NULL, NULL, NULL, NULL, NULL, NULL, 1, NULL, 11, NULL, NULL, NULL, NULL, 862859, 612389, 'https://www.professionalseocleanup.com/', 1, NULL, 1, 1, NULL, 'iEwvLF0ovlOT8zSMrcMKFpzfYKUvjvNUBpAGFm3PYP7JDlHNrl8m1oKaFMTDSmL0KDwTVgAdmEX', NULL, NULL, NULL, NULL, NULL, NULL, 15, 0, NULL, NULL, NULL, '2026-01-24 23:06:32', '2026-01-24 23:06:32');

-- --------------------------------------------------------

--
-- Table structure for table `clinics_permissions`
--

CREATE TABLE `clinics_permissions` (
  `id` bigint(20) UNSIGNED NOT NULL,
  `admin_id` bigint(20) UNSIGNED NOT NULL,
  `parent_id` bigint(20) UNSIGNED DEFAULT NULL,
  `child_id` bigint(20) UNSIGNED DEFAULT NULL,
  `deleted_at` timestamp NULL DEFAULT NULL,
  `created_at` timestamp NULL DEFAULT NULL,
  `updated_at` timestamp NULL DEFAULT NULL
) ENGINE=InnoDB DEFAULT CHARSET=utf8mb4 COLLATE=utf8mb4_unicode_ci;

-- --------------------------------------------------------

--
-- Table structure for table `clinic_device_tokens`
--

CREATE TABLE `clinic_device_tokens` (
  `id` bigint(20) UNSIGNED NOT NULL,
  `clinic_id` bigint(20) UNSIGNED NOT NULL,
  `device_token` varchar(200) NOT NULL,
  `firebase_token` longtext DEFAULT NULL,
  `created_at` timestamp NULL DEFAULT NULL,
  `updated_at` timestamp NULL DEFAULT NULL
) ENGINE=InnoDB DEFAULT CHARSET=utf8mb4 COLLATE=utf8mb4_unicode_ci;

-- --------------------------------------------------------

--
-- Table structure for table `clinic_offers`
--

CREATE TABLE `clinic_offers` (
  `id` bigint(20) UNSIGNED NOT NULL,
  `title_en` varchar(150) NOT NULL,
  `title_ar` varchar(150) NOT NULL,
  `clinic_id` bigint(20) UNSIGNED DEFAULT NULL,
  `discount` int(11) NOT NULL DEFAULT 1 COMMENT 'discount per percentage',
  `status` tinyint(4) NOT NULL DEFAULT 1,
  `deleted_at` timestamp NULL DEFAULT NULL,
  `created_at` timestamp NULL DEFAULT NULL,
  `updated_at` timestamp NULL DEFAULT NULL
) ENGINE=InnoDB DEFAULT CHARSET=utf8mb4 COLLATE=utf8mb4_unicode_ci;

--
-- Dumping data for table `clinic_offers`
--

INSERT INTO `clinic_offers` (`id`, `title_en`, `title_ar`, `clinic_id`, `discount`, `status`, `deleted_at`, `created_at`, `updated_at`) VALUES
(1, 'public offer', 'خصومات عامة', 1, 5, 1, '2022-08-04 15:16:41', '2022-07-25 23:52:02', '2022-08-04 15:16:41'),
(2, 'Eid discount 222', 'ssss ssss', 1, 20, 1, '2022-08-05 01:12:06', '2022-07-25 23:53:53', '2022-08-05 01:12:06'),
(3, 'The New Doctor', 'الاطباء الجدد', 1, 10, 1, '2022-07-25 23:59:03', '2022-07-25 23:58:38', '2022-07-25 23:59:03'),
(4, 'The New Doctor', 'الاطباء الجدد', 1, 10, 1, '2022-12-19 05:21:40', '2022-08-04 13:27:18', '2022-12-19 05:21:40'),
(5, 'The New Doctor', 'الاطباء الجدد', 1, 10, 0, NULL, '2022-08-04 13:27:24', '2024-11-21 18:40:31'),
(6, 'new offer', 'aa', 1, 99, 1, '2023-04-12 17:12:58', '2022-08-04 14:44:44', '2023-04-12 17:12:58'),
(7, 'treetment', 'الادوية', 1, 20, 0, NULL, '2022-08-04 14:49:53', '2024-11-21 18:40:39'),
(8, 'ddddd', 'sss', 1, 22, 1, '2022-08-05 16:17:49', '2022-08-05 01:11:01', '2022-08-05 16:17:49'),
(9, 'optecs', 'البصريات', 1, 60, 1, NULL, '2022-08-05 16:17:36', '2022-08-05 16:17:36'),
(10, 'test', 'tesr', 1, 20, 1, '2022-08-25 01:03:47', '2022-08-25 01:03:36', '2022-08-25 01:03:47'),
(11, 'knm', 'yuy', 46, 12, 1, '2022-09-05 05:08:47', '2022-08-31 21:06:35', '2022-09-05 05:08:47'),
(12, 'The New Doctor', 'الاطباء الجدد', 1, 10, 0, NULL, '2022-09-05 05:02:09', '2024-11-21 18:40:43'),
(13, 'g', 'g', 58, 5, 1, NULL, '2022-09-05 05:08:42', '2022-09-05 05:08:53'),
(14, 'sss', 'sss', 58, 44, 1, NULL, '2022-12-20 01:51:30', '2022-12-20 01:51:38'),
(15, 'new', 'عرض جديد', 1, 63, 1, '2023-03-12 06:30:47', '2023-03-12 06:29:56', '2023-03-12 06:30:47'),
(16, 'Scaling & polishing', 'ازالة الجير', 1, 20, 1, NULL, '2023-03-13 07:29:15', '2023-05-25 05:26:06'),
(17, 'One day surgery', 'اليوم الواحد', 1, 15, 1, '2023-05-24 14:33:20', '2023-04-12 17:13:45', '2023-05-24 14:33:20'),
(18, 'rrrrr', 'rrr', 1, 34, 1, '2023-05-25 06:31:20', '2023-05-25 06:31:08', '2023-05-25 06:31:20'),
(19, 'test', 'eee', 111, 67, 1, NULL, '2023-05-25 06:35:29', '2023-05-25 06:35:29'),
(20, 'check up', 'الكشف', 35, 100, 1, NULL, '2023-09-17 16:07:17', '2023-09-17 16:07:17'),
(21, 'زراعة الأسنان', 'زراعة الأسنان', 1, 30, 1, NULL, '2024-11-21 18:39:59', '2024-11-21 18:39:59'),
(22, 'ابتسامة هوليوود', 'ابتسامة هوليوود', 1, 10, 1, NULL, '2024-11-21 18:40:25', '2024-11-21 18:40:25'),
(23, 'الحشوات التجميلية', 'الحشوات التجميلية', 1, 50, 1, NULL, '2024-11-21 18:41:18', '2025-11-19 15:38:06'),
(24, 'Rumor on the heart', 'اشاعة علي القلب', 105, 30, 1, NULL, '2024-11-22 00:39:09', '2024-11-22 00:39:09'),
(25, 'Sonar', 'السونار', 105, 10, 1, NULL, '2024-11-22 00:39:31', '2024-11-22 00:39:31'),
(26, 'Clear braces', 'تقويم الاسنان الشفاف', 105, 30, 1, NULL, '2024-11-22 00:39:59', '2024-11-22 00:39:59'),
(27, 'Pregnancy follow-up', 'متابعة الحمل', 105, 50, 1, NULL, '2024-11-22 00:42:09', '2024-11-22 00:42:09'),
(28, 'Blood analysis', 'تحليل صورة الدم', 105, 70, 1, NULL, '2024-11-22 00:42:54', '2024-11-22 00:42:54'),
(29, 'Teeth cleaning', 'تنظيف اسنان', 241, 50, 1, NULL, '2024-11-23 19:54:31', '2024-11-23 19:54:31'),
(30, 'Teeth cleaning', 'زراعة الاسنان', 241, 30, 1, NULL, '2024-11-23 19:56:53', '2024-11-23 19:56:53'),
(31, 'Dental installation', 'تركيب الاسنان', 241, 10, 1, NULL, '2024-11-23 19:57:16', '2024-11-23 19:57:16'),
(32, 'Dental veneers', 'فينيرز الاسنان', 241, 70, 1, NULL, '2024-11-23 19:57:55', '2024-11-23 19:57:55'),
(33, 'Analysis', 'التحاليل', 242, 30, 1, NULL, '2024-11-23 20:20:20', '2024-11-23 20:29:14'),
(34, 'Brain rumors', 'اشاعات المخ', 242, 50, 1, NULL, '2024-11-23 20:20:53', '2024-11-23 20:28:46'),
(35, 'علاج التهاب العصب السابع', 'علاج التهاب العصب السابع', 242, 15, 1, NULL, '2024-11-23 20:21:30', '2024-11-23 20:28:17'),
(36, 'Treatment of muscle diseases', 'علاج امراض العضلات', 242, 50, 1, NULL, '2024-11-23 20:21:50', '2024-11-23 20:27:19'),
(37, 'Neck roughness', 'خشونة الرقبة', 242, 25, 1, NULL, '2024-11-23 20:22:25', '2024-11-23 20:26:50'),
(38, 'physical therapy', 'علاج طبيعي', 242, 70, 0, NULL, '2024-11-23 20:22:58', '2025-02-13 07:00:13'),
(39, 'Teeth whitening', 'تبييض الاسنان', 243, 50, 1, NULL, '2024-11-23 20:37:40', '2024-11-23 20:37:40'),
(40, 'Zircon fittings', 'تركيبات الزيركون', 243, 30, 1, NULL, '2024-11-23 20:37:57', '2024-11-23 20:37:57'),
(41, 'orthodontics', 'تقويم الاسنان', 243, 70, 1, NULL, '2024-11-23 20:38:11', '2024-11-23 20:38:11'),
(42, 'Cosmetic dental fillings', 'حشو اسنان تجميلي', 243, 15, 1, NULL, '2024-11-23 20:38:26', '2024-11-23 20:38:26'),
(43, 'Fixed dental fillings', 'تركيبات حشو اسنان ثابتة', 243, 50, 1, NULL, '2024-11-23 20:38:43', '2024-11-23 20:38:43'),
(44, 'Children\'s dental treatment', 'علاج اسنان الاطفال', 243, 50, 1, NULL, '2024-11-23 20:39:07', '2024-11-23 20:39:07'),
(45, 'Rumor on the heart', 'اشاعة علي القلب', 244, 50, 1, NULL, '2024-11-23 20:47:19', '2024-11-23 20:47:19'),
(46, 'Analysis', 'التحاليل', 244, 30, 1, NULL, '2024-11-23 20:47:34', '2024-11-23 20:47:34'),
(47, 'EKG', 'رسم القلب', 244, 70, 1, NULL, '2024-11-23 20:47:50', '2024-11-23 20:47:50'),
(48, 'Statements', 'الكشوفات', 244, 30, 1, NULL, '2024-11-23 20:48:27', '2024-11-23 20:48:27'),
(49, 'Sonar', 'السونار', 244, 50, 1, NULL, '2024-11-23 20:49:05', '2024-11-23 20:49:05'),
(50, 'test', 'تحليل', 244, 15, 1, NULL, '2025-07-18 14:44:03', '2025-07-18 14:44:03'),
(51, 'consultation', 'الكشف', 265, 100, 1, NULL, '2025-07-28 18:51:11', '2025-07-28 18:51:11'),
(52, 'scaling & polishing', 'تنظيف الاسنان وإزالة الجير', 265, 50, 1, NULL, '2025-07-28 18:51:55', '2025-07-28 18:51:55'),
(53, 'test', 'تيست', 1, 10, 1, '2025-11-16 09:54:26', '2025-11-16 09:53:51', '2025-11-16 09:54:26'),
(54, 'testسيلب', 'تيستبلبل', 1, 16, 1, '2025-11-16 12:17:38', '2025-11-16 12:16:19', '2025-11-16 12:17:38'),
(55, 'testسيلب', 'تيستؤبل', 1, 15, 1, '2025-11-16 13:45:03', '2025-11-16 13:44:31', '2025-11-16 13:45:03'),
(56, 'testسيلب', 'تيستبلبل', 1, 10, 1, NULL, '2025-11-19 15:38:14', '2025-11-19 15:38:58'),
(57, 'consultation', 'الكشف', 352, 50, 1, NULL, '2025-11-21 18:07:52', '2025-11-21 18:07:52'),
(58, 'test', 'تيست', 2, 10, 1, NULL, '2025-12-31 13:07:45', '2025-12-31 13:07:45');

-- --------------------------------------------------------

--
-- Table structure for table `clinic_points`
--

CREATE TABLE `clinic_points` (
  `id` bigint(20) UNSIGNED NOT NULL,
  `clinic_id` bigint(20) UNSIGNED NOT NULL,
  `content_ar` varchar(255) NOT NULL,
  `content_en` varchar(255) NOT NULL,
  `point` int(11) NOT NULL,
  `status` int(11) NOT NULL DEFAULT 1,
  `created_at` timestamp NULL DEFAULT NULL,
  `updated_at` timestamp NULL DEFAULT NULL
) ENGINE=InnoDB DEFAULT CHARSET=utf8mb4 COLLATE=utf8mb4_unicode_ci;

--
-- Dumping data for table `clinic_points`
--

INSERT INTO `clinic_points` (`id`, `clinic_id`, `content_ar`, `content_en`, `point`, `status`, `created_at`, `updated_at`) VALUES
(1, 1, 'رد على شكوى خاصه بعميل ', 'Answer question reply on user', 5, 1, '2022-08-10 13:54:15', NULL),
(2, 11, 'رد على شكوى خاصه بعميل ', 'Answer question reply on user', 5, 1, '2022-08-10 13:54:15', NULL),
(3, 13, 'تم صرف دواء جديد للمريض', 'A new medication was dispensed to the patient', 5, 1, '2023-09-17 11:40:03', '2023-09-17 11:40:03'),
(4, 155, '؟؟', '؟؟', 5, 1, '2023-11-10 01:50:19', '2023-11-10 01:50:19'),
(5, 13, 'تم صرف دواء جديد للمريض', 'A new medication was dispensed to the patient', 5, 1, '2024-01-09 01:27:02', '2024-01-09 01:27:02'),
(6, 13, 'تم صرف دواء جديد للمريض', 'A new medication was dispensed to the patient', 5, 1, '2024-01-11 17:52:34', '2024-01-11 17:52:34'),
(7, 13, 'تم صرف دواء جديد للمريض', 'A new medication was dispensed to the patient', 5, 1, '2024-01-12 03:23:05', '2024-01-12 03:23:05'),
(8, 11, 'عليكم السلام \r\n\r\nتم الرد لفحص التنسيق في التطبيق \r\n\r\nوشكرا', 'عليكم السلام \r\n\r\nتم الرد لفحص التنسيق في التطبيق \r\n\r\nوشكرا', 5, 1, '2024-05-06 07:20:18', '2024-05-06 07:20:18'),
(9, 13, 'تم صرف دواء جديد للمريض', 'A new medication was dispensed to the patient', 5, 1, '2024-06-22 18:47:00', '2024-06-22 18:47:00'),
(10, 13, 'تم صرف دواء جديد للمريض', 'A new medication was dispensed to the patient', 5, 1, '2024-10-04 23:18:28', '2024-10-04 23:18:28'),
(11, 112, 'reply message thanks', 'reply message thanks', 5, 1, '2025-07-05 09:03:44', '2025-07-05 09:03:44'),
(12, 112, 'test', 'test', 5, 1, '2025-11-15 08:54:23', '2025-11-15 08:54:23'),
(13, 1, 'تيست', 'تيست', 5, 1, '2025-11-16 10:18:30', '2025-11-16 10:18:30'),
(14, 1, 'تيست', 'تيست', 5, 1, '2025-11-16 12:31:07', '2025-11-16 12:31:07'),
(15, 1, 'تمام', 'تمام', 5, 1, '2025-11-16 13:59:46', '2025-11-16 13:59:46'),
(16, 1, 'اوك', 'اوك', 5, 1, '2025-11-19 16:03:21', '2025-11-19 16:03:21'),
(17, 43, 'هيتم التواصل معك', 'هيتم التواصل معك', 5, 1, '2025-12-15 12:55:40', '2025-12-15 12:55:40'),
(18, 248, 'تمام', 'تمام', 5, 1, '2025-12-15 12:57:20', '2025-12-15 12:57:20'),
(19, 374, 'تم صرف دواء جديد للمريض', 'A new medication was dispensed to the patient', 5, 1, '2025-12-18 11:26:43', '2025-12-18 11:26:43'),
(20, 374, 'تم صرف دواء جديد للمريض', 'A new medication was dispensed to the patient', 5, 1, '2025-12-20 15:06:22', '2025-12-20 15:06:22'),
(21, 374, 'تم صرف دواء جديد للمريض', 'A new medication was dispensed to the patient', 5, 1, '2025-12-20 15:06:31', '2025-12-20 15:06:31'),
(22, 2, 'تمام', 'تمام', 5, 1, '2026-01-06 13:55:26', '2026-01-06 13:55:26'),
(23, 2, 'اوك', 'اوك', 5, 1, '2026-01-06 13:55:51', '2026-01-06 13:55:51');

-- --------------------------------------------------------

--
-- Table structure for table `clinic_point_nursings`
--

CREATE TABLE `clinic_point_nursings` (
  `id` bigint(20) UNSIGNED NOT NULL,
  `name_en` varchar(255) NOT NULL,
  `name_ar` varchar(255) NOT NULL,
  `status` tinyint(4) NOT NULL DEFAULT 1,
  `clinic_id` bigint(20) UNSIGNED NOT NULL,
  `created_at` timestamp NULL DEFAULT NULL,
  `updated_at` timestamp NULL DEFAULT NULL
) ENGINE=InnoDB DEFAULT CHARSET=utf8mb4 COLLATE=utf8mb4_unicode_ci;

--
-- Dumping data for table `clinic_point_nursings`
--

INSERT INTO `clinic_point_nursings` (`id`, `name_en`, `name_ar`, `status`, `clinic_id`, `created_at`, `updated_at`) VALUES
(3, 'point A', 'نقطه أ', 1, 1, NULL, NULL),
(4, 'point B', 'نقطه ب', 1, 1, NULL, NULL);

-- --------------------------------------------------------

--
-- Table structure for table `clinic_posts_counts`
--

CREATE TABLE `clinic_posts_counts` (
  `id` bigint(20) UNSIGNED NOT NULL,
  `doctor_count_from` int(11) NOT NULL DEFAULT 1,
  `doctor_count_to` int(11) NOT NULL DEFAULT 1,
  `post_count` int(11) NOT NULL DEFAULT 1,
  `status` tinyint(4) NOT NULL DEFAULT 1,
  `created_at` timestamp NULL DEFAULT NULL,
  `updated_at` timestamp NULL DEFAULT NULL
) ENGINE=InnoDB DEFAULT CHARSET=utf8mb4 COLLATE=utf8mb4_unicode_ci;

--
-- Dumping data for table `clinic_posts_counts`
--

INSERT INTO `clinic_posts_counts` (`id`, `doctor_count_from`, `doctor_count_to`, `post_count`, `status`, `created_at`, `updated_at`) VALUES
(1, 1, 3, 1, 1, '2023-04-30 22:09:53', '2023-04-30 22:09:53'),
(2, 4, 10, 3, 1, '2023-04-30 22:09:53', '2023-04-30 22:09:53'),
(3, 11, 1000, 7, 1, '2023-04-30 22:09:53', '2023-04-30 22:09:53');

-- --------------------------------------------------------

--
-- Table structure for table `clinic_ratings`
--

CREATE TABLE `clinic_ratings` (
  `id` bigint(20) UNSIGNED NOT NULL,
  `clinic_id` bigint(20) UNSIGNED NOT NULL,
  `user_id` bigint(20) UNSIGNED NOT NULL,
  `rating_id` bigint(20) UNSIGNED NOT NULL,
  `comment` varchar(255) DEFAULT NULL,
  `rate_value` varchar(255) NOT NULL,
  `status` tinyint(4) NOT NULL DEFAULT 1,
  `deleted_at` timestamp NULL DEFAULT NULL,
  `created_at` timestamp NULL DEFAULT NULL,
  `updated_at` timestamp NULL DEFAULT NULL
) ENGINE=InnoDB DEFAULT CHARSET=utf8mb4 COLLATE=utf8mb4_unicode_ci;

--
-- Dumping data for table `clinic_ratings`
--

INSERT INTO `clinic_ratings` (`id`, `clinic_id`, `user_id`, `rating_id`, `comment`, `rate_value`, `status`, `deleted_at`, `created_at`, `updated_at`) VALUES
(6, 1, 2, 1, 'test', '5', 1, NULL, '2022-11-21 14:10:41', '2023-03-26 19:18:13'),
(7, 1, 2, 2, 'test', '5', 1, NULL, '2022-11-21 14:10:41', '2023-03-26 19:18:13'),
(8, 100, 2, 1, 'مجمع منظم والاستقبال جيد\nوالاطباء من افضل الاطباء بالمدينة وخصوصا عيادة الاطفال والنساء', '5', 1, NULL, '2023-02-13 17:21:13', '2023-02-13 17:21:13'),
(9, 100, 2, 2, 'مجمع منظم والاستقبال جيد\nوالاطباء من افضل الاطباء بالمدينة وخصوصا عيادة الاطفال والنساء', '5', 1, NULL, '2023-02-13 17:21:13', '2023-02-13 17:21:13'),
(10, 101, 2, 1, 'مجمع سيء ولا انصح به', '0', 1, NULL, '2023-02-13 17:22:08', '2023-02-13 17:22:08'),
(11, 101, 2, 2, 'مجمع سيء ولا انصح به', '0', 1, NULL, '2023-02-13 17:22:08', '2023-02-13 17:22:08'),
(12, 58, 4, 1, 'test', '3', 1, NULL, '2023-03-19 16:54:06', '2023-03-19 16:54:06'),
(13, 58, 4, 2, 'test', '0', 1, NULL, '2023-03-19 16:54:06', '2023-03-19 16:54:06'),
(14, 103, 2, 1, 'فلا', '3', 1, NULL, '2023-03-26 18:19:14', '2023-03-26 18:19:46'),
(15, 103, 2, 2, 'فلا', '3', 1, NULL, '2023-03-26 18:19:14', '2023-03-26 18:19:46'),
(16, 1, 5, 1, 'فريق طبي محترف', '5', 1, NULL, '2025-08-01 11:15:43', '2025-08-01 11:15:43'),
(17, 1, 5, 2, 'فريق طبي محترف', '5', 1, NULL, '2025-08-01 11:15:43', '2025-08-01 11:15:43'),
(18, 2, 29, 1, 'اوك', '5', 1, NULL, '2026-01-06 13:54:10', '2026-01-06 13:54:10'),
(19, 2, 29, 2, 'اوك', '5', 1, NULL, '2026-01-06 13:54:10', '2026-01-06 13:54:10');

-- --------------------------------------------------------

--
-- Table structure for table `clinic_services`
--

CREATE TABLE `clinic_services` (
  `id` bigint(20) UNSIGNED NOT NULL,
  `clinic_id` bigint(20) UNSIGNED NOT NULL,
  `service_id` bigint(20) UNSIGNED NOT NULL,
  `created_by` bigint(20) UNSIGNED DEFAULT NULL,
  `price` varchar(255) NOT NULL,
  `type` int(11) NOT NULL DEFAULT 3 COMMENT '1 labs, 2 rays, 3 services',
  `status` tinyint(4) NOT NULL DEFAULT 1 COMMENT '1 active, 0 de_active',
  `deleted_at` timestamp NULL DEFAULT NULL,
  `created_at` timestamp NULL DEFAULT NULL,
  `updated_at` timestamp NULL DEFAULT NULL
) ENGINE=InnoDB DEFAULT CHARSET=utf8mb4 COLLATE=utf8mb4_unicode_ci;

--
-- Dumping data for table `clinic_services`
--

INSERT INTO `clinic_services` (`id`, `clinic_id`, `service_id`, `created_by`, `price`, `type`, `status`, `deleted_at`, `created_at`, `updated_at`) VALUES
(7, 1, 68, 165, '300', 1, 1, NULL, '2024-05-17 22:13:54', '2024-05-17 22:13:54'),
(8, 1, 90, 165, '0', 1, 1, NULL, '2024-05-23 22:20:08', '2024-05-23 22:20:08'),
(9, 1, 91, 165, '0', 1, 1, NULL, '2024-05-23 22:24:42', '2024-05-23 22:24:42'),
(10, 1, 92, 165, '0', 1, 1, NULL, '2024-05-23 22:25:09', '2024-05-23 22:25:09'),
(11, 1, 93, 165, '0', 1, 1, NULL, '2024-05-23 22:25:50', '2024-05-23 22:25:50'),
(12, 1, 94, 165, '0', 1, 1, NULL, '2024-05-23 22:26:27', '2024-05-23 22:26:27'),
(13, 1, 95, 165, '0', 1, 1, NULL, '2024-05-23 22:27:09', '2024-05-23 22:27:09'),
(14, 1, 96, 165, '0', 1, 1, NULL, '2024-05-23 22:27:42', '2024-05-23 22:27:42'),
(15, 1, 97, 165, '0', 1, 1, NULL, '2024-05-23 22:30:04', '2024-05-23 22:30:04'),
(16, 1, 98, 165, '0', 1, 1, NULL, '2024-05-23 22:30:58', '2024-05-23 22:30:58'),
(17, 1, 99, 165, '0', 1, 1, NULL, '2024-05-23 22:31:40', '2024-05-23 22:31:40'),
(18, 1, 100, 165, '0', 1, 1, NULL, '2024-05-23 22:33:07', '2024-05-23 22:33:07'),
(19, 1, 101, 165, '0', 1, 1, NULL, '2024-05-23 22:33:39', '2024-05-23 22:33:39'),
(20, 1, 102, 165, '0', 1, 1, NULL, '2024-05-23 22:34:10', '2024-05-23 22:34:10'),
(21, 1, 103, 165, '0', 1, 1, NULL, '2024-05-23 22:34:52', '2024-05-23 22:34:52'),
(22, 1, 104, 165, '0', 1, 1, NULL, '2024-05-23 22:38:48', '2024-05-23 22:38:48'),
(23, 1, 105, 165, '0', 1, 1, NULL, '2024-05-23 22:39:21', '2024-05-23 22:39:21'),
(24, 1, 106, 165, '0', 1, 1, NULL, '2024-05-23 22:40:01', '2024-05-23 22:40:01'),
(25, 1, 107, 165, '0', 1, 1, NULL, '2024-05-23 22:40:36', '2024-05-23 22:40:36'),
(26, 1, 108, 165, '0', 1, 1, NULL, '2024-05-23 22:41:24', '2024-05-23 22:41:24'),
(27, 1, 109, 165, '0', 1, 1, NULL, '2024-05-23 22:42:12', '2024-05-23 22:42:12'),
(28, 1, 110, 165, '0', 1, 1, NULL, '2024-05-23 22:42:45', '2024-05-23 22:42:45'),
(29, 1, 111, 165, '0', 1, 1, NULL, '2024-05-23 22:43:28', '2024-05-23 22:43:28'),
(30, 1, 112, 165, '0', 1, 1, NULL, '2024-05-23 22:44:36', '2024-05-23 22:44:36'),
(31, 1, 113, 165, '0', 1, 1, NULL, '2024-05-23 22:45:02', '2024-05-23 22:45:02'),
(32, 1, 114, 165, '0', 1, 1, NULL, '2024-05-23 22:45:34', '2024-05-23 22:45:34'),
(33, 1, 115, 165, '0', 1, 1, NULL, '2024-05-23 22:46:08', '2024-05-23 22:46:08'),
(34, 1, 116, 165, '0', 1, 1, NULL, '2024-05-23 22:46:44', '2024-05-23 22:46:44'),
(35, 1, 117, 165, '0', 1, 1, NULL, '2024-05-23 22:47:06', '2024-05-23 22:47:06'),
(36, 1, 118, 165, '0', 1, 1, NULL, '2024-05-23 22:47:45', '2024-05-23 22:47:45'),
(37, 1, 119, 165, '0', 1, 1, NULL, '2024-05-23 22:49:52', '2024-05-23 22:49:52'),
(38, 1, 120, 165, '0', 1, 1, NULL, '2024-05-23 22:50:28', '2024-05-23 22:50:28'),
(39, 1, 121, 165, '0', 1, 1, NULL, '2024-05-23 22:51:32', '2024-05-23 22:51:32'),
(40, 1, 122, 165, '0', 1, 1, NULL, '2024-05-23 22:52:07', '2024-05-23 22:52:07'),
(41, 1, 123, 165, '0', 1, 1, NULL, '2024-05-23 22:53:04', '2024-05-23 22:53:04'),
(101, 1, 10, 165, '100', 1, 1, NULL, '2024-05-25 00:50:24', '2024-05-25 00:50:24'),
(106, 1, 187, 165, '0', 1, 1, NULL, '2025-11-25 14:33:03', '2025-11-25 14:33:03'),
(107, 1, 188, 165, '0', 1, 1, NULL, '2025-11-25 14:33:23', '2025-11-25 14:33:23'),
(108, 1, 189, 165, '0', 1, 1, NULL, '2025-11-25 14:33:49', '2025-11-25 14:33:49'),
(109, 1, 190, 165, '0', 1, 1, NULL, '2025-11-25 14:34:06', '2025-11-25 14:34:06'),
(110, 1, 191, 165, '0', 1, 1, NULL, '2025-11-25 14:34:27', '2025-11-25 14:34:27'),
(111, 1, 192, 165, '0', 1, 1, NULL, '2025-11-25 14:34:46', '2025-11-25 14:34:46'),
(112, 1, 193, 165, '0', 1, 1, NULL, '2025-11-25 14:35:10', '2025-11-25 14:35:10'),
(113, 1, 194, 165, '0', 1, 1, NULL, '2025-11-25 14:36:30', '2025-11-25 14:36:30'),
(114, 1, 195, 165, '0', 1, 1, NULL, '2025-11-25 14:42:10', '2025-11-25 14:42:10'),
(115, 1, 196, 165, '0', 1, 1, NULL, '2025-11-25 14:43:07', '2025-11-25 14:43:07'),
(116, 1, 197, 165, '0', 1, 1, NULL, '2025-11-25 14:43:34', '2025-11-25 14:43:34'),
(117, 1, 198, 165, '0', 1, 1, NULL, '2025-11-25 14:45:23', '2025-11-25 14:45:23'),
(118, 1, 199, 165, '0', 1, 1, NULL, '2025-11-25 14:45:37', '2025-11-25 14:45:37'),
(119, 1, 200, 165, '0', 1, 1, NULL, '2025-11-25 14:45:54', '2025-11-25 14:45:54'),
(120, 1, 201, 165, '0', 1, 1, NULL, '2025-11-25 15:02:43', '2025-11-25 15:02:43'),
(121, 1, 202, 165, '150', 1, 1, NULL, '2025-11-26 12:11:57', '2025-11-26 12:16:55'),
(122, 1, 203, 165, '120', 1, 1, NULL, '2025-11-26 12:24:13', '2025-11-26 12:24:13'),
(123, 1, 204, 165, '170', 1, 1, NULL, '2025-11-26 12:29:19', '2025-11-26 12:29:19'),
(124, 1, 205, 165, '120', 1, 1, NULL, '2025-11-26 12:34:41', '2025-11-26 12:34:41'),
(125, 1, 206, 165, '200', 1, 1, NULL, '2025-11-26 12:41:31', '2025-11-26 12:41:31'),
(126, 1, 207, 165, '200', 1, 1, NULL, '2025-11-26 12:52:51', '2025-11-26 12:52:51'),
(127, 1, 208, 165, '150', 1, 1, NULL, '2025-11-26 12:58:20', '2025-11-26 12:58:20'),
(128, 1, 209, 165, '110', 1, 1, NULL, '2025-11-26 13:04:28', '2025-11-26 13:04:28'),
(129, 1, 210, 165, '190', 1, 1, NULL, '2025-11-26 13:14:18', '2025-11-26 13:14:18'),
(130, 1, 211, 165, '160', 1, 1, NULL, '2025-11-26 13:26:29', '2025-11-26 13:26:29'),
(131, 1, 212, 165, '70', 1, 1, NULL, '2025-11-26 14:14:17', '2025-11-26 14:14:17'),
(132, 1, 213, 165, '130', 1, 1, NULL, '2025-11-26 14:21:43', '2025-11-26 14:21:43'),
(133, 1, 214, 165, '110', 1, 1, NULL, '2025-11-26 14:32:03', '2025-11-26 14:32:03'),
(134, 1, 215, 165, '110', 1, 1, NULL, '2025-11-26 14:38:11', '2025-11-26 14:38:11'),
(135, 1, 216, 165, '70', 1, 1, NULL, '2025-11-26 14:45:09', '2025-11-26 14:45:09'),
(136, 1, 217, 165, '90', 1, 1, NULL, '2025-11-26 14:51:00', '2025-11-26 14:51:00'),
(137, 1, 218, 165, '60', 1, 1, NULL, '2025-11-26 14:56:39', '2025-11-26 14:56:39'),
(138, 1, 219, 165, '90', 1, 1, NULL, '2025-11-26 15:04:25', '2025-11-26 15:04:25'),
(139, 1, 220, 165, '90', 1, 1, NULL, '2025-11-26 15:09:20', '2025-11-26 15:09:20'),
(140, 1, 221, 165, '80', 1, 1, NULL, '2025-11-26 15:15:27', '2025-11-26 15:15:27'),
(141, 1, 222, 165, '80', 1, 1, NULL, '2025-11-26 15:29:53', '2025-11-26 15:29:53'),
(142, 1, 223, 165, '100', 1, 1, NULL, '2025-11-26 15:34:44', '2025-11-26 15:34:44'),
(143, 1, 224, 165, '110', 1, 1, NULL, '2025-11-26 15:38:23', '2025-11-26 15:38:23'),
(144, 1, 225, 165, '170', 1, 1, NULL, '2025-11-26 15:44:09', '2025-11-26 15:44:09'),
(145, 1, 226, 165, '170', 1, 1, NULL, '2025-11-26 15:49:43', '2025-11-26 15:49:43'),
(146, 2, 227, 372, '200', 2, 1, NULL, '2026-01-13 13:01:11', '2026-01-13 13:01:11'),
(147, 2, 228, 372, '150', 2, 1, NULL, '2026-01-13 13:01:36', '2026-01-13 13:01:36'),
(148, 2, 229, 372, '150', 2, 1, NULL, '2026-01-13 13:01:54', '2026-01-13 13:01:54'),
(149, 2, 230, 372, '200', 2, 1, NULL, '2026-01-13 13:02:12', '2026-01-13 15:19:13'),
(150, 2, 231, 372, '200', 2, 1, NULL, '2026-01-13 13:02:33', '2026-01-13 13:02:33'),
(151, 2, 232, 372, '200', 2, 1, NULL, '2026-01-13 13:11:09', '2026-01-13 13:11:09'),
(152, 2, 233, 372, '200', 2, 1, NULL, '2026-01-13 13:11:27', '2026-01-13 13:11:27'),
(153, 2, 234, 372, '200', 2, 1, NULL, '2026-01-13 13:11:43', '2026-01-13 13:11:43'),
(154, 2, 235, 372, '150', 2, 1, NULL, '2026-01-13 13:12:12', '2026-01-13 13:12:12'),
(155, 2, 7, 372, '100', 2, 1, NULL, '2026-01-13 13:13:36', '2026-01-13 13:13:36'),
(156, 2, 8, 372, '100', 2, 1, NULL, '2026-01-13 13:13:56', '2026-01-13 13:13:56'),
(157, 2, 236, 372, '200', 2, 1, NULL, '2026-01-13 13:14:24', '2026-01-13 13:14:24'),
(158, 2, 237, 372, '200', 2, 1, NULL, '2026-01-13 13:14:44', '2026-01-13 13:14:44'),
(163, 2, 242, 372, '150', 2, 1, NULL, '2026-01-13 13:17:38', '2026-01-13 13:17:38'),
(164, 2, 243, 372, '200', 2, 1, NULL, '2026-01-13 13:17:55', '2026-01-13 13:17:55'),
(165, 2, 244, 372, '200', 2, 1, NULL, '2026-01-13 13:18:16', '2026-01-13 13:18:16'),
(166, 2, 245, 372, '200', 2, 1, NULL, '2026-01-13 13:19:05', '2026-01-13 13:19:05'),
(167, 2, 246, 372, '200', 2, 1, NULL, '2026-01-13 13:19:29', '2026-01-13 13:19:29'),
(168, 2, 247, 372, '200', 2, 1, NULL, '2026-01-13 13:19:52', '2026-01-13 13:19:52'),
(169, 2, 248, 372, '200', 2, 1, NULL, '2026-01-13 13:21:14', '2026-01-13 13:21:14'),
(170, 2, 249, 372, '200', 2, 1, NULL, '2026-01-13 13:21:29', '2026-01-13 13:21:29'),
(171, 2, 250, 372, '200', 2, 1, NULL, '2026-01-13 13:21:45', '2026-01-13 13:21:45'),
(172, 2, 251, 372, '200', 2, 1, NULL, '2026-01-13 13:22:45', '2026-01-13 13:22:45'),
(173, 2, 252, 372, '200', 2, 1, NULL, '2026-01-13 13:23:00', '2026-01-13 13:23:00'),
(174, 2, 253, 372, '200', 2, 1, NULL, '2026-01-13 13:24:25', '2026-01-13 13:24:25'),
(175, 2, 254, 372, '200', 2, 1, NULL, '2026-01-13 13:25:25', '2026-01-13 13:25:25'),
(176, 2, 255, 372, '200', 2, 1, NULL, '2026-01-13 13:25:41', '2026-01-13 13:25:41'),
(177, 2, 256, 372, '200', 2, 1, NULL, '2026-01-13 13:26:01', '2026-01-13 13:26:01'),
(178, 2, 257, 372, '200', 2, 1, NULL, '2026-01-13 13:26:23', '2026-01-13 13:26:23'),
(179, 2, 258, 372, '200', 2, 1, NULL, '2026-01-13 13:26:39', '2026-01-13 13:26:39'),
(180, 2, 259, 372, '200', 2, 1, NULL, '2026-01-13 13:27:41', '2026-01-13 13:27:41'),
(181, 2, 260, 372, '200', 2, 1, NULL, '2026-01-13 13:28:05', '2026-01-13 13:28:05'),
(182, 2, 261, 372, '200', 2, 1, NULL, '2026-01-13 13:28:42', '2026-01-13 13:28:42'),
(183, 2, 262, 372, '200', 2, 1, NULL, '2026-01-13 13:28:59', '2026-01-13 13:28:59'),
(184, 2, 263, 372, '200', 2, 1, NULL, '2026-01-13 13:29:19', '2026-01-13 13:29:19'),
(185, 2, 264, 372, '200', 2, 1, NULL, '2026-01-13 13:30:49', '2026-01-13 13:30:49'),
(186, 2, 265, 372, '200', 2, 1, NULL, '2026-01-13 13:31:11', '2026-01-13 13:31:11'),
(187, 2, 266, 372, '200', 2, 1, NULL, '2026-01-13 13:31:35', '2026-01-13 13:31:35'),
(188, 2, 267, 372, '200', 2, 1, NULL, '2026-01-13 13:31:50', '2026-01-13 13:31:50'),
(194, 2, 273, 372, '150', 2, 1, NULL, '2026-01-13 14:30:33', '2026-01-13 14:30:33'),
(195, 2, 274, 372, '150', 2, 1, NULL, '2026-01-13 14:30:48', '2026-01-13 14:30:48'),
(196, 2, 275, 372, '200', 2, 1, NULL, '2026-01-13 14:31:02', '2026-01-13 14:31:02'),
(197, 2, 276, 372, '150', 2, 1, NULL, '2026-01-13 14:31:19', '2026-01-13 14:31:19'),
(198, 2, 277, 372, '200', 2, 1, NULL, '2026-01-13 14:31:34', '2026-01-13 14:31:34'),
(199, 2, 278, 372, '200', 2, 1, NULL, '2026-01-13 14:31:50', '2026-01-13 14:31:50'),
(200, 2, 279, 372, '200', 2, 1, NULL, '2026-01-13 14:37:43', '2026-01-13 14:37:43'),
(201, 2, 280, 372, '200', 2, 1, NULL, '2026-01-13 14:37:43', '2026-01-13 14:37:43'),
(202, 2, 281, 372, '200', 2, 1, NULL, '2026-01-13 14:37:59', '2026-01-13 14:37:59'),
(203, 2, 282, 372, '200', 2, 1, NULL, '2026-01-13 14:38:12', '2026-01-13 14:38:12'),
(204, 2, 283, 372, '200', 2, 1, NULL, '2026-01-13 14:39:27', '2026-01-13 14:39:27'),
(205, 2, 284, 372, '200', 2, 1, NULL, '2026-01-13 14:39:43', '2026-01-13 14:39:43'),
(206, 2, 285, 372, '200', 2, 1, NULL, '2026-01-13 14:40:00', '2026-01-13 14:40:00'),
(207, 2, 286, 372, '200', 2, 1, NULL, '2026-01-13 14:40:20', '2026-01-13 14:40:20'),
(208, 2, 287, 372, '200', 2, 1, NULL, '2026-01-13 14:40:38', '2026-01-13 14:40:38'),
(209, 2, 288, 372, '200', 2, 1, NULL, '2026-01-13 14:40:51', '2026-01-13 14:40:51'),
(210, 2, 289, 372, '200', 2, 1, NULL, '2026-01-13 14:42:10', '2026-01-13 14:42:10'),
(211, 2, 290, 372, '200', 2, 1, NULL, '2026-01-13 14:42:21', '2026-01-13 14:42:21'),
(212, 2, 291, 372, '200', 2, 1, NULL, '2026-01-13 14:42:39', '2026-01-13 14:42:39'),
(213, 2, 292, 372, '200', 2, 1, NULL, '2026-01-13 14:42:54', '2026-01-13 14:42:54'),
(214, 2, 293, 372, '200', 2, 1, NULL, '2026-01-13 14:43:08', '2026-01-13 14:43:08'),
(215, 2, 294, 372, '200', 2, 1, NULL, '2026-01-13 14:43:20', '2026-01-13 14:43:20'),
(216, 2, 295, 372, '200', 2, 1, NULL, '2026-01-13 14:45:02', '2026-01-13 14:45:02'),
(217, 2, 296, 372, '200', 2, 1, NULL, '2026-01-13 14:45:15', '2026-01-13 14:45:15'),
(218, 2, 297, 372, '200', 2, 1, NULL, '2026-01-13 14:45:35', '2026-01-13 14:45:35'),
(219, 2, 298, 372, '200', 2, 1, NULL, '2026-01-13 14:45:52', '2026-01-13 14:45:52'),
(220, 2, 299, 372, '200', 2, 1, NULL, '2026-01-13 14:46:26', '2026-01-13 14:46:26'),
(221, 2, 300, 372, '200', 2, 1, NULL, '2026-01-13 14:46:40', '2026-01-13 14:46:40'),
(222, 2, 301, 372, '200', 2, 1, NULL, '2026-01-13 14:46:53', '2026-01-13 14:46:53'),
(223, 2, 302, 372, '200', 2, 1, NULL, '2026-01-13 14:47:37', '2026-01-13 14:47:37'),
(224, 2, 303, 372, '200', 2, 1, NULL, '2026-01-13 14:48:23', '2026-01-13 14:48:23'),
(225, 2, 304, 372, '200', 2, 1, NULL, '2026-01-13 14:48:47', '2026-01-13 14:48:47'),
(226, 2, 305, 372, '200', 2, 1, NULL, '2026-01-13 14:48:57', '2026-01-13 14:48:57'),
(227, 2, 306, 372, '200', 2, 1, NULL, '2026-01-13 14:50:01', '2026-01-13 14:50:01'),
(228, 2, 307, 372, '200', 2, 1, NULL, '2026-01-13 14:50:20', '2026-01-13 14:50:20'),
(229, 2, 308, 372, '200', 2, 1, NULL, '2026-01-13 14:50:29', '2026-01-13 14:50:29'),
(230, 2, 309, 372, '200', 2, 1, NULL, '2026-01-13 14:50:42', '2026-01-13 14:50:42'),
(231, 2, 310, 372, '200', 2, 1, NULL, '2026-01-13 14:50:55', '2026-01-13 14:50:55'),
(232, 2, 311, 372, '200', 2, 1, NULL, '2026-01-13 14:51:37', '2026-01-13 14:51:37'),
(233, 2, 312, 372, '200', 2, 1, NULL, '2026-01-13 14:51:54', '2026-01-13 14:51:54'),
(234, 2, 313, 372, '200', 2, 1, NULL, '2026-01-13 14:52:12', '2026-01-13 14:52:12'),
(235, 2, 314, 372, '200', 2, 1, NULL, '2026-01-13 14:52:27', '2026-01-13 14:52:27'),
(236, 2, 315, 372, '200', 2, 1, NULL, '2026-01-13 14:52:43', '2026-01-13 14:52:43'),
(237, 2, 316, 372, '200', 2, 1, NULL, '2026-01-13 14:52:57', '2026-01-13 14:52:57'),
(238, 2, 317, 372, '200', 2, 1, NULL, '2026-01-13 14:54:07', '2026-01-13 14:54:07'),
(239, 2, 318, 372, '200', 2, 1, NULL, '2026-01-13 14:54:47', '2026-01-13 14:54:47'),
(240, 2, 319, 372, '200', 2, 1, NULL, '2026-01-13 14:55:01', '2026-01-13 14:55:01'),
(241, 2, 320, 372, '200', 2, 1, NULL, '2026-01-13 14:55:12', '2026-01-13 14:55:12'),
(242, 2, 321, 372, '200', 2, 1, NULL, '2026-01-13 14:55:25', '2026-01-13 14:55:25'),
(243, 2, 322, 372, '200', 2, 1, NULL, '2026-01-13 14:56:39', '2026-01-13 14:56:39'),
(244, 2, 323, 372, '200', 2, 1, NULL, '2026-01-13 14:56:51', '2026-01-13 14:56:51'),
(245, 2, 324, 372, '200', 2, 1, NULL, '2026-01-13 14:57:02', '2026-01-13 14:57:02'),
(246, 2, 325, 372, '200', 2, 1, NULL, '2026-01-13 14:57:13', '2026-01-13 14:57:13'),
(247, 2, 326, 372, '200', 2, 1, NULL, '2026-01-13 14:58:19', '2026-01-13 14:58:19'),
(248, 2, 327, 372, '200', 2, 1, NULL, '2026-01-13 14:58:39', '2026-01-13 14:58:39'),
(249, 2, 328, 372, '200', 2, 1, NULL, '2026-01-13 14:59:24', '2026-01-13 14:59:24'),
(250, 2, 329, 372, '200', 2, 1, NULL, '2026-01-13 15:00:01', '2026-01-13 15:00:01'),
(251, 2, 330, 372, '200', 2, 1, NULL, '2026-01-13 15:00:50', '2026-01-13 15:00:50'),
(252, 2, 331, 372, '200', 2, 1, NULL, '2026-01-13 15:01:04', '2026-01-13 15:01:04'),
(253, 2, 332, 372, '200', 2, 1, NULL, '2026-01-13 15:01:17', '2026-01-13 15:01:17'),
(254, 2, 333, 372, '200', 2, 1, NULL, '2026-01-13 15:02:43', '2026-01-13 15:02:43'),
(255, 2, 334, 372, '200', 2, 1, NULL, '2026-01-13 15:02:59', '2026-01-13 15:02:59'),
(256, 2, 335, 372, '200', 2, 1, NULL, '2026-01-13 15:03:12', '2026-01-13 15:03:12'),
(257, 2, 336, 372, '200', 2, 1, NULL, '2026-01-13 15:03:59', '2026-01-13 15:03:59'),
(258, 2, 337, 372, '200', 2, 1, NULL, '2026-01-13 15:04:38', '2026-01-13 15:04:38'),
(259, 2, 338, 372, '200', 2, 1, NULL, '2026-01-13 15:05:02', '2026-01-13 15:05:02'),
(260, 2, 339, 372, '200', 2, 1, NULL, '2026-01-13 15:05:28', '2026-01-13 15:05:28'),
(261, 2, 340, 372, '200', 2, 1, NULL, '2026-01-13 15:05:44', '2026-01-13 15:05:44'),
(262, 2, 341, 372, '200', 2, 1, NULL, '2026-01-13 15:06:19', '2026-01-13 15:06:19'),
(263, 2, 342, 372, '200', 2, 1, NULL, '2026-01-13 15:07:12', '2026-01-13 15:07:12'),
(264, 2, 343, 372, '200', 2, 1, NULL, '2026-01-13 15:07:43', '2026-01-13 15:07:43'),
(265, 2, 344, 372, '200', 2, 1, NULL, '2026-01-13 15:07:58', '2026-01-13 15:07:58'),
(266, 2, 345, 372, '200', 2, 1, NULL, '2026-01-13 15:08:21', '2026-01-13 15:08:21'),
(267, 2, 346, 372, '200', 2, 1, NULL, '2026-01-13 15:08:38', '2026-01-13 15:08:38'),
(268, 2, 347, 372, '200', 2, 1, NULL, '2026-01-13 15:08:50', '2026-01-13 15:08:50'),
(269, 2, 348, 372, '200', 2, 1, NULL, '2026-01-13 15:09:32', '2026-01-13 15:09:32'),
(270, 2, 349, 372, '200', 2, 1, NULL, '2026-01-13 15:09:57', '2026-01-13 15:09:57'),
(271, 2, 350, 372, '200', 2, 1, NULL, '2026-01-13 15:10:30', '2026-01-13 15:10:30'),
(272, 2, 351, 372, '200', 2, 1, NULL, '2026-01-13 15:10:46', '2026-01-13 15:10:46'),
(273, 2, 352, 372, '200', 2, 1, NULL, '2026-01-13 15:11:09', '2026-01-13 15:11:09'),
(274, 2, 353, 372, '200', 2, 1, NULL, '2026-01-13 15:11:21', '2026-01-13 15:11:21'),
(275, 2, 354, 372, '200', 2, 1, NULL, '2026-01-13 15:11:34', '2026-01-13 15:11:34'),
(276, 2, 355, 372, '200', 2, 1, NULL, '2026-01-13 15:12:04', '2026-01-13 15:12:04'),
(277, 2, 356, 372, '200', 2, 1, NULL, '2026-01-13 15:12:32', '2026-01-13 15:12:32'),
(278, 2, 357, 372, '200', 2, 1, NULL, '2026-01-13 15:12:56', '2026-01-13 15:12:56'),
(279, 2, 358, 372, '200', 2, 1, NULL, '2026-01-13 15:13:43', '2026-01-13 15:13:43'),
(280, 2, 359, 372, '200', 2, 1, NULL, '2026-01-13 15:14:02', '2026-01-13 15:14:02'),
(282, 2, 361, 372, '200', 2, 1, NULL, '2026-01-13 15:14:36', '2026-01-13 15:14:36'),
(283, 2, 362, 372, '200', 2, 1, NULL, '2026-01-13 15:15:24', '2026-01-13 15:15:24'),
(284, 2, 363, 372, '200', 2, 1, NULL, '2026-01-13 15:15:37', '2026-01-13 15:15:37'),
(285, 2, 364, 372, '200', 2, 1, NULL, '2026-01-13 15:15:49', '2026-01-13 15:15:49'),
(286, 2, 365, 372, '200', 2, 1, NULL, '2026-01-13 15:16:02', '2026-01-13 15:16:02'),
(287, 2, 366, 372, '200', 2, 1, NULL, '2026-01-13 15:16:16', '2026-01-13 15:16:16'),
(288, 2, 367, 372, '200', 2, 1, NULL, '2026-01-13 15:17:13', '2026-01-13 15:17:13'),
(289, 2, 368, 372, '200', 2, 1, NULL, '2026-01-13 15:18:06', '2026-01-13 15:18:06'),
(290, 2, 369, 372, '200', 2, 1, NULL, '2026-01-13 15:18:36', '2026-01-13 15:18:36'),
(291, 2, 370, 372, '200', 2, 1, NULL, '2026-01-13 15:18:54', '2026-01-13 15:18:54'),
(292, 2, 371, 372, '200', 2, 1, NULL, '2026-01-13 15:19:46', '2026-01-13 15:19:46'),
(293, 2, 372, 372, '200', 2, 1, NULL, '2026-01-13 15:19:57', '2026-01-13 15:19:57'),
(294, 2, 373, 372, '200', 2, 1, NULL, '2026-01-13 15:20:11', '2026-01-13 15:20:11'),
(295, 2, 374, 372, '200', 2, 1, NULL, '2026-01-13 15:20:29', '2026-01-13 15:20:29'),
(296, 2, 375, 372, '200', 2, 1, NULL, '2026-01-13 15:20:40', '2026-01-13 15:20:40'),
(297, 2, 376, 372, '200', 2, 1, NULL, '2026-01-13 15:25:26', '2026-01-13 15:25:26'),
(298, 2, 377, 372, '200', 2, 1, NULL, '2026-01-13 15:25:40', '2026-01-13 15:25:40'),
(299, 2, 378, 372, '200', 2, 1, NULL, '2026-01-13 15:26:05', '2026-01-13 15:26:05'),
(300, 2, 379, 372, '200', 2, 1, NULL, '2026-01-13 15:27:04', '2026-01-13 15:27:04'),
(301, 2, 380, 372, '200', 2, 1, NULL, '2026-01-13 15:27:24', '2026-01-13 15:27:24'),
(302, 2, 381, 372, '200', 2, 1, NULL, '2026-01-13 15:28:59', '2026-01-13 15:28:59'),
(303, 2, 382, 372, '200', 2, 1, NULL, '2026-01-13 15:31:23', '2026-01-13 15:31:23'),
(304, 2, 383, 372, '200', 2, 1, NULL, '2026-01-13 15:31:37', '2026-01-13 15:31:37'),
(305, 2, 384, 372, '200', 2, 1, NULL, '2026-01-13 15:31:56', '2026-01-13 15:31:56'),
(306, 2, 385, 372, '200', 2, 1, NULL, '2026-01-13 15:32:16', '2026-01-13 15:32:16'),
(307, 2, 386, 372, '200', 2, 1, NULL, '2026-01-13 15:32:25', '2026-01-13 15:32:25'),
(308, 2, 387, 372, '200', 2, 1, NULL, '2026-01-13 15:35:07', '2026-01-13 15:35:07'),
(309, 2, 388, 372, '200', 2, 1, NULL, '2026-01-13 15:35:20', '2026-01-13 15:35:20'),
(310, 2, 389, 372, '200', 2, 1, NULL, '2026-01-13 15:35:35', '2026-01-13 15:35:35'),
(311, 2, 390, 372, '200', 2, 1, NULL, '2026-01-13 15:35:46', '2026-01-13 15:35:46'),
(312, 2, 391, 372, '200', 2, 1, NULL, '2026-01-13 15:36:29', '2026-01-13 15:36:29'),
(313, 2, 392, 372, '200', 2, 1, NULL, '2026-01-13 15:37:34', '2026-01-13 15:37:34'),
(314, 2, 393, 372, '200', 2, 1, NULL, '2026-01-13 15:37:49', '2026-01-13 15:37:49'),
(315, 2, 394, 372, '200', 2, 1, NULL, '2026-01-13 15:38:05', '2026-01-13 15:38:05'),
(316, 2, 395, 372, '200', 2, 1, NULL, '2026-01-13 15:38:18', '2026-01-13 15:38:18'),
(317, 2, 396, 372, '200', 2, 1, NULL, '2026-01-13 15:40:32', '2026-01-13 15:40:32'),
(318, 2, 397, 372, '200', 2, 1, NULL, '2026-01-13 15:41:08', '2026-01-13 15:41:08'),
(319, 2, 398, 372, '200', 2, 1, NULL, '2026-01-13 15:41:29', '2026-01-13 15:41:29'),
(320, 2, 399, 372, '200', 2, 1, NULL, '2026-01-13 15:42:25', '2026-01-13 15:42:25'),
(321, 2, 400, 372, '200', 2, 1, NULL, '2026-01-13 15:43:12', '2026-01-13 15:43:12'),
(322, 2, 401, 372, '200', 2, 1, NULL, '2026-01-13 15:43:26', '2026-01-13 15:43:26'),
(323, 2, 402, 372, '200', 2, 1, NULL, '2026-01-13 15:43:46', '2026-01-13 15:43:46'),
(324, 2, 403, 372, '200', 2, 1, NULL, '2026-01-13 15:44:09', '2026-01-13 15:44:09'),
(325, 2, 404, 372, '200', 2, 1, NULL, '2026-01-13 15:47:34', '2026-01-13 15:47:34'),
(326, 2, 405, 372, '200', 2, 1, NULL, '2026-01-13 15:47:59', '2026-01-13 15:47:59'),
(327, 2, 406, 372, '200', 2, 1, NULL, '2026-01-13 15:53:08', '2026-01-13 15:53:08'),
(328, 2, 407, 372, '200', 2, 1, NULL, '2026-01-13 15:53:41', '2026-01-13 15:53:41'),
(329, 2, 408, 372, '200', 2, 1, NULL, '2026-01-13 15:54:23', '2026-01-13 15:54:23'),
(330, 2, 409, 372, '200', 2, 1, NULL, '2026-01-13 15:55:09', '2026-01-13 15:55:09'),
(331, 2, 410, 372, '200', 2, 1, NULL, '2026-01-13 15:55:23', '2026-01-13 15:55:23'),
(332, 2, 411, 372, '200', 2, 1, NULL, '2026-01-13 15:55:51', '2026-01-13 15:55:51'),
(333, 2, 412, 372, '200', 2, 1, NULL, '2026-01-13 15:55:59', '2026-01-13 15:55:59'),
(334, 2, 413, 372, '200', 2, 1, NULL, '2026-01-13 15:56:13', '2026-01-13 15:56:13'),
(335, 2, 414, 372, '200', 2, 1, NULL, '2026-01-13 15:56:24', '2026-01-13 15:56:24'),
(336, 2, 415, 372, '200', 2, 1, NULL, '2026-01-13 15:57:27', '2026-01-13 15:57:27'),
(337, 2, 416, 372, '200', 2, 1, NULL, '2026-01-13 15:57:54', '2026-01-13 15:57:54'),
(338, 2, 417, 372, '200', 2, 1, NULL, '2026-01-13 15:58:08', '2026-01-13 15:58:08'),
(339, 2, 418, 372, '200', 2, 1, NULL, '2026-01-13 15:59:08', '2026-01-13 15:59:08'),
(340, 2, 419, 372, '200', 2, 1, NULL, '2026-01-13 15:59:46', '2026-01-13 15:59:46'),
(341, 2, 420, 372, '200', 2, 1, NULL, '2026-01-13 16:00:00', '2026-01-13 16:00:00'),
(342, 2, 421, 372, '200', 2, 1, NULL, '2026-01-13 16:00:21', '2026-01-13 16:00:21'),
(343, 2, 422, 372, '200', 2, 1, NULL, '2026-01-13 16:00:38', '2026-01-13 16:00:38'),
(344, 2, 423, 372, '200', 2, 1, NULL, '2026-01-13 16:01:22', '2026-01-13 16:01:22'),
(345, 2, 424, 372, '200', 2, 1, NULL, '2026-01-13 16:01:36', '2026-01-13 16:01:36'),
(346, 2, 425, 372, '200', 2, 1, NULL, '2026-01-13 16:02:40', '2026-01-13 16:02:40'),
(347, 2, 426, 372, '200', 2, 1, NULL, '2026-01-13 16:02:53', '2026-01-13 16:02:53');

-- --------------------------------------------------------

--
-- Table structure for table `clinic_specialists`
--

CREATE TABLE `clinic_specialists` (
  `id` bigint(20) UNSIGNED NOT NULL,
  `specialty_id` bigint(20) UNSIGNED NOT NULL,
  `clinic_id` bigint(20) UNSIGNED DEFAULT NULL,
  `type` int(11) NOT NULL DEFAULT 1 COMMENT '1 main specialists, 2 sub specialists',
  `status` tinyint(4) NOT NULL DEFAULT 1,
  `deleted_at` timestamp NULL DEFAULT NULL,
  `created_at` timestamp NULL DEFAULT NULL,
  `updated_at` timestamp NULL DEFAULT NULL
) ENGINE=InnoDB DEFAULT CHARSET=utf8mb4 COLLATE=utf8mb4_unicode_ci;

--
-- Dumping data for table `clinic_specialists`
--

INSERT INTO `clinic_specialists` (`id`, `specialty_id`, `clinic_id`, `type`, `status`, `deleted_at`, `created_at`, `updated_at`) VALUES
(12, 4, 10, 1, 1, NULL, '2022-08-10 16:20:48', '2022-08-10 16:20:48'),
(13, 4, 11, 1, 1, NULL, '2022-08-10 16:27:20', '2022-08-10 16:27:20'),
(14, 4, 12, 1, 1, NULL, '2022-08-10 16:29:48', '2022-08-10 16:29:48'),
(15, 4, 13, 1, 1, NULL, '2022-08-10 16:33:11', '2022-08-10 16:33:11'),
(19, 4, 21, 1, 1, NULL, '2022-08-14 06:19:59', '2022-08-14 06:19:59'),
(27, 2, 25, 1, 1, NULL, '2022-08-16 02:50:27', '2022-08-16 02:50:27'),
(28, 1, 25, 1, 1, NULL, '2022-08-16 02:50:27', '2022-08-16 02:50:27'),
(29, 4, 25, 1, 1, NULL, '2022-08-16 02:50:27', '2022-08-16 02:50:27'),
(30, 1, 26, 1, 1, NULL, '2022-08-16 22:32:24', '2022-08-16 22:32:24'),
(31, 2, 26, 1, 1, NULL, '2022-08-16 22:32:24', '2022-08-16 22:32:24'),
(32, 4, 26, 1, 1, NULL, '2022-08-16 22:32:24', '2022-08-16 22:32:24'),
(33, 1, 27, 1, 1, NULL, '2022-08-16 22:50:46', '2022-08-16 22:50:46'),
(37, 2, 31, 1, 1, NULL, '2022-08-16 22:58:29', '2022-08-16 22:58:29'),
(38, 4, 31, 1, 1, NULL, '2022-08-16 22:58:29', '2022-08-16 22:58:29'),
(42, 4, 40, 1, 1, NULL, '2022-08-20 00:59:54', '2022-08-20 00:59:54'),
(43, 8, 40, 2, 1, NULL, '2022-08-20 00:59:54', '2022-08-20 00:59:54'),
(50, 3, 1, 1, 0, NULL, '2022-09-05 05:53:17', '2023-05-25 05:59:05'),
(51, 4, 49, 1, 1, NULL, '2022-09-07 01:00:12', '2022-09-07 01:00:12'),
(53, 3, 21, 1, 1, NULL, '2022-12-12 01:22:24', '2022-12-12 01:22:24'),
(54, 1, 21, 1, 1, NULL, '2022-12-12 01:22:24', '2022-12-12 01:22:24'),
(55, 4, 1, 1, 1, NULL, '2022-12-12 01:22:45', '2022-12-12 01:22:45'),
(56, 8, 99, 1, 1, NULL, '2022-12-15 15:38:28', '2022-12-15 15:38:28'),
(57, 7, 99, 1, 1, NULL, '2022-12-15 15:38:28', '2022-12-15 15:38:28'),
(58, 8, 100, 1, 1, NULL, '2022-12-18 12:37:12', '2022-12-18 12:37:12'),
(59, 7, 100, 1, 1, NULL, '2022-12-18 12:37:12', '2022-12-18 12:37:12'),
(60, 6, 100, 1, 1, NULL, '2022-12-18 12:37:12', '2022-12-18 12:37:12'),
(61, 5, 101, 1, 1, NULL, '2022-12-18 12:39:55', '2022-12-18 12:39:55'),
(62, 1, 101, 1, 1, NULL, '2022-12-18 12:39:55', '2022-12-18 12:39:55'),
(64, 5, 102, 1, 1, NULL, '2022-12-18 12:44:11', '2022-12-18 12:44:11'),
(65, 4, 102, 1, 1, NULL, '2022-12-18 12:44:11', '2022-12-18 12:44:11'),
(66, 1, 102, 1, 1, NULL, '2022-12-18 12:44:11', '2022-12-18 12:44:11'),
(67, 8, 103, 1, 1, NULL, '2022-12-18 12:48:46', '2022-12-18 12:48:46'),
(68, 7, 103, 1, 1, NULL, '2022-12-18 12:48:46', '2022-12-18 12:48:46'),
(69, 5, 103, 1, 1, NULL, '2022-12-18 12:48:46', '2022-12-18 12:48:46'),
(70, 5, 104, 1, 1, NULL, '2022-12-18 12:51:05', '2022-12-18 12:51:05'),
(71, 1, 104, 1, 1, NULL, '2022-12-18 12:51:05', '2022-12-18 12:51:05'),
(72, 7, 105, 1, 1, NULL, '2022-12-18 13:07:38', '2022-12-18 13:07:38'),
(73, 6, 105, 1, 1, NULL, '2022-12-18 13:07:38', '2022-12-18 13:07:38'),
(74, 4, 105, 1, 1, NULL, '2022-12-18 13:07:38', '2022-12-18 13:07:38'),
(75, 3, 105, 1, 1, NULL, '2022-12-18 13:07:38', '2022-12-18 13:07:38'),
(76, 3, 1, 1, 0, NULL, '2022-12-19 04:36:24', '2023-05-25 05:58:51'),
(78, 3, 1, 1, 0, NULL, '2022-12-19 04:48:49', '2023-05-25 05:59:01'),
(79, 2, 1, 1, 0, NULL, '2022-12-19 05:10:46', '2023-05-25 05:58:42'),
(84, 1, 1, 1, 1, NULL, '2023-04-11 04:19:28', '2023-04-11 04:19:28'),
(85, 1, 112, 1, 1, NULL, '2023-04-12 17:19:16', '2023-04-12 17:19:16'),
(96, 8, 11, 2, 1, NULL, '2023-08-07 10:29:25', '2023-08-07 10:29:25'),
(121, 1, 155, 1, 1, NULL, '2023-10-30 21:21:42', '2023-10-30 21:21:42'),
(122, 5, 155, 2, 1, NULL, '2023-10-30 21:21:42', '2023-10-30 21:21:42'),
(173, 4, 210, 1, 1, NULL, '2024-07-19 12:54:00', '2024-07-19 12:54:00'),
(205, 3, 242, 1, 1, NULL, '2024-11-22 00:26:14', '2024-11-22 00:26:14'),
(206, 4, 243, 1, 1, NULL, '2024-11-22 00:28:39', '2024-11-22 00:28:39'),
(207, 1, 243, 1, 1, NULL, '2024-11-22 00:28:39', '2024-11-22 00:28:39'),
(208, 2, 244, 1, 1, NULL, '2024-11-22 00:29:39', '2024-11-22 00:29:39'),
(209, 4, 248, 1, 1, NULL, '2024-11-22 00:52:49', '2024-11-22 00:52:49'),
(210, 8, 248, 2, 1, NULL, '2024-11-22 00:52:49', '2024-11-22 00:52:49'),
(211, 4, 249, 1, 1, NULL, '2024-11-22 00:55:58', '2024-11-22 00:55:58'),
(212, 8, 249, 2, 1, NULL, '2024-11-22 00:55:58', '2024-11-22 00:55:58'),
(213, 2, 105, 1, 1, NULL, '2024-11-23 14:53:56', '2024-11-23 14:53:56'),
(215, 4, 241, 1, 1, NULL, '2024-11-23 15:18:56', '2024-11-23 15:18:56'),
(216, 1, 241, 1, 1, NULL, '2024-11-23 15:26:25', '2024-11-23 15:26:25'),
(217, 1, 250, 1, 1, NULL, '2024-11-23 15:28:04', '2024-11-23 15:28:04'),
(218, 5, 250, 2, 1, NULL, '2024-11-23 15:28:04', '2024-11-23 15:28:04'),
(219, 1, 253, 1, 1, NULL, '2024-11-23 20:00:18', '2024-11-23 20:00:18'),
(220, 5, 253, 2, 1, NULL, '2024-11-23 20:00:18', '2024-11-23 20:00:18'),
(221, 1, 254, 1, 1, NULL, '2024-11-23 20:01:31', '2024-11-23 20:01:31'),
(222, 5, 254, 2, 1, NULL, '2024-11-23 20:01:31', '2024-11-23 20:01:31'),
(223, 3, 255, 1, 1, NULL, '2024-11-23 20:23:51', '2024-11-23 20:23:51'),
(224, 7, 255, 2, 1, NULL, '2024-11-23 20:23:51', '2024-11-23 20:23:51'),
(225, 3, 256, 1, 1, NULL, '2024-11-23 20:24:28', '2024-11-23 20:24:28'),
(226, 7, 256, 2, 1, NULL, '2024-11-23 20:24:28', '2024-11-23 20:24:28'),
(227, 3, 257, 1, 1, NULL, '2024-11-23 20:25:05', '2024-11-23 20:25:05'),
(228, 7, 257, 2, 1, NULL, '2024-11-23 20:25:05', '2024-11-23 20:25:05'),
(229, 1, 261, 1, 1, NULL, '2024-11-23 20:35:05', '2024-11-23 20:35:05'),
(230, 5, 261, 2, 1, NULL, '2024-11-23 20:35:05', '2024-11-23 20:35:05'),
(231, 1, 262, 1, 1, NULL, '2024-11-23 20:35:58', '2024-11-23 20:35:58'),
(232, 5, 262, 2, 1, NULL, '2024-11-23 20:35:58', '2024-11-23 20:35:58'),
(233, 4, 263, 1, 1, NULL, '2024-11-23 20:36:28', '2024-11-23 20:36:28'),
(234, 8, 263, 2, 1, NULL, '2024-11-23 20:36:28', '2024-11-23 20:36:28'),
(235, 1, 264, 1, 1, NULL, '2024-11-23 20:37:08', '2024-11-23 20:37:08'),
(236, 5, 264, 2, 1, NULL, '2024-11-23 20:37:08', '2024-11-23 20:37:08'),
(237, 2, 267, 1, 1, NULL, '2024-11-23 20:45:48', '2024-11-23 20:45:48'),
(238, 6, 267, 2, 1, NULL, '2024-11-23 20:45:48', '2024-11-23 20:45:48'),
(239, 2, 268, 1, 1, NULL, '2024-11-23 20:46:14', '2024-11-23 20:46:14'),
(240, 6, 268, 2, 1, NULL, '2024-11-23 20:46:14', '2024-11-23 20:46:14'),
(241, 4, 244, 1, 1, NULL, '2024-11-23 20:48:45', '2024-11-23 20:48:45'),
(259, 1, 287, 1, 1, NULL, '2025-02-06 22:54:35', '2025-02-06 22:54:35'),
(260, 1, 288, 1, 1, NULL, '2025-02-06 22:55:43', '2025-02-06 22:55:43'),
(262, 4, 290, 1, 1, NULL, '2025-02-06 22:58:41', '2025-02-06 22:58:41'),
(263, 1, 290, 1, 1, NULL, '2025-02-06 22:58:41', '2025-02-06 22:58:41'),
(264, 1, 291, 1, 1, NULL, '2025-02-06 22:59:22', '2025-02-06 22:59:22'),
(265, 13, 242, 1, 1, NULL, '2025-02-06 23:00:50', '2025-02-06 23:00:50'),
(266, 2, 242, 1, 1, NULL, '2025-02-06 23:01:00', '2025-02-06 23:01:00'),
(267, 3, 292, 1, 1, NULL, '2025-02-06 23:02:23', '2025-02-06 23:02:23'),
(268, 2, 293, 1, 1, NULL, '2025-02-06 23:03:20', '2025-02-06 23:03:20'),
(269, 13, 294, 1, 1, NULL, '2025-02-06 23:04:13', '2025-02-06 23:04:13'),
(270, 2, 295, 1, 1, NULL, '2025-02-06 23:05:52', '2025-02-06 23:05:52'),
(271, 13, 296, 1, 1, NULL, '2025-02-06 23:08:18', '2025-02-06 23:08:18'),
(272, 1, 297, 1, 1, NULL, '2025-02-06 23:10:39', '2025-02-06 23:10:39'),
(273, 4, 298, 1, 1, NULL, '2025-02-06 23:11:23', '2025-02-06 23:11:23'),
(274, 1, 299, 1, 1, NULL, '2025-02-06 23:12:02', '2025-02-06 23:12:02'),
(275, 1, 300, 1, 1, NULL, '2025-02-06 23:12:37', '2025-02-06 23:12:37'),
(276, 4, 301, 1, 1, NULL, '2025-02-06 23:15:57', '2025-02-06 23:15:57'),
(277, 2, 302, 1, 1, NULL, '2025-02-06 23:17:30', '2025-02-06 23:17:30'),
(278, 2, 303, 1, 1, NULL, '2025-02-06 23:18:04', '2025-02-06 23:18:04'),
(279, 2, 304, 1, 1, NULL, '2025-02-06 23:19:07', '2025-02-06 23:19:07'),
(280, 2, 305, 1, 1, NULL, '2025-02-06 23:19:47', '2025-02-06 23:19:47'),
(281, 4, 306, 1, 1, NULL, '2025-02-06 23:20:52', '2025-02-06 23:20:52'),
(282, 2, 306, 1, 1, NULL, '2025-02-06 23:20:52', '2025-02-06 23:20:52'),
(284, 1, 308, 1, 1, NULL, '2025-02-09 11:13:31', '2025-02-09 11:13:31'),
(285, 13, 309, 1, 1, NULL, '2025-02-09 11:16:19', '2025-02-09 11:16:19'),
(286, 1, 310, 1, 1, NULL, '2025-02-09 11:18:19', '2025-02-09 11:18:19'),
(299, 1, 324, 1, 1, NULL, '2025-06-20 04:58:24', '2025-06-20 04:58:24'),
(300, 2, 325, 1, 1, NULL, '2025-06-20 11:33:48', '2025-06-20 11:33:48'),
(301, 3, 326, 1, 1, NULL, '2025-06-22 09:33:31', '2025-06-22 09:33:31'),
(302, 2, 327, 1, 1, NULL, '2025-06-22 12:46:19', '2025-06-22 12:46:19'),
(303, 1, 328, 1, 1, NULL, '2025-06-22 17:12:27', '2025-06-22 17:12:27'),
(304, 3, 329, 1, 1, NULL, '2025-06-23 17:35:03', '2025-06-23 17:35:03'),
(305, 5, 331, 1, 1, NULL, '2025-07-19 15:03:24', '2025-07-19 15:03:24'),
(306, 1, 331, 1, 1, NULL, '2025-07-19 15:03:24', '2025-07-19 15:03:24'),
(307, 1, 265, 1, 1, NULL, '2025-07-28 18:50:18', '2025-07-28 18:50:18'),
(310, 3, 336, 1, 1, NULL, '2025-11-16 10:10:04', '2025-11-16 10:10:04'),
(314, 1, 346, 1, 1, NULL, '2025-11-16 19:42:08', '2025-11-16 19:42:08'),
(315, 3, 1, 1, 1, NULL, '2025-11-17 21:19:38', '2025-11-17 21:19:38'),
(318, 13, 1, 1, 1, NULL, '2025-11-19 15:41:59', '2025-11-19 15:41:59'),
(319, 2, 353, 1, 1, NULL, '2025-11-29 17:16:21', '2025-11-29 17:16:21'),
(320, 1, 355, 1, 1, NULL, '2025-12-06 16:08:03', '2025-12-06 16:08:03'),
(323, 4, 360, 1, 1, NULL, '2025-12-16 08:52:29', '2025-12-16 08:52:29'),
(324, 1, 362, 1, 1, NULL, '2025-12-17 09:48:09', '2025-12-17 09:48:09'),
(325, 5, 362, 2, 1, NULL, '2025-12-17 09:48:09', '2025-12-17 09:48:09'),
(326, 1, 363, 1, 1, NULL, '2025-12-17 09:55:10', '2025-12-17 09:55:10'),
(327, 1, 364, 1, 1, NULL, '2025-12-17 10:00:10', '2025-12-17 10:00:10'),
(328, 1, 365, 1, 1, NULL, '2025-12-17 10:02:27', '2025-12-17 10:02:27'),
(329, 1, 366, 1, 1, NULL, '2025-12-17 10:04:44', '2025-12-17 10:04:44'),
(330, 1, 367, 1, 1, NULL, '2025-12-17 10:08:41', '2025-12-17 10:08:41'),
(331, 1, 368, 1, 1, NULL, '2025-12-17 10:10:59', '2025-12-17 10:10:59'),
(332, 1, 369, 1, 1, NULL, '2025-12-17 10:13:22', '2025-12-17 10:13:22'),
(333, 13, 2, 1, 1, NULL, '2025-12-17 12:11:40', '2025-12-17 12:11:40'),
(334, 13, 370, 1, 1, NULL, '2025-12-17 12:14:08', '2025-12-17 12:14:08'),
(335, 13, 371, 1, 1, NULL, '2025-12-17 12:23:38', '2025-12-17 12:23:38'),
(336, 13, 372, 1, 1, NULL, '2025-12-17 12:28:45', '2025-12-17 12:28:45'),
(337, 13, 373, 1, 1, NULL, '2025-12-17 12:30:34', '2025-12-17 12:30:34'),
(338, 13, 374, 1, 1, NULL, '2025-12-17 13:36:33', '2025-12-17 13:36:33'),
(339, 13, 375, 1, 1, NULL, '2025-12-18 12:17:50', '2025-12-18 12:17:50'),
(340, 13, 376, 1, 1, NULL, '2025-12-20 15:17:40', '2025-12-20 15:17:40'),
(341, 13, 377, 1, 1, NULL, '2025-12-27 12:28:35', '2025-12-27 12:28:35'),
(342, 13, 378, 1, 1, NULL, '2025-12-27 12:47:36', '2025-12-27 12:47:36'),
(343, 13, 379, 1, 1, NULL, '2025-12-30 11:42:02', '2025-12-30 11:42:02'),
(344, 2, 2, 1, 1, NULL, '2025-12-31 13:12:30', '2025-12-31 13:12:30'),
(345, 1, 2, 1, 1, NULL, '2026-01-10 13:59:15', '2026-01-10 13:59:15'),
(346, 103, 2, 1, 1, NULL, '2026-01-10 13:59:30', '2026-01-10 13:59:30'),
(347, 93, 2, 1, 1, NULL, '2026-01-10 13:59:35', '2026-01-10 13:59:35'),
(348, 53, 2, 1, 1, NULL, '2026-01-10 13:59:42', '2026-01-10 13:59:42'),
(349, 45, 2, 1, 1, NULL, '2026-01-10 13:59:47', '2026-01-10 13:59:47'),
(350, 85, 2, 1, 1, NULL, '2026-01-10 13:59:52', '2026-01-10 13:59:52'),
(351, 62, 2, 1, 1, NULL, '2026-01-10 13:59:59', '2026-01-10 13:59:59'),
(352, 4, 2, 1, 1, NULL, '2026-01-10 14:00:05', '2026-01-10 14:00:05'),
(353, 69, 2, 1, 1, NULL, '2026-01-10 14:00:10', '2026-01-10 14:00:10'),
(354, 29, 2, 1, 1, NULL, '2026-01-10 14:00:13', '2026-01-10 14:00:13'),
(355, 3, 2, 1, 1, NULL, '2026-01-10 14:00:17', '2026-01-10 14:00:17'),
(356, 2, 381, 1, 1, NULL, '2026-01-10 14:11:36', '2026-01-10 14:11:36'),
(357, 122, 381, 2, 1, NULL, '2026-01-10 14:11:36', '2026-01-10 14:11:36'),
(358, 6, 381, 2, 1, NULL, '2026-01-10 14:11:36', '2026-01-10 14:11:36'),
(359, 4, 382, 1, 1, NULL, '2026-01-10 14:13:36', '2026-01-10 14:13:36'),
(360, 38, 382, 2, 1, NULL, '2026-01-10 14:13:36', '2026-01-10 14:13:36'),
(361, 8, 382, 2, 1, NULL, '2026-01-10 14:13:36', '2026-01-10 14:13:36'),
(362, 3, 383, 1, 1, NULL, '2026-01-10 14:15:32', '2026-01-10 14:15:32'),
(363, 49, 383, 2, 1, NULL, '2026-01-10 14:15:32', '2026-01-10 14:15:32'),
(364, 48, 383, 2, 1, NULL, '2026-01-10 14:15:32', '2026-01-10 14:15:32'),
(365, 103, 384, 1, 1, NULL, '2026-01-10 14:16:18', '2026-01-10 14:16:18'),
(366, 111, 384, 2, 1, NULL, '2026-01-10 14:16:18', '2026-01-10 14:16:18'),
(367, 69, 385, 1, 1, NULL, '2026-01-10 14:17:07', '2026-01-10 14:17:07'),
(368, 81, 385, 2, 1, NULL, '2026-01-10 14:17:07', '2026-01-10 14:17:07'),
(369, 45, 386, 1, 1, NULL, '2026-01-10 14:18:19', '2026-01-10 14:18:19'),
(370, 47, 386, 2, 1, NULL, '2026-01-10 14:18:19', '2026-01-10 14:18:19'),
(371, 46, 386, 2, 1, NULL, '2026-01-10 14:18:19', '2026-01-10 14:18:19'),
(372, 1, 387, 1, 1, NULL, '2026-01-10 14:20:01', '2026-01-10 14:20:01'),
(373, 44, 387, 2, 1, NULL, '2026-01-10 14:20:01', '2026-01-10 14:20:01'),
(374, 43, 387, 2, 1, NULL, '2026-01-10 14:20:01', '2026-01-10 14:20:01'),
(375, 42, 387, 2, 1, NULL, '2026-01-10 14:20:01', '2026-01-10 14:20:01'),
(376, 41, 387, 2, 1, NULL, '2026-01-10 14:20:01', '2026-01-10 14:20:01'),
(377, 5, 387, 2, 1, NULL, '2026-01-10 14:20:01', '2026-01-10 14:20:01'),
(378, 2, 388, 1, 1, NULL, '2026-01-10 14:36:09', '2026-01-10 14:36:09'),
(379, 130, 388, 2, 1, NULL, '2026-01-10 14:36:09', '2026-01-10 14:36:09'),
(380, 125, 388, 2, 1, NULL, '2026-01-10 14:36:09', '2026-01-10 14:36:09'),
(381, 2, 389, 1, 1, NULL, '2026-01-10 14:38:13', '2026-01-10 14:38:13'),
(382, 129, 389, 2, 1, NULL, '2026-01-10 14:38:13', '2026-01-10 14:38:13'),
(383, 123, 389, 2, 1, NULL, '2026-01-10 14:38:13', '2026-01-10 14:38:13'),
(384, 2, 390, 1, 1, NULL, '2026-01-10 14:39:09', '2026-01-10 14:39:09'),
(385, 127, 390, 2, 1, NULL, '2026-01-10 14:39:09', '2026-01-10 14:39:09'),
(386, 126, 390, 2, 1, NULL, '2026-01-10 14:39:09', '2026-01-10 14:39:09'),
(387, 2, 391, 1, 1, NULL, '2026-01-10 14:40:20', '2026-01-10 14:40:20'),
(388, 128, 391, 2, 1, NULL, '2026-01-10 14:40:20', '2026-01-10 14:40:20'),
(389, 121, 391, 2, 1, NULL, '2026-01-10 14:40:20', '2026-01-10 14:40:20'),
(390, 103, 392, 1, 1, NULL, '2026-01-10 14:49:54', '2026-01-10 14:49:54'),
(391, 120, 392, 2, 1, NULL, '2026-01-10 14:49:54', '2026-01-10 14:49:54'),
(392, 103, 393, 1, 1, NULL, '2026-01-10 14:50:49', '2026-01-10 14:50:49'),
(393, 107, 393, 2, 1, NULL, '2026-01-10 14:50:49', '2026-01-10 14:50:49'),
(394, 103, 394, 1, 1, NULL, '2026-01-10 14:51:56', '2026-01-10 14:51:56'),
(395, 109, 394, 2, 1, NULL, '2026-01-10 14:51:56', '2026-01-10 14:51:56'),
(396, 103, 395, 1, 1, NULL, '2026-01-10 14:53:10', '2026-01-10 14:53:10'),
(397, 108, 395, 2, 1, NULL, '2026-01-10 14:53:10', '2026-01-10 14:53:10'),
(398, 85, 396, 1, 1, NULL, '2026-01-10 14:55:38', '2026-01-10 14:55:38'),
(399, 86, 396, 2, 1, NULL, '2026-01-10 14:55:38', '2026-01-10 14:55:38'),
(400, 85, 397, 1, 1, NULL, '2026-01-10 14:56:27', '2026-01-10 14:56:27'),
(401, 87, 397, 2, 1, NULL, '2026-01-10 14:56:27', '2026-01-10 14:56:27'),
(402, 85, 398, 1, 1, NULL, '2026-01-10 14:57:55', '2026-01-10 14:57:55'),
(403, 88, 398, 2, 1, NULL, '2026-01-10 14:57:55', '2026-01-10 14:57:55'),
(404, 85, 399, 1, 1, NULL, '2026-01-10 14:58:59', '2026-01-10 14:58:59'),
(405, 89, 399, 2, 1, NULL, '2026-01-10 14:58:59', '2026-01-10 14:58:59'),
(406, 85, 400, 1, 1, NULL, '2026-01-10 15:00:08', '2026-01-10 15:00:08'),
(407, 91, 400, 2, 1, NULL, '2026-01-10 15:00:08', '2026-01-10 15:00:08'),
(408, 90, 400, 2, 1, NULL, '2026-01-10 15:00:08', '2026-01-10 15:00:08'),
(409, 62, 401, 1, 1, NULL, '2026-01-10 15:02:19', '2026-01-10 15:02:19'),
(410, 68, 401, 2, 1, NULL, '2026-01-10 15:02:19', '2026-01-10 15:02:19'),
(411, 62, 402, 1, 1, NULL, '2026-01-10 15:02:59', '2026-01-10 15:02:59'),
(412, 64, 402, 2, 1, NULL, '2026-01-10 15:02:59', '2026-01-10 15:02:59'),
(413, 62, 403, 1, 1, NULL, '2026-01-10 15:05:58', '2026-01-10 15:05:58'),
(414, 66, 403, 2, 1, NULL, '2026-01-10 15:05:58', '2026-01-10 15:05:58'),
(415, 62, 404, 1, 1, NULL, '2026-01-10 15:07:15', '2026-01-10 15:07:15'),
(416, 65, 404, 2, 1, NULL, '2026-01-10 15:07:15', '2026-01-10 15:07:15'),
(417, 62, 405, 1, 1, NULL, '2026-01-10 15:09:19', '2026-01-10 15:09:19'),
(418, 67, 405, 2, 1, NULL, '2026-01-10 15:09:19', '2026-01-10 15:09:19'),
(419, 93, 406, 1, 1, NULL, '2026-01-10 15:12:17', '2026-01-10 15:12:17'),
(420, 94, 406, 2, 1, NULL, '2026-01-10 15:12:17', '2026-01-10 15:12:17'),
(421, 93, 407, 1, 1, NULL, '2026-01-10 15:12:53', '2026-01-10 15:12:53'),
(422, 97, 407, 2, 1, NULL, '2026-01-10 15:12:53', '2026-01-10 15:12:53'),
(423, 96, 407, 2, 1, NULL, '2026-01-10 15:12:53', '2026-01-10 15:12:53'),
(424, 93, 408, 1, 1, NULL, '2026-01-10 15:13:49', '2026-01-10 15:13:49'),
(425, 100, 408, 2, 1, NULL, '2026-01-10 15:13:49', '2026-01-10 15:13:49'),
(426, 99, 408, 2, 1, NULL, '2026-01-10 15:13:49', '2026-01-10 15:13:49'),
(427, 93, 409, 1, 1, NULL, '2026-01-10 15:14:34', '2026-01-10 15:14:34'),
(428, 101, 409, 2, 1, NULL, '2026-01-10 15:14:34', '2026-01-10 15:14:34'),
(429, 95, 409, 2, 1, NULL, '2026-01-10 15:14:34', '2026-01-10 15:14:34'),
(430, 69, 410, 1, 1, NULL, '2026-01-10 15:21:56', '2026-01-10 15:21:56'),
(431, 81, 410, 2, 1, NULL, '2026-01-10 15:21:56', '2026-01-10 15:21:56'),
(432, 69, 411, 1, 1, NULL, '2026-01-10 15:23:29', '2026-01-10 15:23:29'),
(433, 72, 411, 2, 1, NULL, '2026-01-10 15:23:29', '2026-01-10 15:23:29'),
(434, 71, 411, 2, 1, NULL, '2026-01-10 15:23:29', '2026-01-10 15:23:29'),
(435, 69, 412, 1, 1, NULL, '2026-01-10 15:24:17', '2026-01-10 15:24:17'),
(436, 77, 412, 2, 1, NULL, '2026-01-10 15:24:17', '2026-01-10 15:24:17'),
(437, 69, 413, 1, 1, NULL, '2026-01-10 15:26:15', '2026-01-10 15:26:15'),
(438, 77, 413, 2, 1, NULL, '2026-01-10 15:26:15', '2026-01-10 15:26:15'),
(439, 69, 414, 1, 1, NULL, '2026-01-10 15:28:37', '2026-01-10 15:28:37'),
(440, 79, 414, 2, 1, NULL, '2026-01-10 15:28:37', '2026-01-10 15:28:37'),
(441, 1, 415, 1, 1, NULL, '2026-01-10 15:31:58', '2026-01-10 15:31:58'),
(442, 40, 415, 2, 1, NULL, '2026-01-10 15:31:58', '2026-01-10 15:31:58'),
(443, 5, 415, 2, 1, NULL, '2026-01-10 15:31:58', '2026-01-10 15:31:58'),
(444, 1, 416, 1, 1, NULL, '2026-01-10 15:33:50', '2026-01-10 15:33:50'),
(445, 42, 416, 2, 1, NULL, '2026-01-10 15:33:50', '2026-01-10 15:33:50'),
(446, 1, 417, 1, 1, NULL, '2026-01-10 15:34:31', '2026-01-10 15:34:31'),
(447, 43, 417, 2, 1, NULL, '2026-01-10 15:34:31', '2026-01-10 15:34:31'),
(448, 1, 418, 1, 1, NULL, '2026-01-10 15:35:18', '2026-01-10 15:35:18'),
(449, 44, 418, 2, 1, NULL, '2026-01-10 15:35:18', '2026-01-10 15:35:18'),
(450, 53, 419, 1, 1, NULL, '2026-01-10 15:37:10', '2026-01-10 15:37:10'),
(451, 55, 419, 2, 1, NULL, '2026-01-10 15:37:10', '2026-01-10 15:37:10'),
(452, 53, 420, 1, 1, NULL, '2026-01-10 15:38:18', '2026-01-10 15:38:18'),
(453, 56, 420, 2, 1, NULL, '2026-01-10 15:38:18', '2026-01-10 15:38:18'),
(454, 53, 421, 1, 1, NULL, '2026-01-10 15:39:26', '2026-01-10 15:39:26'),
(455, 58, 421, 2, 1, NULL, '2026-01-10 15:39:26', '2026-01-10 15:39:26'),
(456, 53, 422, 1, 1, NULL, '2026-01-10 15:40:53', '2026-01-10 15:40:53'),
(457, 59, 422, 2, 1, NULL, '2026-01-10 15:40:53', '2026-01-10 15:40:53'),
(458, 57, 422, 2, 1, NULL, '2026-01-10 15:40:53', '2026-01-10 15:40:53'),
(459, 29, 423, 1, 1, NULL, '2026-01-10 15:45:36', '2026-01-10 15:45:36'),
(460, 30, 423, 2, 1, NULL, '2026-01-10 15:45:36', '2026-01-10 15:45:36'),
(461, 29, 424, 1, 1, NULL, '2026-01-10 15:46:20', '2026-01-10 15:46:20'),
(462, 31, 424, 2, 1, NULL, '2026-01-10 15:46:20', '2026-01-10 15:46:20'),
(463, 29, 425, 1, 1, NULL, '2026-01-10 15:47:12', '2026-01-10 15:47:12'),
(464, 34, 425, 2, 1, NULL, '2026-01-10 15:47:12', '2026-01-10 15:47:12'),
(465, 29, 426, 1, 1, NULL, '2026-01-10 15:48:06', '2026-01-10 15:48:06'),
(466, 36, 426, 2, 1, NULL, '2026-01-10 15:48:06', '2026-01-10 15:48:06'),
(467, 29, 427, 1, 1, NULL, '2026-01-10 15:48:43', '2026-01-10 15:48:43'),
(468, 33, 427, 2, 1, NULL, '2026-01-10 15:48:43', '2026-01-10 15:48:43'),
(471, 13, 429, 1, 1, NULL, '2026-01-10 15:52:24', '2026-01-10 15:52:24'),
(472, 21, 429, 2, 1, NULL, '2026-01-10 15:52:24', '2026-01-10 15:52:24'),
(473, 13, 430, 1, 1, NULL, '2026-01-10 15:53:10', '2026-01-10 15:53:10'),
(474, 23, 430, 2, 1, NULL, '2026-01-10 15:53:10', '2026-01-10 15:53:10'),
(475, 13, 431, 1, 1, NULL, '2026-01-10 15:54:16', '2026-01-10 15:54:16'),
(476, 25, 431, 2, 1, NULL, '2026-01-10 15:54:16', '2026-01-10 15:54:16'),
(477, 24, 431, 2, 1, NULL, '2026-01-10 15:54:16', '2026-01-10 15:54:16'),
(478, 13, 432, 1, 1, NULL, '2026-01-10 15:57:16', '2026-01-10 15:57:16'),
(479, 26, 432, 2, 1, NULL, '2026-01-10 15:57:16', '2026-01-10 15:57:16'),
(480, 3, 433, 1, 1, NULL, '2026-01-10 16:00:26', '2026-01-10 16:00:26'),
(481, 7, 433, 2, 1, NULL, '2026-01-10 16:00:26', '2026-01-10 16:00:26'),
(482, 3, 434, 1, 1, NULL, '2026-01-10 16:01:21', '2026-01-10 16:01:21'),
(483, 50, 434, 2, 1, NULL, '2026-01-10 16:01:21', '2026-01-10 16:01:21'),
(484, 3, 435, 1, 1, NULL, '2026-01-10 16:02:15', '2026-01-10 16:02:15'),
(485, 51, 435, 2, 1, NULL, '2026-01-10 16:02:15', '2026-01-10 16:02:15'),
(486, 3, 436, 1, 1, NULL, '2026-01-10 16:02:59', '2026-01-10 16:02:59'),
(487, 52, 436, 2, 1, NULL, '2026-01-10 16:02:59', '2026-01-10 16:02:59'),
(488, 45, 437, 1, 1, NULL, '2026-01-10 16:09:14', '2026-01-10 16:09:14'),
(489, 46, 437, 2, 1, NULL, '2026-01-10 16:09:14', '2026-01-10 16:09:14'),
(490, 45, 438, 1, 1, NULL, '2026-01-10 16:09:58', '2026-01-10 16:09:58'),
(491, 47, 438, 2, 1, NULL, '2026-01-10 16:09:58', '2026-01-10 16:09:58'),
(492, 45, 439, 1, 1, NULL, '2026-01-10 16:10:39', '2026-01-10 16:10:39'),
(493, 131, 439, 2, 1, NULL, '2026-01-10 16:10:39', '2026-01-10 16:10:39'),
(494, 45, 440, 1, 1, NULL, '2026-01-10 16:11:36', '2026-01-10 16:11:36'),
(495, 132, 440, 2, 1, NULL, '2026-01-10 16:11:36', '2026-01-10 16:11:36'),
(496, 45, 441, 1, 1, NULL, '2026-01-10 16:12:22', '2026-01-10 16:12:22'),
(497, 133, 441, 2, 1, NULL, '2026-01-10 16:12:23', '2026-01-10 16:12:23'),
(498, 135, 2, 1, 1, NULL, '2026-01-10 16:21:57', '2026-01-10 16:21:57'),
(499, 135, 442, 1, 1, NULL, '2026-01-10 16:23:02', '2026-01-10 16:23:02'),
(500, 136, 442, 2, 1, NULL, '2026-01-10 16:23:02', '2026-01-10 16:23:02'),
(501, 135, 443, 1, 1, NULL, '2026-01-10 16:23:39', '2026-01-10 16:23:39'),
(502, 138, 443, 2, 1, NULL, '2026-01-10 16:23:39', '2026-01-10 16:23:39'),
(503, 135, 444, 1, 1, NULL, '2026-01-10 16:24:20', '2026-01-10 16:24:20'),
(504, 139, 444, 2, 1, NULL, '2026-01-10 16:24:20', '2026-01-10 16:24:20'),
(505, 135, 445, 1, 1, NULL, '2026-01-10 16:25:10', '2026-01-10 16:25:10'),
(506, 137, 445, 2, 1, NULL, '2026-01-10 16:25:10', '2026-01-10 16:25:10'),
(507, 4, 446, 1, 1, NULL, '2026-01-10 16:26:16', '2026-01-10 16:26:16'),
(508, 8, 446, 2, 1, NULL, '2026-01-10 16:26:16', '2026-01-10 16:26:16'),
(509, 4, 447, 1, 1, NULL, '2026-01-10 16:27:34', '2026-01-10 16:27:34'),
(510, 39, 447, 2, 1, NULL, '2026-01-10 16:27:34', '2026-01-10 16:27:34'),
(511, 29, 448, 1, 1, NULL, '2026-01-13 03:43:50', '2026-01-13 03:43:50'),
(512, 45, 449, 1, 1, NULL, '2026-01-24 23:06:32', '2026-01-24 23:06:32');

-- --------------------------------------------------------

--
-- Table structure for table `complaint_boxes`
--

CREATE TABLE `complaint_boxes` (
  `id` bigint(20) UNSIGNED NOT NULL,
  `user_id` bigint(20) UNSIGNED NOT NULL,
  `clinic_id` bigint(20) UNSIGNED DEFAULT NULL,
  `image` varchar(255) DEFAULT NULL,
  `complain` longtext NOT NULL,
  `reply` longtext DEFAULT NULL,
  `type` int(11) NOT NULL DEFAULT 1 COMMENT 'type 1 send complain to clinic type 2 send complain to admin type 3 send complain to doctors type 4 chat',
  `created_at` timestamp NULL DEFAULT NULL,
  `updated_at` timestamp NULL DEFAULT NULL
) ENGINE=InnoDB DEFAULT CHARSET=utf8mb4 COLLATE=utf8mb4_unicode_ci;

--
-- Dumping data for table `complaint_boxes`
--

INSERT INTO `complaint_boxes` (`id`, `user_id`, `clinic_id`, `image`, `complain`, `reply`, `type`, `created_at`, `updated_at`) VALUES
(1, 1, 1, NULL, 'Lorem Ipsum is simply dummy text of the printing and typesetting industry. Lorem Ipsum has been the industry\'s standard dummy text ever since the 1500s, when an unknown printer took a galley of type and scrambled it to make a type specimen book. It has survived not only five centuries, but also the leap into electronic typesetting, remaining essentially unchanged. It was popularised in the 1960s with the release of Letraset sheets containing Lorem Ipsum passages, and more recently with desktop publishing software like Aldus PageMaker including versions of Lorem Ipsum', 'Test reply', 1, '2022-07-12 12:29:50', '2022-08-25 01:06:56'),
(2, 1, 1, NULL, 'Lorem Ipsum is simply dummy text of the printing and typesetting industry. Lorem Ipsum has been the industry\'s standard dummy text ever since the 1500s, when an unknown printer took a galley of type and scrambled it to make a type specimen book. It has survived not only five centuries, but also the leap into electronic typesetting, remaining essentially unchanged. It was popularised in the 1960s with the release of Letraset sheets containing Lorem Ipsum passages, and more recently with desktop publishing software like Aldus PageMaker including versions of Lorem Ipsum', 'shasjh akshas\nas\nas\nas\nas\nas', 1, '2022-07-12 12:29:50', '2022-08-20 01:47:28'),
(3, 2, 1, NULL, 'send ask to docto', NULL, 1, '2022-09-25 00:05:55', '2022-09-25 00:05:55'),
(4, 2, 1, NULL, 'send complain', NULL, 1, '2022-09-25 00:14:07', '2022-09-25 00:14:07'),
(5, 2, 1, NULL, 'send complain', NULL, 1, '2022-09-26 17:10:57', '2022-09-26 17:10:57'),
(6, 2, 1, NULL, 'send complain', NULL, 1, '2022-09-26 17:50:59', '2022-09-26 17:50:59'),
(8, 11, NULL, NULL, 'send complain to admin', NULL, 1, '2022-10-16 23:40:30', '2022-10-16 23:40:30'),
(9, 2, NULL, NULL, 'تجربة شكوى', NULL, 1, '2022-10-20 03:23:04', '2022-10-20 03:23:04'),
(10, 2, NULL, NULL, 'تجربة شكوى', NULL, 1, '2022-10-20 03:24:05', '2022-10-20 03:24:05'),
(11, 2, NULL, '/tmp/phpqtq2sx', 'تجربة بصورة', NULL, 1, '2022-10-20 03:26:02', '2022-10-20 03:26:02'),
(12, 2, NULL, '/tmp/phpk09Cru', 'test complain', NULL, 1, '2022-10-23 05:49:53', '2022-10-23 05:49:53'),
(13, 2, 1, NULL, 'send ask to docto', 'h', 1, '2022-10-27 03:09:16', '2022-12-12 00:16:25'),
(14, 2, 11, NULL, 'question', 'test', 1, '2022-10-27 03:15:33', '2023-08-11 19:28:29'),
(15, 2, 40, NULL, 'test', NULL, 1, '2022-10-27 03:16:30', '2022-10-27 03:16:30'),
(17, 2, NULL, NULL, 'test complain', 'test reply', 1, '2022-10-27 03:32:43', '2023-04-04 05:42:24'),
(18, 2, 1, '/tmp/phpPH2Bjm', 'test with image', 'ok', 1, '2022-10-27 03:33:06', '2022-12-12 00:58:13'),
(19, 15, 1, '/tmp/phpQrzkBv', 'hi', 'اوك', 1, '2022-10-27 13:13:15', '2025-11-19 16:03:21'),
(20, 15, 40, NULL, 'hi doctor', NULL, 1, '2022-10-27 13:13:30', '2022-10-27 13:13:30'),
(22, 15, NULL, '/tmp/phpYK4FJJ', 'test message', NULL, 1, '2022-10-27 13:14:57', '2022-10-27 13:14:57'),
(23, 15, NULL, '/tmp/phpau4Nlv', 'test for message', NULL, 1, '2022-10-27 22:54:31', '2022-10-27 22:54:31'),
(24, 15, 11, NULL, 'hi doc.', 'hi', 1, '2022-10-27 22:56:11', '2023-08-11 19:29:30'),
(25, 2, 2, '/tmp/phpS9UgDS', 'ض', NULL, 1, '2022-10-28 15:40:40', '2022-10-28 15:40:40'),
(26, 10, 1, '/tmp/phpZ42UkH', 'السلام عليكم \nالرجاء ارسال هذه الشكوى للتاكد من وصولها لقواعد البيانات \n\nمدير العيادات', 'نشكرك على التواصل وسوف يتم اتخاذ اجراء  وابلاغك بالتفاصيل', 1, '2022-10-28 16:18:11', '2023-04-29 12:43:47'),
(27, 10, NULL, '/tmp/phpgBhO9M', 'تجربة ارسال شكوى لمدير التطبيق', NULL, 1, '2022-10-28 16:19:25', '2022-10-28 16:19:25'),
(28, 15, 11, NULL, 'hi', 'welcome', 1, '2022-11-15 20:21:23', '2023-08-07 10:25:26'),
(29, 2, 43, NULL, 'لا يمكننني الحجز', NULL, 1, '2022-12-12 18:44:39', '2022-12-12 18:44:39'),
(30, 4, NULL, '/tmp/php6EsmMW', 'hi', NULL, 1, '2023-02-11 16:52:42', '2023-02-11 16:52:42'),
(31, 4, 43, NULL, 'hiiiii', NULL, 1, '2023-02-11 16:52:56', '2023-02-11 16:52:56'),
(32, 4, 43, NULL, 'hi doctor', NULL, 1, '2023-03-19 16:51:45', '2023-03-19 16:51:45'),
(33, 4, NULL, NULL, 'test', NULL, 1, '2023-03-19 16:54:23', '2023-03-19 16:54:23'),
(34, 4, 58, '/tmp/phpEWSJkf', 'test2', NULL, 1, '2023-03-19 16:55:15', '2023-03-19 16:55:15'),
(35, 4, 58, '/tmp/phpoB4SiN', 'test3', NULL, 1, '2023-03-19 16:55:42', '2023-03-19 16:55:42'),
(36, 4, NULL, '/tmp/phpj72BFv', 'admin complain', NULL, 1, '2023-03-19 17:02:12', '2023-03-19 17:02:12'),
(37, 2, 1, '/tmp/phpHRWlkO', 'test complain', 'Test reply', 1, '2023-05-02 08:50:14', '2023-05-02 08:51:26'),
(38, 10, 1, '/tmp/phpVhGsO4', 'new test \n.\n\n\n\n\n\n.\n\nend', 'REPLY ON TEST \r\n\r\n\r\n\r\n\r\nTHANK YOU', 1, '2023-05-02 15:27:29', '2023-05-02 15:43:42'),
(39, 10, 1, '/tmp/phpUlGH7F', 'test new', 'we will take action for this\r\n\r\nthank you for contact us', 1, '2023-05-25 06:00:20', '2023-05-25 06:01:28'),
(40, 2, 155, NULL, 'استفسار', '؟؟', 1, '2023-11-10 01:49:28', '2023-11-10 01:50:19'),
(41, 2, 11, NULL, 'تيست', NULL, 1, '2023-11-10 02:12:39', '2023-11-10 02:12:39'),
(42, 2, 11, NULL, 'تيست', NULL, 1, '2023-11-10 02:18:20', '2023-11-10 02:18:20'),
(43, 4, 11, NULL, 'تيست', NULL, 1, '2023-11-11 12:27:23', '2023-11-11 12:27:23'),
(44, 5, NULL, NULL, 'test test', NULL, 1, '2023-12-15 04:07:37', '2023-12-15 04:07:37'),
(45, 4, 155, NULL, 'plz contact us', NULL, 1, '2023-12-29 14:39:35', '2023-12-29 14:39:35'),
(46, 4, 1, '17038574228059.jpg', 'contact with me', 'تمام', 1, '2023-12-29 14:43:42', '2025-11-16 13:59:46'),
(47, 4, NULL, NULL, 'welcome 🤗🤗', NULL, 1, '2023-12-29 14:44:42', '2023-12-29 14:44:42'),
(48, 4, NULL, NULL, 'qas', NULL, 1, '2023-12-29 14:46:10', '2023-12-29 14:46:10'),
(49, 4, 1, NULL, 'send complain', 'تيست', 1, '2023-12-29 14:51:05', '2025-11-16 12:31:07'),
(50, 4, 1, NULL, 'send complain', 'تيست', 1, '2023-12-29 14:51:16', '2025-11-16 10:18:30'),
(51, 4, NULL, NULL, 'twgg', NULL, 1, '2023-12-29 14:53:23', '2023-12-29 14:53:23'),
(52, 5, NULL, NULL, 'تيست', NULL, 1, '2023-12-29 22:04:44', '2023-12-29 22:04:44'),
(53, 5, NULL, NULL, 'test', NULL, 1, '2024-01-12 02:52:16', '2024-01-12 02:52:16'),
(54, 10, 11, NULL, 'السلام عليكم \nتم ارسال نص لاختبار chat \n\n\n\n\nوايضا التنسيق', 'تم', 1, '2024-05-06 07:07:47', '2025-02-28 15:46:09'),
(55, 2, NULL, NULL, 'مرحبا', NULL, 1, '2025-01-26 08:48:53', '2025-01-26 08:48:53'),
(56, 2, 112, NULL, 'مرحبا', NULL, 1, '2025-01-28 04:53:46', '2025-01-28 04:53:46'),
(57, 2, 11, NULL, 'مرحبا', NULL, 1, '2025-01-29 11:32:24', '2025-01-29 11:32:24'),
(58, 2, 102, '17381503773190.jpg', 'hallo', NULL, 1, '2025-01-29 11:32:57', '2025-01-29 11:32:57'),
(59, 2, 112, NULL, 'test 30/1/2024', 'reply message thanks', 1, '2025-01-30 06:57:36', '2025-07-05 09:03:44'),
(61, 3, 255, NULL, 'ماؤنفؤماردتؤ', NULL, 1, '2025-07-23 15:01:47', '2025-07-23 15:01:47'),
(62, 5, 242, '17535498426896.jpg', 'تجربة شكوى \nالى العزيز مدير عيادات المهيدب\n\n\n\n\n\nتحية طيبه \n\n\n\nتيست', NULL, 1, '2025-07-26 17:10:42', '2025-07-26 17:10:42'),
(63, 3, 255, NULL, 'متى احجز موعد', NULL, 1, '2025-07-27 09:08:01', '2025-07-27 09:08:01'),
(64, 3, 2, '17537016133286.jpg', 'gdbsn', NULL, 1, '2025-07-28 11:20:13', '2025-07-28 11:20:13'),
(65, 2, 112, NULL, 'hi', NULL, 1, '2025-07-29 10:26:16', '2025-07-29 10:26:16'),
(66, 3, 255, '17540465518144.jpg', 'السلام عليكم', NULL, 1, '2025-08-01 11:09:11', '2025-08-01 11:09:11'),
(67, 5, 11, NULL, 'test', NULL, 1, '2025-08-01 11:14:53', '2025-08-01 11:14:53'),
(68, 5, 112, NULL, 'test', 'test', 1, '2025-08-01 11:15:04', '2025-11-15 08:54:23'),
(69, 2, NULL, NULL, 'تطبيق جميل جدا', NULL, 1, '2025-08-01 16:01:17', '2025-08-01 16:01:17'),
(70, 5, 244, '17541299298398.jpg', 'قسم الجلديه متميز  ولكن الاسعار مرتفعه حتى بعد خصم تكافل', NULL, 1, '2025-08-02 10:18:49', '2025-08-02 10:18:49'),
(71, 3, NULL, '17541432364562.jpg', 'مرحبا', NULL, 1, '2025-08-02 14:00:36', '2025-08-02 14:00:36'),
(72, 2, 43, NULL, 'hi', NULL, 1, '2025-12-15 11:56:10', '2025-12-15 11:56:10'),
(73, 2, 248, NULL, 'تواصل مع دكتور محمد', 'تمام', 1, '2025-12-15 12:32:22', '2025-12-15 12:57:20'),
(74, 2, NULL, '17658029544919.jpg', 'شكوي تيست', NULL, 1, '2025-12-15 12:49:14', '2025-12-15 12:49:14'),
(75, 2, 43, NULL, 'تواصل مع دكتور shey', 'هيتم التواصل معك', 1, '2025-12-15 12:52:26', '2025-12-15 12:55:40'),
(76, 2, NULL, '17658035876825.jpg', 'الشكوي تلاقيها فين', NULL, 1, '2025-12-15 12:59:47', '2025-12-15 12:59:47'),
(77, 29, NULL, '17662421964972.jpg', 'شكوي', NULL, 1, '2025-12-20 14:49:56', '2025-12-20 14:49:56'),
(78, 2, NULL, '17662434736162.jpg', 'شكوي', NULL, 1, '2025-12-20 15:11:13', '2025-12-20 15:11:13'),
(79, 29, 2, '17677076713363.jpg', 'شكوي', 'اوك', 1, '2026-01-06 13:54:31', '2026-01-06 13:55:51'),
(80, 29, 2, '17677077087974.jpg', 'تيست', 'تمام', 1, '2026-01-06 13:55:08', '2026-01-06 13:55:26'),
(81, 29, NULL, '17677078051805.jpg', 'سيدبار', NULL, 1, '2026-01-06 13:56:45', '2026-01-06 13:56:45'),
(82, 29, 370, NULL, 'تيستتت', NULL, 1, '2026-01-06 14:40:34', '2026-01-06 14:40:34');

-- --------------------------------------------------------

--
-- Table structure for table `countries`
--

CREATE TABLE `countries` (
  `id` bigint(20) UNSIGNED NOT NULL,
  `name_en` varchar(255) NOT NULL,
  `name_ar` varchar(255) NOT NULL,
  `code` varchar(255) NOT NULL,
  `status` tinyint(4) NOT NULL DEFAULT 1,
  `deleted_at` timestamp NULL DEFAULT NULL,
  `created_at` timestamp NULL DEFAULT NULL,
  `updated_at` timestamp NULL DEFAULT NULL
) ENGINE=InnoDB DEFAULT CHARSET=utf8mb4 COLLATE=utf8mb4_unicode_ci;

--
-- Dumping data for table `countries`
--

INSERT INTO `countries` (`id`, `name_en`, `name_ar`, `code`, `status`, `deleted_at`, `created_at`, `updated_at`) VALUES
(1, 'Saudi Arabia', 'المملكة العربية السعودية', 'sa', 1, NULL, '2022-07-03 04:15:17', '2022-07-03 04:15:17');

-- --------------------------------------------------------

--
-- Table structure for table `coupons`
--

CREATE TABLE `coupons` (
  `id` bigint(20) UNSIGNED NOT NULL,
  `coupon_number` varchar(255) NOT NULL,
  `title_en` varchar(255) NOT NULL,
  `title_ar` varchar(255) NOT NULL,
  `desc_en` varchar(255) NOT NULL,
  `desc_ar` varchar(255) NOT NULL,
  `city_id` bigint(20) UNSIGNED DEFAULT NULL,
  `user_status` int(11) NOT NULL DEFAULT 1 COMMENT '1 user subscribe, 2 not subscribe',
  `clinic_id` bigint(20) UNSIGNED DEFAULT NULL,
  `valid_from` date NOT NULL,
  `expired_date` date NOT NULL,
  `valid_times` int(11) NOT NULL,
  `deleted_at` timestamp NULL DEFAULT NULL,
  `created_at` timestamp NULL DEFAULT NULL,
  `updated_at` timestamp NULL DEFAULT NULL
) ENGINE=InnoDB DEFAULT CHARSET=utf8mb4 COLLATE=utf8mb4_unicode_ci;

--
-- Dumping data for table `coupons`
--

INSERT INTO `coupons` (`id`, `coupon_number`, `title_en`, `title_ar`, `desc_en`, `desc_ar`, `city_id`, `user_status`, `clinic_id`, `valid_from`, `expired_date`, `valid_times`, `deleted_at`, `created_at`, `updated_at`) VALUES
(1, '324615378', 'Scan this qr code to get 50% discount during checkout', 'Scan this qr code to get 50% discount during checkout', 'Scan this qr code to get 50% discount during checkout', 'Scan this qr code to get 50% discount during checkout', NULL, 1, NULL, '2022-11-05', '2022-11-24', 9, NULL, '2022-11-06 19:31:50', '2022-11-06 19:31:50');

-- --------------------------------------------------------

--
-- Table structure for table `customers`
--

CREATE TABLE `customers` (
  `id` bigint(20) UNSIGNED NOT NULL,
  `name` varchar(255) NOT NULL,
  `phone` varchar(255) NOT NULL,
  `address` varchar(255) NOT NULL,
  `clinic_id` bigint(20) UNSIGNED DEFAULT NULL,
  `pharmacy_id` bigint(20) UNSIGNED NOT NULL,
  `fax` varchar(255) DEFAULT NULL,
  `email` varchar(255) DEFAULT NULL,
  `website` varchar(255) DEFAULT NULL,
  `representative_name` varchar(255) DEFAULT NULL,
  `representative_phone` varchar(255) DEFAULT NULL,
  `note` varchar(255) DEFAULT NULL,
  `created_at` timestamp NULL DEFAULT NULL,
  `updated_at` timestamp NULL DEFAULT NULL,
  `deleted_at` timestamp NULL DEFAULT NULL
) ENGINE=InnoDB DEFAULT CHARSET=utf8mb4 COLLATE=utf8mb4_unicode_ci;

-- --------------------------------------------------------

--
-- Table structure for table `days`
--

CREATE TABLE `days` (
  `id` bigint(20) UNSIGNED NOT NULL,
  `name_en` varchar(255) NOT NULL,
  `name_ar` varchar(255) NOT NULL,
  `status` tinyint(4) NOT NULL DEFAULT 1,
  `deleted_at` timestamp NULL DEFAULT NULL,
  `created_at` timestamp NULL DEFAULT NULL,
  `updated_at` timestamp NULL DEFAULT NULL
) ENGINE=InnoDB DEFAULT CHARSET=utf8mb4 COLLATE=utf8mb4_unicode_ci;

--
-- Dumping data for table `days`
--

INSERT INTO `days` (`id`, `name_en`, `name_ar`, `status`, `deleted_at`, `created_at`, `updated_at`) VALUES
(1, 'Saturday', 'السبت', 1, NULL, '2022-08-10 11:40:57', '2022-08-10 11:40:57'),
(2, 'Sunday', 'الأحد', 1, NULL, '2022-08-10 11:40:57', '2022-08-10 11:40:57'),
(3, 'Monday', 'الاثنين', 1, NULL, '2022-08-10 11:40:57', '2022-08-10 11:40:57'),
(4, 'Tuesday', 'الثلاثاء', 1, NULL, '2022-08-10 11:40:57', '2022-08-10 11:40:57'),
(5, 'Wednesday', 'الأربعاء', 1, NULL, '2022-08-10 11:40:57', '2022-08-10 11:40:57'),
(6, 'Thursday', 'الخميس', 1, NULL, '2022-08-10 11:40:57', '2022-08-10 11:40:57'),
(7, 'Friday', 'الجمعة', 1, NULL, '2022-08-10 11:40:57', '2022-08-10 11:40:57');

-- --------------------------------------------------------

--
-- Table structure for table `departments`
--

CREATE TABLE `departments` (
  `id` bigint(20) UNSIGNED NOT NULL,
  `name_en` varchar(255) NOT NULL,
  `name_ar` varchar(255) NOT NULL,
  `type` int(11) NOT NULL DEFAULT 1,
  `status` tinyint(4) NOT NULL DEFAULT 1,
  `clinic_id` bigint(20) UNSIGNED DEFAULT NULL,
  `deleted_at` timestamp NULL DEFAULT NULL,
  `created_at` timestamp NULL DEFAULT NULL,
  `updated_at` timestamp NULL DEFAULT NULL
) ENGINE=InnoDB DEFAULT CHARSET=utf8mb4 COLLATE=utf8mb4_unicode_ci;

-- --------------------------------------------------------

--
-- Table structure for table `doctor_appointments`
--

CREATE TABLE `doctor_appointments` (
  `id` bigint(20) UNSIGNED NOT NULL,
  `day_id` bigint(20) UNSIGNED NOT NULL,
  `doctor_id` bigint(20) UNSIGNED NOT NULL,
  `date_from` time NOT NULL,
  `date_to` time NOT NULL,
  `period` varchar(255) NOT NULL,
  `status` tinyint(4) NOT NULL DEFAULT 1,
  `type` int(11) NOT NULL DEFAULT 1,
  `created_at` timestamp NULL DEFAULT NULL,
  `updated_at` timestamp NULL DEFAULT NULL
) ENGINE=InnoDB DEFAULT CHARSET=utf8mb4 COLLATE=utf8mb4_unicode_ci;

--
-- Dumping data for table `doctor_appointments`
--

INSERT INTO `doctor_appointments` (`id`, `day_id`, `doctor_id`, `date_from`, `date_to`, `period`, `status`, `type`, `created_at`, `updated_at`) VALUES
(1, 1, 11, '10:00:00', '15:00:00', '30', 1, 1, '2022-09-18 20:22:53', '2022-09-18 20:22:53'),
(2, 4, 11, '10:00:00', '15:00:00', '30', 1, 1, '2022-09-18 20:22:53', '2022-09-18 20:22:53'),
(3, 3, 11, '10:00:00', '15:00:00', '30', 1, 1, '2022-09-18 20:22:53', '2022-09-18 20:22:53'),
(4, 2, 11, '10:00:00', '15:00:00', '30', 1, 1, '2022-09-18 20:22:53', '2022-09-18 20:22:53'),
(5, 5, 11, '10:00:00', '15:00:00', '30', 1, 1, '2022-09-18 20:22:53', '2022-09-18 20:22:53'),
(6, 1, 43, '10:00:00', '15:00:00', '30', 1, 1, '2022-09-18 20:22:53', '2022-09-18 20:22:53'),
(7, 4, 43, '10:00:00', '15:00:00', '30', 1, 1, '2022-09-18 20:22:53', '2022-09-18 20:22:53'),
(8, 3, 43, '10:00:00', '15:00:00', '30', 1, 1, '2022-09-18 20:22:53', '2022-09-18 20:22:53'),
(9, 2, 43, '10:00:00', '15:00:00', '30', 1, 1, '2022-09-18 20:22:53', '2022-09-18 20:22:53'),
(11, 5, 43, '10:00:00', '15:00:00', '30', 1, 1, '2022-09-18 20:22:53', '2022-09-18 20:22:53'),
(12, 6, 43, '10:00:00', '15:00:00', '30', 1, 1, '2022-09-18 20:22:53', '2022-09-18 20:22:53'),
(13, 7, 43, '10:00:00', '15:00:00', '30', 1, 1, '2022-09-18 20:22:53', '2022-09-18 20:22:53'),
(14, 6, 11, '10:00:00', '15:00:00', '30', 1, 1, '2022-09-18 20:22:53', '2022-09-18 20:22:53'),
(15, 7, 11, '10:00:00', '15:00:00', '30', 1, 1, '2022-09-18 20:22:53', '2022-09-18 20:22:53');

-- --------------------------------------------------------

--
-- Table structure for table `doctor_conditions`
--

CREATE TABLE `doctor_conditions` (
  `id` bigint(20) UNSIGNED NOT NULL,
  `doctor_id` bigint(20) UNSIGNED NOT NULL,
  `appointments_online` int(11) NOT NULL,
  `appointments_reception` int(11) NOT NULL,
  `number_patients` int(11) NOT NULL DEFAULT 0,
  `condition` longtext NOT NULL,
  `status` tinyint(4) NOT NULL DEFAULT 1,
  `created_at` timestamp NULL DEFAULT NULL,
  `updated_at` timestamp NULL DEFAULT NULL
) ENGINE=InnoDB DEFAULT CHARSET=utf8mb4 COLLATE=utf8mb4_unicode_ci;

--
-- Dumping data for table `doctor_conditions`
--

INSERT INTO `doctor_conditions` (`id`, `doctor_id`, `appointments_online`, `appointments_reception`, `number_patients`, `condition`, `status`, `created_at`, `updated_at`) VALUES
(1, 11, 70, 30, 15, 'وقت الموعد وقت الحظور للعيادة وليس وقت الدخول للطبيب', 1, '2023-08-28 06:26:44', '2024-05-11 22:09:58'),
(2, 155, 5, 11, 6, 'doctor', 1, '2023-11-10 02:00:06', '2023-11-10 02:00:06');

-- --------------------------------------------------------

--
-- Table structure for table `doctor_degrees`
--

CREATE TABLE `doctor_degrees` (
  `id` bigint(20) UNSIGNED NOT NULL,
  `name_en` varchar(255) NOT NULL,
  `name_ar` varchar(255) NOT NULL,
  `type` int(11) NOT NULL DEFAULT 1,
  `status` tinyint(4) NOT NULL DEFAULT 1,
  `created_at` timestamp NULL DEFAULT NULL,
  `updated_at` timestamp NULL DEFAULT NULL
) ENGINE=InnoDB DEFAULT CHARSET=utf8mb4 COLLATE=utf8mb4_unicode_ci;

--
-- Dumping data for table `doctor_degrees`
--

INSERT INTO `doctor_degrees` (`id`, `name_en`, `name_ar`, `type`, `status`, `created_at`, `updated_at`) VALUES
(1, 'general doctor ', 'طبيب عام', 1, 1, '2022-08-10 10:30:13', '2022-08-10 10:30:13'),
(2, 'Professor', 'استاذ جامعى', 1, 1, '2022-08-10 10:30:13', '2022-08-10 10:30:13');

-- --------------------------------------------------------

--
-- Table structure for table `doctor_emergencies`
--

CREATE TABLE `doctor_emergencies` (
  `id` bigint(20) UNSIGNED NOT NULL,
  `emergency_id` bigint(20) UNSIGNED DEFAULT NULL,
  `doctor_id` bigint(20) UNSIGNED DEFAULT NULL,
  `created_at` timestamp NULL DEFAULT NULL,
  `updated_at` timestamp NULL DEFAULT NULL
) ENGINE=InnoDB DEFAULT CHARSET=utf8mb4 COLLATE=utf8mb4_unicode_ci;

--
-- Dumping data for table `doctor_emergencies`
--

INSERT INTO `doctor_emergencies` (`id`, `emergency_id`, `doctor_id`, `created_at`, `updated_at`) VALUES
(6, 10, 11, NULL, NULL),
(7, 11, 11, NULL, NULL),
(8, 12, 11, NULL, NULL);

-- --------------------------------------------------------

--
-- Table structure for table `drugs`
--

CREATE TABLE `drugs` (
  `id` bigint(20) UNSIGNED NOT NULL,
  `name_en` varchar(255) NOT NULL,
  `name_ar` varchar(255) NOT NULL,
  `scientific_name_ar` varchar(255) DEFAULT NULL,
  `scientific_name_en` varchar(255) DEFAULT NULL,
  `short_code` varchar(255) DEFAULT NULL,
  `type` enum('admin','pharmacy') DEFAULT NULL,
  `alternative_id` bigint(20) UNSIGNED DEFAULT NULL,
  `clinic_id` bigint(20) UNSIGNED DEFAULT NULL,
  `pharmacy_id` bigint(20) UNSIGNED DEFAULT NULL,
  `doctor_id` bigint(20) UNSIGNED DEFAULT NULL,
  `parent_id` bigint(20) UNSIGNED DEFAULT NULL,
  `medicine_type` varchar(50) DEFAULT NULL,
  `concentration_ratio` varchar(50) DEFAULT NULL,
  `concentration_type` varchar(50) DEFAULT 'Mg' COMMENT 'Mg,g',
  `concentration` varchar(255) DEFAULT NULL,
  `usage_or_form` varchar(255) DEFAULT NULL,
  `note` varchar(255) DEFAULT NULL,
  `international_barcode` varchar(255) DEFAULT NULL,
  `status` tinyint(4) NOT NULL DEFAULT 1,
  `expiration_date` date DEFAULT NULL,
  `deleted_at` timestamp NULL DEFAULT NULL,
  `created_at` timestamp NULL DEFAULT NULL,
  `updated_at` timestamp NULL DEFAULT NULL
) ENGINE=InnoDB DEFAULT CHARSET=utf8mb4 COLLATE=utf8mb4_unicode_ci;

--
-- Dumping data for table `drugs`
--

INSERT INTO `drugs` (`id`, `name_en`, `name_ar`, `scientific_name_ar`, `scientific_name_en`, `short_code`, `type`, `alternative_id`, `clinic_id`, `pharmacy_id`, `doctor_id`, `parent_id`, `medicine_type`, `concentration_ratio`, `concentration_type`, `concentration`, `usage_or_form`, `note`, `international_barcode`, `status`, `expiration_date`, `deleted_at`, `created_at`, `updated_at`) VALUES
(30, 'test', 'تيست', NULL, NULL, NULL, NULL, NULL, NULL, NULL, 112, NULL, NULL, NULL, 'Mg', NULL, NULL, NULL, NULL, 1, NULL, NULL, '2025-11-15 08:40:08', '2025-12-15 13:07:46'),
(31, 'dis test', 'وصفه تيست', NULL, NULL, NULL, NULL, NULL, NULL, NULL, 112, NULL, NULL, NULL, 'Mg', NULL, NULL, NULL, NULL, 1, NULL, NULL, '2025-12-15 13:07:37', '2025-12-15 13:07:37'),
(32, 'test', 'test', NULL, NULL, NULL, NULL, NULL, NULL, NULL, 11, NULL, NULL, NULL, 'Mg', NULL, NULL, NULL, NULL, 1, NULL, NULL, '2025-12-16 10:48:38', '2025-12-16 10:48:38'),
(34, 'lesenobrbl', 'ليسينوبريل', NULL, NULL, NULL, NULL, NULL, NULL, NULL, 370, NULL, NULL, NULL, 'Mg', NULL, NULL, NULL, NULL, 1, NULL, NULL, '2025-12-18 09:07:23', '2025-12-18 09:07:23'),
(35, 'amlodeen', 'أملوديبين', NULL, NULL, NULL, NULL, NULL, NULL, NULL, 370, NULL, NULL, NULL, 'Mg', NULL, NULL, NULL, NULL, 1, NULL, NULL, '2025-12-18 09:07:53', '2025-12-18 09:07:53'),
(36, 'brednezon', 'بريدنيزون', NULL, NULL, NULL, NULL, NULL, NULL, NULL, 370, NULL, NULL, NULL, 'Mg', NULL, NULL, NULL, NULL, 1, NULL, NULL, '2025-12-18 09:10:14', '2025-12-18 09:10:14'),
(37, 'banadol', 'بنادول', NULL, NULL, NULL, NULL, NULL, NULL, NULL, 370, NULL, NULL, NULL, 'Mg', NULL, NULL, NULL, NULL, 1, NULL, NULL, '2025-12-18 09:10:31', '2025-12-18 09:10:31'),
(42, 'vit d', 'فياتمين د', NULL, NULL, NULL, NULL, NULL, NULL, NULL, 437, NULL, NULL, NULL, 'Mg', NULL, NULL, NULL, NULL, 1, NULL, NULL, '2026-01-14 14:42:20', '2026-01-14 14:42:20'),
(43, 'test', 'اكتئاب', NULL, NULL, NULL, NULL, NULL, NULL, NULL, 399, NULL, NULL, NULL, 'Mg', NULL, NULL, NULL, NULL, 1, NULL, NULL, '2026-01-17 13:14:56', '2026-01-17 13:14:56'),
(44, 'rr', 'rrrrrr', NULL, NULL, NULL, NULL, NULL, 1, NULL, 112, 30, 'cAP', '44', 'Mg', NULL, NULL, NULL, NULL, 1, NULL, NULL, '2026-02-08 09:29:43', '2026-02-08 09:29:43');

-- --------------------------------------------------------

--
-- Table structure for table `drugs_emergencies`
--

CREATE TABLE `drugs_emergencies` (
  `id` bigint(20) UNSIGNED NOT NULL,
  `emergency_id` bigint(20) UNSIGNED DEFAULT NULL,
  `drugs_id` bigint(20) UNSIGNED DEFAULT NULL,
  `created_at` timestamp NULL DEFAULT NULL,
  `updated_at` timestamp NULL DEFAULT NULL
) ENGINE=InnoDB DEFAULT CHARSET=utf8mb4 COLLATE=utf8mb4_unicode_ci;

--
-- Dumping data for table `drugs_emergencies`
--

INSERT INTO `drugs_emergencies` (`id`, `emergency_id`, `drugs_id`, `created_at`, `updated_at`) VALUES
(4, 11, 31, NULL, NULL),
(5, 12, 31, NULL, NULL);

-- --------------------------------------------------------

--
-- Table structure for table `drug_clinics_taxes`
--

CREATE TABLE `drug_clinics_taxes` (
  `id` bigint(20) UNSIGNED NOT NULL,
  `clinic_id` bigint(20) UNSIGNED DEFAULT NULL,
  `pharmacy_id` bigint(20) UNSIGNED NOT NULL,
  `drug_id` bigint(20) UNSIGNED NOT NULL,
  `tax` int(11) NOT NULL,
  `created_at` timestamp NULL DEFAULT NULL,
  `updated_at` timestamp NULL DEFAULT NULL,
  `deleted_at` timestamp NULL DEFAULT NULL
) ENGINE=InnoDB DEFAULT CHARSET=utf8mb4 COLLATE=utf8mb4_unicode_ci;

-- --------------------------------------------------------

--
-- Table structure for table `drug_sections`
--

CREATE TABLE `drug_sections` (
  `id` bigint(20) UNSIGNED NOT NULL,
  `clinic_id` bigint(20) UNSIGNED DEFAULT NULL,
  `pharmacy_id` bigint(20) UNSIGNED NOT NULL,
  `category_id` bigint(20) UNSIGNED DEFAULT NULL,
  `drug_id` bigint(20) UNSIGNED NOT NULL,
  `grand_unit_id` bigint(20) UNSIGNED NOT NULL,
  `micro_unit_id` bigint(20) UNSIGNED NOT NULL,
  `content_of_grand_unit` int(11) NOT NULL,
  `price_of_grand_unit` int(10) UNSIGNED NOT NULL,
  `discount` int(10) UNSIGNED NOT NULL,
  `supplier_id` bigint(20) UNSIGNED NOT NULL,
  `returns` tinyint(1) NOT NULL,
  `limit_of_deficiencies` int(10) UNSIGNED NOT NULL,
  `recession_limit` int(10) UNSIGNED NOT NULL,
  `created_at` timestamp NULL DEFAULT NULL,
  `updated_at` timestamp NULL DEFAULT NULL,
  `deleted_at` timestamp NULL DEFAULT NULL
) ENGINE=InnoDB DEFAULT CHARSET=utf8mb4 COLLATE=utf8mb4_unicode_ci;

-- --------------------------------------------------------

--
-- Table structure for table `electronic_payments`
--

CREATE TABLE `electronic_payments` (
  `id` bigint(20) UNSIGNED NOT NULL,
  `user_id` bigint(20) UNSIGNED NOT NULL,
  `clinic_id` bigint(20) UNSIGNED DEFAULT NULL,
  `doctor_id` bigint(20) UNSIGNED DEFAULT NULL,
  `content_ar` varchar(255) DEFAULT NULL,
  `content_en` varchar(255) DEFAULT NULL,
  `amount` varchar(255) NOT NULL DEFAULT '0',
  `type` enum('add','minus') DEFAULT 'add',
  `status` int(11) NOT NULL DEFAULT 1,
  `created_at` timestamp NULL DEFAULT NULL,
  `updated_at` timestamp NULL DEFAULT NULL
) ENGINE=InnoDB DEFAULT CHARSET=utf8mb4 COLLATE=utf8mb4_unicode_ci;

--
-- Dumping data for table `electronic_payments`
--

INSERT INTO `electronic_payments` (`id`, `user_id`, `clinic_id`, `doctor_id`, `content_ar`, `content_en`, `amount`, `type`, `status`, `created_at`, `updated_at`) VALUES
(1, 4, 1, 11, NULL, NULL, '0', 'add', 1, '2024-05-29 17:29:43', '2024-05-29 17:29:43');

-- --------------------------------------------------------

--
-- Table structure for table `emergencies`
--

CREATE TABLE `emergencies` (
  `id` bigint(20) UNSIGNED NOT NULL,
  `clinic_id` bigint(20) UNSIGNED DEFAULT NULL,
  `user_id` bigint(20) UNSIGNED DEFAULT NULL,
  `nurse_id` bigint(20) UNSIGNED DEFAULT NULL,
  `notes` text DEFAULT NULL,
  `enter_date` date NOT NULL,
  `exit_date` date NOT NULL,
  `type` int(11) DEFAULT NULL COMMENT '1 Normal exit , 2 Exit by ambulance',
  `created_at` timestamp NULL DEFAULT NULL,
  `updated_at` timestamp NULL DEFAULT NULL
) ENGINE=InnoDB DEFAULT CHARSET=utf8mb4 COLLATE=utf8mb4_unicode_ci;

--
-- Dumping data for table `emergencies`
--

INSERT INTO `emergencies` (`id`, `clinic_id`, `user_id`, `nurse_id`, `notes`, `enter_date`, `exit_date`, `type`, `created_at`, `updated_at`) VALUES
(3, 1, 2, NULL, NULL, '2025-05-21', '2025-11-14', 2, '2025-05-21 20:03:03', '2025-11-14 12:48:37'),
(4, 1, 2, NULL, NULL, '2025-11-14', '0000-00-00', NULL, '2025-11-14 12:48:04', '2025-11-14 12:48:04'),
(5, 1, 1, NULL, NULL, '2025-11-16', '0000-00-00', NULL, '2025-11-16 09:15:57', '2025-11-16 09:15:57'),
(6, 1, 1, NULL, NULL, '2025-11-16', '0000-00-00', NULL, '2025-11-16 09:17:47', '2025-11-16 09:17:47'),
(7, 1, 52, NULL, 'تيست', '2025-12-27', '0000-00-00', NULL, '2025-12-27 12:40:21', '2025-12-27 12:40:21'),
(8, 1, 52, NULL, 'تيست', '2025-12-27', '0000-00-00', NULL, '2025-12-27 12:43:28', '2025-12-27 12:43:28'),
(9, 1, 2, NULL, NULL, '2026-03-26', '0000-00-00', NULL, '2026-03-26 09:58:48', '2026-03-26 09:58:48'),
(10, 1, 2, NULL, NULL, '2026-03-26', '0000-00-00', NULL, '2026-03-26 10:16:04', '2026-03-26 10:16:04'),
(11, 1, 2, NULL, NULL, '2026-03-26', '0000-00-00', NULL, '2026-03-26 10:17:01', '2026-03-26 10:17:01'),
(12, 1, 2, NULL, NULL, '2026-03-26', '0000-00-00', NULL, '2026-03-26 10:17:15', '2026-03-26 10:17:15');

-- --------------------------------------------------------

--
-- Table structure for table `failed_jobs`
--

CREATE TABLE `failed_jobs` (
  `id` bigint(20) UNSIGNED NOT NULL,
  `uuid` varchar(255) NOT NULL,
  `connection` text NOT NULL,
  `queue` text NOT NULL,
  `payload` longtext NOT NULL,
  `exception` longtext NOT NULL,
  `failed_at` timestamp NOT NULL DEFAULT current_timestamp()
) ENGINE=InnoDB DEFAULT CHARSET=utf8mb4 COLLATE=utf8mb4_unicode_ci;

-- --------------------------------------------------------

--
-- Table structure for table `insurances_companies_services`
--

CREATE TABLE `insurances_companies_services` (
  `id` bigint(20) UNSIGNED NOT NULL,
  `clinic_id` bigint(20) UNSIGNED NOT NULL,
  `clinic_service_id` bigint(20) UNSIGNED DEFAULT NULL,
  `drug_section_id` bigint(20) UNSIGNED DEFAULT NULL,
  `insurance_id` bigint(20) UNSIGNED NOT NULL,
  `company_id` bigint(20) UNSIGNED NOT NULL,
  `class_id` bigint(20) UNSIGNED DEFAULT NULL,
  `percentage_discount` varchar(255) DEFAULT NULL,
  `fixed_discount` varchar(255) DEFAULT NULL,
  `approval` int(11) NOT NULL DEFAULT 0 COMMENT '1 yes, 0 no',
  `type` int(11) NOT NULL DEFAULT 3 COMMENT '1 labs, 2 rays, 3 services',
  `date_from` date DEFAULT NULL,
  `date_to` date DEFAULT NULL,
  `status` tinyint(4) NOT NULL DEFAULT 1 COMMENT '1 active, 0 de_active',
  `deleted_at` timestamp NULL DEFAULT NULL,
  `created_at` timestamp NULL DEFAULT NULL,
  `updated_at` timestamp NULL DEFAULT NULL
) ENGINE=InnoDB DEFAULT CHARSET=utf8mb4 COLLATE=utf8mb4_unicode_ci;

--
-- Dumping data for table `insurances_companies_services`
--

INSERT INTO `insurances_companies_services` (`id`, `clinic_id`, `clinic_service_id`, `drug_section_id`, `insurance_id`, `company_id`, `class_id`, `percentage_discount`, `fixed_discount`, `approval`, `type`, `date_from`, `date_to`, `status`, `deleted_at`, `created_at`, `updated_at`) VALUES
(9, 1, 10, NULL, 184, 8, 1, '10', '10', 0, 1, NULL, NULL, 1, NULL, '2024-05-25 17:44:01', '2024-05-25 17:45:14');

-- --------------------------------------------------------

--
-- Table structure for table `insurance_classes`
--

CREATE TABLE `insurance_classes` (
  `id` bigint(20) UNSIGNED NOT NULL,
  `company_id` bigint(20) UNSIGNED DEFAULT NULL,
  `insurance_id` bigint(20) UNSIGNED DEFAULT NULL,
  `clinic_id` bigint(20) UNSIGNED DEFAULT NULL,
  `name_en` varchar(255) NOT NULL,
  `name_ar` varchar(255) NOT NULL,
  `discount` int(11) NOT NULL DEFAULT 0,
  `status` tinyint(4) NOT NULL DEFAULT 1,
  `deleted_at` timestamp NULL DEFAULT NULL,
  `created_at` timestamp NULL DEFAULT NULL,
  `updated_at` timestamp NULL DEFAULT NULL
) ENGINE=InnoDB DEFAULT CHARSET=utf8mb4 COLLATE=utf8mb4_unicode_ci;

--
-- Dumping data for table `insurance_classes`
--

INSERT INTO `insurance_classes` (`id`, `company_id`, `insurance_id`, `clinic_id`, `name_en`, `name_ar`, `discount`, `status`, `deleted_at`, `created_at`, `updated_at`) VALUES
(1, 1, 184, 1, 'AA', 'AA+', 0, 1, NULL, '2024-02-14 23:46:29', '2024-04-15 19:15:51'),
(2, 1, NULL, 1, 'BB', 'BB+', 0, 1, NULL, '2024-02-14 23:46:29', '2024-02-14 23:46:29'),
(3, 2, NULL, 1, 'CC', 'CC+', 0, 1, NULL, '2024-02-14 23:46:29', '2024-02-14 23:46:29'),
(4, 2, NULL, 1, 'DD', 'DD+', 0, 1, NULL, '2024-02-14 23:46:29', '2024-02-14 23:46:29'),
(7, NULL, 184, 1, 'SS', 'SS', 0, 1, NULL, '2024-05-10 13:26:36', '2024-05-10 13:26:36'),
(8, NULL, 310, 243, 'test', 'تيست تيست', 0, 1, NULL, '2025-05-21 20:25:58', '2025-05-21 20:25:58'),
(10, NULL, 310, 243, 'A+', 'A+', 0, 1, NULL, '2025-11-14 12:52:28', '2025-11-14 12:52:28'),
(12, NULL, 378, 2, 'test', 'تيست', 0, 1, NULL, '2025-12-27 12:58:16', '2025-12-27 12:58:16');

-- --------------------------------------------------------

--
-- Table structure for table `insurance_companies`
--

CREATE TABLE `insurance_companies` (
  `id` bigint(20) UNSIGNED NOT NULL,
  `name_en` varchar(255) NOT NULL,
  `name_ar` varchar(255) NOT NULL,
  `insurance_id` bigint(20) UNSIGNED DEFAULT NULL,
  `clinic_id` bigint(20) UNSIGNED DEFAULT NULL,
  `phone` varchar(255) DEFAULT NULL,
  `fax` varchar(255) DEFAULT NULL,
  `email` varchar(255) DEFAULT NULL,
  `website` varchar(255) DEFAULT NULL,
  `code` varchar(255) DEFAULT NULL,
  `provider_id` int(11) DEFAULT NULL,
  `type` int(11) NOT NULL DEFAULT 1 COMMENT '1 business companies, 2 insurance companies',
  `amount` int(11) NOT NULL DEFAULT 0,
  `status` tinyint(4) NOT NULL DEFAULT 1,
  `insurance_company_id` bigint(20) UNSIGNED DEFAULT NULL,
  `claims_management_company` enum('waseel','dhs') DEFAULT NULL,
  `tax` int(11) DEFAULT 1 COMMENT '1 yes pay tax on users, 0 no pay tax on users',
  `policy_number` varchar(255) DEFAULT NULL,
  `date_from` date DEFAULT NULL,
  `date_to` date DEFAULT NULL,
  `deleted_at` timestamp NULL DEFAULT NULL,
  `created_at` timestamp NULL DEFAULT NULL,
  `updated_at` timestamp NULL DEFAULT NULL
) ENGINE=InnoDB DEFAULT CHARSET=utf8mb4 COLLATE=utf8mb4_unicode_ci;

--
-- Dumping data for table `insurance_companies`
--

INSERT INTO `insurance_companies` (`id`, `name_en`, `name_ar`, `insurance_id`, `clinic_id`, `phone`, `fax`, `email`, `website`, `code`, `provider_id`, `type`, `amount`, `status`, `insurance_company_id`, `claims_management_company`, `tax`, `policy_number`, `date_from`, `date_to`, `deleted_at`, `created_at`, `updated_at`) VALUES
(1, 'Al Safi Insurance Services', 'الصافى لخدمات التامين', 184, 1, NULL, NULL, NULL, NULL, NULL, NULL, 1, 80, 1, 4, 'waseel', 1, '56254', '2024-04-01', '2025-04-01', NULL, '2024-02-14 23:43:45', '2024-05-04 08:53:34'),
(2, 'Bubba', 'بوبا', 184, 1, NULL, NULL, NULL, NULL, NULL, NULL, 1, 50, 1, 5, 'waseel', 1, '123', '2024-05-17', '2024-05-30', NULL, '2024-02-14 23:43:45', '2024-05-10 18:22:51'),
(4, 'ddddddddddddddddddddddddd', 'ddddddd', 184, 1, '012121212', NULL, NULL, NULL, '123333', 0, 2, 0, 1, NULL, NULL, 1, NULL, NULL, NULL, NULL, '2024-04-18 02:36:53', '2024-04-18 02:36:53'),
(5, 'Unicare', 'يوني كير', 184, 1, '0512345', '123', 'Unicare@gmail.com', NULL, '123', 123, 2, 0, 1, NULL, NULL, 1, NULL, NULL, NULL, NULL, '2024-05-03 11:56:54', '2024-05-03 11:56:54'),
(6, 'Arup', 'آروب 1', 184, 1, '05123456789', '123', 'Arup@gmail.com', NULL, '123', 123456, 2, 0, 1, NULL, NULL, 1, NULL, NULL, NULL, NULL, '2024-05-10 13:11:54', '2024-05-10 13:12:05'),
(7, 'Orient', 'اورينت', 184, 1, '055999', '123', 'Orient@gmail.com', NULL, NULL, NULL, 1, 0, 1, 5, 'waseel', 1, '123', '2024-05-10', '2024-05-31', NULL, '2024-05-10 13:23:15', '2024-05-10 13:51:55'),
(8, 'Axa', 'آكسا', 184, 1, '05123555', '123456', 'Axa@gmail.com', NULL, NULL, NULL, 1, 0, 1, NULL, NULL, 1, NULL, NULL, NULL, NULL, '2024-05-10 18:17:05', '2024-05-10 18:17:05'),
(9, 'Royal', 'رويال', 184, 1, '051234567', '12345678', 'Royal@gmail.com', NULL, NULL, NULL, 1, 0, 1, 5, 'waseel', 1, '123', '2024-05-10', '2024-05-30', NULL, '2024-05-10 18:17:41', '2024-05-10 18:21:35'),
(10, 'test', 'test', 184, 1, '0512345', '123', 'test@gmail.com', NULL, NULL, NULL, 1, 0, 1, NULL, NULL, 1, NULL, NULL, NULL, NULL, '2024-05-10 18:18:05', '2024-05-10 18:18:05'),
(11, 'test', 'تيست تيست', 310, 243, '1023702424', NULL, 'insura@gmail.com', NULL, NULL, NULL, 1, 0, 1, NULL, NULL, 1, NULL, NULL, NULL, NULL, '2025-05-21 20:18:21', '2025-05-21 20:18:21'),
(12, 'test', 'تيست تيست', 310, 243, '1023707015', NULL, 'insu@gmail.com', NULL, '010', 1010, 2, 0, 1, NULL, NULL, 1, NULL, NULL, NULL, NULL, '2025-05-21 20:22:59', '2025-05-21 20:22:59'),
(13, 'buba', 'بوبا العربية', 310, 243, '966575432690', NULL, NULL, NULL, '71182', 1234, 2, 0, 1, NULL, NULL, 1, NULL, NULL, NULL, NULL, '2025-11-14 12:51:13', '2025-11-14 12:51:13'),
(16, 'egypt life', 'مصر الحياه', 378, 2, '0543577', 'egypt@gmail.com', 'egypt@gmail.com', 'https://www.misrlife.com/DigitalInsurance_R3/MainSite/ePortal5Core/ePortal5.aspx?AppID=MLI&PortalPageID=PortalPageID&ChannelID=Responsive#/EN/Home', NULL, NULL, 1, 0, 1, 17, 'waseel', 0, '535354', '2025-12-01', '2026-01-31', NULL, '2025-12-27 12:54:43', '2025-12-27 12:57:26'),
(17, 'تامين مصر الحياه', 'تامين مصر الحياه', 378, 2, '01020685285', 'egypt@gmail.com', 'egypt@gmail.com', 'https://www.misrlife.com/DigitalInsurance_R3/MainSite/ePortal5Core/ePortal5.aspx?AppID=MLI&PortalPageID=PortalPageID&ChannelID=Responsive#/EN/Home', '354453', 354453, 2, 0, 1, NULL, NULL, 1, NULL, NULL, NULL, NULL, '2025-12-27 12:56:26', '2025-12-27 12:56:26');

-- --------------------------------------------------------

--
-- Table structure for table `insurance_policies`
--

CREATE TABLE `insurance_policies` (
  `id` bigint(20) UNSIGNED NOT NULL,
  `clinic_id` bigint(20) UNSIGNED NOT NULL,
  `company_id` bigint(20) UNSIGNED NOT NULL,
  `class_id` bigint(20) UNSIGNED NOT NULL,
  `deductible` varchar(255) DEFAULT NULL COMMENT 'نسبة تحمل المريض',
  `ded_max` varchar(255) DEFAULT NULL COMMENT 'الحد الأقصى لتحمل المريض',
  `approval` varchar(255) DEFAULT NULL COMMENT 'حد الموافقة',
  `status` tinyint(4) NOT NULL DEFAULT 1 COMMENT '1 active, 0 de_active',
  `deleted_at` timestamp NULL DEFAULT NULL,
  `created_at` timestamp NULL DEFAULT NULL,
  `updated_at` timestamp NULL DEFAULT NULL
) ENGINE=InnoDB DEFAULT CHARSET=utf8mb4 COLLATE=utf8mb4_unicode_ci;

--
-- Dumping data for table `insurance_policies`
--

INSERT INTO `insurance_policies` (`id`, `clinic_id`, `company_id`, `class_id`, `deductible`, `ded_max`, `approval`, `status`, `deleted_at`, `created_at`, `updated_at`) VALUES
(3, 1, 1, 3, '7', '7', '66', 1, NULL, '2024-04-21 11:03:56', '2024-04-21 11:03:56'),
(4, 1, 1, 2, '20', '200', '400', 1, NULL, '2024-05-04 08:52:38', '2024-05-04 08:52:38');

-- --------------------------------------------------------

--
-- Table structure for table `invoices`
--

CREATE TABLE `invoices` (
  `id` bigint(20) UNSIGNED NOT NULL,
  `invoice_number` varchar(255) DEFAULT NULL,
  `payment_number` varchar(5) DEFAULT NULL,
  `user_id` bigint(20) UNSIGNED NOT NULL,
  `reception_id` bigint(20) UNSIGNED DEFAULT NULL,
  `doctor_id` bigint(20) UNSIGNED NOT NULL,
  `reservation_id` bigint(20) UNSIGNED DEFAULT NULL,
  `payment_method` bigint(20) UNSIGNED DEFAULT NULL,
  `company_id` bigint(20) UNSIGNED DEFAULT NULL,
  `payment_status` enum('paid','un_paid','partially_paid') DEFAULT 'un_paid',
  `total_price` varchar(255) NOT NULL,
  `discount` varchar(255) NOT NULL,
  `patient_tax` varchar(255) NOT NULL DEFAULT '0',
  `company_tax` varchar(255) NOT NULL DEFAULT '0',
  `company_total_deductible` varchar(255) NOT NULL DEFAULT '0' COMMENT 'اجمالى تحمل الشركة %',
  `total_amount_paid` varchar(255) DEFAULT '0' COMMENT 'المبلغ المدفوع',
  `other_info` text DEFAULT NULL,
  `status` tinyint(4) NOT NULL DEFAULT 0,
  `created_at` timestamp NULL DEFAULT NULL,
  `updated_at` timestamp NULL DEFAULT NULL
) ENGINE=InnoDB DEFAULT CHARSET=utf8mb4 COLLATE=utf8mb4_unicode_ci;

--
-- Dumping data for table `invoices`
--

INSERT INTO `invoices` (`id`, `invoice_number`, `payment_number`, `user_id`, `reception_id`, `doctor_id`, `reservation_id`, `payment_method`, `company_id`, `payment_status`, `total_price`, `discount`, `patient_tax`, `company_tax`, `company_total_deductible`, `total_amount_paid`, `other_info`, `status`, `created_at`, `updated_at`) VALUES
(2, 'INV-00002', NULL, 2, 4, 11, NULL, NULL, NULL, 'paid', '920', '', '0', '0', '0', '660', NULL, 0, '2024-04-13 20:22:48', '2024-09-27 09:00:28'),
(3, 'INV-00003', NULL, 5, 4, 11, 27, NULL, NULL, 'un_paid', '200', '', '0', '0', '0', NULL, NULL, 0, '2024-05-09 07:42:17', '2024-05-09 07:42:17'),
(4, 'INV-00004', NULL, 5, 4, 11, 28, NULL, NULL, 'un_paid', '200', '', '0', '0', '0', NULL, NULL, 0, '2024-05-09 07:45:00', '2024-05-09 07:45:00'),
(5, 'INV-00005', '1234', 10, 4, 11, 29, 1, NULL, 'paid', '200', '', '0', '0', '0', NULL, NULL, 0, '2024-05-11 22:42:24', '2024-05-11 22:42:24'),
(6, 'INV-00006', '1234', 10, 4, 11, 29, 2, NULL, 'paid', '0', '', '0', '0', '0', '0', NULL, 0, '2024-05-11 22:44:36', '2024-05-11 22:44:36'),
(7, 'INV-00007', NULL, 10, 4, 11, 29, NULL, NULL, 'un_paid', '200', '', '0', '0', '0', NULL, NULL, 0, '2024-05-11 22:47:26', '2024-05-11 22:47:26'),
(8, 'INV-00008', NULL, 31, 4, 11, 33, NULL, NULL, 'un_paid', '100', '', '0', '0', '0', '100', NULL, 0, '2024-05-12 11:02:10', '2024-05-12 11:02:10'),
(9, 'INV-00009', NULL, 31, 4, 11, 31, 1, NULL, 'paid', '50', '', '0', '0', '0', '50', NULL, 0, '2024-05-12 11:38:34', '2024-05-12 11:38:34'),
(10, 'INV-000010', NULL, 10, 4, 11, 38, NULL, NULL, 'un_paid', '50', '', '0', '0', '0', '10', NULL, 0, '2024-05-12 11:47:07', '2024-05-12 11:47:07'),
(11, 'INV-000011', NULL, 44, 4, 11, 39, NULL, 1, 'un_paid', '200', '', '0', '0', '80', NULL, NULL, 0, '2024-05-14 12:01:37', '2024-05-14 12:01:37'),
(12, 'INV-000012', '12345', 5, 4, 11, 41, 1, NULL, 'paid', '150', '', '0', '0', '0', '200', NULL, 0, '2024-05-31 23:08:47', '2024-05-31 23:08:47'),
(13, 'INV-000013', NULL, 5, 4, 11, 42, NULL, NULL, 'un_paid', '100', '', '0', '0', '0', '100', NULL, 0, '2024-06-18 03:37:33', '2024-06-18 03:37:33'),
(14, 'INV-000014', '200', 5, 4, 11, 43, 1, NULL, 'paid', '100', '', '0', '0', '0', '200', NULL, 0, '2024-06-22 18:41:01', '2024-06-22 18:41:01'),
(15, 'INV-000015', '010', 2, 4, 11, 44, 1, NULL, 'paid', '300', '', '0', '0', '0', '150', NULL, 0, '2024-07-19 11:27:34', '2024-07-19 11:27:34'),
(16, 'INV-000016', '01011', 2, 4, 11, 45, 1, NULL, 'paid', '200', '', '0', '0', '0', '100', NULL, 0, '2024-08-03 15:17:40', '2024-08-03 15:17:40'),
(17, 'INV-000017', '01011', 2, 4, 11, 46, 1, NULL, 'paid', '100', '', '0', '0', '0', '100', NULL, 0, '2024-08-03 20:03:49', '2024-08-03 20:03:49'),
(18, 'INV-000018', '010', 2, 4, 11, 47, 1, NULL, 'paid', '200', '', '0', '0', '0', '100', NULL, 0, '2024-08-25 09:10:38', '2024-08-25 09:10:38'),
(19, 'INV-000019', '010', 2, 4, 11, 48, 1, NULL, 'paid', '200', '', '0', '0', '0', '100', NULL, 0, '2024-10-04 22:51:34', '2024-10-04 22:51:34'),
(21, 'INV-000021', NULL, 2, 4, 11, 49, 1, NULL, 'un_paid', '300', '', '0', '0', '0', NULL, NULL, 0, '2024-10-06 12:08:30', '2024-10-06 12:08:30'),
(23, 'INV-000023', '01011', 5, 4, 11, 53, 1, NULL, 'paid', '200', '', '0', '0', '0', '100', NULL, 0, '2024-10-23 20:39:29', '2024-10-23 20:39:29'),
(25, 'INV-000025', '01011', 4, 4, 11, 52, 1, NULL, 'paid', '200', '', '0', '0', '0', '100', NULL, 0, '2024-10-23 20:40:09', '2024-10-23 20:40:09'),
(27, 'INV-000027', '01011', 4, 4, 11, 56, 1, NULL, 'paid', '200', '', '0', '0', '0', '100', NULL, 0, '2024-10-26 11:17:24', '2024-10-26 11:17:24'),
(28, 'INV-000028', '01011', 4, 4, 11, 56, 1, NULL, 'paid', '200', '', '0', '0', '0', '100', NULL, 0, '2024-10-26 11:17:24', '2024-10-26 11:17:24'),
(29, 'INV-000029', '01011', 2, 4, 11, 54, 1, NULL, 'paid', '200', '', '0', '0', '0', '100', NULL, 0, '2024-10-26 11:17:49', '2024-10-26 11:17:49'),
(30, 'INV-000030', '010', 2, 4, 11, 57, 1, NULL, 'paid', '200', '', '0', '0', '0', '100', NULL, 0, '2024-10-28 13:30:43', '2024-10-28 13:30:43'),
(31, 'INV-000031', '01011', 2, 4, 11, 59, 1, NULL, 'paid', '200', '', '0', '0', '0', '100', NULL, 0, '2024-10-28 13:31:16', '2024-10-28 13:31:16'),
(32, 'INV-000032', '01011', 2, 4, 11, 58, 1, NULL, 'paid', '200', '', '0', '0', '0', '100', NULL, 0, '2024-10-28 13:31:55', '2024-10-28 13:31:55'),
(33, 'INV-000033', '010', 5, 4, 11, 63, 1, NULL, 'paid', '200', '', '0', '0', '0', '100', NULL, 0, '2024-11-02 01:37:14', '2024-11-02 01:37:14'),
(35, 'INV-000035', '01011', 4, 4, 11, 62, 1, NULL, 'paid', '200', '', '0', '0', '0', '100', NULL, 0, '2024-11-02 01:38:03', '2024-11-02 01:38:03'),
(36, 'INV-000036', '01011', 2, 4, 11, 60, 1, NULL, 'paid', '200', '', '0', '0', '0', '100', NULL, 0, '2024-11-02 01:38:32', '2024-11-02 01:38:32'),
(37, 'INV-000037', '010', 4, 4, 11, 65, 1, NULL, 'paid', '200', '', '0', '0', '0', '100', NULL, 0, '2024-11-27 23:01:16', '2024-11-27 23:01:16'),
(38, 'INV-000038', '01011', 2, 4, 11, 68, 1, NULL, 'paid', '200', '', '0', '0', '0', '100', NULL, 0, '2024-11-27 23:01:38', '2024-11-27 23:01:38'),
(39, 'INV-000039', NULL, 4, 4, 11, 64, 1, NULL, 'paid', '200', '', '0', '0', '0', '100', NULL, 0, '2024-11-27 23:02:03', '2024-11-27 23:02:03'),
(41, 'INV-000041', '01011', 2, 4, 11, 67, 1, NULL, 'paid', '200', '', '0', '0', '0', '100', NULL, 0, '2024-11-27 23:02:54', '2024-11-27 23:02:54'),
(42, 'INV-000042', '010', 2, 4, 11, 69, 1, NULL, 'paid', '200', '', '0', '0', '0', '100', NULL, 0, '2025-01-02 22:56:08', '2025-01-02 22:56:08'),
(43, 'INV-000043', '010', 2, 4, 11, 70, 1, NULL, 'paid', '200', '', '0', '0', '0', '100', NULL, 0, '2025-01-04 14:18:14', '2025-01-04 14:18:14'),
(44, 'INV-000044', '01011', 2, 4, 11, 71, 1, NULL, 'un_paid', '200', '', '0', '0', '0', '100', NULL, 0, '2025-01-04 14:19:04', '2025-01-04 14:19:04'),
(47, 'INV-000047', '010', 2, 4, 11, 74, 1, NULL, 'paid', '200', '', '0', '0', '0', '100', NULL, 0, '2025-02-11 17:11:51', '2025-02-11 17:11:51'),
(52, 'INV-000052', '010', 47, 4, 11, NULL, 1, 2, 'paid', '115', '0', '15', '0', '50', '300', NULL, 0, '2025-04-13 19:07:50', '2025-04-13 19:07:50'),
(53, 'INV-000053', '010', 47, 4, 11, NULL, 1, 2, 'paid', '1150', '0', '150', '0', '50', '1150', NULL, 0, '2025-04-13 19:09:46', '2025-04-13 19:09:46'),
(58, 'INV-000058', '010', 29, 4, 11, 88, 1, NULL, 'paid', '200', '', '0', '0', '0', '100', NULL, 0, '2025-05-10 10:04:27', '2025-05-10 10:04:27'),
(59, 'INV-000059', '01010', 29, 4, 11, 87, 1, NULL, 'paid', '200', '', '0', '0', '0', '100', NULL, 0, '2025-05-10 10:05:11', '2025-05-10 10:05:11'),
(60, 'INV-000060', '010', 29, 4, 11, 90, 1, NULL, 'paid', '200', '', '0', '0', '0', '100', NULL, 0, '2025-05-17 11:23:36', '2025-05-17 11:23:36'),
(61, 'INV-000061', '010', 29, 4, 11, 89, 1, NULL, 'paid', '200', '', '0', '0', '0', '100', NULL, 0, '2025-05-17 11:24:03', '2025-05-17 11:24:03'),
(62, 'INV-000062', '010', 47, 4, 11, NULL, 1, 2, 'paid', '0', '0', '0', '0', '50', '100', NULL, 0, '2025-05-17 11:28:48', '2025-05-17 11:28:48'),
(63, 'INV-000063', '12546', 29, 4, 11, 92, 1, NULL, 'paid', '2000', '', '0', '0', '0', '1000', NULL, 0, '2025-05-29 07:49:39', '2025-05-29 07:49:39'),
(64, 'INV-000064', '010', 29, 4, 11, 94, 1, NULL, 'paid', '200', '', '0', '0', '0', '100', NULL, 0, '2025-06-03 21:55:03', '2025-06-03 21:55:03'),
(65, 'INV-000065', NULL, 5, 4, 11, 95, NULL, NULL, 'un_paid', '200', '', '0', '0', '0', '100', NULL, 0, '2025-06-08 11:56:59', '2025-06-08 11:56:59'),
(66, 'INV-000066', NULL, 47, 4, 112, NULL, NULL, 2, 'un_paid', '115', '0', '15', '0', '50', NULL, NULL, 0, '2025-07-13 17:59:51', '2025-07-13 17:59:51'),
(67, 'INV-000067', '01000', 29, 4, 11, 96, 1, NULL, 'paid', '200', '', '0', '0', '0', '100', NULL, 0, '2025-10-06 21:31:54', '2025-10-06 21:31:54'),
(68, 'INV-000068', '010', 4, 4, 11, 99, 1, NULL, 'paid', '200', '', '0', '0', '0', '100', NULL, 0, '2025-10-25 14:24:03', '2025-10-25 14:24:03'),
(69, 'INV-000069', '3241', 50, 10, 112, NULL, 1, 2, 'paid', '575', '0', '75', '0', '50', '575', NULL, 0, '2025-11-15 10:03:05', '2025-11-15 10:03:05'),
(70, 'INV-000070', '01011', 4, 4, 11, 100, 1, NULL, 'paid', '200', '', '0', '0', '0', '100', NULL, 0, '2025-11-15 20:07:59', '2025-11-15 20:07:59'),
(71, 'INV-000071', '01010', 42, 4, 11, NULL, NULL, 1, 'un_paid', '0', '0', '0', '0', '80', '100', NULL, 0, '2025-11-15 20:23:02', '2025-11-15 20:23:02'),
(72, 'INV-000072', '01011', 4, 4, 11, 101, 1, NULL, 'paid', '200', '', '0', '0', '0', '100', NULL, 0, '2025-11-18 08:40:13', '2025-11-18 08:40:13'),
(73, 'INV-000073', NULL, 51, 363, 362, 103, NULL, NULL, 'un_paid', '150', '', '0', '0', '0', NULL, NULL, 0, '2025-12-17 10:46:04', '2025-12-17 10:46:04'),
(74, 'INV-000074', NULL, 51, 363, 362, 104, NULL, NULL, 'un_paid', '150', '', '0', '0', '0', NULL, NULL, 0, '2025-12-17 10:59:51', '2025-12-17 10:59:51'),
(75, 'INV-000075', NULL, 29, 371, 370, 105, NULL, NULL, 'un_paid', '150', '', '0', '0', '0', NULL, NULL, 0, '2025-12-17 12:31:43', '2025-12-17 12:31:43'),
(76, 'INV-000076', NULL, 29, 371, 370, 106, NULL, NULL, 'un_paid', '100', '', '0', '0', '0', NULL, NULL, 0, '2025-12-17 12:31:55', '2025-12-17 12:31:55'),
(77, 'INV-000077', NULL, 29, 371, 370, 107, NULL, NULL, 'un_paid', '50', '', '0', '0', '0', NULL, NULL, 0, '2025-12-17 12:56:55', '2025-12-17 12:56:55'),
(78, 'INV-000078', NULL, 29, 371, 370, 108, NULL, NULL, 'un_paid', '200', '', '0', '0', '0', NULL, NULL, 0, '2025-12-17 13:49:45', '2025-12-17 13:49:45'),
(79, 'INV-000079', NULL, 52, 371, 370, 111, NULL, 1, 'un_paid', '200', '', '0', '0', '80', NULL, NULL, 0, '2025-12-18 08:58:54', '2025-12-18 08:58:54'),
(80, 'INV-000080', NULL, 53, 371, 370, 112, NULL, 2, 'un_paid', '200', '', '0', '0', '50', NULL, NULL, 0, '2025-12-18 08:59:18', '2025-12-18 08:59:18'),
(81, 'INV-000081', NULL, 54, 371, 370, 113, NULL, 2, 'un_paid', '200', '', '0', '0', '50', NULL, NULL, 0, '2025-12-18 08:59:36', '2025-12-18 08:59:36'),
(82, 'INV-000082', NULL, 29, 371, 370, 114, NULL, NULL, 'paid', '150', '', '0', '0', '0', '60', NULL, 0, '2025-12-18 10:41:17', '2025-12-18 10:41:17'),
(83, 'INV-000083', '3241', 52, 371, 370, NULL, NULL, 1, 'paid', '115', '0', '15', '0', '80', '115', NULL, 0, '2025-12-18 13:28:34', '2025-12-18 13:28:34'),
(84, 'INV-000084', NULL, 52, 371, 370, NULL, NULL, 1, 'paid', '115', '0', '15', '0', '80', '115', NULL, 0, '2025-12-18 13:34:07', '2025-12-18 13:34:07'),
(85, 'INV-000085', '3241', 52, 371, 370, NULL, NULL, 1, 'paid', '115', '0', '15', '0', '80', '115', NULL, 0, '2025-12-18 13:45:08', '2025-12-18 13:45:08'),
(86, 'INV-000086', NULL, 30, 371, 370, 115, NULL, NULL, 'un_paid', '50', '', '0', '0', '0', NULL, NULL, 0, '2025-12-20 14:43:46', '2025-12-20 14:43:46'),
(87, 'INV-000087', NULL, 29, 371, 370, 116, NULL, NULL, 'un_paid', '100', '', '0', '0', '0', NULL, NULL, 0, '2025-12-20 14:46:37', '2025-12-20 14:46:37'),
(88, 'INV-000088', NULL, 52, 371, 370, 117, NULL, 1, 'un_paid', '200', '', '0', '0', '80', '160', NULL, 0, '2025-12-30 10:10:33', '2025-12-30 10:10:33'),
(89, 'INV-000089', NULL, 52, 371, 370, NULL, NULL, 1, 'paid', '115', '0', '15', '0', '80', '115', NULL, 0, '2025-12-30 10:21:07', '2025-12-30 10:21:07'),
(90, 'INV-000090', NULL, 52, 371, 370, NULL, NULL, 1, 'paid', '0', '0', '0', '0', '80', '100', NULL, 0, '2025-12-30 10:23:00', '2025-12-30 10:23:00'),
(91, 'INV-000091', '123', 54, 371, 370, 122, NULL, 2, 'paid', '100', '', '0', '0', '50', '50', NULL, 0, '2025-12-30 13:08:07', '2025-12-30 13:08:07'),
(92, 'INV-000092', NULL, 53, 371, 370, 119, NULL, 2, 'un_paid', '100', '', '0', '0', '50', NULL, NULL, 0, '2025-12-31 08:57:04', '2025-12-31 08:57:04'),
(93, 'INV-000093', NULL, 29, 371, 370, 124, NULL, NULL, 'un_paid', '100', '', '0', '0', '0', NULL, NULL, 0, '2025-12-31 11:44:05', '2025-12-31 11:44:05'),
(94, 'INV-000094', NULL, 53, 371, 370, NULL, NULL, 2, 'un_paid', '115', '0', '15', '0', '50', NULL, NULL, 0, '2025-12-31 12:07:42', '2025-12-31 12:07:42'),
(95, 'INV-000095', NULL, 29, 371, 370, 126, NULL, NULL, 'paid', '100', '', '0', '0', '0', '50', NULL, 0, '2026-01-06 14:07:51', '2026-01-06 14:07:51'),
(96, 'INV-000096', '2INS5', 65, 371, 382, 132, NULL, 2, 'paid', '200', '', '0', '0', '50', '100', NULL, 0, '2026-01-14 13:16:06', '2026-01-14 13:16:06'),
(97, 'INV-000097', '2INS5', 63, 371, 437, 131, NULL, 1, 'paid', '200', '', '0', '0', '80', '160', NULL, 0, '2026-01-14 13:16:53', '2026-01-14 13:16:53'),
(98, 'INV-000098', '1INS5', 62, 371, 422, 130, NULL, 1, 'paid', '200', '', '0', '0', '80', '160', NULL, 0, '2026-01-14 13:17:26', '2026-01-14 13:17:26'),
(99, 'INV-000099', '2INS5', 61, 371, 416, 129, NULL, 1, 'paid', '200', '', '0', '0', '80', '160', NULL, 0, '2026-01-14 13:17:50', '2026-01-14 13:17:50'),
(100, 'INV-0000100', '1INS5', 60, 371, 429, 128, NULL, 2, 'paid', '200', '', '0', '0', '50', '100', NULL, 0, '2026-01-14 13:18:14', '2026-01-14 13:18:14'),
(101, 'INV-0000101', '2INS5', 65, 371, 384, 133, NULL, 2, 'paid', '200', '', '0', '0', '50', '100', NULL, 0, '2026-01-15 12:38:23', '2026-01-15 12:38:23'),
(102, 'INV-0000102', NULL, 66, 371, 406, 134, NULL, 2, 'paid', '200', '', '0', '0', '50', '100', NULL, 0, '2026-01-15 12:39:43', '2026-01-15 12:39:43'),
(103, 'INV-0000103', '2INS5', 67, 371, 388, 135, NULL, 2, 'paid', '200', '', '0', '0', '50', '100', NULL, 0, '2026-01-15 12:43:58', '2026-01-15 12:43:58'),
(104, 'INV-0000104', '1INS5', 68, 371, 405, 136, NULL, 7, 'paid', '400', '', '0', '0', '0', '0', NULL, 0, '2026-01-15 12:48:50', '2026-01-15 12:48:50'),
(105, 'INV-0000105', '2INS5', 69, 371, 434, 137, NULL, NULL, 'paid', '200', '', '0', '0', '0', '100', NULL, 0, '2026-01-15 12:51:00', '2026-01-15 12:51:00'),
(106, 'INV-0000106', '25765', 54, 371, 442, 139, NULL, 2, 'un_paid', '200', '', '0', '0', '50', '100', NULL, 0, '2026-01-17 12:47:29', '2026-01-17 12:47:29'),
(107, 'INV-0000107', 'INS50', 104, 371, 434, 142, NULL, NULL, 'paid', '200', '', '0', '0', '0', '100', NULL, 0, '2026-01-17 12:50:40', '2026-01-17 12:50:40'),
(108, 'INV-0000108', '1INS5', 105, 371, 399, 141, NULL, 2, 'paid', '200', '', '0', '0', '50', '100', NULL, 0, '2026-01-17 12:51:07', '2026-01-17 12:51:07'),
(109, 'INV-0000109', '1INS5', 106, 371, 385, 140, NULL, 2, 'paid', '200', '', '0', '0', '50', '100', NULL, 0, '2026-01-17 12:51:35', '2026-01-17 12:51:35'),
(110, 'INV-0000110', '1INS5', 103, 371, 399, 143, NULL, 2, 'un_paid', '200', '', '0', '0', '50', '100', NULL, 0, '2026-01-17 13:12:39', '2026-01-17 13:12:39');

-- --------------------------------------------------------

--
-- Table structure for table `item_units`
--

CREATE TABLE `item_units` (
  `id` bigint(20) UNSIGNED NOT NULL,
  `name` varchar(255) NOT NULL,
  `clinic_id` bigint(20) UNSIGNED DEFAULT NULL,
  `pharmacy_id` bigint(20) UNSIGNED NOT NULL,
  `created_at` timestamp NULL DEFAULT NULL,
  `updated_at` timestamp NULL DEFAULT NULL,
  `deleted_at` timestamp NULL DEFAULT NULL
) ENGINE=InnoDB DEFAULT CHARSET=utf8mb4 COLLATE=utf8mb4_unicode_ci;

-- --------------------------------------------------------

--
-- Table structure for table `languages`
--

CREATE TABLE `languages` (
  `id` bigint(20) UNSIGNED NOT NULL,
  `name_en` varchar(50) NOT NULL,
  `name_ar` varchar(50) NOT NULL,
  `code` varchar(4) NOT NULL,
  `image` varchar(50) NOT NULL,
  `status` tinyint(4) NOT NULL DEFAULT 1,
  `created_at` timestamp NULL DEFAULT NULL,
  `updated_at` timestamp NULL DEFAULT NULL
) ENGINE=InnoDB DEFAULT CHARSET=utf8mb4 COLLATE=utf8mb4_unicode_ci;

--
-- Dumping data for table `languages`
--

INSERT INTO `languages` (`id`, `name_en`, `name_ar`, `code`, `image`, `status`, `created_at`, `updated_at`) VALUES
(1, 'Arabic', 'العربيه', 'ar', '', 1, '2023-04-03 16:13:07', '2023-04-03 16:13:07'),
(2, 'English', 'الانجليزية', 'en', '', 1, '2023-04-03 16:13:07', '2023-04-03 16:13:07');

-- --------------------------------------------------------

--
-- Table structure for table `medical_reports`
--

CREATE TABLE `medical_reports` (
  `id` bigint(20) UNSIGNED NOT NULL,
  `question_en` varchar(255) NOT NULL,
  `question_ar` varchar(255) NOT NULL,
  `parent_id` bigint(20) UNSIGNED DEFAULT NULL,
  `type` int(11) NOT NULL DEFAULT 1 COMMENT '1 suffers , 2 question with reason',
  `status` tinyint(4) NOT NULL DEFAULT 1,
  `deleted_at` timestamp NULL DEFAULT NULL,
  `created_at` timestamp NULL DEFAULT NULL,
  `updated_at` timestamp NULL DEFAULT NULL
) ENGINE=InnoDB DEFAULT CHARSET=utf8mb4 COLLATE=utf8mb4_unicode_ci;

--
-- Dumping data for table `medical_reports`
--

INSERT INTO `medical_reports` (`id`, `question_en`, `question_ar`, `parent_id`, `type`, `status`, `deleted_at`, `created_at`, `updated_at`) VALUES
(1, 'Do You suffer from the following diseases :', 'هل تعانى من الامراض التالية', NULL, 1, 1, NULL, '2022-11-05 10:26:05', '2022-11-05 10:26:05'),
(2, 'Hypertension', 'ضغط الدم', 1, 1, 1, NULL, '2022-11-05 10:26:05', '2022-11-05 10:26:05'),
(3, 'Diabetes', 'امراض السكرى', 1, 1, 1, NULL, '2022-11-05 10:26:05', '2022-11-05 10:26:05'),
(4, 'Heart trouble', 'امراض القلب', 1, 1, 1, NULL, '2022-11-05 10:26:05', '2022-11-05 10:26:05'),
(5, 'Kidney Diseases', 'امراض الكلى', 1, 1, 1, NULL, '2022-11-05 10:26:05', '2022-11-05 10:26:05'),
(6, 'Haemophilia', 'امراض الدم', 1, 1, 1, NULL, '2022-11-05 10:26:05', '2022-11-05 10:26:05'),
(7, 'Thyroid', 'الغدة الدرقية', 1, 1, 1, NULL, '2022-11-05 10:26:05', '2022-11-05 10:26:05'),
(8, 'Asthma', 'الربو', 1, 1, 1, NULL, '2022-11-05 10:26:05', '2022-11-05 10:26:05'),
(9, 'Is There an allergy ? (Mention it, if any)', 'هل يوجد حساسية (ذكرها ان وجد)', NULL, 2, 1, NULL, '2022-11-05 10:26:05', '2022-11-05 10:26:05'),
(10, 'Are there genetic diseases ?', 'هل يوجد امراض وراثية (ذكرها ان وجد)', NULL, 2, 1, NULL, '2022-11-05 10:26:05', '2022-11-05 10:26:05'),
(11, 'Convulsions , fainting spells, or other mental disorders', 'تشنجات و نوبات اغماء او اضطرابات عقليه اخرى', NULL, 2, 1, NULL, '2022-11-05 10:26:05', '2022-11-05 10:26:05'),
(12, 'Have you ever had surgery', 'هل اجريت عمليات جراحية سابقا', NULL, 2, 1, NULL, '2022-11-05 10:26:05', '2022-11-05 10:26:05'),
(13, 'For women are you currently pregnant or nursing ?', 'للنساء هل يوجد حمل او رضاعة حاليا', NULL, 2, 1, NULL, '2022-11-05 10:26:05', '2022-11-05 10:26:05'),
(14, 'Are you currently receiving medical treatment ?', 'هل تتلقى اى علاج طبى حاليا (ذكرها ان وجد)', NULL, 2, 1, NULL, '2022-11-05 10:26:05', '2022-11-05 10:26:05'),
(15, 'Are there other diseases :', 'هل يوجد امراض اخرى :', NULL, 3, 1, NULL, '2022-11-05 10:26:05', '2022-11-05 10:26:05');

-- --------------------------------------------------------

--
-- Table structure for table `migrations`
--

CREATE TABLE `migrations` (
  `id` int(10) UNSIGNED NOT NULL,
  `migration` varchar(255) NOT NULL,
  `batch` int(11) NOT NULL
) ENGINE=InnoDB DEFAULT CHARSET=utf8mb4 COLLATE=utf8mb4_unicode_ci;

--
-- Dumping data for table `migrations`
--

INSERT INTO `migrations` (`id`, `migration`, `batch`) VALUES
(1, '2014_10_12_100000_create_password_resets_table', 1),
(2, '2019_08_19_000000_create_failed_jobs_table', 1),
(3, '2019_12_14_000001_create_personal_access_tokens_table', 1),
(4, '2022_06_27_203600_create_countries_table', 1),
(5, '2022_06_27_204224_create_languages_table', 1),
(6, '2022_06_27_204309_create_cities_table', 1),
(7, '2022_06_27_204310_create_users_table', 1),
(8, '2022_06_27_210031_create_specialties_table', 1),
(9, '2022_06_27_210537_create_app_types_table', 1),
(10, '2022_06_27_210947_create_admins_table', 1),
(11, '2022_06_27_211552_create_packages_table', 1),
(12, '2022_06_27_212813_create_settings_table', 1),
(13, '2022_06_27_213421_create_points_table', 1),
(14, '2022_06_27_214748_create_permissions_types_table', 1),
(15, '2022_06_27_215209_create_clinics_table', 1),
(16, '2022_06_27_225632_create_clinic_device_tokens_table', 1),
(17, '2022_06_27_231016_create_complaint_boxes_table', 1),
(18, '2022_06_27_231622_create_posts_settings_table', 1),
(19, '2022_06_27_232046_create_posts_table', 1),
(20, '2022_06_27_233208_create_clinic_points_table', 1),
(21, '2022_06_27_233830_create_permissions_requests_table', 1),
(22, '2022_06_27_234909_create_days_table', 1),
(23, '2022_06_27_234910_create_attendances_table', 1),
(24, '2022_06_27_235410_create_statuses_table', 1),
(25, '2022_06_28_004344_create_departments_table', 1),
(26, '2022_06_28_004803_create_clinic_specialists_table', 1),
(27, '2022_06_28_005653_create_shifts_table', 1),
(28, '2022_06_28_010408_create_shift_dates_table', 1),
(29, '2022_06_28_011901_create_clinic_offers_table', 1),
(30, '2022_07_13_141517_add_clinic_id_to_app_types_table', 2),
(31, '2022_08_09_232904_create_shift_employees_table', 3),
(32, '2022_08_10_025811_create_working_days_table', 4),
(33, '2022_08_19_235428_create_notifications_table', 4),
(39, '2022_09_18_182249_create_subscriptions_package_users_table', 2),
(40, '2022_09_18_185311_create_ratings_table', 3),
(41, '2022_09_18_185418_create_clinic_ratings_table', 3),
(42, '2022_09_18_192614_create_users_members_table', 4),
(43, '2022_09_18_201126_create_doctor_appointments_table', 5),
(44, '2022_11_04_101420_create_reservations_table', 6),
(47, '2022_11_05_081946_add__i_d__number_to_users_members_table', 8),
(48, '2022_11_05_090352_create_test_results_table', 9),
(49, '2022_11_05_092005_create_drugs_table', 9),
(50, '2022_11_05_095343_create_pharmacy_prescriptions_table', 9),
(51, '2022_11_05_100850_create_medical_reports_table', 9),
(55, '2022_11_05_104640_create_patient_medical_reports_table', 10),
(56, '2022_11_05_105821_create_coupons_table', 10),
(57, '2023_04_30_220340_create_clinic_posts_counts_table', 11),
(58, '2023_05_20_090018_create_permission_tables', 12),
(64, '2023_11_04_201350_create_reservation_chats_table', 17),
(65, '2023_11_05_083329_create_vital_signs_table', 18),
(66, '2023_11_17_124838_add_parent_id_to_reservations_table', 19),
(67, '2023_11_28_010821_create_services_categories_table', 20),
(68, '2023_11_28_010921_create_services_table', 20),
(70, '2023_11_28_013050_create_patient_services_table', 21),
(71, '2023_12_15_133031_create_sick_leaves_table', 22),
(72, '2023_12_15_143630_add_nationality_to_users_table', 22),
(73, '2023_12_29_093541_create_reservation_vital_signs_table', 23),
(74, '2024_02_15_012634_create_insurance_companies_table', 24),
(75, '2024_02_15_013042_create_insurance_classes_table', 24),
(77, '2024_02_15_014053_create_regions_table', 25),
(78, '2024_02_15_014054_add_insurance_company_to_users_table', 26),
(79, '2024_02_15_083415_create_status_conversions_table', 27),
(80, '2024_02_19_084515_create_payment_methods_table', 28),
(81, '2024_02_20_081342_create_invoices_table', 29),
(83, '2024_02_20_085234_add_invoice_id_to_patient_services_table', 30),
(84, '2024_02_20_190134_create_bonds_table', 31),
(85, '2024_03_01_233207_add_manager_in_clinics_table', 32),
(86, '2024_03_01_235813_create_clinic_point_nursings_table', 33),
(87, '2024_03_02_005847_add_nursing_point_in_clinics_table', 34),
(88, '2024_03_02_013631_add_notes_in_clinics_table', 35),
(89, '2024_03_02_223509_add_nurse_id_in_patient_services_table', 36),
(90, '2024_03_03_183503_add_clinic_id_in_patient_services_table', 37),
(92, '2024_03_04_200114_create_emergencies_table', 38),
(93, '2024_03_04_212153_add_emergency_id_in_vital_signs_table', 39),
(94, '2024_03_04_222428_create_doctor_emergencies_table', 40),
(95, '2024_03_04_222454_create_nurse_emergencies_table', 40),
(96, '2024_03_04_222527_create_drugs_emergencies_table', 40),
(97, '2024_03_04_231141_update_vital_signs_set_nullable', 41),
(98, '2024_03_06_214227_update_users_set_nullable', 42),
(99, '2024_03_07_234659_add_notes_in_vital_signs_table', 42),
(100, '2024_03_27_090111_create_accounts_trees_table', 43),
(101, '2024_04_06_114122_add_waiting_list_to_reservations_table', 43),
(102, '2024_04_06_161934_create_takafoul_discounts_table', 44),
(103, '2024_04_15_203939_add_clinic_to_insurance_classes_table', 44),
(104, '2024_04_16_084800_add_clinic_to_insurance_companies_table', 45),
(105, '2024_04_18_050604_add_clinic_to_services_table', 46),
(107, '2024_04_18_093908_create_clinic_services_table', 47),
(110, '2024_04_20_164438_create_insurances_companies_services_table', 48),
(111, '2024_04_06_152157_add_new_columns_to_clinics_table', 49),
(112, '2024_04_06_193249_create_drug_clinics_taxes_table', 49),
(113, '2024_04_08_190139_create_item_units_table', 49),
(114, '2024_04_09_121043_create_customers_table', 49),
(115, '2024_04_09_121106_create_suppliers_table', 49),
(116, '2024_04_10_113227_add_type_column_to_drugs_table', 49),
(117, '2024_04_11_131520_add_another_columns_to_drugs_table', 50),
(118, '2024_04_11_131718_create_drug_sections_table', 50),
(119, '2024_04_13_193817_create_responsible_people_table', 50),
(120, '2024_04_13_194534_create_stores_table', 50),
(121, '2024_04_17_193830_create_inventories_table', 50),
(122, '2024_04_20_221809_add_drug_sections_to_insurances_companies_services_table', 51),
(123, '2024_04_20_224353_add_category_id_to_drug_sections_table', 52),
(124, '2024_04_21_094540_add_insurance_to_insurance_companies_table', 53),
(125, '2024_04_21_121735_create_insurance_policies_table', 54),
(126, '2024_04_22_094427_add_confirm_patient_to_patient_services_table', 55),
(127, '2024_04_18_233216_create_inventory_records_table', 56),
(128, '2024_04_18_233319_create_inventory_record_items_table', 56),
(129, '2024_04_20_001012_add_another_columns_to_bonds_table', 57),
(130, '2024_04_20_181150_create_purchase_invoices_table', 57),
(131, '2024_04_20_181212_create_purchase_invoice_items_table', 57),
(132, '2024_04_20_234109_create_sale_invoices_table', 57),
(133, '2024_04_20_234134_create_sale_invoice_items_table', 57),
(134, '2024_04_22_205116_create_patient_sale_invoices_table', 57),
(135, '2024_04_22_205147_create_patient_sale_invoice_items_table', 57);

-- --------------------------------------------------------

--
-- Table structure for table `model_has_permissions`
--

CREATE TABLE `model_has_permissions` (
  `permission_id` bigint(20) UNSIGNED NOT NULL,
  `model_type` varchar(255) NOT NULL,
  `model_id` bigint(20) UNSIGNED NOT NULL
) ENGINE=InnoDB DEFAULT CHARSET=utf8mb4 COLLATE=utf8mb4_unicode_ci;

--
-- Dumping data for table `model_has_permissions`
--

INSERT INTO `model_has_permissions` (`permission_id`, `model_type`, `model_id`) VALUES
(2, 'App\\Models\\Clinic', 119),
(2, 'App\\Models\\Clinic', 339),
(2, 'App\\Models\\Clinic', 342),
(2, 'App\\Models\\Clinic', 345),
(2, 'App\\Models\\Clinic', 351),
(3, 'App\\Models\\Clinic', 119),
(3, 'App\\Models\\Clinic', 339),
(3, 'App\\Models\\Clinic', 342),
(3, 'App\\Models\\Clinic', 345),
(3, 'App\\Models\\Clinic', 351),
(5, 'App\\Models\\Clinic', 41),
(5, 'App\\Models\\Clinic', 119),
(6, 'App\\Models\\Clinic', 41),
(7, 'App\\Models\\Clinic', 41),
(7, 'App\\Models\\Clinic', 119),
(8, 'App\\Models\\Clinic', 41),
(10, 'App\\Models\\Clinic', 119),
(10, 'App\\Models\\Clinic', 339),
(10, 'App\\Models\\Clinic', 342),
(10, 'App\\Models\\Clinic', 345),
(10, 'App\\Models\\Clinic', 351),
(12, 'App\\Models\\Clinic', 118),
(12, 'App\\Models\\Clinic', 119),
(12, 'App\\Models\\Clinic', 339),
(12, 'App\\Models\\Clinic', 342),
(12, 'App\\Models\\Clinic', 345),
(12, 'App\\Models\\Clinic', 351),
(13, 'App\\Models\\Clinic', 118),
(13, 'App\\Models\\Clinic', 119),
(13, 'App\\Models\\Clinic', 339),
(13, 'App\\Models\\Clinic', 342),
(13, 'App\\Models\\Clinic', 345),
(13, 'App\\Models\\Clinic', 351),
(15, 'App\\Models\\Clinic', 37),
(15, 'App\\Models\\Clinic', 52),
(15, 'App\\Models\\Clinic', 118),
(15, 'App\\Models\\Clinic', 119),
(15, 'App\\Models\\Clinic', 171),
(15, 'App\\Models\\Clinic', 335),
(15, 'App\\Models\\Clinic', 339),
(15, 'App\\Models\\Clinic', 342),
(15, 'App\\Models\\Clinic', 345),
(15, 'App\\Models\\Clinic', 351),
(16, 'App\\Models\\Clinic', 52),
(16, 'App\\Models\\Clinic', 118),
(16, 'App\\Models\\Clinic', 119),
(16, 'App\\Models\\Clinic', 335),
(16, 'App\\Models\\Clinic', 339),
(16, 'App\\Models\\Clinic', 342),
(16, 'App\\Models\\Clinic', 345),
(16, 'App\\Models\\Clinic', 351),
(17, 'App\\Models\\Clinic', 52),
(17, 'App\\Models\\Clinic', 118),
(17, 'App\\Models\\Clinic', 119),
(17, 'App\\Models\\Clinic', 335),
(17, 'App\\Models\\Clinic', 339),
(17, 'App\\Models\\Clinic', 342),
(17, 'App\\Models\\Clinic', 345),
(17, 'App\\Models\\Clinic', 351),
(18, 'App\\Models\\Clinic', 52),
(18, 'App\\Models\\Clinic', 118),
(18, 'App\\Models\\Clinic', 335),
(18, 'App\\Models\\Clinic', 339),
(18, 'App\\Models\\Clinic', 342),
(18, 'App\\Models\\Clinic', 345),
(18, 'App\\Models\\Clinic', 351),
(19, 'App\\Models\\Clinic', 52),
(19, 'App\\Models\\Clinic', 118),
(19, 'App\\Models\\Clinic', 335),
(19, 'App\\Models\\Clinic', 339),
(19, 'App\\Models\\Clinic', 342),
(19, 'App\\Models\\Clinic', 345),
(19, 'App\\Models\\Clinic', 351),
(20, 'App\\Models\\Clinic', 52),
(20, 'App\\Models\\Clinic', 118),
(20, 'App\\Models\\Clinic', 335),
(20, 'App\\Models\\Clinic', 339),
(20, 'App\\Models\\Clinic', 342),
(20, 'App\\Models\\Clinic', 345),
(20, 'App\\Models\\Clinic', 351),
(22, 'App\\Models\\Clinic', 37),
(22, 'App\\Models\\Clinic', 118),
(22, 'App\\Models\\Clinic', 171),
(22, 'App\\Models\\Clinic', 339),
(22, 'App\\Models\\Clinic', 342),
(22, 'App\\Models\\Clinic', 345),
(22, 'App\\Models\\Clinic', 351),
(23, 'App\\Models\\Clinic', 118),
(23, 'App\\Models\\Clinic', 339),
(23, 'App\\Models\\Clinic', 342),
(23, 'App\\Models\\Clinic', 345),
(23, 'App\\Models\\Clinic', 351),
(24, 'App\\Models\\Clinic', 118),
(24, 'App\\Models\\Clinic', 119),
(24, 'App\\Models\\Clinic', 339),
(24, 'App\\Models\\Clinic', 342),
(24, 'App\\Models\\Clinic', 345),
(24, 'App\\Models\\Clinic', 351),
(25, 'App\\Models\\Clinic', 118),
(25, 'App\\Models\\Clinic', 339),
(25, 'App\\Models\\Clinic', 342),
(25, 'App\\Models\\Clinic', 345),
(25, 'App\\Models\\Clinic', 351),
(27, 'App\\Models\\Clinic', 37),
(27, 'App\\Models\\Clinic', 118),
(27, 'App\\Models\\Clinic', 119),
(27, 'App\\Models\\Clinic', 171),
(27, 'App\\Models\\Clinic', 339),
(27, 'App\\Models\\Clinic', 342),
(27, 'App\\Models\\Clinic', 345),
(27, 'App\\Models\\Clinic', 351),
(28, 'App\\Models\\Clinic', 118),
(28, 'App\\Models\\Clinic', 119),
(28, 'App\\Models\\Clinic', 339),
(28, 'App\\Models\\Clinic', 342),
(28, 'App\\Models\\Clinic', 345),
(28, 'App\\Models\\Clinic', 351),
(29, 'App\\Models\\Clinic', 118),
(29, 'App\\Models\\Clinic', 119),
(29, 'App\\Models\\Clinic', 339),
(29, 'App\\Models\\Clinic', 342),
(29, 'App\\Models\\Clinic', 345),
(29, 'App\\Models\\Clinic', 351),
(30, 'App\\Models\\Clinic', 119),
(30, 'App\\Models\\Clinic', 339),
(30, 'App\\Models\\Clinic', 342),
(30, 'App\\Models\\Clinic', 345),
(30, 'App\\Models\\Clinic', 351),
(32, 'App\\Models\\Clinic', 37),
(32, 'App\\Models\\Clinic', 55),
(32, 'App\\Models\\Clinic', 119),
(32, 'App\\Models\\Clinic', 171),
(33, 'App\\Models\\Clinic', 55),
(33, 'App\\Models\\Clinic', 119),
(34, 'App\\Models\\Clinic', 55),
(34, 'App\\Models\\Clinic', 119),
(35, 'App\\Models\\Clinic', 119),
(37, 'App\\Models\\Clinic', 119),
(37, 'App\\Models\\Clinic', 335),
(37, 'App\\Models\\Clinic', 339),
(37, 'App\\Models\\Clinic', 342),
(37, 'App\\Models\\Clinic', 345),
(37, 'App\\Models\\Clinic', 351),
(38, 'App\\Models\\Clinic', 335),
(38, 'App\\Models\\Clinic', 339),
(38, 'App\\Models\\Clinic', 342),
(38, 'App\\Models\\Clinic', 345),
(38, 'App\\Models\\Clinic', 351),
(39, 'App\\Models\\Clinic', 119),
(39, 'App\\Models\\Clinic', 335),
(39, 'App\\Models\\Clinic', 339),
(39, 'App\\Models\\Clinic', 342),
(39, 'App\\Models\\Clinic', 345),
(39, 'App\\Models\\Clinic', 351),
(40, 'App\\Models\\Clinic', 119),
(40, 'App\\Models\\Clinic', 335),
(40, 'App\\Models\\Clinic', 339),
(40, 'App\\Models\\Clinic', 342),
(40, 'App\\Models\\Clinic', 345),
(40, 'App\\Models\\Clinic', 351),
(42, 'App\\Models\\Clinic', 119),
(42, 'App\\Models\\Clinic', 339),
(42, 'App\\Models\\Clinic', 342),
(42, 'App\\Models\\Clinic', 345),
(42, 'App\\Models\\Clinic', 351),
(44, 'App\\Models\\Role', 2),
(44, 'App\\Models\\Clinic', 339),
(44, 'App\\Models\\Clinic', 342),
(44, 'App\\Models\\Clinic', 345),
(44, 'App\\Models\\Clinic', 351),
(46, 'App\\Models\\Role', 2),
(46, 'App\\Models\\Clinic', 339),
(46, 'App\\Models\\Clinic', 342),
(46, 'App\\Models\\Clinic', 345),
(46, 'App\\Models\\Clinic', 351),
(47, 'App\\Models\\Clinic', 339),
(47, 'App\\Models\\Clinic', 342),
(47, 'App\\Models\\Clinic', 345),
(47, 'App\\Models\\Clinic', 351),
(48, 'App\\Models\\Role', 2),
(48, 'App\\Models\\Clinic', 339),
(48, 'App\\Models\\Clinic', 342),
(48, 'App\\Models\\Clinic', 345),
(48, 'App\\Models\\Clinic', 351),
(49, 'App\\Models\\Clinic', 339),
(49, 'App\\Models\\Clinic', 342),
(49, 'App\\Models\\Clinic', 345),
(49, 'App\\Models\\Clinic', 351),
(51, 'App\\Models\\Clinic', 339),
(51, 'App\\Models\\Clinic', 342),
(51, 'App\\Models\\Clinic', 345),
(51, 'App\\Models\\Clinic', 351),
(52, 'App\\Models\\Clinic', 339),
(52, 'App\\Models\\Clinic', 342),
(52, 'App\\Models\\Clinic', 345),
(52, 'App\\Models\\Clinic', 351),
(54, 'App\\Models\\Clinic', 339),
(54, 'App\\Models\\Clinic', 342),
(54, 'App\\Models\\Clinic', 345),
(54, 'App\\Models\\Clinic', 351),
(56, 'App\\Models\\Clinic', 339),
(56, 'App\\Models\\Clinic', 342),
(56, 'App\\Models\\Clinic', 345),
(56, 'App\\Models\\Clinic', 351),
(57, 'App\\Models\\Clinic', 339),
(57, 'App\\Models\\Clinic', 342),
(57, 'App\\Models\\Clinic', 345),
(57, 'App\\Models\\Clinic', 351),
(58, 'App\\Models\\Clinic', 339),
(58, 'App\\Models\\Clinic', 342),
(58, 'App\\Models\\Clinic', 345),
(58, 'App\\Models\\Clinic', 351),
(59, 'App\\Models\\Clinic', 339),
(59, 'App\\Models\\Clinic', 342),
(59, 'App\\Models\\Clinic', 345),
(59, 'App\\Models\\Clinic', 351),
(61, 'App\\Models\\Clinic', 339),
(61, 'App\\Models\\Clinic', 342),
(61, 'App\\Models\\Clinic', 345),
(61, 'App\\Models\\Clinic', 351),
(62, 'App\\Models\\Clinic', 339),
(62, 'App\\Models\\Clinic', 342),
(62, 'App\\Models\\Clinic', 345),
(62, 'App\\Models\\Clinic', 351),
(63, 'App\\Models\\Clinic', 339),
(63, 'App\\Models\\Clinic', 342),
(63, 'App\\Models\\Clinic', 345),
(63, 'App\\Models\\Clinic', 351),
(64, 'App\\Models\\Clinic', 339),
(64, 'App\\Models\\Clinic', 342),
(64, 'App\\Models\\Clinic', 345),
(64, 'App\\Models\\Clinic', 351),
(66, 'App\\Models\\Clinic', 339),
(66, 'App\\Models\\Clinic', 342),
(66, 'App\\Models\\Clinic', 345),
(66, 'App\\Models\\Clinic', 351),
(68, 'App\\Models\\Clinic', 339),
(68, 'App\\Models\\Clinic', 342),
(68, 'App\\Models\\Clinic', 345),
(68, 'App\\Models\\Clinic', 351),
(69, 'App\\Models\\Clinic', 339),
(69, 'App\\Models\\Clinic', 342),
(69, 'App\\Models\\Clinic', 345),
(69, 'App\\Models\\Clinic', 351),
(70, 'App\\Models\\Clinic', 339),
(70, 'App\\Models\\Clinic', 342),
(70, 'App\\Models\\Clinic', 345),
(70, 'App\\Models\\Clinic', 351),
(71, 'App\\Models\\Clinic', 339),
(71, 'App\\Models\\Clinic', 342),
(71, 'App\\Models\\Clinic', 345),
(71, 'App\\Models\\Clinic', 351),
(73, 'App\\Models\\Clinic', 339),
(73, 'App\\Models\\Clinic', 342),
(73, 'App\\Models\\Clinic', 345),
(73, 'App\\Models\\Clinic', 351),
(74, 'App\\Models\\Clinic', 339),
(74, 'App\\Models\\Clinic', 342),
(74, 'App\\Models\\Clinic', 345),
(74, 'App\\Models\\Clinic', 351),
(75, 'App\\Models\\Clinic', 339),
(75, 'App\\Models\\Clinic', 342),
(75, 'App\\Models\\Clinic', 345),
(75, 'App\\Models\\Clinic', 351),
(76, 'App\\Models\\Clinic', 339),
(76, 'App\\Models\\Clinic', 342),
(76, 'App\\Models\\Clinic', 345),
(76, 'App\\Models\\Clinic', 351),
(78, 'App\\Models\\Clinic', 339),
(78, 'App\\Models\\Clinic', 342),
(78, 'App\\Models\\Clinic', 345),
(78, 'App\\Models\\Clinic', 351),
(79, 'App\\Models\\Clinic', 339),
(79, 'App\\Models\\Clinic', 342),
(79, 'App\\Models\\Clinic', 345),
(79, 'App\\Models\\Clinic', 351),
(80, 'App\\Models\\Clinic', 339),
(80, 'App\\Models\\Clinic', 342),
(80, 'App\\Models\\Clinic', 345),
(80, 'App\\Models\\Clinic', 351),
(81, 'App\\Models\\Clinic', 339),
(81, 'App\\Models\\Clinic', 342),
(81, 'App\\Models\\Clinic', 345),
(81, 'App\\Models\\Clinic', 351),
(83, 'App\\Models\\Clinic', 339),
(83, 'App\\Models\\Clinic', 342),
(83, 'App\\Models\\Clinic', 345),
(83, 'App\\Models\\Clinic', 351),
(84, 'App\\Models\\Clinic', 339),
(84, 'App\\Models\\Clinic', 342),
(84, 'App\\Models\\Clinic', 345),
(84, 'App\\Models\\Clinic', 351),
(85, 'App\\Models\\Clinic', 339),
(85, 'App\\Models\\Clinic', 342),
(85, 'App\\Models\\Clinic', 345),
(85, 'App\\Models\\Clinic', 351),
(86, 'App\\Models\\Clinic', 339),
(86, 'App\\Models\\Clinic', 342),
(86, 'App\\Models\\Clinic', 345),
(86, 'App\\Models\\Clinic', 351),
(88, 'App\\Models\\Clinic', 339),
(88, 'App\\Models\\Clinic', 342),
(88, 'App\\Models\\Clinic', 345),
(88, 'App\\Models\\Clinic', 351),
(89, 'App\\Models\\Clinic', 339),
(89, 'App\\Models\\Clinic', 342),
(89, 'App\\Models\\Clinic', 345),
(89, 'App\\Models\\Clinic', 351),
(90, 'App\\Models\\Clinic', 339),
(90, 'App\\Models\\Clinic', 342),
(90, 'App\\Models\\Clinic', 345),
(90, 'App\\Models\\Clinic', 351),
(91, 'App\\Models\\Clinic', 339),
(91, 'App\\Models\\Clinic', 342),
(91, 'App\\Models\\Clinic', 345),
(91, 'App\\Models\\Clinic', 351),
(93, 'App\\Models\\Clinic', 339),
(93, 'App\\Models\\Clinic', 342),
(93, 'App\\Models\\Clinic', 345),
(93, 'App\\Models\\Clinic', 351),
(94, 'App\\Models\\Clinic', 339),
(94, 'App\\Models\\Clinic', 342),
(94, 'App\\Models\\Clinic', 345),
(94, 'App\\Models\\Clinic', 351),
(95, 'App\\Models\\Clinic', 339),
(95, 'App\\Models\\Clinic', 342),
(95, 'App\\Models\\Clinic', 345),
(95, 'App\\Models\\Clinic', 351),
(96, 'App\\Models\\Clinic', 339),
(96, 'App\\Models\\Clinic', 342),
(96, 'App\\Models\\Clinic', 345),
(96, 'App\\Models\\Clinic', 351),
(98, 'App\\Models\\Clinic', 339),
(98, 'App\\Models\\Clinic', 342),
(98, 'App\\Models\\Clinic', 345),
(98, 'App\\Models\\Clinic', 351),
(99, 'App\\Models\\Clinic', 339),
(99, 'App\\Models\\Clinic', 342),
(99, 'App\\Models\\Clinic', 345),
(99, 'App\\Models\\Clinic', 351),
(100, 'App\\Models\\Clinic', 339),
(100, 'App\\Models\\Clinic', 342),
(100, 'App\\Models\\Clinic', 345),
(100, 'App\\Models\\Clinic', 351),
(101, 'App\\Models\\Clinic', 339),
(101, 'App\\Models\\Clinic', 342),
(101, 'App\\Models\\Clinic', 345),
(101, 'App\\Models\\Clinic', 351),
(103, 'App\\Models\\Clinic', 335),
(103, 'App\\Models\\Clinic', 339),
(103, 'App\\Models\\Clinic', 342),
(103, 'App\\Models\\Clinic', 345),
(103, 'App\\Models\\Clinic', 351),
(104, 'App\\Models\\Clinic', 335),
(104, 'App\\Models\\Clinic', 339),
(104, 'App\\Models\\Clinic', 342),
(104, 'App\\Models\\Clinic', 345),
(104, 'App\\Models\\Clinic', 351),
(105, 'App\\Models\\Clinic', 335),
(105, 'App\\Models\\Clinic', 339),
(105, 'App\\Models\\Clinic', 342),
(105, 'App\\Models\\Clinic', 345),
(105, 'App\\Models\\Clinic', 351),
(106, 'App\\Models\\Clinic', 335),
(106, 'App\\Models\\Clinic', 339),
(106, 'App\\Models\\Clinic', 342),
(106, 'App\\Models\\Clinic', 345),
(106, 'App\\Models\\Clinic', 351),
(108, 'App\\Models\\Clinic', 335),
(108, 'App\\Models\\Clinic', 339),
(108, 'App\\Models\\Clinic', 342),
(108, 'App\\Models\\Clinic', 345),
(108, 'App\\Models\\Clinic', 351),
(110, 'App\\Models\\Clinic', 339),
(110, 'App\\Models\\Clinic', 342),
(110, 'App\\Models\\Clinic', 345),
(110, 'App\\Models\\Clinic', 351),
(111, 'App\\Models\\Clinic', 339),
(111, 'App\\Models\\Clinic', 342),
(111, 'App\\Models\\Clinic', 345),
(111, 'App\\Models\\Clinic', 351),
(112, 'App\\Models\\Clinic', 339),
(112, 'App\\Models\\Clinic', 342),
(112, 'App\\Models\\Clinic', 345),
(112, 'App\\Models\\Clinic', 351);

-- --------------------------------------------------------

--
-- Table structure for table `model_has_roles`
--

CREATE TABLE `model_has_roles` (
  `role_id` bigint(20) UNSIGNED NOT NULL,
  `model_type` varchar(255) NOT NULL,
  `model_id` bigint(20) UNSIGNED NOT NULL
) ENGINE=InnoDB DEFAULT CHARSET=utf8mb4 COLLATE=utf8mb4_unicode_ci;

-- --------------------------------------------------------

--
-- Table structure for table `notifications`
--

CREATE TABLE `notifications` (
  `id` bigint(20) UNSIGNED NOT NULL,
  `admin_id` bigint(20) UNSIGNED DEFAULT NULL,
  `clinic_id` bigint(20) UNSIGNED DEFAULT NULL,
  `user_id` bigint(20) UNSIGNED DEFAULT NULL,
  `receiver_id` int(11) DEFAULT NULL COMMENT 'send account id if clinic or user ',
  `type` int(11) NOT NULL DEFAULT 1 COMMENT ' 0 all , 1 send to user , 2 other',
  `title_en` varchar(100) NOT NULL,
  `title_ar` varchar(100) NOT NULL,
  `message_en` longtext DEFAULT NULL,
  `message_ar` longtext DEFAULT NULL,
  `app_type` int(11) NOT NULL DEFAULT 1 COMMENT ' send to this account',
  `url` varchar(255) DEFAULT NULL,
  `coupon_status` int(11) DEFAULT 0,
  `image` varchar(100) DEFAULT NULL,
  `is_read` tinyint(4) NOT NULL DEFAULT 0 COMMENT ' 0 not seen , 1 seen',
  `deleted_at` timestamp NULL DEFAULT NULL,
  `created_at` timestamp NULL DEFAULT NULL,
  `updated_at` timestamp NULL DEFAULT NULL,
  `flag` int(11) NOT NULL DEFAULT 1
) ENGINE=InnoDB DEFAULT CHARSET=utf8mb4 COLLATE=utf8mb4_unicode_ci;

--
-- Dumping data for table `notifications`
--

INSERT INTO `notifications` (`id`, `admin_id`, `clinic_id`, `user_id`, `receiver_id`, `type`, `title_en`, `title_ar`, `message_en`, `message_ar`, `app_type`, `url`, `coupon_status`, `image`, `is_read`, `deleted_at`, `created_at`, `updated_at`, `flag`) VALUES
(1, 1, 1, NULL, 1, 1, 'message from admin', 'message from admin', 'Welcome to the Takaful Jood app', 'مرحبا بك فى تطبيق تكافل جود', 1, NULL, 0, NULL, 0, NULL, '2025-01-01 08:25:10', NULL, 1),
(2, NULL, NULL, NULL, 0, 0, 'message from admin', 'message from admin', 'Welcome to the Takaful Jood app', 'مرحبا بك فى تطبيق تكافل جود', 0, NULL, 0, NULL, 0, NULL, '2025-01-01 08:25:10', NULL, 1),
(3, NULL, NULL, NULL, NULL, 1, 'test', 'تيست', 'test', 'تيست', 1, NULL, 0, '17528486425540.png', 0, NULL, '2025-07-18 14:24:02', '2025-07-18 14:24:02', 1),
(4, NULL, NULL, NULL, NULL, 1, 'notification test', 'اختبار الاشعارات', 'test \r\n\r\n1 \r\n\r\ntest 5', 'تجربه لمعرفة شكل الاشعارات في التطبيق \r\n\r\nعذرا على الازعاج \r\nفي حال استلام الاشعار الرجاء الرد على الواتس اب  في القروب', 1, NULL, 0, '17538148184674.jpg', 0, NULL, '2025-07-29 18:46:58', '2025-07-29 18:46:58', 1),
(5, NULL, NULL, NULL, NULL, 1, 'تيست', 'تيست', 'تيست', 'تيست', 1, NULL, 0, '17554627138993.png', 0, NULL, '2025-08-17 20:31:53', '2025-08-17 20:31:53', 1);

-- --------------------------------------------------------

--
-- Table structure for table `nurse_emergencies`
--

CREATE TABLE `nurse_emergencies` (
  `id` bigint(20) UNSIGNED NOT NULL,
  `emergency_id` bigint(20) UNSIGNED DEFAULT NULL,
  `nurse_id` bigint(20) UNSIGNED DEFAULT NULL,
  `created_at` timestamp NULL DEFAULT NULL,
  `updated_at` timestamp NULL DEFAULT NULL
) ENGINE=InnoDB DEFAULT CHARSET=utf8mb4 COLLATE=utf8mb4_unicode_ci;

--
-- Dumping data for table `nurse_emergencies`
--

INSERT INTO `nurse_emergencies` (`id`, `emergency_id`, `nurse_id`, `created_at`, `updated_at`) VALUES
(4, 11, 182, NULL, NULL),
(5, 12, 182, NULL, NULL);

-- --------------------------------------------------------

--
-- Table structure for table `packages`
--

CREATE TABLE `packages` (
  `id` bigint(20) UNSIGNED NOT NULL,
  `name_en` varchar(255) NOT NULL,
  `name_ar` varchar(255) NOT NULL,
  `duration` int(11) NOT NULL DEFAULT 5 COMMENT 'days',
  `price` varchar(10) DEFAULT NULL,
  `status` tinyint(4) NOT NULL DEFAULT 1,
  `deleted_at` timestamp NULL DEFAULT NULL,
  `created_at` timestamp NULL DEFAULT NULL,
  `updated_at` timestamp NULL DEFAULT NULL
) ENGINE=InnoDB DEFAULT CHARSET=utf8mb4 COLLATE=utf8mb4_unicode_ci;

--
-- Dumping data for table `packages`
--

INSERT INTO `packages` (`id`, `name_en`, `name_ar`, `duration`, `price`, `status`, `deleted_at`, `created_at`, `updated_at`) VALUES
(1, 'Golden', 'Golden', 120, '120', 1, NULL, '2022-09-18 17:57:26', '2022-09-18 17:57:26'),
(2, 'Bronze', 'Bronze', 720, '500', 1, NULL, '2022-09-18 17:57:26', '2022-09-18 17:57:26'),
(3, 'Silver', 'Silver', 365, '300', 1, NULL, '2022-09-18 17:57:26', '2022-09-18 17:57:26'),
(4, 'Free', 'مجانا', 7, '0', 1, NULL, '2022-09-18 17:57:26', '2022-09-18 17:57:26');

-- --------------------------------------------------------

--
-- Table structure for table `password_resets`
--

CREATE TABLE `password_resets` (
  `email` varchar(255) NOT NULL,
  `token` varchar(255) NOT NULL,
  `created_at` timestamp NULL DEFAULT NULL
) ENGINE=InnoDB DEFAULT CHARSET=utf8mb4 COLLATE=utf8mb4_unicode_ci;

-- --------------------------------------------------------

--
-- Table structure for table `patient_medical_reports`
--

CREATE TABLE `patient_medical_reports` (
  `id` bigint(20) UNSIGNED NOT NULL,
  `user_id` bigint(20) UNSIGNED NOT NULL,
  `report_id` bigint(20) UNSIGNED DEFAULT NULL,
  `answer_id` bigint(20) UNSIGNED DEFAULT NULL,
  `parent_id` bigint(20) UNSIGNED DEFAULT NULL,
  `reason` longtext DEFAULT NULL,
  `report_type` int(11) DEFAULT NULL,
  `answer_flag` enum('Yes','No') NOT NULL,
  `deleted_at` timestamp NULL DEFAULT NULL,
  `created_at` timestamp NULL DEFAULT NULL,
  `updated_at` timestamp NULL DEFAULT NULL
) ENGINE=InnoDB DEFAULT CHARSET=utf8mb4 COLLATE=utf8mb4_unicode_ci;

--
-- Dumping data for table `patient_medical_reports`
--

INSERT INTO `patient_medical_reports` (`id`, `user_id`, `report_id`, `answer_id`, `parent_id`, `reason`, `report_type`, `answer_flag`, `deleted_at`, `created_at`, `updated_at`) VALUES
(1, 3, NULL, NULL, NULL, NULL, NULL, 'Yes', NULL, '2023-08-25 08:14:38', '2023-08-25 08:14:38'),
(2, 3, 8, 8, 1, NULL, 1, 'No', NULL, '2023-08-25 08:14:38', '2023-08-25 08:14:38'),
(3, 3, 7, 7, 1, NULL, 1, 'No', NULL, '2023-08-25 08:14:38', '2023-08-25 08:14:38'),
(4, 3, 6, 6, 1, NULL, 1, 'No', NULL, '2023-08-25 08:14:38', '2023-08-25 08:14:38'),
(5, 3, 5, 5, 1, NULL, 1, 'No', NULL, '2023-08-25 08:14:38', '2023-08-25 08:14:38'),
(6, 3, 4, 4, 1, NULL, 1, 'No', NULL, '2023-08-25 08:14:38', '2023-08-25 08:14:38'),
(7, 3, 3, 3, 1, NULL, 1, 'No', NULL, '2023-08-25 08:14:38', '2023-08-25 08:14:38'),
(8, 3, 2, 2, 1, NULL, 1, 'No', NULL, '2023-08-25 08:14:38', '2023-08-25 08:14:38'),
(9, 3, 9, 9, 1, NULL, 2, 'No', NULL, '2023-08-25 08:14:38', '2023-08-25 08:14:38'),
(10, 3, 10, 10, 1, NULL, 2, 'No', NULL, '2023-08-25 08:14:38', '2023-08-25 08:14:38'),
(11, 3, 11, 11, 1, NULL, 2, 'No', NULL, '2023-08-25 08:14:38', '2023-08-25 08:14:38'),
(12, 3, 12, 12, 1, NULL, 2, 'No', NULL, '2023-08-25 08:14:38', '2023-08-25 08:14:38'),
(13, 3, 13, 13, 1, NULL, 2, 'No', NULL, '2023-08-25 08:14:38', '2023-08-25 08:14:38'),
(14, 3, 14, 14, 1, NULL, 2, 'No', NULL, '2023-08-25 08:14:38', '2023-08-25 08:14:38'),
(15, 3, 15, 15, 1, NULL, 3, 'No', NULL, '2023-08-25 08:14:38', '2023-08-25 08:14:38'),
(16, 3, NULL, NULL, NULL, NULL, NULL, 'Yes', NULL, '2023-08-25 08:15:05', '2023-08-25 08:15:05'),
(17, 3, 8, 8, 16, NULL, 1, 'Yes', NULL, '2023-08-25 08:15:05', '2023-08-25 08:15:05'),
(18, 3, 7, 7, 16, NULL, 1, 'No', NULL, '2023-08-25 08:15:05', '2023-08-25 08:15:05'),
(19, 3, 6, 6, 16, NULL, 1, 'No', NULL, '2023-08-25 08:15:05', '2023-08-25 08:15:05'),
(20, 3, 5, 5, 16, NULL, 1, 'No', NULL, '2023-08-25 08:15:05', '2023-08-25 08:15:05'),
(21, 3, 4, 4, 16, NULL, 1, 'No', NULL, '2023-08-25 08:15:05', '2023-08-25 08:15:05'),
(22, 3, 3, 3, 16, NULL, 1, 'No', NULL, '2023-08-25 08:15:05', '2023-08-25 08:15:05'),
(23, 3, 2, 2, 16, NULL, 1, 'No', NULL, '2023-08-25 08:15:05', '2023-08-25 08:15:05'),
(24, 3, 9, 9, 16, NULL, 2, 'No', NULL, '2023-08-25 08:15:05', '2023-08-25 08:15:05'),
(25, 3, 10, 10, 16, NULL, 2, 'No', NULL, '2023-08-25 08:15:05', '2023-08-25 08:15:05'),
(26, 3, 11, 11, 16, NULL, 2, 'No', NULL, '2023-08-25 08:15:05', '2023-08-25 08:15:05'),
(27, 3, 12, 12, 16, NULL, 2, 'No', NULL, '2023-08-25 08:15:05', '2023-08-25 08:15:05'),
(28, 3, 13, 13, 16, NULL, 2, 'No', NULL, '2023-08-25 08:15:05', '2023-08-25 08:15:05'),
(29, 3, 14, 14, 16, NULL, 2, 'No', NULL, '2023-08-25 08:15:05', '2023-08-25 08:15:05'),
(30, 3, 15, 15, 16, NULL, 3, 'No', NULL, '2023-08-25 08:15:05', '2023-08-25 08:15:05'),
(31, 3, NULL, NULL, NULL, NULL, NULL, 'Yes', NULL, '2023-08-25 11:49:02', '2023-08-25 11:49:02'),
(32, 3, 8, 8, 31, NULL, 1, 'Yes', NULL, '2023-08-25 11:49:02', '2023-08-25 11:49:02'),
(33, 3, 7, 7, 31, NULL, 1, 'No', NULL, '2023-08-25 11:49:02', '2023-08-25 11:49:02'),
(34, 3, 6, 6, 31, NULL, 1, 'No', NULL, '2023-08-25 11:49:02', '2023-08-25 11:49:02'),
(35, 3, 5, 5, 31, NULL, 1, 'No', NULL, '2023-08-25 11:49:02', '2023-08-25 11:49:02'),
(36, 3, 4, 4, 31, NULL, 1, 'No', NULL, '2023-08-25 11:49:02', '2023-08-25 11:49:02'),
(37, 3, 3, 3, 31, NULL, 1, 'No', NULL, '2023-08-25 11:49:02', '2023-08-25 11:49:02'),
(38, 3, 2, 2, 31, NULL, 1, 'No', NULL, '2023-08-25 11:49:02', '2023-08-25 11:49:02'),
(39, 3, 9, 9, 31, 'test', 2, 'Yes', NULL, '2023-08-25 11:49:02', '2023-08-25 11:49:02'),
(40, 3, 10, 10, 31, NULL, 2, 'No', NULL, '2023-08-25 11:49:02', '2023-08-25 11:49:02'),
(41, 3, 11, 11, 31, NULL, 2, 'No', NULL, '2023-08-25 11:49:02', '2023-08-25 11:49:02'),
(42, 3, 12, 12, 31, NULL, 2, 'No', NULL, '2023-08-25 11:49:02', '2023-08-25 11:49:02'),
(43, 3, 13, 13, 31, NULL, 2, 'No', NULL, '2023-08-25 11:49:02', '2023-08-25 11:49:02'),
(44, 3, 14, 14, 31, NULL, 2, 'No', NULL, '2023-08-25 11:49:02', '2023-08-25 11:49:02'),
(45, 3, 15, 15, 31, 'لا يوجد امراض أخري', 3, 'Yes', NULL, '2023-08-25 11:49:02', '2023-08-25 11:49:02'),
(46, 4, NULL, NULL, NULL, NULL, NULL, 'Yes', NULL, '2023-11-11 17:59:31', '2023-11-11 17:59:31'),
(47, 4, 8, 8, 46, NULL, 1, 'No', NULL, '2023-11-11 17:59:32', '2023-11-11 17:59:32'),
(48, 4, 7, 7, 46, NULL, 1, 'No', NULL, '2023-11-11 17:59:32', '2023-11-11 17:59:32'),
(49, 4, 6, 6, 46, NULL, 1, 'No', NULL, '2023-11-11 17:59:32', '2023-11-11 17:59:32'),
(50, 4, 5, 5, 46, NULL, 1, 'No', NULL, '2023-11-11 17:59:32', '2023-11-11 17:59:32'),
(51, 4, 4, 4, 46, NULL, 1, 'No', NULL, '2023-11-11 17:59:32', '2023-11-11 17:59:32'),
(52, 4, 3, 3, 46, NULL, 1, 'No', NULL, '2023-11-11 17:59:32', '2023-11-11 17:59:32'),
(53, 4, 2, 2, 46, NULL, 1, 'Yes', NULL, '2023-11-11 17:59:32', '2023-11-11 17:59:32'),
(54, 4, 9, 9, 46, 'تيست', 2, 'Yes', NULL, '2023-11-11 17:59:32', '2023-11-11 17:59:32'),
(55, 4, 10, 10, 46, NULL, 2, 'No', NULL, '2023-11-11 17:59:32', '2023-11-11 17:59:32'),
(56, 4, 11, 11, 46, NULL, 2, 'No', NULL, '2023-11-11 17:59:32', '2023-11-11 17:59:32'),
(57, 4, 12, 12, 46, NULL, 2, 'No', NULL, '2023-11-11 17:59:32', '2023-11-11 17:59:32'),
(58, 4, 13, 13, 46, NULL, 2, 'No', NULL, '2023-11-11 17:59:32', '2023-11-11 17:59:32'),
(59, 4, 14, 14, 46, NULL, 2, 'No', NULL, '2023-11-11 17:59:32', '2023-11-11 17:59:32'),
(60, 4, 15, 15, 46, NULL, 3, 'No', NULL, '2023-11-11 17:59:32', '2023-11-11 17:59:32'),
(61, 35, NULL, NULL, NULL, NULL, NULL, 'Yes', NULL, '2023-11-25 18:45:41', '2023-11-25 18:45:41'),
(62, 35, 8, 8, 61, NULL, 1, 'No', NULL, '2023-11-25 18:45:41', '2023-11-25 18:45:41'),
(63, 35, 7, 7, 61, NULL, 1, 'No', NULL, '2023-11-25 18:45:41', '2023-11-25 18:45:41'),
(64, 35, 6, 6, 61, NULL, 1, 'No', NULL, '2023-11-25 18:45:41', '2023-11-25 18:45:41'),
(65, 35, 5, 5, 61, NULL, 1, 'Yes', NULL, '2023-11-25 18:45:41', '2023-11-25 18:45:41'),
(66, 35, 4, 4, 61, NULL, 1, 'No', NULL, '2023-11-25 18:45:41', '2023-11-25 18:45:41'),
(67, 35, 3, 3, 61, NULL, 1, 'Yes', NULL, '2023-11-25 18:45:41', '2023-11-25 18:45:41'),
(68, 35, 2, 2, 61, NULL, 1, 'No', NULL, '2023-11-25 18:45:41', '2023-11-25 18:45:41'),
(69, 35, 9, 9, 61, NULL, 2, 'No', NULL, '2023-11-25 18:45:41', '2023-11-25 18:45:41'),
(70, 35, 10, 10, 61, NULL, 2, 'No', NULL, '2023-11-25 18:45:41', '2023-11-25 18:45:41'),
(71, 35, 11, 11, 61, 'test', 2, 'Yes', NULL, '2023-11-25 18:45:41', '2023-11-25 18:45:41'),
(72, 35, 12, 12, 61, NULL, 2, 'No', NULL, '2023-11-25 18:45:41', '2023-11-25 18:45:41'),
(73, 35, 13, 13, 61, NULL, 2, 'No', NULL, '2023-11-25 18:45:41', '2023-11-25 18:45:41'),
(74, 35, 14, 14, 61, NULL, 2, 'No', NULL, '2023-11-25 18:45:41', '2023-11-25 18:45:41'),
(75, 35, 15, 15, 61, NULL, 3, 'No', NULL, '2023-11-25 18:45:41', '2023-11-25 18:45:41'),
(76, 35, NULL, NULL, NULL, NULL, NULL, 'Yes', NULL, '2023-11-25 18:46:27', '2023-11-25 18:46:27'),
(77, 35, 8, 8, 76, NULL, 1, 'No', NULL, '2023-11-25 18:46:27', '2023-11-25 18:46:27'),
(78, 35, 7, 7, 76, NULL, 1, 'No', NULL, '2023-11-25 18:46:27', '2023-11-25 18:46:27'),
(79, 35, 6, 6, 76, NULL, 1, 'No', NULL, '2023-11-25 18:46:27', '2023-11-25 18:46:27'),
(80, 35, 5, 5, 76, NULL, 1, 'Yes', NULL, '2023-11-25 18:46:27', '2023-11-25 18:46:27'),
(81, 35, 4, 4, 76, NULL, 1, 'No', NULL, '2023-11-25 18:46:27', '2023-11-25 18:46:27'),
(82, 35, 3, 3, 76, NULL, 1, 'Yes', NULL, '2023-11-25 18:46:27', '2023-11-25 18:46:27'),
(83, 35, 2, 2, 76, NULL, 1, 'No', NULL, '2023-11-25 18:46:27', '2023-11-25 18:46:27'),
(84, 35, 9, 9, 76, NULL, 2, 'No', NULL, '2023-11-25 18:46:27', '2023-11-25 18:46:27'),
(85, 35, 10, 10, 76, NULL, 2, 'No', NULL, '2023-11-25 18:46:27', '2023-11-25 18:46:27'),
(86, 35, 11, 11, 76, 'test', 2, 'Yes', NULL, '2023-11-25 18:46:27', '2023-11-25 18:46:27'),
(87, 35, 12, 12, 76, NULL, 2, 'No', NULL, '2023-11-25 18:46:27', '2023-11-25 18:46:27'),
(88, 35, 13, 13, 76, NULL, 2, 'No', NULL, '2023-11-25 18:46:27', '2023-11-25 18:46:27'),
(89, 35, 14, 14, 76, NULL, 2, 'No', NULL, '2023-11-25 18:46:27', '2023-11-25 18:46:27'),
(90, 35, 15, 15, 76, NULL, 3, 'No', NULL, '2023-11-25 18:46:27', '2023-11-25 18:46:27'),
(91, 34, NULL, NULL, NULL, NULL, NULL, 'Yes', NULL, '2023-11-26 08:32:49', '2023-11-26 08:32:49'),
(92, 34, 8, 8, 91, NULL, 1, 'No', NULL, '2023-11-26 08:32:49', '2023-11-26 08:32:49'),
(93, 34, 7, 7, 91, NULL, 1, 'No', NULL, '2023-11-26 08:32:49', '2023-11-26 08:32:49'),
(94, 34, 6, 6, 91, NULL, 1, 'No', NULL, '2023-11-26 08:32:49', '2023-11-26 08:32:49'),
(95, 34, 5, 5, 91, NULL, 1, 'No', NULL, '2023-11-26 08:32:49', '2023-11-26 08:32:49'),
(96, 34, 4, 4, 91, NULL, 1, 'No', NULL, '2023-11-26 08:32:49', '2023-11-26 08:32:49'),
(97, 34, 3, 3, 91, NULL, 1, 'No', NULL, '2023-11-26 08:32:49', '2023-11-26 08:32:49'),
(98, 34, 2, 2, 91, NULL, 1, 'No', NULL, '2023-11-26 08:32:49', '2023-11-26 08:32:49'),
(99, 34, 9, 9, 91, 'تيست', 2, 'No', NULL, '2023-11-26 08:32:49', '2023-11-26 08:32:49'),
(100, 34, 10, 10, 91, NULL, 2, 'No', NULL, '2023-11-26 08:32:49', '2023-11-26 08:32:49'),
(101, 34, 11, 11, 91, NULL, 2, 'No', NULL, '2023-11-26 08:32:49', '2023-11-26 08:32:49'),
(102, 34, 12, 12, 91, NULL, 2, 'No', NULL, '2023-11-26 08:32:49', '2023-11-26 08:32:49'),
(103, 34, 13, 13, 91, NULL, 2, 'No', NULL, '2023-11-26 08:32:49', '2023-11-26 08:32:49'),
(104, 34, 14, 14, 91, NULL, 2, 'No', NULL, '2023-11-26 08:32:49', '2023-11-26 08:32:49'),
(105, 34, 15, 15, 91, NULL, 3, 'No', NULL, '2023-11-26 08:32:49', '2023-11-26 08:32:49'),
(106, 2, NULL, NULL, NULL, NULL, NULL, 'Yes', NULL, '2024-08-17 02:31:56', '2024-08-17 02:31:56'),
(107, 2, 8, 8, 106, NULL, 1, 'Yes', NULL, '2024-08-17 02:31:56', '2024-08-17 02:31:56'),
(108, 2, 7, 7, 106, NULL, 1, 'No', NULL, '2024-08-17 02:31:56', '2024-08-17 02:31:56'),
(109, 2, 6, 6, 106, NULL, 1, 'No', NULL, '2024-08-17 02:31:56', '2024-08-17 02:31:56'),
(110, 2, 5, 5, 106, NULL, 1, 'No', NULL, '2024-08-17 02:31:56', '2024-08-17 02:31:56'),
(111, 2, 4, 4, 106, NULL, 1, 'No', NULL, '2024-08-17 02:31:56', '2024-08-17 02:31:56'),
(112, 2, 3, 3, 106, NULL, 1, 'No', NULL, '2024-08-17 02:31:56', '2024-08-17 02:31:56'),
(113, 2, 2, 2, 106, NULL, 1, 'No', NULL, '2024-08-17 02:31:56', '2024-08-17 02:31:56'),
(114, 2, 9, 9, 106, NULL, 2, 'No', NULL, '2024-08-17 02:31:56', '2024-08-17 02:31:56'),
(115, 2, 10, 10, 106, NULL, 2, 'No', NULL, '2024-08-17 02:31:56', '2024-08-17 02:31:56'),
(116, 2, 11, 11, 106, NULL, 2, 'No', NULL, '2024-08-17 02:31:56', '2024-08-17 02:31:56'),
(117, 2, 12, 12, 106, NULL, 2, 'No', NULL, '2024-08-17 02:31:56', '2024-08-17 02:31:56'),
(118, 2, 13, 13, 106, NULL, 2, 'No', NULL, '2024-08-17 02:31:56', '2024-08-17 02:31:56'),
(119, 2, 14, 14, 106, NULL, 2, 'No', NULL, '2024-08-17 02:31:56', '2024-08-17 02:31:56'),
(120, 2, 15, 15, 106, NULL, 3, 'No', NULL, '2024-08-17 02:31:56', '2024-08-17 02:31:56'),
(121, 2, NULL, NULL, NULL, NULL, NULL, 'Yes', NULL, '2025-07-26 17:13:11', '2025-07-26 17:13:11'),
(122, 2, 8, 8, 121, NULL, 1, 'Yes', NULL, '2025-07-26 17:13:11', '2025-07-26 17:13:11'),
(123, 2, 7, 7, 121, NULL, 1, 'No', NULL, '2025-07-26 17:13:11', '2025-07-26 17:13:11'),
(124, 2, 6, 6, 121, NULL, 1, 'No', NULL, '2025-07-26 17:13:11', '2025-07-26 17:13:11'),
(125, 2, 5, 5, 121, NULL, 1, 'No', NULL, '2025-07-26 17:13:11', '2025-07-26 17:13:11'),
(126, 2, 4, 4, 121, NULL, 1, 'No', NULL, '2025-07-26 17:13:11', '2025-07-26 17:13:11'),
(127, 2, 3, 3, 121, NULL, 1, 'No', NULL, '2025-07-26 17:13:11', '2025-07-26 17:13:11'),
(128, 2, 2, 2, 121, NULL, 1, 'No', NULL, '2025-07-26 17:13:11', '2025-07-26 17:13:11'),
(129, 2, 9, 9, 121, NULL, 2, 'No', NULL, '2025-07-26 17:13:11', '2025-07-26 17:13:11'),
(130, 2, 10, 10, 121, NULL, 2, 'No', NULL, '2025-07-26 17:13:11', '2025-07-26 17:13:11'),
(131, 2, 11, 11, 121, NULL, 2, 'No', NULL, '2025-07-26 17:13:11', '2025-07-26 17:13:11'),
(132, 2, 12, 12, 121, NULL, 2, 'No', NULL, '2025-07-26 17:13:11', '2025-07-26 17:13:11'),
(133, 2, 13, 13, 121, NULL, 2, 'No', NULL, '2025-07-26 17:13:11', '2025-07-26 17:13:11'),
(134, 2, 14, 14, 121, NULL, 2, 'No', NULL, '2025-07-26 17:13:11', '2025-07-26 17:13:11'),
(135, 2, 15, 15, 121, NULL, 3, 'No', NULL, '2025-07-26 17:13:11', '2025-07-26 17:13:11'),
(136, 5, NULL, NULL, NULL, NULL, NULL, 'Yes', NULL, '2025-07-29 06:43:55', '2025-07-29 06:43:55'),
(137, 5, 8, 8, 136, NULL, 1, 'No', NULL, '2025-07-29 06:43:55', '2025-07-29 06:43:55'),
(138, 5, 7, 7, 136, NULL, 1, 'No', NULL, '2025-07-29 06:43:55', '2025-07-29 06:43:55'),
(139, 5, 6, 6, 136, NULL, 1, 'No', NULL, '2025-07-29 06:43:55', '2025-07-29 06:43:55'),
(140, 5, 5, 5, 136, NULL, 1, 'No', NULL, '2025-07-29 06:43:55', '2025-07-29 06:43:55'),
(141, 5, 4, 4, 136, NULL, 1, 'No', NULL, '2025-07-29 06:43:55', '2025-07-29 06:43:55'),
(142, 5, 3, 3, 136, NULL, 1, 'No', NULL, '2025-07-29 06:43:55', '2025-07-29 06:43:55'),
(143, 5, 2, 2, 136, NULL, 1, 'No', NULL, '2025-07-29 06:43:55', '2025-07-29 06:43:55'),
(144, 5, 9, 9, 136, NULL, 2, 'No', NULL, '2025-07-29 06:43:55', '2025-07-29 06:43:55'),
(145, 5, 10, 10, 136, NULL, 2, 'No', NULL, '2025-07-29 06:43:55', '2025-07-29 06:43:55'),
(146, 5, 11, 11, 136, NULL, 2, 'No', NULL, '2025-07-29 06:43:55', '2025-07-29 06:43:55'),
(147, 5, 12, 12, 136, NULL, 2, 'No', NULL, '2025-07-29 06:43:55', '2025-07-29 06:43:55'),
(148, 5, 13, 13, 136, NULL, 2, 'No', NULL, '2025-07-29 06:43:55', '2025-07-29 06:43:55'),
(149, 5, 14, 14, 136, NULL, 2, 'No', NULL, '2025-07-29 06:43:55', '2025-07-29 06:43:55'),
(150, 5, 15, 15, 136, NULL, 3, 'No', NULL, '2025-07-29 06:43:55', '2025-07-29 06:43:55'),
(151, 3, NULL, NULL, NULL, NULL, NULL, 'Yes', NULL, '2025-07-29 15:14:54', '2025-07-29 15:14:54'),
(152, 3, 8, 8, 151, NULL, 1, 'Yes', NULL, '2025-07-29 15:14:54', '2025-07-29 15:14:54'),
(153, 3, 7, 7, 151, NULL, 1, 'No', NULL, '2025-07-29 15:14:54', '2025-07-29 15:14:54'),
(154, 3, 6, 6, 151, NULL, 1, 'No', NULL, '2025-07-29 15:14:54', '2025-07-29 15:14:54'),
(155, 3, 5, 5, 151, NULL, 1, 'No', NULL, '2025-07-29 15:14:54', '2025-07-29 15:14:54'),
(156, 3, 4, 4, 151, NULL, 1, 'No', NULL, '2025-07-29 15:14:54', '2025-07-29 15:14:54'),
(157, 3, 3, 3, 151, NULL, 1, 'No', NULL, '2025-07-29 15:14:54', '2025-07-29 15:14:54'),
(158, 3, 2, 2, 151, NULL, 1, 'No', NULL, '2025-07-29 15:14:54', '2025-07-29 15:14:54'),
(159, 3, 9, 9, 151, 'test', 2, 'Yes', NULL, '2025-07-29 15:14:54', '2025-07-29 15:14:54'),
(160, 3, 10, 10, 151, NULL, 2, 'No', NULL, '2025-07-29 15:14:54', '2025-07-29 15:14:54'),
(161, 3, 11, 11, 151, NULL, 2, 'No', NULL, '2025-07-29 15:14:54', '2025-07-29 15:14:54'),
(162, 3, 12, 12, 151, NULL, 2, 'Yes', NULL, '2025-07-29 15:14:54', '2025-07-29 15:14:54'),
(163, 3, 13, 13, 151, NULL, 2, 'Yes', NULL, '2025-07-29 15:14:54', '2025-07-29 15:14:54'),
(164, 3, 14, 14, 151, NULL, 2, 'No', NULL, '2025-07-29 15:14:54', '2025-07-29 15:14:54'),
(165, 3, 15, 15, 151, NULL, 3, 'Yes', NULL, '2025-07-29 15:14:54', '2025-07-29 15:14:54'),
(166, 4, NULL, NULL, NULL, NULL, NULL, 'Yes', NULL, '2025-08-03 12:36:34', '2025-08-03 12:36:34'),
(167, 4, 8, 8, 166, NULL, 1, 'No', NULL, '2025-08-03 12:36:34', '2025-08-03 12:36:34'),
(168, 4, 7, 7, 166, NULL, 1, 'Yes', NULL, '2025-08-03 12:36:34', '2025-08-03 12:36:34'),
(169, 4, 6, 6, 166, NULL, 1, 'Yes', NULL, '2025-08-03 12:36:34', '2025-08-03 12:36:34'),
(170, 4, 5, 5, 166, NULL, 1, 'No', NULL, '2025-08-03 12:36:34', '2025-08-03 12:36:34'),
(171, 4, 4, 4, 166, NULL, 1, 'No', NULL, '2025-08-03 12:36:34', '2025-08-03 12:36:34'),
(172, 4, 3, 3, 166, NULL, 1, 'No', NULL, '2025-08-03 12:36:34', '2025-08-03 12:36:34'),
(173, 4, 2, 2, 166, NULL, 1, 'Yes', NULL, '2025-08-03 12:36:34', '2025-08-03 12:36:34'),
(174, 4, 9, 9, 166, NULL, 2, 'Yes', NULL, '2025-08-03 12:36:34', '2025-08-03 12:36:34'),
(175, 4, 10, 10, 166, NULL, 2, 'No', NULL, '2025-08-03 12:36:34', '2025-08-03 12:36:34'),
(176, 4, 11, 11, 166, NULL, 2, 'No', NULL, '2025-08-03 12:36:34', '2025-08-03 12:36:34'),
(177, 4, 12, 12, 166, NULL, 2, 'No', NULL, '2025-08-03 12:36:34', '2025-08-03 12:36:34'),
(178, 4, 13, 13, 166, NULL, 2, 'No', NULL, '2025-08-03 12:36:34', '2025-08-03 12:36:34'),
(179, 4, 14, 14, 166, NULL, 2, 'Yes', NULL, '2025-08-03 12:36:34', '2025-08-03 12:36:34'),
(180, 4, 15, 15, 166, NULL, 3, 'No', NULL, '2025-08-03 12:36:34', '2025-08-03 12:36:34'),
(181, 2, NULL, NULL, NULL, NULL, NULL, 'Yes', NULL, '2025-12-15 12:09:33', '2025-12-15 12:09:33'),
(182, 2, 8, 8, 181, NULL, 1, 'Yes', NULL, '2025-12-15 12:09:33', '2025-12-15 12:09:33'),
(183, 2, 7, 7, 181, NULL, 1, 'No', NULL, '2025-12-15 12:09:33', '2025-12-15 12:09:33'),
(184, 2, 6, 6, 181, NULL, 1, 'No', NULL, '2025-12-15 12:09:33', '2025-12-15 12:09:33'),
(185, 2, 5, 5, 181, NULL, 1, 'No', NULL, '2025-12-15 12:09:33', '2025-12-15 12:09:33'),
(186, 2, 4, 4, 181, NULL, 1, 'No', NULL, '2025-12-15 12:09:33', '2025-12-15 12:09:33'),
(187, 2, 3, 3, 181, NULL, 1, 'No', NULL, '2025-12-15 12:09:33', '2025-12-15 12:09:33'),
(188, 2, 2, 2, 181, NULL, 1, 'No', NULL, '2025-12-15 12:09:33', '2025-12-15 12:09:33'),
(189, 2, 9, 9, 181, NULL, 2, 'No', NULL, '2025-12-15 12:09:33', '2025-12-15 12:09:33'),
(190, 2, 10, 10, 181, NULL, 2, 'No', NULL, '2025-12-15 12:09:33', '2025-12-15 12:09:33'),
(191, 2, 11, 11, 181, NULL, 2, 'No', NULL, '2025-12-15 12:09:33', '2025-12-15 12:09:33'),
(192, 2, 12, 12, 181, NULL, 2, 'No', NULL, '2025-12-15 12:09:33', '2025-12-15 12:09:33'),
(193, 2, 13, 13, 181, NULL, 2, 'No', NULL, '2025-12-15 12:09:33', '2025-12-15 12:09:33'),
(194, 2, 14, 14, 181, NULL, 2, 'No', NULL, '2025-12-15 12:09:33', '2025-12-15 12:09:33'),
(195, 2, 15, 15, 181, 'تيست', 3, 'Yes', NULL, '2025-12-15 12:09:33', '2025-12-15 12:09:33'),
(196, 2, NULL, NULL, NULL, NULL, NULL, 'Yes', NULL, '2025-12-15 12:09:53', '2025-12-15 12:09:53'),
(197, 2, 8, 8, 196, NULL, 1, 'Yes', NULL, '2025-12-15 12:09:53', '2025-12-15 12:09:53'),
(198, 2, 7, 7, 196, NULL, 1, 'No', NULL, '2025-12-15 12:09:53', '2025-12-15 12:09:53'),
(199, 2, 6, 6, 196, NULL, 1, 'No', NULL, '2025-12-15 12:09:53', '2025-12-15 12:09:53'),
(200, 2, 5, 5, 196, NULL, 1, 'No', NULL, '2025-12-15 12:09:53', '2025-12-15 12:09:53'),
(201, 2, 4, 4, 196, NULL, 1, 'No', NULL, '2025-12-15 12:09:53', '2025-12-15 12:09:53'),
(202, 2, 3, 3, 196, NULL, 1, 'No', NULL, '2025-12-15 12:09:53', '2025-12-15 12:09:53'),
(203, 2, 2, 2, 196, NULL, 1, 'No', NULL, '2025-12-15 12:09:53', '2025-12-15 12:09:53'),
(204, 2, 9, 9, 196, NULL, 2, 'No', NULL, '2025-12-15 12:09:53', '2025-12-15 12:09:53'),
(205, 2, 10, 10, 196, NULL, 2, 'No', NULL, '2025-12-15 12:09:53', '2025-12-15 12:09:53'),
(206, 2, 11, 11, 196, NULL, 2, 'No', NULL, '2025-12-15 12:09:53', '2025-12-15 12:09:53'),
(207, 2, 12, 12, 196, NULL, 2, 'No', NULL, '2025-12-15 12:09:53', '2025-12-15 12:09:53'),
(208, 2, 13, 13, 196, NULL, 2, 'No', NULL, '2025-12-15 12:09:53', '2025-12-15 12:09:53'),
(209, 2, 14, 14, 196, NULL, 2, 'No', NULL, '2025-12-15 12:09:53', '2025-12-15 12:09:53'),
(210, 2, 15, 15, 196, 'تيست', 3, 'No', NULL, '2025-12-15 12:09:53', '2025-12-15 12:09:53');

-- --------------------------------------------------------

--
-- Table structure for table `patient_services`
--

CREATE TABLE `patient_services` (
  `id` bigint(20) UNSIGNED NOT NULL,
  `invoice_id` bigint(20) UNSIGNED DEFAULT NULL,
  `service_id` bigint(20) UNSIGNED NOT NULL,
  `user_id` bigint(20) UNSIGNED NOT NULL,
  `doctor_id` bigint(20) UNSIGNED DEFAULT NULL,
  `reservation_id` bigint(20) UNSIGNED DEFAULT NULL,
  `clinic_id` bigint(20) UNSIGNED DEFAULT NULL,
  `point_id` bigint(20) UNSIGNED DEFAULT NULL,
  `nurse_id` bigint(20) UNSIGNED DEFAULT NULL,
  `price` varchar(255) NOT NULL,
  `qty` int(11) NOT NULL DEFAULT 1,
  `tax` varchar(255) DEFAULT '0',
  `debit` varchar(255) DEFAULT NULL,
  `lab_result` varchar(255) DEFAULT NULL,
  `notes` varchar(255) DEFAULT NULL COMMENT 'doctor notes',
  `lab_notes` varchar(255) DEFAULT NULL,
  `discount` int(11) DEFAULT 0,
  `type` int(11) DEFAULT NULL COMMENT '1 analysis , 2 rays, 3 service',
  `status` tinyint(4) NOT NULL DEFAULT 0,
  `confirm` tinyint(4) NOT NULL DEFAULT 0,
  `confirm_insurance` int(11) NOT NULL DEFAULT 1 COMMENT '1 confirmed, 0 waiting, 2 cancel',
  `created_at` timestamp NULL DEFAULT NULL,
  `updated_at` timestamp NULL DEFAULT NULL
) ENGINE=InnoDB DEFAULT CHARSET=utf8mb4 COLLATE=utf8mb4_unicode_ci;

--
-- Dumping data for table `patient_services`
--

INSERT INTO `patient_services` (`id`, `invoice_id`, `service_id`, `user_id`, `doctor_id`, `reservation_id`, `clinic_id`, `point_id`, `nurse_id`, `price`, `qty`, `tax`, `debit`, `lab_result`, `notes`, `lab_notes`, `discount`, `type`, `status`, `confirm`, `confirm_insurance`, `created_at`, `updated_at`) VALUES
(61, 52, 10, 47, 11, NULL, 1, NULL, NULL, '100', 1, '15', NULL, NULL, NULL, NULL, 0, 1, 0, 0, 0, '2025-04-13 19:07:50', '2025-04-13 19:07:50'),
(62, 53, 7, 47, 11, NULL, NULL, NULL, NULL, '1000', 1, '150', NULL, NULL, NULL, NULL, 0, 2, 0, 0, 1, '2025-04-13 19:09:46', '2025-04-13 19:09:46'),
(67, NULL, 68, 29, 11, 87, 1, NULL, NULL, '0', 1, '0', NULL, NULL, NULL, NULL, NULL, 1, 0, 0, 1, '2025-05-14 08:51:37', '2025-05-14 08:51:37'),
(69, NULL, 7, 29, 11, 89, 1, NULL, NULL, '1000', 1, '0', NULL, '17474814354432.jpg', NULL, 'تيست', NULL, 2, 0, 1, 1, '2025-05-17 11:24:46', '2025-05-17 11:30:35'),
(73, NULL, 10, 10, 11, 29, 1, NULL, NULL, '100', 1, '0', NULL, NULL, 'testing', NULL, NULL, 1, 1, 1, 1, '2025-06-01 06:12:59', '2025-06-01 06:18:12'),
(75, NULL, 10, 29, 11, 94, 1, NULL, NULL, '100', 1, '0', NULL, NULL, NULL, NULL, NULL, 1, 0, 0, 1, '2025-06-03 21:56:21', '2025-06-03 21:56:21'),
(76, NULL, 10, 5, 165, 95, 1, NULL, NULL, '100', 1, '0', NULL, NULL, NULL, NULL, NULL, 1, 0, 0, 1, '2025-06-08 11:59:35', '2025-06-08 11:59:35'),
(77, NULL, 10, 5, 4, 95, 1, NULL, NULL, '100', 1, '0', NULL, NULL, 'test', NULL, NULL, 1, 0, 0, 1, '2025-06-08 12:01:19', '2025-06-08 12:01:19'),
(78, NULL, 10, 5, 11, 95, 1, NULL, NULL, '100', 1, '0', NULL, NULL, NULL, NULL, NULL, 1, 0, 1, 1, '2025-06-08 12:03:49', '2025-06-08 12:04:49'),
(79, NULL, 7, 5, 11, 95, 1, NULL, NULL, '1000', 1, '0', NULL, '17493845778433.jpg', NULL, 'new', NULL, 2, 0, 1, 1, '2025-06-08 12:08:22', '2025-06-08 12:09:37'),
(80, 66, 10, 47, 112, NULL, NULL, NULL, NULL, '100', 1, '15', NULL, NULL, NULL, NULL, 0, 1, 0, 0, 1, '2025-07-13 17:59:51', '2025-07-13 17:59:51'),
(83, NULL, 7, 31, 11, 30, 1, NULL, NULL, '1000', 1, '0', NULL, NULL, NULL, NULL, NULL, 2, 0, 0, 1, '2025-11-14 12:59:49', '2025-11-14 12:59:49'),
(84, NULL, 8, 31, 11, 30, 1, NULL, NULL, '1000', 1, '0', NULL, NULL, NULL, NULL, NULL, 2, 0, 0, 1, '2025-11-14 12:59:49', '2025-11-14 12:59:49'),
(85, NULL, 89, 31, 11, 30, 1, NULL, NULL, '200', 1, '0', NULL, NULL, NULL, NULL, NULL, 3, 0, 0, 1, '2025-11-14 13:00:55', '2025-11-14 13:00:55'),
(86, NULL, 123, 31, 11, 30, 1, NULL, NULL, '0', 1, '0', NULL, NULL, NULL, NULL, NULL, 1, 0, 0, 1, '2025-11-14 13:02:21', '2025-11-14 13:02:21'),
(87, 69, 8, 50, 112, NULL, NULL, NULL, NULL, '500', 1, '75', NULL, NULL, 'اشعه ع الاسنان', NULL, 0, 2, 0, 0, 1, '2025-11-15 10:03:05', '2025-11-15 10:03:05'),
(88, NULL, 7, 4, 11, 100, 1, NULL, NULL, '1000', 1, '0', NULL, NULL, NULL, NULL, NULL, 2, 0, 1, 1, '2025-11-15 20:10:39', '2025-11-15 20:11:06'),
(90, 71, 12, 42, 11, NULL, NULL, NULL, NULL, '200', 1, '0', NULL, NULL, NULL, NULL, 0, 1, 0, 0, 1, '2025-11-15 20:23:02', '2025-11-15 20:23:02'),
(92, NULL, 8, 4, 11, 101, 1, NULL, NULL, '500', 1, '0', NULL, NULL, 'test', NULL, NULL, 2, 0, 0, 1, '2025-11-18 08:45:35', '2025-11-18 08:45:35'),
(93, NULL, 121, 4, 11, 100, 1, NULL, NULL, '0', 1, '0', NULL, NULL, NULL, NULL, NULL, 1, 0, 0, 1, '2025-11-21 18:16:16', '2025-11-21 18:16:16'),
(94, NULL, 223, 51, 362, 103, 241, NULL, NULL, '100', 1, '0', NULL, NULL, 'تيست', NULL, NULL, 1, 0, 0, 1, '2025-12-17 10:54:01', '2025-12-17 10:54:01'),
(95, NULL, 8, 51, 362, 103, 241, NULL, NULL, '500', 1, '0', NULL, '17659694353914.png', 'تيست', NULL, NULL, 2, 0, 0, 1, '2025-12-17 10:54:21', '2025-12-17 11:03:55'),
(96, NULL, 226, 29, 370, 106, 2, NULL, NULL, '170', 1, '0', NULL, NULL, 'تيست', NULL, NULL, 1, 0, 0, 1, '2025-12-17 12:37:33', '2025-12-17 12:37:33'),
(97, NULL, 8, 29, 370, 106, 2, NULL, NULL, '500', 1, '0', NULL, '17659756449352.jpg', 'تيست', 'تيست', NULL, 2, 0, 0, 1, '2025-12-17 12:37:43', '2025-12-17 12:47:24'),
(98, NULL, 222, 29, 370, 105, 2, NULL, NULL, '80', 1, '0', NULL, NULL, 'تيست', NULL, NULL, 1, 0, 0, 1, '2025-12-17 12:38:24', '2025-12-17 12:38:24'),
(99, NULL, 8, 29, 370, 105, 2, NULL, NULL, '500', 1, '0', NULL, '17659756261792.jpg', 'تيست', 'تيست', NULL, 2, 0, 0, 1, '2025-12-17 12:38:34', '2025-12-17 12:47:06'),
(100, 83, 10, 52, 370, NULL, NULL, NULL, NULL, '100', 1, '15', NULL, NULL, NULL, NULL, 0, 1, 0, 0, 1, '2025-12-18 13:28:34', '2025-12-18 13:28:34'),
(101, 84, 10, 52, 370, NULL, NULL, NULL, NULL, '100', 1, '15', NULL, NULL, NULL, NULL, 0, 1, 1, 1, 1, '2025-12-18 13:34:07', '2025-12-18 13:45:18'),
(102, 85, 10, 52, 370, NULL, NULL, NULL, NULL, '100', 1, '15', NULL, NULL, 'تيست', NULL, 0, 1, 0, 0, 1, '2025-12-18 13:45:08', '2025-12-18 13:45:08'),
(103, NULL, 217, 30, 370, 115, 2, NULL, NULL, '90', 1, '0', NULL, NULL, 'تيست', NULL, NULL, 1, 0, 0, 1, '2025-12-20 14:54:08', '2025-12-20 14:54:08'),
(104, NULL, 7, 30, 370, 115, 2, NULL, NULL, '1000', 1, '0', NULL, '17662426739180.png', 'تيست', 'tttttttttttttttt', NULL, 2, 0, 0, 1, '2025-12-20 14:54:15', '2025-12-20 14:57:53'),
(105, NULL, 210, 29, 370, 116, 2, NULL, NULL, '190', 1, '0', NULL, NULL, 'تيست', NULL, NULL, 1, 0, 0, 1, '2025-12-20 14:59:11', '2025-12-20 14:59:11'),
(106, NULL, 7, 29, 370, 116, 2, NULL, NULL, '1000', 1, '0', NULL, '17662428354655.png', 'تيست', 'ttttttttt', NULL, 2, 0, 0, 1, '2025-12-20 14:59:22', '2025-12-20 15:00:35'),
(107, NULL, 95, 52, 370, 117, 2, NULL, NULL, '0', 1, '0', NULL, NULL, 'تيست', NULL, NULL, 1, 0, 1, 1, '2025-12-30 10:13:28', '2025-12-30 10:23:23'),
(108, NULL, 10, 52, 370, 117, 2, NULL, NULL, '0', 1, '0', NULL, NULL, 'تيست', NULL, NULL, 1, 0, 1, 1, '2025-12-30 10:13:28', '2025-12-30 10:23:19'),
(109, 89, 10, 52, 370, NULL, NULL, NULL, NULL, '115', 1, '15', NULL, NULL, NULL, NULL, 0, 1, 0, 0, 1, '2025-12-30 10:21:07', '2025-12-30 10:21:07'),
(110, 90, 95, 52, 370, NULL, NULL, NULL, NULL, '100', 1, '0', NULL, NULL, NULL, NULL, 0, 1, 0, 0, 1, '2025-12-30 10:23:00', '2025-12-30 10:23:00'),
(111, NULL, 226, 54, 370, 122, 2, NULL, NULL, '170', 1, '0', NULL, NULL, NULL, NULL, NULL, 1, 0, 0, 1, '2025-12-30 18:18:21', '2025-12-30 18:18:21'),
(112, NULL, 7, 54, 370, 122, 2, NULL, NULL, '1000', 1, '0', NULL, NULL, NULL, NULL, NULL, 2, 0, 0, 1, '2025-12-30 18:18:36', '2025-12-30 18:18:36'),
(113, NULL, 89, 54, 370, 122, 2, NULL, NULL, '200', 1, '0', NULL, NULL, NULL, NULL, 100, 3, 0, 0, 1, '2025-12-30 18:18:59', '2025-12-30 18:18:59'),
(114, NULL, 224, 29, 370, 119, 2, NULL, NULL, '110', 1, '0', NULL, NULL, NULL, NULL, NULL, 1, 0, 1, 1, '2025-12-31 11:54:06', '2025-12-31 12:07:01'),
(115, 94, 10, 53, 370, NULL, NULL, NULL, NULL, '100', 1, '15', NULL, NULL, NULL, NULL, 0, 1, 0, 0, 1, '2025-12-31 12:07:42', '2025-12-31 12:07:42'),
(116, NULL, 209, 29, 370, 126, 2, NULL, NULL, '110', 1, '0', NULL, NULL, NULL, NULL, NULL, 1, 0, 0, 1, '2026-01-06 14:51:06', '2026-01-06 14:51:06'),
(117, NULL, 7, 29, 370, 126, 2, NULL, NULL, '1000', 1, '0', NULL, NULL, NULL, NULL, NULL, 2, 0, 0, 1, '2026-01-06 14:51:13', '2026-01-06 14:51:13'),
(118, NULL, 295, 60, 429, 128, 2, NULL, NULL, '200', 1, '0', NULL, '17683972034639.png', NULL, NULL, NULL, 2, 1, 1, 1, '2026-01-14 13:22:15', '2026-01-14 13:40:16'),
(119, NULL, 398, 60, 429, 128, 2, NULL, NULL, '200', 1, '0', NULL, '17683971844890.png', NULL, NULL, NULL, 2, 1, 1, 1, '2026-01-14 13:22:15', '2026-01-14 13:40:13'),
(120, NULL, 224, 60, 429, 128, 2, NULL, NULL, '110', 1, '0', NULL, NULL, NULL, NULL, NULL, 1, 1, 1, 1, '2026-01-14 13:22:24', '2026-01-14 13:40:07'),
(121, NULL, 116, 63, 437, 131, 2, NULL, NULL, '0', 1, '0', NULL, NULL, NULL, NULL, NULL, 1, 1, 1, 1, '2026-01-14 14:37:49', '2026-01-14 14:41:03'),
(122, NULL, 210, 63, 437, 131, 2, NULL, NULL, '0', 1, '0', NULL, NULL, NULL, NULL, NULL, 1, 1, 1, 1, '2026-01-14 14:37:49', '2026-01-14 14:40:59'),
(123, NULL, 10, 65, 382, 132, 2, NULL, NULL, '100', 1, '0', NULL, NULL, NULL, NULL, NULL, 1, 1, 1, 1, '2026-01-14 14:52:41', '2026-01-14 15:04:06'),
(124, NULL, 11, 65, 382, 132, 2, NULL, NULL, '100', 1, '0', NULL, NULL, NULL, NULL, NULL, 1, 1, 1, 1, '2026-01-14 14:52:41', '2026-01-14 15:04:02'),
(125, NULL, 204, 65, 384, 133, 2, NULL, NULL, '170', 1, '0', NULL, NULL, NULL, NULL, NULL, 1, 1, 1, 1, '2026-01-15 12:58:32', '2026-01-15 13:05:21'),
(126, NULL, 66, 65, 384, 133, 2, NULL, NULL, '170', 1, '0', NULL, NULL, NULL, NULL, NULL, 1, 1, 1, 1, '2026-01-15 12:58:33', '2026-01-15 13:05:15'),
(127, NULL, 400, 65, 384, 133, 2, NULL, NULL, '200', 1, '0', NULL, '17684823779930.jpg', NULL, NULL, NULL, 2, 1, 1, 1, '2026-01-15 12:59:03', '2026-01-15 13:06:17'),
(128, NULL, 291, 66, 406, 134, 2, NULL, NULL, '200', 1, '0', NULL, '17684832537666.jpg', NULL, NULL, NULL, 2, 1, 1, 1, '2026-01-15 13:16:50', '2026-01-15 13:20:53'),
(129, NULL, 210, 66, 406, 134, 2, NULL, NULL, '190', 1, '0', NULL, NULL, NULL, NULL, NULL, 1, 1, 1, 1, '2026-01-15 13:17:00', '2026-01-15 13:18:34'),
(130, NULL, 210, 66, 406, 134, NULL, NULL, NULL, '190', 1, '0', NULL, NULL, NULL, NULL, NULL, 1, 1, 1, 1, '2026-01-15 13:23:11', '2026-01-15 13:24:14'),
(131, NULL, 210, 104, 434, 142, 2, NULL, NULL, '190', 1, '0', NULL, NULL, NULL, NULL, NULL, 1, 1, 1, 1, '2026-01-17 13:06:53', '2026-01-17 13:10:48'),
(132, NULL, 123, 104, 434, 142, 2, NULL, NULL, '190', 1, '0', NULL, NULL, NULL, NULL, NULL, 1, 1, 1, 1, '2026-01-17 13:06:53', '2026-01-17 13:10:41'),
(133, NULL, 423, 104, 434, 142, 2, NULL, NULL, '200', 1, '0', NULL, '17686554025176.jpg', NULL, NULL, NULL, 2, 1, 1, 1, '2026-01-17 13:07:01', '2026-01-17 13:10:35'),
(134, NULL, 123, 106, 385, 140, 2, NULL, NULL, '0', 1, '0', NULL, NULL, NULL, NULL, NULL, 1, 1, 1, 1, '2026-01-17 13:33:55', '2026-01-17 13:37:08'),
(135, NULL, 42, 106, 385, 140, 2, NULL, NULL, '0', 1, '0', NULL, NULL, NULL, NULL, NULL, 1, 1, 1, 1, '2026-01-17 13:33:55', '2026-01-17 13:37:01'),
(136, NULL, 87, 106, 385, 140, 2, NULL, NULL, '0', 1, '0', NULL, NULL, NULL, NULL, NULL, 1, 1, 1, 1, '2026-01-17 13:33:55', '2026-01-17 13:37:18');

-- --------------------------------------------------------

--
-- Table structure for table `payment_methods`
--

CREATE TABLE `payment_methods` (
  `id` bigint(20) UNSIGNED NOT NULL,
  `clinic_id` bigint(20) UNSIGNED NOT NULL,
  `name_en` varchar(150) NOT NULL,
  `name_ar` varchar(150) NOT NULL,
  `status` tinyint(4) NOT NULL DEFAULT 1,
  `deleted_at` timestamp NULL DEFAULT NULL,
  `created_at` timestamp NULL DEFAULT NULL,
  `updated_at` timestamp NULL DEFAULT NULL
) ENGINE=InnoDB DEFAULT CHARSET=utf8mb4 COLLATE=utf8mb4_unicode_ci;

--
-- Dumping data for table `payment_methods`
--

INSERT INTO `payment_methods` (`id`, `clinic_id`, `name_en`, `name_ar`, `status`, `deleted_at`, `created_at`, `updated_at`) VALUES
(1, 1, 'Debit Card', 'بطاقة ائتمان', 1, NULL, '2024-02-19 07:19:47', '2024-02-19 07:19:47'),
(2, 1, 'Gpay', 'Gpay', 1, NULL, '2024-02-19 07:19:47', '2024-02-19 07:19:47');

-- --------------------------------------------------------

--
-- Table structure for table `permissions`
--

CREATE TABLE `permissions` (
  `id` bigint(20) UNSIGNED NOT NULL,
  `permission` varchar(191) DEFAULT NULL,
  `name_en` varchar(255) NOT NULL,
  `name_ar` varchar(191) DEFAULT NULL,
  `flag` int(11) NOT NULL DEFAULT 1,
  `status` int(11) NOT NULL DEFAULT 1,
  `parent_id` bigint(20) UNSIGNED DEFAULT NULL,
  `deleted_at` timestamp NULL DEFAULT NULL,
  `guard_name` varchar(255) DEFAULT NULL,
  `type` enum('admin','clinic') NOT NULL DEFAULT 'clinic',
  `created_at` timestamp NULL DEFAULT NULL,
  `updated_at` timestamp NULL DEFAULT NULL
) ENGINE=InnoDB DEFAULT CHARSET=utf8mb4 COLLATE=utf8mb4_unicode_ci;

--
-- Dumping data for table `permissions`
--

INSERT INTO `permissions` (`id`, `permission`, `name_en`, `name_ar`, `flag`, `status`, `parent_id`, `deleted_at`, `guard_name`, `type`, `created_at`, `updated_at`) VALUES
(1, 'complaints', 'complaints', 'الشكاوى', 0, 1, NULL, NULL, 'web', 'clinic', '2022-08-19 16:55:34', '2022-08-19 16:55:34'),
(2, 'complaint_view', 'View', 'عرض', 1, 1, 1, NULL, 'web', 'clinic', '2022-08-19 16:55:34', '2022-08-19 16:55:34'),
(3, 'complaint_reply', 'Reply', 'الرد', 6, 1, 1, NULL, 'web', 'clinic', '2022-08-19 16:55:34', '2022-08-19 16:55:34'),
(4, 'posts', 'Posts', 'المشاركات', 0, 0, NULL, NULL, 'web', 'clinic', '2022-08-19 16:55:34', '2022-08-19 16:55:34'),
(5, 'post_view', 'View', 'عرض', 1, 1, 4, NULL, 'web', 'clinic', '2022-08-19 16:55:34', '2022-08-19 16:55:34'),
(6, 'post_add', 'Add', 'اضافة', 2, 1, 4, NULL, 'web', 'clinic', '2022-08-19 16:55:34', '2022-08-19 16:55:34'),
(7, 'post_edit', 'Edit', 'تعديل', 3, 1, 4, NULL, 'web', 'clinic', '2022-08-19 16:55:34', '2022-08-19 16:55:34'),
(8, 'post_delete', 'Delete', 'حذف', 4, 1, 4, NULL, 'web', 'clinic', '2022-08-19 16:55:34', '2022-08-19 16:55:34'),
(9, 'attendance', 'Attendance', 'الحضور والانصراف', 0, 1, NULL, NULL, 'web', 'clinic', '2022-08-19 16:55:34', '2022-08-19 16:55:34'),
(10, 'attendance_view', 'manage', 'إدارة الحضور والاذونات', 1, 1, 9, NULL, 'web', 'clinic', '2022-08-19 16:55:34', '2022-08-19 16:55:34'),
(11, 'Profile', 'profile', 'الملف الشخصى', 0, 1, NULL, NULL, 'web', 'clinic', '2022-08-19 16:55:34', '2022-08-19 16:55:34'),
(12, 'profile_view', 'View ', 'عرض', 1, 1, 11, NULL, 'web', 'clinic', '2022-08-19 16:55:34', '2022-08-19 16:55:34'),
(13, 'profile_edit', 'Edit', 'تعديل', 3, 1, 11, NULL, 'web', 'clinic', '2022-08-19 16:55:34', '2022-08-19 16:55:34'),
(14, 'Departments', 'departments', 'الاقسام', 0, 1, NULL, NULL, 'web', 'clinic', '2022-08-19 16:55:34', '2022-08-19 16:55:34'),
(15, 'department_view', 'View', 'عرض', 1, 1, 14, NULL, 'web', 'clinic', '2022-08-19 16:55:34', '2022-08-19 16:55:34'),
(16, 'department_add', 'Add', 'اضافة', 2, 1, 14, NULL, 'web', 'clinic', '2022-08-19 16:55:34', '2022-08-19 16:55:34'),
(17, 'department_edit', 'Edit', 'تعديل', 3, 1, 14, NULL, 'web', 'clinic', '2022-08-19 16:55:34', '2022-08-19 16:55:34'),
(18, 'department_status', 'Status', 'تفعيل وعدم تفعيل', 5, 1, 14, NULL, 'web', 'clinic', '2022-08-19 16:55:34', '2022-08-19 16:55:34'),
(19, 'department_shift', 'Shifts department', 'ادارة شيفت', 7, 1, 14, NULL, 'web', 'clinic', '2022-08-19 16:55:34', '2022-08-19 16:55:34'),
(20, 'department_employees', 'show employees', 'عرض موظفيين', 8, 1, 14, NULL, 'web', 'clinic', '2022-08-19 16:55:34', '2022-08-19 16:55:34'),
(21, 'Offers', 'Offers', 'العروض', 0, 1, NULL, NULL, 'web', 'clinic', '2022-08-19 16:55:34', '2022-08-19 16:55:34'),
(22, 'offers_view', 'View', 'عرض', 1, 1, 21, NULL, 'web', 'clinic', '2022-08-19 16:55:34', '2022-08-19 16:55:34'),
(23, 'offers_add', 'Add', 'اضافة', 2, 1, 21, NULL, 'web', 'clinic', '2022-08-19 16:55:34', '2022-08-19 16:55:34'),
(24, 'offer_edit', 'Edit', 'تعديل', 3, 1, 21, NULL, 'web', 'clinic', '2022-08-19 16:55:34', '2022-08-19 16:55:34'),
(25, 'offers_delete', 'Delete', 'حذف ', 4, 1, 21, NULL, 'web', 'clinic', '2022-08-19 16:55:34', '2022-08-19 16:55:34'),
(26, 'specialties', 'specialties', 'التخصصات', 0, 1, NULL, NULL, 'web', 'clinic', '2022-08-19 16:55:34', '2022-08-19 16:55:34'),
(27, 'specialties_view', 'View', 'عرض', 1, 1, 26, NULL, 'web', 'clinic', '2022-08-19 16:55:34', '2022-08-19 16:55:34'),
(28, 'specialties_add', 'Add', 'اضافة', 2, 1, 26, NULL, 'web', 'clinic', '2022-08-19 16:55:34', '2022-08-19 16:55:34'),
(29, 'specialties_edit', 'Edit', 'تعديل', 3, 1, 26, NULL, 'web', 'clinic', '2022-08-19 16:55:34', '2022-08-19 16:55:34'),
(30, 'specialties_delete', 'Delete', 'حذف', 4, 1, 26, NULL, 'web', 'clinic', '2022-08-19 16:55:34', '2022-08-19 16:55:34'),
(31, 'Branches', 'branches', 'فروع العيادة', 0, 1, NULL, NULL, 'web', 'clinic', '2022-08-19 16:55:34', '2022-08-19 16:55:34'),
(32, 'branches_view', 'View', 'عرض', 1, 1, 31, NULL, 'web', 'clinic', '2022-08-19 16:55:34', '2022-08-19 16:55:34'),
(33, 'branches_add', 'Add', 'اضافة', 2, 1, 31, NULL, 'web', 'clinic', '2022-08-19 16:55:34', '2022-08-19 16:55:34'),
(34, 'branches_edit', 'Edit', 'تعديل', 3, 1, 31, NULL, 'web', 'clinic', '2022-08-19 16:55:34', '2022-08-19 16:55:34'),
(35, 'branches_status', 'Status', 'تفعيل وعدم تفعيل', 5, 1, 31, NULL, 'web', 'clinic', '2022-08-19 16:55:34', '2022-08-19 16:55:34'),
(36, 'Supervisors managment', 'supervisors', 'المشرفيين', 0, 1, NULL, NULL, 'web', 'clinic', '2022-08-19 16:55:34', '2022-08-19 16:55:34'),
(37, 'supervisors_view', 'View', 'عرض', 1, 1, 36, NULL, 'web', 'clinic', '2022-08-19 16:55:34', '2022-08-19 16:55:34'),
(38, 'supervisors_add', 'Add', 'اضافة', 2, 1, 36, NULL, 'web', 'clinic', '2022-08-19 16:55:34', '2022-08-19 16:55:34'),
(39, 'supervisors_edit', 'Edit', 'تعديل', 3, 1, 36, NULL, 'web', 'clinic', '2022-08-19 16:55:34', '2022-08-19 16:55:34'),
(40, 'supervisors_delete', 'Delete', 'حذف', 4, 1, 36, NULL, 'web', 'clinic', '2022-08-19 16:55:34', '2022-08-19 16:55:34'),
(41, 'Points', 'points', 'نقاط العيادة', 0, 1, NULL, NULL, 'web', 'clinic', '2022-08-19 16:55:34', '2022-08-19 16:55:34'),
(42, 'points_view', 'View', 'عرض', 1, 1, 41, NULL, 'web', 'clinic', '2022-08-19 16:55:34', '2022-08-19 16:55:34'),
(43, 'dashboard', 'dashboard', 'الصفحة الرئيسية', 0, 1, NULL, NULL, 'web', 'admin', '2022-08-19 14:55:34', '2022-08-19 14:55:34'),
(44, 'dashboard_view', 'View', 'عرض', 1, 1, 43, NULL, 'web', 'admin', '2022-08-19 14:55:34', '2022-08-19 14:55:34'),
(45, 'users', 'Users', 'المستخدميين', 1, 1, NULL, NULL, 'web', 'admin', '2022-08-19 14:55:34', '2022-08-19 14:55:34'),
(46, 'user_view', 'View', 'عرض', 1, 1, 45, NULL, 'web', 'admin', '2022-08-19 14:55:34', '2022-08-19 14:55:34'),
(47, 'user_add', 'Add', 'اضافة', 2, 1, 45, NULL, 'web', 'admin', '2022-08-19 14:55:34', '2022-08-19 14:55:34'),
(48, 'user_edit', 'Edit', 'تعديل', 3, 1, 45, NULL, 'web', 'admin', '2022-08-19 14:55:34', '2022-08-19 14:55:34'),
(49, 'user_delete', 'Delete', 'حذف', 4, 1, 45, NULL, 'web', 'admin', '2022-08-19 14:55:34', '2022-08-19 14:55:34'),
(50, 'clinics', 'Clinics', 'العيادات بتخصصاتها', 1, 1, NULL, NULL, 'web', 'admin', '2022-08-19 14:55:34', '2022-08-19 14:55:34'),
(51, 'clinic_view', 'View', 'عرض', 1, 1, 50, NULL, 'web', 'admin', '2022-08-19 14:55:34', '2022-08-19 14:55:34'),
(52, 'clinic_delete', 'Delete', 'حذف', 4, 1, 50, NULL, 'web', 'admin', '2022-08-19 14:55:34', '2022-08-19 14:55:34'),
(53, 'appointments', 'Appointments', 'قائمة المواعيد', 1, 1, NULL, NULL, 'web', 'admin', '2022-08-19 14:55:34', '2022-08-19 14:55:34'),
(54, 'appointment_view', 'View', 'عرض', 1, 1, 53, NULL, 'web', 'admin', '2022-08-19 14:55:34', '2022-08-19 14:55:34'),
(55, 'All specialties', 'Specialties', 'التخصصات', 0, 1, NULL, NULL, 'web', 'admin', '2022-08-19 14:55:34', '2022-08-19 14:55:34'),
(56, 'speciality_view', 'View', 'عرض', 1, 1, 55, NULL, 'web', 'admin', '2022-08-19 14:55:34', '2022-08-19 14:55:34'),
(57, 'speciality_add', 'Add', 'اضافة', 2, 1, 55, NULL, 'web', 'admin', '2022-08-19 14:55:34', '2022-08-19 14:55:34'),
(58, 'speciality_edit', 'Edit', 'تعديل', 3, 1, 55, NULL, 'web', 'admin', '2022-08-19 14:55:34', '2022-08-19 14:55:34'),
(59, 'speciality_delete', 'Delete', 'حذف', 4, 1, 55, NULL, 'web', 'admin', '2022-08-19 14:55:34', '2022-08-19 14:55:34'),
(60, 'cities', 'Cities', 'المدن', 0, 1, NULL, NULL, 'web', 'admin', '2022-08-19 14:55:34', '2022-08-19 14:55:34'),
(61, 'city_view', 'View', 'عرض', 1, 1, 60, NULL, 'web', 'admin', '2022-08-19 14:55:34', '2022-08-19 14:55:34'),
(62, 'city_add', 'Add', 'اضافة', 2, 1, 60, NULL, 'web', 'admin', '2022-08-19 14:55:34', '2022-08-19 14:55:34'),
(63, 'city_edit', 'Edit', 'تعديل', 3, 1, 60, NULL, 'web', 'admin', '2022-08-19 14:55:34', '2022-08-19 14:55:34'),
(64, 'city_delete', 'Delete', 'حذف', 4, 1, 60, NULL, 'web', 'admin', '2022-08-19 14:55:34', '2022-08-19 14:55:34'),
(65, 'All points', 'All Points', 'النقاط', 1, 1, NULL, NULL, 'web', 'admin', '2022-08-19 14:55:34', '2022-08-19 14:55:34'),
(66, 'point_view', 'View', 'عرض', 1, 1, 65, NULL, 'web', 'admin', '2022-08-19 14:55:34', '2022-08-19 14:55:34'),
(67, 'Supervisors', 'Supervisors', 'المشرفيين', 0, 1, NULL, NULL, 'web', 'admin', '2022-08-19 14:55:34', '2022-08-19 14:55:34'),
(68, 'supervisor_view', 'View', 'عرض', 1, 1, 67, NULL, 'web', 'admin', '2022-08-19 14:55:34', '2022-08-19 14:55:34'),
(69, 'supervisor_add', 'Add', 'اضافة', 2, 1, 67, NULL, 'web', 'admin', '2022-08-19 14:55:34', '2022-08-19 14:55:34'),
(70, 'supervisor_edit', 'Edit', 'تعديل', 3, 1, 67, NULL, 'web', 'admin', '2022-08-19 14:55:34', '2022-08-19 14:55:34'),
(71, 'supervisor_delete', 'Delete', 'حذف', 4, 1, 67, NULL, 'web', 'admin', '2022-08-19 14:55:34', '2022-08-19 14:55:34'),
(72, 'packages', 'Packages', 'الباقات', 0, 1, NULL, NULL, 'web', 'admin', '2022-08-19 14:55:34', '2022-08-19 14:55:34'),
(73, 'package_view', 'View', 'عرض', 1, 1, 72, NULL, 'web', 'admin', '2022-08-19 14:55:34', '2022-08-19 14:55:34'),
(74, 'package_add', 'Add', 'اضافة', 2, 1, 72, NULL, 'web', 'admin', '2022-08-19 14:55:34', '2022-08-19 14:55:34'),
(75, 'package_edit', 'Edit', 'تعديل', 3, 1, 72, NULL, 'web', 'admin', '2022-08-19 14:55:34', '2022-08-19 14:55:34'),
(76, 'package_delete', 'Delete', 'حذف', 4, 1, 72, NULL, 'web', 'admin', '2022-08-19 14:55:34', '2022-08-19 14:55:34'),
(77, 'permissions', 'Permissions', 'انواع الاذونات', 0, 1, NULL, NULL, 'web', 'admin', '2022-08-19 14:55:34', '2022-08-19 14:55:34'),
(78, 'permission_view', 'View', 'عرض', 1, 1, 77, NULL, 'web', 'admin', '2022-08-19 14:55:34', '2022-08-19 14:55:34'),
(79, 'permission_add', 'Add', 'اضافة', 2, 1, 77, NULL, 'web', 'admin', '2022-08-19 14:55:34', '2022-08-19 14:55:34'),
(80, 'permission_edit', 'Edit', 'تعديل', 3, 1, 77, NULL, 'web', 'admin', '2022-08-19 14:55:34', '2022-08-19 14:55:34'),
(81, 'permission_delete', 'Delete', 'حذف', 4, 1, 77, NULL, 'web', 'admin', '2022-08-19 14:55:34', '2022-08-19 14:55:34'),
(82, 'notifications', 'Notifications', 'الاشعارات', 0, 1, NULL, NULL, 'web', 'admin', '2022-08-19 14:55:34', '2022-08-19 14:55:34'),
(83, 'notification_view', 'View', 'عرض', 1, 1, 82, NULL, 'web', 'admin', '2022-08-19 14:55:34', '2022-08-19 14:55:34'),
(84, 'notification_add', 'Add', 'اضافة', 2, 1, 82, NULL, 'web', 'admin', '2022-08-19 14:55:34', '2022-08-19 14:55:34'),
(85, 'notification_edit', 'Edit', 'تعديل', 3, 1, 82, NULL, 'web', 'admin', '2022-08-19 14:55:34', '2022-08-19 14:55:34'),
(86, 'notification_delete', 'Delete', 'حذف', 4, 1, 82, NULL, 'web', 'admin', '2022-08-19 14:55:34', '2022-08-19 14:55:34'),
(87, 'points exchanges', 'points exchanges', 'تحويلات النقاط', 0, 1, NULL, NULL, 'web', 'admin', '2022-08-19 14:55:34', '2022-08-19 14:55:34'),
(88, 'point_exchange_view', 'View', 'عرض', 1, 1, 87, NULL, 'web', 'admin', '2022-08-19 14:55:34', '2022-08-19 14:55:34'),
(89, 'point_exchange_add', 'Add', 'اضافة', 2, 1, 87, NULL, 'web', 'admin', '2022-08-19 14:55:34', '2022-08-19 14:55:34'),
(90, 'point_exchange_edit', 'Edit', 'تعديل', 3, 1, 87, NULL, 'web', 'admin', '2022-08-19 14:55:34', '2022-08-19 14:55:34'),
(91, 'point_exchange_delete', 'Delete', 'حذف', 4, 1, 87, NULL, 'web', 'admin', '2022-08-19 14:55:34', '2022-08-19 14:55:34'),
(92, 'medicine departments', 'medicine departments', 'اقسام الأدوية', 0, 1, NULL, NULL, 'web', 'admin', '2022-08-19 14:55:34', '2022-08-19 14:55:34'),
(93, 'medicine_departments_view', 'View', 'عرض', 1, 1, 92, NULL, 'web', 'admin', '2022-08-19 14:55:34', '2022-08-19 14:55:34'),
(94, 'medicine_departments_add', 'Add', 'اضافة', 2, 1, 92, NULL, 'web', 'admin', '2022-08-19 14:55:34', '2022-08-19 14:55:34'),
(95, 'medicine_departments_edit', 'Edit', 'تعديل', 3, 1, 92, NULL, 'web', 'admin', '2022-08-19 14:55:34', '2022-08-19 14:55:34'),
(96, 'medicine_departments_delete', 'Delete', 'حذف', 4, 1, 92, NULL, 'web', 'admin', '2022-08-19 14:55:34', '2022-08-19 14:55:34'),
(97, 'drugs', 'drugs', 'الأدوية', 0, 1, NULL, NULL, 'web', 'admin', '2022-08-19 14:55:34', '2022-08-19 14:55:34'),
(98, 'drug_view', 'View', 'عرض', 1, 1, 97, NULL, 'web', 'admin', '2022-08-19 14:55:34', '2022-08-19 14:55:34'),
(99, 'drug_add', 'Add', 'اضافة', 2, 1, 97, NULL, 'web', 'admin', '2022-08-19 14:55:34', '2022-08-19 14:55:34'),
(100, 'drug_edit', 'Edit', 'تعديل', 3, 1, 97, NULL, 'web', 'admin', '2022-08-19 14:55:34', '2022-08-19 14:55:34'),
(101, 'drug_delete', 'Delete', 'حذف', 4, 1, 97, NULL, 'web', 'admin', '2022-08-19 14:55:34', '2022-08-19 14:55:34'),
(102, 'roles', 'roles', 'صلاحيات المشرفيين', 0, 1, NULL, NULL, 'web', 'admin', '2022-08-19 14:55:34', '2022-08-19 14:55:34'),
(103, 'role_view', 'View', 'عرض', 1, 1, 102, NULL, 'web', 'admin', '2022-08-19 14:55:34', '2022-08-19 14:55:34'),
(104, 'role_add', 'Add', 'اضافة', 2, 1, 102, NULL, 'web', 'admin', '2022-08-19 14:55:34', '2022-08-19 14:55:34'),
(105, 'role_edit', 'Edit', 'تعديل', 3, 1, 102, NULL, 'web', 'admin', '2022-08-19 14:55:34', '2022-08-19 14:55:34'),
(106, 'role_delete', 'Delete', 'حذف', 4, 1, 102, NULL, 'web', 'admin', '2022-08-19 14:55:34', '2022-08-19 14:55:34'),
(107, 'reports', 'reports', 'التقارير', 1, 1, NULL, NULL, 'web', 'admin', '2022-08-19 14:55:34', '2022-08-19 14:55:34'),
(108, 'report_view', 'View', 'عرض', 1, 1, 107, NULL, 'web', 'admin', '2022-08-19 14:55:34', '2022-08-19 14:55:34'),
(109, 'complains box', 'complains box', 'صندوق الشكاوى', 0, 1, NULL, NULL, 'web', 'admin', '2022-08-19 14:55:34', '2022-08-19 14:55:34'),
(110, 'complains_box_view', 'View', 'عرض', 1, 1, 109, NULL, 'web', 'admin', '2022-08-19 14:55:34', '2022-08-19 14:55:34'),
(111, 'complains_box_edit', 'Edit', 'تعديل', 3, 1, 109, NULL, 'web', 'admin', '2022-08-19 14:55:34', '2022-08-19 14:55:34'),
(112, 'complains_box_delete', 'Delete', 'حذف', 4, 1, 109, NULL, 'web', 'admin', '2022-08-19 14:55:34', '2022-08-19 14:55:34');

-- --------------------------------------------------------

--
-- Table structure for table `permissions_requests`
--

CREATE TABLE `permissions_requests` (
  `id` bigint(20) UNSIGNED NOT NULL,
  `dateA` date DEFAULT NULL,
  `permission_owner` bigint(20) UNSIGNED NOT NULL,
  `clinic_id` bigint(20) UNSIGNED NOT NULL,
  `permission_type` bigint(20) UNSIGNED NOT NULL,
  `reason` longtext NOT NULL,
  `image` varchar(255) DEFAULT NULL,
  `status` int(11) NOT NULL DEFAULT 0 COMMENT '0 waiting , 1 accept , 2 reject',
  `created_at` timestamp NULL DEFAULT NULL,
  `updated_at` timestamp NULL DEFAULT NULL
) ENGINE=InnoDB DEFAULT CHARSET=utf8mb4 COLLATE=utf8mb4_unicode_ci;

--
-- Dumping data for table `permissions_requests`
--

INSERT INTO `permissions_requests` (`id`, `dateA`, `permission_owner`, `clinic_id`, `permission_type`, `reason`, `image`, `status`, `created_at`, `updated_at`) VALUES
(1, '2022-08-19', 2, 1, 1, 'Permission to leave early lorem', '', 1, '2022-08-15 12:50:38', '2022-08-20 02:08:34'),
(2, '2022-08-20', 2, 1, 1, 'Permission to leave early lorem', '', 1, '2022-08-15 12:50:38', '2022-08-15 12:50:38'),
(3, '2022-08-21', 2, 1, 1, 'Permission to leave early lorem', '', 1, '2022-08-15 12:50:38', '2022-08-27 07:16:25'),
(4, '2023-06-23', 25, 58, 1, 'medical 1', NULL, 0, '2023-06-23 15:08:14', '2023-06-23 15:08:14'),
(5, '2023-06-23', 25, 58, 1, 'medical 2', NULL, 0, '2023-06-23 16:38:54', '2023-06-23 16:38:54'),
(6, '2023-08-07', 11, 1, 1, 'eeeee', NULL, 1, '2023-08-07 10:04:42', '2023-12-29 21:47:22'),
(7, '2023-08-13', 25, 58, 1, 'medical 2', NULL, 0, '2023-08-13 04:54:52', '2023-08-13 04:54:52'),
(8, '2023-08-13', 25, 58, 1, 'test\nssd', NULL, 0, '2023-08-13 05:12:52', '2023-08-13 05:12:52'),
(9, '2023-08-13', 25, 58, 1, 'wdqwd', '16919035921308.jpg', 0, '2023-08-13 05:13:12', '2023-08-13 05:13:12'),
(12, '2023-08-29', 132, 1, 1, '.\ntests and test', '16933266476763.jpg', 1, '2023-08-29 16:30:47', '2025-11-16 11:35:16'),
(14, '2023-10-30', 155, 1, 1, 'اذن تيست', '16986981527987.jpg', 1, '2023-10-30 21:35:52', '2023-12-29 14:22:03'),
(15, '2023-11-10', 11, 1, 1, 'اذن اذن', '16995792185266.jpg', 1, '2023-11-10 02:20:18', '2023-11-10 02:22:59'),
(16, '2024-01-06', 13, 1, 1, 'اذن صيدلي', NULL, 1, '2024-01-06 15:57:36', '2024-01-06 15:58:23'),
(17, '2025-01-26', 4, 1, 1, 'السلام عليكم', NULL, 2, '2025-01-26 18:53:13', '2025-11-16 11:35:20'),
(18, '2025-01-26', 4, 1, 1, 'تجربة رقم ٢', NULL, 2, '2025-01-26 18:53:28', '2025-11-16 12:27:25'),
(19, '2025-01-28', 11, 1, 1, 'بسبب مرض', '17380401038113.jpg', 1, '2025-01-28 04:55:04', '2025-11-16 10:16:58'),
(20, '2025-01-28', 40, 1, 1, 'Xgfxjytdutyd', '17380846876852.jpg', 0, '2025-01-28 17:18:07', '2025-01-28 17:18:07'),
(21, '2025-01-29', 11, 1, 1, 'السللم عليكم', '17381504442303.jpg', 2, '2025-01-29 11:34:04', '2025-11-16 10:17:03'),
(22, '2025-01-30', 11, 1, 1, 'مرحبا', '17382354899485.jpg', 1, '2025-01-30 11:11:29', '2025-11-16 11:49:49'),
(23, '2025-01-31', 11, 1, 1, 'cigxoydktdkg', '17383349434676.jpg', 2, '2025-01-31 14:49:03', '2025-11-16 11:49:51'),
(24, '2025-01-31', 40, 1, 1, 'Tf7cuytf6tfyu', '17383350444878.jpg', 0, '2025-01-31 14:50:44', '2025-01-31 14:50:44'),
(25, '2025-02-01', 4, 1, 1, 'السلام عليكم', NULL, 1, '2025-02-01 09:33:21', '2025-11-16 13:56:56'),
(26, '2025-02-01', 11, 1, 1, 'لبيونهغبتم', '17384127564101.jpg', 0, '2025-02-01 12:25:56', '2025-02-01 12:25:56'),
(27, '2025-02-01', 40, 1, 1, 'Nhtdkuyfkuyfmyj', '17384128977807.jpg', 0, '2025-02-01 12:28:17', '2025-02-01 12:28:17'),
(28, '2025-02-02', 11, 1, 1, 'قنسخفيغخيمغي', '17385111311408.jpg', 0, '2025-02-02 15:45:31', '2025-02-02 15:45:31'),
(29, '2025-02-02', 40, 1, 1, 'Jgfkjhfkjyfkjyfkuyf', '17385136541248.jpg', 1, '2025-02-02 16:27:34', '2025-11-19 16:02:55'),
(30, '2025-02-03', 11, 1, 1, 'hfdrhntes', '17385804115606.jpg', 2, '2025-02-03 11:00:11', '2025-11-19 16:02:58'),
(31, '2025-02-03', 40, 1, 1, 'Kuyfiutfkugfkyuf', '17385804994199.jpg', 0, '2025-02-03 11:01:39', '2025-02-03 11:01:39'),
(32, '2025-02-04', 40, 1, 1, 'Jgfdtruduyrx67tduty', '17386912681430.jpg', 0, '2025-02-04 17:47:48', '2025-02-04 17:47:48'),
(33, '2025-02-05', 40, 1, 1, 'Hvuyvuyv\n(yuv', '17387643425228.jpg', 0, '2025-02-05 14:05:42', '2025-02-05 14:05:42'),
(34, '2025-02-05', 11, 1, 1, 'زناغ٥قثهه', '17387644102259.jpg', 0, '2025-02-05 14:06:50', '2025-02-05 14:06:50'),
(35, '2025-02-06', 11, 1, 1, 'مرحبا', '17388314207232.jpg', 0, '2025-02-06 08:43:40', '2025-02-06 08:43:40'),
(36, '2025-02-06', 40, 1, 1, 'Yyuyfuyugyufyug', '17388315677072.jpg', 0, '2025-02-06 08:46:07', '2025-02-06 08:46:07'),
(37, '2025-02-07', 4, 1, 1, 'ب ب ب ب ب', NULL, 1, '2025-02-07 12:49:24', '2025-11-16 12:27:41'),
(38, '2025-02-07', 11, 1, 1, 'طلب اذن مبكر', '17389327919323.jpg', 0, '2025-02-07 12:53:11', '2025-02-07 12:53:11'),
(39, '2025-02-07', 40, 1, 1, 'Ytfvhuiiuyy', '17389330764717.jpg', 0, '2025-02-07 12:57:56', '2025-02-07 12:57:56'),
(40, '2025-02-08', 11, 1, 1, 'طلب تصريح', '17390279899375.jpg', 0, '2025-02-08 15:19:49', '2025-02-08 15:19:49'),
(41, '2025-02-08', 40, 1, 1, 'W4yhwryhwyrh', '17390280456266.jpg', 0, '2025-02-08 15:20:45', '2025-02-08 15:20:45'),
(42, '2025-02-09', 4, 1, 1, '.تاي ااياي عيت', NULL, 2, '2025-02-09 16:18:28', '2025-11-16 12:27:43'),
(43, '2025-02-09', 11, 1, 1, 'C. ¤ V', '17391272604338.jpg', 0, '2025-02-09 18:54:20', '2025-02-09 18:54:20'),
(44, '2025-02-09', 40, 1, 1, 'Hyfjhtdmhgdmhgd', '17391274319687.jpg', 0, '2025-02-09 18:57:11', '2025-02-09 18:57:11'),
(45, '2025-02-10', 11, 1, 1, 'تيتيةسةسة', '17392100766420.jpg', 0, '2025-02-10 17:54:36', '2025-02-10 17:54:36'),
(46, '2025-02-10', 40, 1, 1, 'هغفبمعغلكناد', '17392101256178.jpg', 0, '2025-02-10 17:55:25', '2025-02-10 17:55:25'),
(47, '2025-02-11', 11, 1, 1, 'وؤتساةسةوس', '17392714745416.jpg', 0, '2025-02-11 10:57:55', '2025-02-11 10:57:55'),
(48, '2025-02-11', 40, 1, 1, 'نغفبهعابمهغبكتليمفتط', '17392715463280.jpg', 0, '2025-02-11 10:59:06', '2025-02-11 10:59:06'),
(49, '2025-02-12', 40, 1, 1, 'تابغعبمعغب', '17393923298278.jpg', 0, '2025-02-12 20:32:09', '2025-02-12 20:32:09'),
(50, '2025-11-15', 13, 1, 1, 'قفاغقف', NULL, 0, '2025-11-15 13:42:28', '2025-11-15 13:42:28'),
(51, '2025-11-16', 165, 1, 1, 'ت نمتنم', NULL, 0, '2025-11-16 10:27:06', '2025-11-16 10:27:06'),
(52, '2025-11-16', 165, 1, 4, 'نىمكىىمن', NULL, 0, '2025-11-16 10:27:13', '2025-11-16 10:27:13'),
(53, '2025-11-16', 165, 1, 1, 'نمككنم', NULL, 0, '2025-11-16 10:27:21', '2025-11-16 10:27:21'),
(54, '2025-12-04', 165, 1, 1, 'لغتفغ', NULL, 0, '2025-12-04 17:49:38', '2025-12-04 17:49:38'),
(55, '2025-12-04', 165, 1, 4, 'غفعفغ', NULL, 0, '2025-12-04 17:49:43', '2025-12-04 17:49:43'),
(56, '2025-12-16', 360, 244, 4, 'سبب الاذن مرضي', '17658869058683.jpg', 1, '2025-12-16 12:08:25', '2025-12-16 12:09:40'),
(57, '2025-12-16', 360, 244, 4, 'يوم السبت القادك', NULL, 0, '2025-12-16 12:19:43', '2025-12-16 12:19:43'),
(58, '2025-12-16', 360, 244, 4, 'اةاىىلااتت', '17658887687818.jpg', 1, '2025-12-16 12:39:28', '2025-12-16 12:40:43'),
(59, '2025-12-16', 361, 244, 4, 'سبب المرض برد وصداع وتكسير في الجسم', NULL, 1, '2025-12-16 12:52:45', '2025-12-16 12:53:00'),
(60, '2025-12-16', 361, 244, 1, 'تيست تيست', '17658896285116.jpg', 2, '2025-12-16 12:53:48', '2025-12-16 12:54:35'),
(61, '2026-02-02', 11, 1, 4, 'sswwwwww', NULL, 0, '2026-02-02 07:36:33', '2026-02-02 07:36:33');

-- --------------------------------------------------------

--
-- Table structure for table `permissions_types`
--

CREATE TABLE `permissions_types` (
  `id` bigint(20) UNSIGNED NOT NULL,
  `name_en` varchar(255) NOT NULL,
  `name_ar` varchar(255) NOT NULL,
  `status` tinyint(4) NOT NULL DEFAULT 1,
  `deleted_at` timestamp NULL DEFAULT NULL,
  `created_at` timestamp NULL DEFAULT NULL,
  `updated_at` timestamp NULL DEFAULT NULL
) ENGINE=InnoDB DEFAULT CHARSET=utf8mb4 COLLATE=utf8mb4_unicode_ci;

--
-- Dumping data for table `permissions_types`
--

INSERT INTO `permissions_types` (`id`, `name_en`, `name_ar`, `status`, `deleted_at`, `created_at`, `updated_at`) VALUES
(1, 'Permission to leave Early', 'إذن بالمغادرة مبكرا', 1, NULL, '2022-08-15 12:45:14', '2022-08-15 12:45:14'),
(4, 'sickleave', 'اجازة مرضية', 1, NULL, '2025-10-14 16:19:15', '2025-10-14 16:19:15');

-- --------------------------------------------------------

--
-- Table structure for table `personal_access_tokens`
--

CREATE TABLE `personal_access_tokens` (
  `id` bigint(20) UNSIGNED NOT NULL,
  `tokenable_type` varchar(255) NOT NULL,
  `tokenable_id` bigint(20) UNSIGNED NOT NULL,
  `name` varchar(255) NOT NULL,
  `token` varchar(64) NOT NULL,
  `abilities` text DEFAULT NULL,
  `last_used_at` timestamp NULL DEFAULT NULL,
  `created_at` timestamp NULL DEFAULT NULL,
  `updated_at` timestamp NULL DEFAULT NULL
) ENGINE=InnoDB DEFAULT CHARSET=utf8mb4 COLLATE=utf8mb4_unicode_ci;

-- --------------------------------------------------------

--
-- Table structure for table `pharmacy_prescriptions`
--

CREATE TABLE `pharmacy_prescriptions` (
  `id` bigint(20) UNSIGNED NOT NULL,
  `user_id` bigint(20) UNSIGNED NOT NULL,
  `doctor_id` bigint(20) UNSIGNED NOT NULL,
  `clinic_id` bigint(20) UNSIGNED NOT NULL,
  `diagnosis` longtext DEFAULT NULL,
  `deleted_at` timestamp NULL DEFAULT NULL,
  `created_at` timestamp NULL DEFAULT NULL,
  `updated_at` timestamp NULL DEFAULT NULL
) ENGINE=InnoDB DEFAULT CHARSET=utf8mb4 COLLATE=utf8mb4_unicode_ci;

--
-- Dumping data for table `pharmacy_prescriptions`
--

INSERT INTO `pharmacy_prescriptions` (`id`, `user_id`, `doctor_id`, `clinic_id`, `diagnosis`, `deleted_at`, `created_at`, `updated_at`) VALUES
(1, 2, 11, 1, 'Lorem Ipsum is simply dummy text of the printing and typesetting industry. Lorem Ipsum has been the industry\'s standard dummy text ever since the 1500s, when an unknown printer took a galley of type and scrambled it to make a type specimen book. It has survived not only five centuries, but also the leap into electronic typesetting, remaining essentially unchanged. It was popularised in the 1960s with the release of Letraset sheets containing Lorem Ipsum passages, and more recently with desktop publishing software like Aldus PageMaker including versions of Lorem Ipsum', NULL, '2022-11-06 17:45:43', '2022-11-06 17:45:43');

-- --------------------------------------------------------

--
-- Table structure for table `posts`
--

CREATE TABLE `posts` (
  `id` bigint(20) UNSIGNED NOT NULL,
  `clinic_id` bigint(20) UNSIGNED NOT NULL,
  `image` varchar(255) DEFAULT NULL,
  `content` longtext NOT NULL,
  `created_at` timestamp NULL DEFAULT NULL,
  `updated_at` timestamp NULL DEFAULT NULL
) ENGINE=InnoDB DEFAULT CHARSET=utf8mb4 COLLATE=utf8mb4_unicode_ci;

--
-- Dumping data for table `posts`
--

INSERT INTO `posts` (`id`, `clinic_id`, `image`, `content`, `created_at`, `updated_at`) VALUES
(7, 1, '16595632688036.jpeg', 'sassa as salsjlasasl as', '2023-05-06 05:08:44', '2022-08-04 01:47:48'),
(9, 1, '16596298669640.jpeg', 'new content', '2023-05-06 05:08:44', '2022-08-04 23:17:46'),
(10, 1, '16596498531780.jpg', 'new content', '2023-05-06 05:08:44', '2022-08-05 04:50:53'),
(14, 1, '16596969076110.jpg', 'test', '2023-05-06 05:08:44', '2022-08-05 17:55:07'),
(15, 1, '16596969838279.jpg', 'تجربه', '2023-05-06 05:08:44', '2022-08-05 17:56:23'),
(16, 1, '16600647965875.jpg', 'ssss\nssss\n\nas\naasas', '2023-05-06 05:08:44', '2022-12-20 01:50:23'),
(18, 46, '16618611775707.jpg', 'test test', '2023-05-06 05:08:44', '2022-08-30 19:06:17'),
(21, 46, '16623292794064.jpg', 'New post', '2023-05-06 05:08:44', '2022-09-05 05:07:59'),
(22, 1, '16805464317652.jpg', 'welcome', '2023-05-06 05:08:44', '2023-04-03 16:27:11'),
(23, 1, '16805939975814.png', 'new post', '2023-05-06 05:08:44', '2023-04-04 05:39:57'),
(24, 1, '16805940168292.jpeg', 'bbb', '2023-05-06 05:08:44', '2023-04-04 05:40:16'),
(25, 58, '16805940428356.jpg', 'nnn', '2023-05-06 05:08:44', '2023-04-04 05:40:42'),
(26, 1, '16805940532391.jpeg', 'bbb', '2023-05-06 05:08:44', '2023-04-04 05:40:53'),
(27, 1, '16811936486116.png', 'sdsds', '2023-05-06 05:08:44', '2023-04-11 04:14:08'),
(28, 58, '16811936604605.png', 'sdsds', '2023-05-06 05:08:44', '2023-04-11 04:14:20'),
(29, 58, '16811936697572.png', 'wewew', '2023-05-06 05:08:44', '2023-04-11 04:14:29'),
(41, 1, '16850301207120.jpg', 'مستشفى الحياة الطبي يتشرف ب الانضمام لنظام عوافي الطبي', '2023-05-25 12:55:20', '2023-05-25 12:55:20');

-- --------------------------------------------------------

--
-- Table structure for table `posts_settings`
--

CREATE TABLE `posts_settings` (
  `id` bigint(20) UNSIGNED NOT NULL,
  `from` int(11) NOT NULL DEFAULT 1 COMMENT 'count doctors',
  `to` int(11) NOT NULL DEFAULT 1 COMMENT 'count doctors',
  `posts_count` int(11) NOT NULL DEFAULT 1 COMMENT 'posts count in week',
  `created_at` timestamp NULL DEFAULT NULL,
  `updated_at` timestamp NULL DEFAULT NULL
) ENGINE=InnoDB DEFAULT CHARSET=utf8mb4 COLLATE=utf8mb4_unicode_ci;

--
-- Dumping data for table `posts_settings`
--

INSERT INTO `posts_settings` (`id`, `from`, `to`, `posts_count`, `created_at`, `updated_at`) VALUES
(1, 1, 3, 1, '2022-07-12 16:11:55', '2022-07-12 16:11:55'),
(2, 4, 10, 3, '2022-07-12 16:11:55', '2022-07-12 16:11:55'),
(3, 11, 100, 7, '2022-07-12 16:11:55', '2022-07-12 16:11:55');

-- --------------------------------------------------------

--
-- Table structure for table `ratings`
--

CREATE TABLE `ratings` (
  `id` bigint(20) UNSIGNED NOT NULL,
  `name_en` varchar(255) NOT NULL,
  `name_ar` varchar(255) NOT NULL,
  `status` tinyint(4) NOT NULL DEFAULT 1,
  `deleted_at` timestamp NULL DEFAULT NULL,
  `created_at` timestamp NULL DEFAULT NULL,
  `updated_at` timestamp NULL DEFAULT NULL
) ENGINE=InnoDB DEFAULT CHARSET=utf8mb4 COLLATE=utf8mb4_unicode_ci;

--
-- Dumping data for table `ratings`
--

INSERT INTO `ratings` (`id`, `name_en`, `name_ar`, `status`, `deleted_at`, `created_at`, `updated_at`) VALUES
(1, 'Quality Of Service', 'جوده الخدمة', 1, NULL, '2022-09-18 19:04:52', '2022-09-18 19:04:52'),
(2, 'Price Of the  Service', 'سعر الخدمة', 1, NULL, '2022-09-18 19:04:52', '2022-09-18 19:04:52');

-- --------------------------------------------------------

--
-- Table structure for table `regions`
--

CREATE TABLE `regions` (
  `id` bigint(20) UNSIGNED NOT NULL,
  `name_en` varchar(100) NOT NULL,
  `name_ar` varchar(100) NOT NULL,
  `city_id` bigint(20) UNSIGNED DEFAULT NULL,
  `status` tinyint(4) NOT NULL DEFAULT 1,
  `deleted_at` timestamp NULL DEFAULT NULL,
  `created_at` timestamp NULL DEFAULT NULL,
  `updated_at` timestamp NULL DEFAULT NULL
) ENGINE=InnoDB DEFAULT CHARSET=utf8mb4 COLLATE=utf8mb4_unicode_ci;

--
-- Dumping data for table `regions`
--

INSERT INTO `regions` (`id`, `name_en`, `name_ar`, `city_id`, `status`, `deleted_at`, `created_at`, `updated_at`) VALUES
(1, 'Okaz', 'عكاظ', 1, 1, NULL, '2023-12-03 13:47:38', '2023-12-03 13:47:38'),
(2, 'Al Yasmin', 'الياسمين', 1, 1, NULL, '2023-12-03 13:49:39', '2023-12-03 13:49:39'),
(3, 'Diriyah', 'الدرعية', 1, 1, NULL, '2024-01-25 00:41:09', '2024-01-25 00:41:09'),
(4, 'almajamaea', 'المجمعة', 1, 1, NULL, '2024-01-25 00:41:37', '2024-01-25 00:41:37'),
(5, 'ramah', 'رماح', 1, 1, NULL, '2024-01-25 00:42:27', '2024-01-25 00:42:27'),
(6, 'aldalm', 'الدلم', 1, 1, NULL, '2024-01-25 00:42:56', '2024-01-25 00:42:56'),
(7, 'alzulfaa', 'الزلفى', 1, 1, NULL, '2024-01-25 00:43:22', '2024-01-25 00:43:22'),
(8, 'jeddah', 'جدة', 2, 1, NULL, '2024-01-25 00:45:38', '2024-01-25 00:45:38'),
(9, 'Taif', 'الطائف', 2, 1, NULL, '2024-01-25 00:46:49', '2024-01-25 00:46:49'),
(10, 'bahra', 'بحرة', 2, 1, NULL, '2024-01-25 00:47:25', '2024-01-25 00:47:25'),
(11, 'al khurma', 'الخرمة', 2, 1, NULL, '2024-01-25 00:47:59', '2024-01-25 00:48:11'),
(12, 'aleardiaat', 'العرضيات', 2, 1, NULL, '2024-01-25 00:48:28', '2024-01-25 00:48:28'),
(13, 'rabigh', 'رابغ', 2, 1, NULL, '2024-01-25 00:49:02', '2024-01-25 00:49:02'),
(14, 'aljumum', 'الجموم', 2, 1, NULL, '2024-01-25 00:49:26', '2024-01-25 00:49:26'),
(15, 'yanbae', 'ينبع', 3, 1, NULL, '2024-01-25 00:51:01', '2024-01-25 00:51:01'),
(16, 'badr', 'بدر', 3, 1, NULL, '2024-01-25 00:51:24', '2024-01-25 00:51:24'),
(17, 'Al-Ula', 'العلا', 3, 1, NULL, '2024-01-25 00:52:01', '2024-01-25 00:52:01'),
(18, 'alhinakia', 'الحناكية', 3, 1, NULL, '2024-01-25 00:52:56', '2024-01-25 00:52:56'),
(19, 'khaybar', 'خيبر', 3, 1, NULL, '2024-01-25 00:53:25', '2024-01-25 00:53:25'),
(20, 'Al-Suwayriqa', 'السويرقية', 3, 1, NULL, '2024-01-25 00:53:46', '2024-01-25 00:53:46'),
(21, 'Umluj', 'أملج', 4, 1, NULL, '2024-01-25 00:55:14', '2024-01-25 00:55:14'),
(22, 'Tayma', 'تيماء', 4, 1, NULL, '2024-01-25 00:55:30', '2024-01-25 00:55:30'),
(23, 'Haql', 'حقل', 4, 1, NULL, '2024-01-25 00:55:50', '2024-01-25 00:55:50'),
(24, 'Douba -Al Wahj', 'ضباء والوجه', 4, 1, NULL, '2024-01-25 00:56:51', '2024-01-25 00:56:51'),
(25, 'Dammam', 'الدمام', 4, 1, NULL, '2024-01-25 00:57:29', '2024-01-25 00:57:29'),
(26, 'Al Hofuf', 'الهفوف‎', 5, 1, NULL, '2024-01-25 00:58:52', '2024-01-25 00:58:52'),
(27, 'Al Mubarraz', 'المبرز', 5, 1, NULL, '2024-01-25 00:59:16', '2024-01-25 00:59:16'),
(28, 'Al Tarf', 'الطرف', 5, 1, NULL, '2024-01-25 00:59:45', '2024-01-25 00:59:45'),
(29, 'Al Omran', 'العمران', 5, 1, NULL, '2024-01-25 01:00:33', '2024-01-25 01:00:33'),
(30, 'Al-Jafr', 'الجفر', 5, 1, NULL, '2024-01-25 01:01:01', '2024-01-25 01:01:01'),
(31, 'Sharorah', 'شرورة', 6, 1, NULL, '2024-01-25 01:02:11', '2024-01-25 01:02:11'),
(32, 'Hubuna', 'حبونا', 6, 1, NULL, '2024-01-25 01:02:29', '2024-01-25 01:02:29'),
(33, 'Badr Al-Janoub', 'بدر الجنوب', 6, 1, NULL, '2024-01-25 01:02:52', '2024-01-25 01:02:52'),
(34, 'Yadamah', 'يدمه', 6, 1, NULL, '2024-01-25 01:03:28', '2024-01-25 01:03:28'),
(35, 'thar', 'ثار', 6, 1, NULL, '2024-01-25 01:03:58', '2024-01-25 01:03:58'),
(36, 'Baqaa', 'بقعاء', 7, 1, NULL, '2024-01-25 01:05:36', '2024-01-25 01:05:36'),
(37, 'Ash Shinan', 'الشنان', 7, 1, NULL, '2024-01-25 01:05:55', '2024-01-25 01:05:55'),
(38, 'Al Ghazalah', 'الغزالة', 7, 1, NULL, '2024-01-25 01:06:14', '2024-01-25 01:06:14'),
(39, 'Al Hait', 'الحائط', 7, 1, NULL, '2024-01-25 01:06:35', '2024-01-25 01:06:35'),
(40, 'Ash Shamli', 'الشملي', 7, 1, NULL, '2024-01-25 01:06:57', '2024-01-25 01:06:57'),
(41, 'Al Sulaimi', 'السليمي', 7, 1, NULL, '2024-01-25 01:07:19', '2024-01-25 01:07:19'),
(42, 'Mawqaq', 'موقـق', 7, 1, NULL, '2024-01-25 01:07:44', '2024-01-25 01:07:44');

-- --------------------------------------------------------

--
-- Table structure for table `reservations`
--

CREATE TABLE `reservations` (
  `id` bigint(20) UNSIGNED NOT NULL,
  `booking_number` int(11) NOT NULL,
  `user_id` bigint(20) UNSIGNED NOT NULL,
  `parent_id` bigint(20) UNSIGNED DEFAULT NULL,
  `doctor_id` bigint(20) UNSIGNED NOT NULL,
  `clinic_id` bigint(20) UNSIGNED NOT NULL,
  `reception_id` bigint(20) UNSIGNED DEFAULT NULL,
  `date` date NOT NULL,
  `appointment` varchar(255) NOT NULL,
  `price` int(11) DEFAULT NULL,
  `sub_specialist_id` int(11) DEFAULT NULL,
  `status_id` bigint(20) UNSIGNED NOT NULL DEFAULT 1,
  `diagnosis` longtext DEFAULT NULL,
  `symptoms` longtext DEFAULT NULL,
  `clinical_examination` longtext DEFAULT NULL,
  `recommendations` longtext DEFAULT NULL,
  `notes` longtext DEFAULT NULL,
  `schedule_consultation_date` date DEFAULT NULL,
  `schedule_consultation_time` varchar(30) DEFAULT NULL,
  `type` int(11) DEFAULT 1 COMMENT '1 user from app, 2 doctor from admin',
  `follow_up` bigint(20) NOT NULL DEFAULT 0,
  `payment_status` int(11) NOT NULL DEFAULT 0,
  `waiting_list` int(11) DEFAULT NULL,
  `deleted_at` timestamp NULL DEFAULT NULL,
  `created_at` timestamp NULL DEFAULT NULL,
  `updated_at` timestamp NULL DEFAULT NULL
) ENGINE=InnoDB DEFAULT CHARSET=utf8mb4 COLLATE=utf8mb4_unicode_ci;

--
-- Dumping data for table `reservations`
--

INSERT INTO `reservations` (`id`, `booking_number`, `user_id`, `parent_id`, `doctor_id`, `clinic_id`, `reception_id`, `date`, `appointment`, `price`, `sub_specialist_id`, `status_id`, `diagnosis`, `symptoms`, `clinical_examination`, `recommendations`, `notes`, `schedule_consultation_date`, `schedule_consultation_time`, `type`, `follow_up`, `payment_status`, `waiting_list`, `deleted_at`, `created_at`, `updated_at`) VALUES
(1, 591581213, 4, 4, 11, 1, 4, '2024-02-17', '10:00-10:26 am', NULL, NULL, 6, NULL, NULL, NULL, NULL, NULL, NULL, NULL, 1, 0, 0, NULL, NULL, '2023-11-17 12:09:54', '2023-12-15 04:40:37'),
(2, 986468683, 34, 4, 11, 1, 4, '2024-02-17', '3:46-4:13 pm', NULL, NULL, 6, NULL, NULL, NULL, NULL, NULL, NULL, NULL, 1, 0, 0, NULL, NULL, '2023-11-18 13:53:47', '2023-11-18 13:53:47'),
(3, 774492177, 2, 4, 11, 1, 4, '2024-02-17', '2:26-2:53 pm', NULL, NULL, 6, NULL, NULL, NULL, NULL, NULL, NULL, NULL, 1, 0, 0, NULL, NULL, '2023-11-26 08:29:25', '2023-11-26 08:37:09'),
(4, 850736356, 4, 2, 11, 1, 4, '2024-02-17', '11:46-12:13 pm', NULL, NULL, 6, NULL, NULL, NULL, NULL, NULL, NULL, NULL, 1, 0, 0, NULL, NULL, '2023-11-26 08:35:51', '2023-12-16 12:29:08'),
(5, 854512580, 4, 4, 11, 1, 4, '2024-02-17', '4:13-4:40 pm', NULL, NULL, 6, NULL, NULL, NULL, NULL, NULL, NULL, NULL, 1, 0, 0, NULL, NULL, '2023-12-01 20:38:33', '2023-12-16 12:28:34'),
(6, 938395534, 2, 2, 11, 1, 4, '2024-02-17', '1:33-2:00 pm', NULL, NULL, 6, NULL, NULL, NULL, NULL, NULL, NULL, NULL, 1, 0, 0, NULL, NULL, '2023-12-02 02:25:29', '2023-12-02 02:25:29'),
(7, 159434518, 5, 5, 11, 1, 4, '2024-02-17', '10:53-11:20 am', NULL, NULL, 6, NULL, NULL, NULL, NULL, NULL, NULL, NULL, 1, 0, 0, NULL, NULL, '2023-12-08 00:31:51', '2023-12-23 06:23:50'),
(8, 890903600, 5, 5, 11, 1, 4, '2024-02-17', '12:13-12:40 pm', NULL, NULL, 6, NULL, NULL, NULL, NULL, NULL, NULL, NULL, 1, 0, 0, NULL, NULL, '2023-12-10 18:37:14', '2023-12-10 18:37:14'),
(9, 528963275, 5, 5, 11, 1, 4, '2024-02-17', '10:00-10:26 am', NULL, NULL, 6, NULL, NULL, NULL, NULL, NULL, NULL, NULL, 1, 0, 0, NULL, NULL, '2023-12-15 04:37:37', '2023-12-16 12:28:28'),
(10, 208089604, 5, 5, 11, 1, 4, '2024-02-17', '1:00-1:40 am', NULL, NULL, 6, 'grrrrrrrrrrrr', 'rrrrrrrrrrrrrrrrtttt', 'twst', 'twst 12', 'twst1234', '2023-12-31', '9:17-10:35 am', 1, 0, 0, NULL, NULL, '2023-12-16 12:28:41', '2023-12-29 20:42:52'),
(12, 515049427, 5, 5, 11, 1, 4, '2024-02-17', '4:52-6:04 PM', NULL, NULL, 5, NULL, NULL, NULL, NULL, NULL, NULL, NULL, 1, 0, 0, NULL, NULL, '2024-01-08 15:33:07', '2024-01-16 16:25:46'),
(13, 766786617, 4, 4, 11, 1, 4, '2024-02-17', '8:28-9:40 PM', NULL, NULL, 1, NULL, NULL, NULL, NULL, NULL, NULL, NULL, 1, 1, 0, NULL, NULL, '2024-01-08 20:30:21', '2024-01-12 03:01:16'),
(14, 982726441, 2, 4, 11, 1, 4, '2024-06-29', '9:40-10:52 PM', NULL, NULL, 1, NULL, NULL, NULL, NULL, NULL, '2024-01-10', '4:52-6:04 PM', 1, 1, 0, NULL, NULL, '2024-01-09 01:12:24', '2024-01-11 07:11:46'),
(15, 790942808, 5, 5, 11, 1, 4, '2024-03-22', '4:55-6:19 AM', NULL, NULL, 1, NULL, NULL, NULL, NULL, NULL, NULL, NULL, 1, 0, 0, NULL, NULL, '2024-03-22 02:58:49', '2024-01-16 16:25:38'),
(24, 726718849, 44, 44, 11, 1, 4, '2024-03-29', '2:04-2:56 AM', NULL, NULL, 1, NULL, NULL, NULL, NULL, NULL, NULL, NULL, 1, 0, 0, NULL, NULL, '2024-03-29 11:13:36', '2024-03-29 11:13:36'),
(25, 749084365, 2, 4, 11, 1, 4, '2024-04-14', '12:00-12:30 am', NULL, NULL, 1, NULL, NULL, NULL, NULL, NULL, NULL, NULL, 1, 1, 1, 1, NULL, '2024-04-06 08:37:01', '2024-05-06 07:48:20'),
(26, 884918525, 5, 5, 11, 1, 4, '2024-04-30', '1:20-2:12 PM', NULL, NULL, 1, NULL, NULL, NULL, NULL, NULL, NULL, NULL, 1, 0, 1, 2, NULL, '2024-04-29 21:28:33', '2024-04-29 21:28:33'),
(27, 114125719, 5, 5, 11, 1, 4, '2024-05-09', '3:21-4:13 PM', NULL, NULL, 2, NULL, NULL, NULL, NULL, NULL, NULL, NULL, 1, 1, 1, NULL, NULL, '2024-05-09 07:21:05', '2024-05-11 19:20:24'),
(28, 757750143, 5, 5, 11, 1, 4, '2024-05-01', '11:01-11:53 AM', NULL, NULL, 2, NULL, NULL, NULL, NULL, NULL, NULL, NULL, 1, 0, 1, 1, NULL, '2024-05-09 07:23:14', '2024-05-09 07:45:20'),
(29, 225844449, 10, 10, 11, 1, 4, '2024-05-12', '10:20-10:48 AM', NULL, NULL, 6, 'peri apical abscess\r\nchronic abscess \r\npulpitis', 'pain with hot & cold\r\nheadache\r\npain & swelling', 'test \r\n\r\n\r\ntest', 'need RCT \r\nneed antibiotic course \r\n\r\nneed fallow up', 'no\r\n\r\ntest\r\n\r\nno need', NULL, NULL, 1, 0, 1, 1, NULL, '2024-05-11 22:12:54', '2024-05-12 11:31:56'),
(30, 755802414, 31, 10, 11, 1, 4, '2024-05-12', '10:48-11:16 AM', NULL, NULL, 1, NULL, NULL, NULL, NULL, NULL, NULL, NULL, 1, 0, 0, NULL, NULL, '2024-05-11 22:13:04', '2024-05-11 22:13:04'),
(31, 699870437, 31, 10, 11, 1, 4, '2024-05-12', '11:16-11:44 AM', NULL, NULL, 6, 're', 'hjkhj', 't', 't', 't', NULL, NULL, 1, 0, 1, 2, NULL, '2024-05-11 22:13:11', '2024-05-14 11:14:37'),
(32, 777342053, 31, 10, 11, 1, 4, '2024-05-12', '11:44-12:12 PM', NULL, NULL, 1, NULL, NULL, NULL, NULL, NULL, NULL, NULL, 1, 0, 0, NULL, NULL, '2024-05-11 22:13:25', '2024-05-11 22:13:25'),
(33, 870564393, 31, 10, 11, 1, 4, '2024-05-12', '12:12-12:40 PM', NULL, NULL, 2, NULL, NULL, NULL, NULL, NULL, NULL, NULL, 1, 0, 1, NULL, NULL, '2024-05-11 22:15:13', '2024-05-12 11:10:32'),
(34, 769350100, 31, 10, 11, 1, 4, '2024-05-12', '12:40-1:08 PM', NULL, NULL, 1, NULL, NULL, NULL, NULL, NULL, NULL, NULL, 1, 0, 0, NULL, NULL, '2024-05-11 22:15:21', '2024-05-11 22:15:21'),
(35, 459225025, 2, 10, 11, 1, 4, '2024-06-29', '4:55-5:51 AM', NULL, NULL, 5, NULL, NULL, NULL, NULL, NULL, NULL, NULL, 1, 0, 1, NULL, NULL, '2024-05-11 22:23:28', '2024-05-11 22:23:59'),
(36, 250704230, 30, 10, 11, 1, 4, '2024-05-13', '11:27-12:23 PM', NULL, NULL, 1, NULL, NULL, NULL, NULL, NULL, NULL, NULL, 1, 0, 0, NULL, NULL, '2024-05-11 22:27:21', '2024-05-11 22:27:21'),
(37, 419195777, 30, 10, 11, 1, 4, '2024-05-13', '4:55-5:51 AM', NULL, NULL, 1, NULL, NULL, NULL, NULL, NULL, NULL, NULL, 1, 0, 0, NULL, NULL, '2024-05-11 22:28:10', '2024-05-11 22:28:10'),
(38, 383275419, 10, 10, 11, 1, 4, '2024-05-12', '4:52-5:20 PM', NULL, NULL, 2, NULL, NULL, NULL, NULL, NULL, NULL, NULL, 1, 0, 1, NULL, NULL, '2024-05-12 11:46:10', '2024-05-12 11:47:07'),
(39, 646261420, 44, 44, 11, 1, 4, '2024-05-14', '8:54-9:18 AM', NULL, NULL, 2, NULL, NULL, NULL, NULL, NULL, NULL, NULL, 1, 0, 1, 1, NULL, '2024-05-14 11:52:19', '2024-05-14 12:02:08'),
(40, 901741451, 47, 47, 11, 1, 4, '2024-05-29', '9:18-9:42 AM', NULL, NULL, 1, NULL, NULL, NULL, NULL, NULL, NULL, NULL, 1, 0, 1, NULL, NULL, '2024-05-14 11:52:21', '2024-05-14 11:52:21'),
(41, 651473116, 5, 5, 11, 1, 4, '2024-06-01', '2:02-2:58 AM', NULL, NULL, 2, NULL, NULL, NULL, NULL, NULL, NULL, NULL, 1, 0, 1, NULL, NULL, '2024-05-31 23:07:17', '2024-05-31 23:08:47'),
(42, 387224486, 5, 5, 11, 1, 4, '2024-06-28', '6:32-7:24 AM', NULL, NULL, 2, NULL, NULL, NULL, NULL, NULL, NULL, NULL, 1, 0, 1, NULL, NULL, '2024-06-18 03:34:34', '2024-06-18 03:37:33'),
(43, 749977808, 5, 5, 11, 1, 4, '2024-06-28', '9:34-10:18 PM', NULL, NULL, 2, NULL, NULL, NULL, NULL, NULL, NULL, NULL, 1, 0, 1, NULL, NULL, '2024-06-22 18:38:49', '2024-06-22 18:41:01'),
(44, 252049755, 2, 2, 11, 1, 4, '2024-07-19', '2:13-3:01 PM', NULL, NULL, 5, NULL, NULL, NULL, NULL, NULL, NULL, NULL, 1, 0, 1, NULL, NULL, '2024-07-19 11:20:09', '2024-07-19 12:41:47'),
(45, 576592929, 2, 2, 11, 1, 4, '2024-08-03', '6:14-6:46 PM', NULL, NULL, 5, NULL, NULL, NULL, NULL, NULL, NULL, NULL, 1, 0, 1, NULL, NULL, '2024-08-03 15:16:14', '2024-08-03 19:41:59'),
(46, 387756777, 2, 2, 11, 1, 4, '2024-08-03', '6:46-7:18 PM', NULL, NULL, 5, NULL, NULL, NULL, NULL, NULL, NULL, NULL, 1, 0, 1, NULL, NULL, '2024-08-03 20:01:30', '2024-08-16 13:11:54'),
(47, 483368997, 2, 2, 11, 1, 4, '2024-08-25', '1:32-2:15 PM', NULL, NULL, 2, NULL, NULL, NULL, NULL, NULL, NULL, NULL, 1, 0, 1, NULL, NULL, '2024-08-25 09:09:18', '2024-08-25 09:10:38'),
(48, 649385580, 2, 2, 11, 1, 4, '2024-10-05', '1:47-1:55 AM', NULL, NULL, 2, NULL, NULL, NULL, NULL, NULL, NULL, NULL, 1, 0, 1, NULL, NULL, '2024-10-04 22:50:09', '2024-10-04 22:51:34'),
(49, 545953285, 2, 2, 11, 1, 4, '2024-10-06', '3:03-3:50 PM', NULL, NULL, 2, NULL, NULL, NULL, NULL, NULL, NULL, NULL, 1, 0, 1, NULL, NULL, '2024-10-06 12:06:38', '2024-10-06 12:08:30'),
(52, 913163206, 4, 4, 11, 1, 4, '2024-10-25', '06:35-06:55 PM', NULL, NULL, 2, NULL, NULL, NULL, NULL, NULL, NULL, NULL, 1, 0, 1, 4, NULL, '2024-10-23 20:37:22', '2024-10-23 20:49:55'),
(53, 675674809, 2, 5, 11, 1, 4, '2024-10-25', '05:35-05:55 PM', NULL, NULL, 2, NULL, NULL, NULL, NULL, NULL, NULL, NULL, 1, 0, 1, 2, NULL, '2024-10-23 20:37:54', '2024-10-25 13:49:14'),
(54, 772990587, 2, 2, 11, 1, 4, '2024-10-26', '2:12-2:56 PM', NULL, NULL, 2, NULL, NULL, NULL, NULL, NULL, NULL, NULL, 1, 0, 1, NULL, NULL, '2024-10-26 11:15:40', '2024-10-26 11:17:49'),
(56, 480534540, 4, 4, 11, 1, 4, '2024-10-26', '7:20-8:04 PM', NULL, NULL, 2, NULL, NULL, NULL, NULL, NULL, NULL, NULL, 1, 0, 1, NULL, NULL, '2024-10-26 11:16:30', '2024-10-26 11:17:24'),
(57, 251065673, 2, 2, 11, 1, 4, '2024-10-28', '4:23-5:03 PM', NULL, NULL, 2, NULL, NULL, NULL, NULL, NULL, NULL, NULL, 1, 0, 1, NULL, NULL, '2024-10-28 13:26:26', '2024-10-28 13:30:43'),
(58, 755491584, 2, 2, 11, 1, 4, '2024-10-28', '7:43-8:23 PM', NULL, NULL, 2, NULL, NULL, NULL, NULL, NULL, NULL, NULL, 1, 0, 1, NULL, NULL, '2024-10-28 13:26:31', '2024-10-28 13:31:55'),
(59, 517794508, 2, 2, 11, 1, 4, '2024-10-28', '9:43-10:23 PM', NULL, NULL, 2, NULL, NULL, NULL, NULL, NULL, NULL, NULL, 1, 0, 1, NULL, NULL, '2024-10-28 13:26:35', '2024-10-28 13:31:16'),
(60, 975053278, 2, 2, 11, 1, 4, '2024-11-02', '3:28-4:16 AM', NULL, NULL, 2, NULL, NULL, NULL, NULL, NULL, NULL, NULL, 1, 0, 1, NULL, NULL, '2024-11-02 01:33:05', '2024-11-02 01:38:32'),
(62, 814675523, 4, 4, 11, 1, 4, '2024-11-02', '5:04-5:52 AM', NULL, NULL, 2, NULL, NULL, NULL, NULL, NULL, NULL, NULL, 1, 0, 1, NULL, NULL, '2024-11-02 01:34:02', '2024-11-02 01:38:03'),
(63, 501013703, 5, 5, 11, 1, 4, '2024-11-02', '7:28-8:16 AM', NULL, NULL, 2, NULL, NULL, NULL, NULL, NULL, NULL, NULL, 1, 0, 1, NULL, NULL, '2024-11-02 01:34:24', '2024-11-02 01:37:14'),
(64, 336948828, 4, 4, 11, 1, 4, '2024-11-28', '12:54-2:22 AM', NULL, NULL, 2, NULL, NULL, NULL, NULL, NULL, NULL, NULL, 1, 0, 1, NULL, NULL, '2024-11-27 22:57:09', '2024-11-27 23:02:03'),
(65, 221671018, 4, 4, 11, 1, 4, '2024-11-28', '5:02-6:30 PM', NULL, NULL, 2, '222', '2', '22', '22', '222', NULL, NULL, 1, 0, 1, NULL, NULL, '2024-11-27 22:57:13', '2025-04-11 10:10:43'),
(67, 683185001, 2, 2, 11, 1, 4, '2024-11-28', '9:26-10:54 PM', NULL, NULL, 2, NULL, NULL, NULL, NULL, NULL, NULL, NULL, 1, 0, 1, NULL, NULL, '2024-11-27 22:59:07', '2024-11-27 23:02:54'),
(68, 275768622, 2, 2, 11, 1, 4, '2024-11-28', '7:58-9:26 PM', NULL, NULL, 2, NULL, NULL, NULL, NULL, NULL, NULL, NULL, 1, 0, 1, NULL, NULL, '2024-11-27 22:59:12', '2024-11-27 23:01:38'),
(69, 567556892, 2, 2, 11, 1, 4, '2025-01-03', '12:50-1:50 AM', NULL, NULL, 2, NULL, NULL, NULL, NULL, NULL, NULL, NULL, 1, 1, 1, NULL, NULL, '2025-01-02 22:53:00', '2025-01-18 14:46:45'),
(70, 602364911, 2, 2, 11, 1, 4, '2025-01-04', '4:01-4:45 PM', NULL, NULL, 2, NULL, NULL, NULL, NULL, NULL, NULL, NULL, 1, 0, 1, NULL, NULL, '2025-01-04 14:17:12', '2025-01-04 14:18:14'),
(71, 557976707, 2, 2, 11, 1, 4, '2025-01-04', '9:09-9:53 PM', NULL, NULL, 2, NULL, NULL, NULL, NULL, NULL, NULL, NULL, 1, 0, 1, NULL, NULL, '2025-01-04 14:18:27', '2025-01-04 14:19:04'),
(72, 526237892, 2, 2, 11, 1, 4, '2025-01-04', '5:29-6:13 PM', NULL, NULL, 5, NULL, NULL, NULL, NULL, NULL, NULL, NULL, 1, 0, 0, NULL, NULL, '2025-01-04 15:21:25', '2025-01-25 20:26:29'),
(73, 261441307, 2, 2, 11, 1, 4, '2025-01-04', '4:45-5:29 PM', NULL, NULL, 1, NULL, NULL, NULL, NULL, NULL, NULL, NULL, 1, 0, 0, NULL, NULL, '2025-01-04 15:22:04', '2025-01-04 15:22:04'),
(74, 167785456, 2, 2, 11, 1, 4, '2025-02-11', '9:09-9:53 PM', NULL, NULL, 5, NULL, NULL, NULL, NULL, NULL, NULL, NULL, 1, 0, 1, NULL, NULL, '2025-02-11 17:05:31', '2025-12-15 11:50:32'),
(75, 785562373, 2, 2, 11, 1, 4, '2025-02-11', '9:53-10:37 PM', NULL, NULL, 5, NULL, NULL, NULL, NULL, NULL, NULL, NULL, 1, 0, 0, NULL, NULL, '2025-02-11 17:17:26', '2025-11-05 08:57:47'),
(79, 421125544, 2, 2, 11, 1, 4, '2025-04-11', '10:12-10:16 PM', NULL, NULL, 1, NULL, NULL, NULL, NULL, NULL, NULL, NULL, 1, 0, 0, NULL, NULL, '2025-04-07 20:17:09', '2025-04-07 20:17:09'),
(81, 268446051, 47, 47, 11, 1, 4, '2025-04-13', '9:24-9:25 PM', NULL, NULL, 4, NULL, NULL, NULL, NULL, 'new', NULL, NULL, 1, 0, 0, NULL, NULL, '2025-04-13 19:15:19', '2025-04-13 19:17:03'),
(87, 602266692, 29, 29, 11, 1, 4, '2025-05-10', '1:08-1:16 PM', NULL, NULL, 2, NULL, NULL, NULL, NULL, NULL, NULL, NULL, 1, 0, 1, NULL, NULL, '2025-05-10 10:03:33', '2025-05-10 10:05:11'),
(88, 729260101, 29, 29, 11, 1, 4, '2025-05-10', '1:40-1:48 PM', NULL, NULL, 2, NULL, NULL, NULL, NULL, NULL, NULL, NULL, 1, 0, 1, NULL, NULL, '2025-05-10 10:03:40', '2025-05-10 10:04:27'),
(89, 653554205, 29, 29, 11, 1, 4, '2025-05-17', '2:17-2:29 PM', NULL, NULL, 2, NULL, NULL, NULL, NULL, NULL, NULL, NULL, 1, 0, 1, NULL, NULL, '2025-05-17 11:20:28', '2025-05-17 11:24:03'),
(90, 186856096, 29, 29, 11, 1, 4, '2025-05-17', '3:41-3:53 PM', NULL, NULL, 2, NULL, NULL, NULL, NULL, NULL, NULL, NULL, 1, 0, 1, NULL, NULL, '2025-05-17 11:20:32', '2025-05-17 11:23:36'),
(91, 610425720, 29, 29, 11, 1, 4, '2025-05-18', '4:17-4:29 PM', NULL, NULL, 1, NULL, NULL, NULL, NULL, NULL, NULL, NULL, 1, 0, 0, NULL, NULL, '2025-05-17 11:20:48', '2025-05-17 11:20:48'),
(92, 771848734, 29, 29, 11, 1, 4, '2025-05-29', '10:53-11:41 AM', NULL, NULL, 2, NULL, NULL, NULL, NULL, NULL, NULL, NULL, 1, 0, 1, NULL, NULL, '2025-05-29 07:48:24', '2025-05-29 07:49:39'),
(93, 269404237, 29, 29, 11, 1, 4, '2025-05-30', '6:31-6:34 PM', NULL, NULL, 1, NULL, NULL, NULL, NULL, NULL, NULL, NULL, 1, 0, 0, NULL, NULL, '2025-05-30 15:28:59', '2025-05-30 15:28:59'),
(94, 533820656, 29, 29, 11, 1, 4, '2025-06-04', '2:28-3:16 AM', NULL, NULL, 2, NULL, NULL, NULL, NULL, NULL, NULL, NULL, 1, 0, 1, NULL, NULL, '2025-06-03 21:54:16', '2025-06-03 21:55:03'),
(95, 301386671, 5, 5, 11, 1, 4, '2025-08-15', '3:14-3:34 PM', NULL, NULL, 5, NULL, NULL, NULL, NULL, NULL, NULL, NULL, 1, 0, 1, NULL, NULL, '2025-06-08 11:56:23', '2025-08-03 09:50:30'),
(96, 499342527, 29, 29, 11, 1, 4, '2025-10-07', '12:38-12:40 AM', NULL, 0, 2, NULL, NULL, NULL, NULL, NULL, NULL, NULL, 1, 0, 1, NULL, NULL, '2025-10-06 21:30:56', '2025-10-06 21:31:54'),
(97, 961852946, 4, 4, 11, 1, 4, '2025-10-08', '1:44-2:34 AM', NULL, 0, 1, NULL, NULL, NULL, NULL, NULL, NULL, NULL, 1, 0, 0, NULL, NULL, '2025-10-07 21:07:12', '2025-10-07 21:07:12'),
(98, 740616664, 4, 4, 11, 1, 4, '2025-10-25', '5:38-5:56 PM', NULL, 0, 1, NULL, NULL, NULL, NULL, NULL, NULL, NULL, 1, 0, 0, NULL, NULL, '2025-10-25 14:23:00', '2025-10-25 14:23:00'),
(99, 756516136, 4, 4, 11, 1, 4, '2025-10-25', '7:12-7:30 PM', NULL, 0, 2, NULL, NULL, NULL, NULL, NULL, NULL, NULL, 1, 0, 1, NULL, NULL, '2025-10-25 14:23:27', '2025-10-25 14:24:03'),
(100, 378523864, 4, 4, 11, 1, 4, '2025-11-15', '9:38-9:46 PM', NULL, 0, 2, NULL, NULL, NULL, NULL, NULL, NULL, NULL, 1, 0, 1, NULL, NULL, '2025-11-15 19:32:26', '2025-11-15 20:07:59'),
(101, 619445327, 4, 4, 11, 1, 4, '2025-11-18', '11:03-11:12 AM', NULL, 0, 2, NULL, NULL, NULL, NULL, NULL, NULL, NULL, 1, 0, 1, NULL, NULL, '2025-11-18 08:39:06', '2025-11-18 08:40:13'),
(102, 260742942, 29, 29, 267, 244, 306, '2025-11-21', '12:47-1:16 AM', NULL, 0, 1, NULL, NULL, NULL, NULL, NULL, NULL, NULL, 1, 0, 0, NULL, NULL, '2025-11-20 22:27:30', '2025-11-20 22:27:30'),
(103, 349407083, 51, 2, 362, 241, 363, '2025-12-17', '12:46-1:02 PM', NULL, 0, 6, 'تيست تيست', 'سخونيه وصداع', 'تيست تيست', 'تيست تيست', 'تيست تيست', '2025-12-19', '1:02-1:18 PM', 1, 0, 1, 1, NULL, '2025-12-17 10:31:58', '2025-12-17 10:56:31'),
(104, 824782641, 51, 2, 362, 241, 287, '2025-12-17', '1:02-1:18 PM', NULL, 0, 2, NULL, NULL, NULL, NULL, NULL, NULL, NULL, 1, 0, 1, NULL, NULL, '2025-12-17 10:45:03', '2025-12-17 10:59:51'),
(105, 926466050, 29, 29, 370, 2, 371, '2025-12-17', '2:45-3:00 PM', NULL, 0, 6, 'الالتهاب في المعده', 'ترجيع', 'تيست', 'تيست', 'تيست', NULL, NULL, 1, 0, 1, NULL, NULL, '2025-12-17 12:25:09', '2025-12-17 12:40:32'),
(106, 705773190, 29, 29, 370, 2, 371, '2025-12-17', '3:00-3:15 PM', NULL, 0, 6, 'تيست', 'تيست', 'تيست', 'تيست', 'تيست', NULL, NULL, 1, 0, 1, NULL, NULL, '2025-12-17 12:26:18', '2025-12-17 12:40:36'),
(107, 539502212, 29, 29, 370, 2, 371, '2025-12-17', '3:00-3:15 PM', NULL, 0, 2, NULL, NULL, NULL, NULL, NULL, NULL, NULL, 1, 0, 1, NULL, NULL, '2025-12-17 12:56:12', '2025-12-17 12:56:55'),
(108, 751997951, 29, 29, 370, 2, 371, '2025-12-17', '3:31-3:46 PM', NULL, 0, 2, NULL, NULL, NULL, NULL, NULL, NULL, NULL, 1, 0, 1, 1, NULL, '2025-12-17 13:19:19', '2025-12-17 17:35:55'),
(109, 501645476, 29, 29, 370, 2, 371, '2025-12-18', '3:31-3:46 PM', NULL, 0, 1, NULL, NULL, NULL, NULL, NULL, NULL, NULL, 1, 0, 0, NULL, NULL, '2025-12-17 13:19:40', '2025-12-17 13:19:40'),
(110, 881722279, 29, 29, 370, 2, 371, '2025-12-19', '3:46-4:01 PM', NULL, 0, 1, NULL, NULL, NULL, NULL, NULL, NULL, NULL, 1, 0, 0, NULL, NULL, '2025-12-17 13:20:15', '2025-12-17 13:20:15'),
(111, 161465740, 52, 52, 370, 2, 371, '2025-12-18', '11:16-11:32 AM', NULL, NULL, 6, 'tesat', 'tesat', 'tesat tesat', 'tesat', 'تيست', NULL, NULL, 1, 0, 1, NULL, NULL, '2025-12-18 08:57:02', '2025-12-18 13:43:41'),
(112, 596723348, 53, 53, 370, 2, 371, '2025-12-18', '11:32-11:48 AM', NULL, NULL, 2, NULL, NULL, NULL, NULL, 'تيست', NULL, NULL, 1, 0, 1, NULL, NULL, '2025-12-18 08:57:34', '2025-12-18 08:59:18'),
(113, 202744656, 54, 54, 370, 2, 371, '2025-12-18', '11:48-12:04 PM', NULL, NULL, 2, NULL, NULL, NULL, NULL, 'تيست', NULL, NULL, 1, 0, 1, NULL, NULL, '2025-12-18 08:58:25', '2025-12-18 08:59:36'),
(114, 533390033, 29, 29, 370, 2, 371, '2025-12-18', '4:36-4:52 PM', NULL, 8, 2, NULL, NULL, NULL, NULL, NULL, NULL, NULL, 1, 0, 1, NULL, NULL, '2025-12-18 10:20:08', '2025-12-18 10:41:17'),
(115, 698028740, 30, 30, 370, 2, 371, '2025-12-20', '4:52-5:08 PM', NULL, 0, 6, 'تيست', 'تيست', 'تيست', 'تيست', 'تيست', NULL, NULL, 1, 0, 1, NULL, NULL, '2025-12-20 14:42:53', '2025-12-20 14:58:18'),
(116, 598828922, 29, 29, 370, 2, 371, '2025-12-20', '5:08-5:24 PM', NULL, 0, 2, 'تيست', 'تيست', 'تيست', 'تيست', 'تيست', NULL, NULL, 1, 0, 1, NULL, NULL, '2025-12-20 14:45:59', '2025-12-20 14:58:55'),
(117, 721758912, 52, 52, 370, 2, 371, '2025-12-30', '2:30-2:46 PM', NULL, NULL, 2, NULL, NULL, NULL, NULL, 'عايز اعمل تحليل', NULL, NULL, 1, 0, 1, NULL, NULL, '2025-12-30 10:09:50', '2025-12-30 10:10:33'),
(118, 695389610, 54, 54, 370, 2, 371, '2025-12-30', '3:32-3:48 PM', NULL, NULL, 1, NULL, NULL, NULL, NULL, 'test', NULL, NULL, 1, 0, 0, NULL, NULL, '2025-12-30 12:18:11', '2025-12-30 12:18:11'),
(119, 558123822, 29, 53, 370, 2, 371, '2025-12-31', '3:16-3:32 PM', NULL, NULL, 6, NULL, NULL, NULL, NULL, 'test', NULL, NULL, 1, 0, 1, 1, NULL, '2025-12-30 12:28:51', '2025-12-31 11:57:57'),
(120, 694149231, 53, 53, 370, 2, 371, '2025-12-30', '4:04-4:20 PM', NULL, NULL, 1, NULL, NULL, NULL, NULL, 'test', NULL, NULL, 1, 0, 0, NULL, NULL, '2025-12-30 12:35:06', '2025-12-30 12:35:06'),
(121, 336852433, 53, 53, 370, 2, 371, '2025-12-30', '3:00-3:16 PM', NULL, NULL, 1, NULL, NULL, NULL, NULL, 'test', NULL, NULL, 1, 0, 0, NULL, NULL, '2025-12-30 12:45:43', '2025-12-30 12:45:43'),
(122, 346988446, 54, 54, 370, 2, 371, '2025-12-30', '3:00-3:16 PM', NULL, NULL, 2, NULL, NULL, NULL, NULL, 'test', NULL, NULL, 1, 1, 1, NULL, NULL, '2025-12-30 12:47:22', '2025-12-30 13:38:45'),
(123, 393418071, 54, 54, 370, 2, 371, '2026-01-01', '11:00-11:16 AM', NULL, NULL, 1, NULL, NULL, NULL, NULL, NULL, NULL, NULL, 1, 0, 0, NULL, NULL, '2025-12-31 08:39:35', '2025-12-31 08:39:35'),
(124, 492796686, 53, 29, 370, 2, 371, '2025-12-31', '3:32-3:48 PM', NULL, 0, 2, NULL, NULL, NULL, NULL, NULL, NULL, NULL, 1, 0, 1, 2, NULL, '2025-12-31 11:42:00', '2025-12-31 11:49:32'),
(125, 124048588, 29, 29, 370, 2, 371, '2026-01-07', '4:15-4:27 PM', NULL, 0, 1, NULL, NULL, NULL, NULL, NULL, NULL, NULL, 1, 0, 0, NULL, NULL, '2026-01-06 14:04:57', '2026-01-06 14:04:57'),
(126, 752673452, 29, 29, 370, 2, 371, '2026-01-06', '4:27-4:39 PM', NULL, 0, 2, NULL, NULL, NULL, NULL, NULL, NULL, NULL, 1, 0, 1, 1, NULL, '2026-01-06 14:05:46', '2026-01-06 14:08:04'),
(127, 210335901, 29, 29, 370, 2, 371, '2026-01-07', '1:51-2:03 PM', NULL, 0, 1, NULL, NULL, NULL, NULL, NULL, NULL, NULL, 1, 0, 0, NULL, NULL, '2026-01-07 09:24:18', '2026-01-07 09:24:18'),
(128, 113806346, 60, 60, 429, 2, 371, '2026-01-14', '3:18-3:34 PM', NULL, NULL, 2, 'تيست', 'تيست', 'تيست', 'تيست', 'تيست', NULL, NULL, 1, 1, 1, NULL, NULL, '2026-01-14 13:07:19', '2026-01-14 13:35:02'),
(129, 547727506, 61, 61, 416, 2, 371, '2026-01-14', '3:34-3:50 PM', NULL, NULL, 2, NULL, NULL, NULL, NULL, NULL, NULL, NULL, 1, 0, 1, NULL, NULL, '2026-01-14 13:11:33', '2026-01-14 13:17:50'),
(130, 591318794, 62, 62, 422, 2, 371, '2026-01-14', '3:50-4:06 PM', NULL, NULL, 2, NULL, NULL, NULL, NULL, NULL, NULL, NULL, 1, 0, 1, NULL, NULL, '2026-01-14 13:12:24', '2026-01-14 13:17:26'),
(131, 685371343, 63, 63, 437, 2, 371, '2026-01-14', '4:06-4:22 PM', NULL, NULL, 6, 'نقص قياتمين', NULL, 'نقص قياتمين', 'تحاليل', NULL, NULL, NULL, 1, 0, 1, NULL, NULL, '2026-01-14 13:13:48', '2026-01-14 14:42:51'),
(132, 674202795, 65, 65, 382, 2, 371, '2026-01-14', '4:22-4:38 PM', NULL, NULL, 2, NULL, NULL, NULL, NULL, NULL, NULL, NULL, 1, 0, 1, NULL, NULL, '2026-01-14 13:14:42', '2026-01-14 13:16:06'),
(133, 536868276, 65, 65, 384, 2, 371, '2026-01-15', '2:46-3:02 PM', NULL, NULL, 2, NULL, NULL, NULL, NULL, NULL, NULL, NULL, 1, 0, 1, NULL, NULL, '2026-01-15 12:37:27', '2026-01-15 12:38:23'),
(134, 880093596, 66, 66, 406, 2, 371, '2026-01-15', '3:02-3:18 PM', NULL, NULL, 2, NULL, NULL, NULL, NULL, NULL, NULL, NULL, 1, 1, 1, NULL, NULL, '2026-01-15 12:39:03', '2026-01-15 13:27:58'),
(135, 337686026, 67, 67, 388, 2, 371, '2026-01-15', '3:18-3:34 PM', NULL, NULL, 2, NULL, NULL, NULL, NULL, NULL, NULL, NULL, 1, 0, 1, NULL, NULL, '2026-01-15 12:43:10', '2026-01-15 12:43:58'),
(136, 352816134, 68, 68, 405, 2, 371, '2026-01-15', '3:34-3:50 PM', NULL, NULL, 6, 'التهاب في الاذن', 'التهاب في الاذن', 'التهاب في الاذن', 'قطره كل خمس ساعات', 'قطره كل خمس ساعات', NULL, NULL, 1, 0, 1, NULL, NULL, '2026-01-15 12:47:10', '2026-01-15 14:58:21'),
(137, 994091784, 69, 69, 434, 2, 371, '2026-01-15', '3:50-4:06 PM', NULL, NULL, 2, NULL, NULL, NULL, NULL, NULL, NULL, NULL, 1, 0, 1, NULL, NULL, '2026-01-15 12:50:20', '2026-01-15 12:51:00'),
(138, 175495490, 66, 66, 406, 2, 371, '2026-01-17', '3:32-3:48 PM', NULL, NULL, 4, NULL, NULL, NULL, NULL, NULL, NULL, NULL, 2, 0, 0, NULL, NULL, '2026-01-15 13:27:39', '2026-01-17 12:36:27'),
(139, 472195223, 54, 54, 442, 2, 371, '2026-01-17', '2:46-3:02 PM', NULL, NULL, 2, NULL, NULL, NULL, NULL, NULL, NULL, NULL, 1, 0, 1, NULL, NULL, '2026-01-17 12:42:22', '2026-01-17 12:47:29'),
(140, 938512331, 106, 106, 385, 2, 371, '2026-01-17', '3:02-3:18 PM', NULL, NULL, 6, NULL, NULL, NULL, NULL, NULL, NULL, NULL, 1, 0, 1, NULL, NULL, '2026-01-17 12:49:02', '2026-01-17 13:35:02'),
(141, 388586271, 103, 105, 399, 2, 371, '2026-01-17', '3:18-3:34 PM', NULL, NULL, 6, 'اكتئاب حاد', 'نوم كتير انطواء', 'خوف من المجتمع', 'التفاعل مع الاخرين', NULL, NULL, NULL, 1, 1, 1, NULL, NULL, '2026-01-17 12:49:38', '2026-01-17 13:27:25'),
(142, 975782341, 104, 104, 434, 2, 371, '2026-01-17', '3:34-3:50 PM', NULL, NULL, 6, NULL, NULL, NULL, NULL, NULL, NULL, NULL, 1, 0, 1, NULL, NULL, '2026-01-17 12:50:07', '2026-01-17 13:08:20'),
(143, 563787153, 105, 103, 399, 2, 371, '2026-01-17', '3:34-3:50 PM', NULL, NULL, 6, 'خوف من المجتمع', 'نوم كتير الخوف', 'انطواء', 'تفاعل مع الاخرين', NULL, NULL, NULL, 1, 1, 1, NULL, NULL, '2026-01-17 13:11:41', '2026-01-17 13:29:51'),
(144, 896137364, 103, 105, 399, 2, 371, '2026-01-18', '3:32-3:48 PM', NULL, NULL, 1, NULL, NULL, NULL, NULL, NULL, NULL, NULL, 2, 0, 0, NULL, NULL, '2026-01-17 13:27:18', '2026-01-17 13:27:18'),
(145, 917433350, 105, 103, 399, 2, 371, '2026-01-18', '3:48-4:04 PM', NULL, NULL, 1, NULL, NULL, NULL, NULL, NULL, NULL, NULL, 2, 0, 0, NULL, NULL, '2026-01-17 13:27:45', '2026-01-17 13:27:45');

-- --------------------------------------------------------

--
-- Table structure for table `reservation_chats`
--

CREATE TABLE `reservation_chats` (
  `id` bigint(20) UNSIGNED NOT NULL,
  `user_id` bigint(20) UNSIGNED DEFAULT NULL,
  `sender_id` bigint(20) UNSIGNED NOT NULL,
  `receiver_id` bigint(20) UNSIGNED NOT NULL,
  `reservation_id` bigint(20) UNSIGNED DEFAULT NULL,
  `message` varchar(255) DEFAULT NULL,
  `file` varchar(255) DEFAULT NULL COMMENT 'file or image',
  `record` varchar(255) DEFAULT NULL,
  `media_flag` int(11) NOT NULL DEFAULT 1 COMMENT '1 message, 2 image, 3 file, 4 record',
  `sender_type` int(11) DEFAULT NULL,
  `is_read` tinyint(4) NOT NULL DEFAULT 0 COMMENT '0 not seen , 1 seen',
  `created_at` timestamp NULL DEFAULT NULL,
  `updated_at` timestamp NULL DEFAULT NULL
) ENGINE=InnoDB DEFAULT CHARSET=utf8mb4 COLLATE=utf8mb4_unicode_ci;

--
-- Dumping data for table `reservation_chats`
--

INSERT INTO `reservation_chats` (`id`, `user_id`, `sender_id`, `receiver_id`, `reservation_id`, `message`, `file`, `record`, `media_flag`, `sender_type`, `is_read`, `created_at`, `updated_at`) VALUES
(1, NULL, 11, 112, NULL, 'السلام عليكم \r\nسيتم تحويل مريض لك فى خلال اسبوع', NULL, NULL, 1, 2, 0, '2023-11-04 10:12:44', '2023-11-04 10:12:44'),
(2, NULL, 11, 112, NULL, 'شكرا جزيلا لحضرتك', NULL, NULL, 1, 2, 0, '2023-11-04 10:30:44', '2023-11-04 10:12:44'),
(4, NULL, 11, 112, NULL, '', '112246587.png', NULL, 1, 2, 0, '2023-11-04 15:30:44', '2023-11-04 10:12:44'),
(7, NULL, 11, 112, NULL, 'welcome', NULL, NULL, 1, 2, 0, '2023-11-05 07:52:42', '2023-11-05 07:52:42'),
(8, NULL, 11, 112, NULL, 'Doctor ayman', NULL, NULL, 1, 2, 0, '2023-11-05 07:55:14', '2023-11-05 07:55:14'),
(9, NULL, 11, 112, NULL, 'hi', NULL, NULL, 1, 2, 0, '2023-11-06 06:47:16', '2023-11-06 06:47:16'),
(11, NULL, 11, 112, NULL, 'فحص استشارة طبية  موجه الى \r\n\r\n\r\nالدكتور محمد علي \r\n \r\nبخصوص امكانية عمل اشاعه للحامل في االشهر التاسع \r\n\r\n\r\nشكرا', NULL, NULL, 1, 2, 0, '2024-05-06 07:52:12', '2024-05-06 07:52:12'),
(20, NULL, 370, 257, NULL, 'test', NULL, NULL, 1, 2, 0, '2025-12-31 11:56:18', '2025-12-31 11:56:18'),
(21, NULL, 382, 384, NULL, 'فحص ع الرحم', NULL, NULL, 1, 2, 0, '2026-01-14 15:09:58', '2026-01-14 15:09:58'),
(22, NULL, 382, 384, NULL, 'فحص', NULL, NULL, 1, 2, 0, '2026-01-14 15:15:50', '2026-01-14 15:15:50'),
(23, NULL, 399, 400, NULL, 'تيست', NULL, NULL, 1, 2, 0, '2026-01-17 13:16:30', '2026-01-17 13:16:30');

-- --------------------------------------------------------

--
-- Table structure for table `reservation_drugs`
--

CREATE TABLE `reservation_drugs` (
  `id` bigint(20) UNSIGNED NOT NULL,
  `reservation_id` bigint(20) UNSIGNED DEFAULT NULL,
  `doctor_id` bigint(20) UNSIGNED DEFAULT NULL,
  `user_id` bigint(20) UNSIGNED DEFAULT NULL,
  `drug_id` bigint(20) UNSIGNED DEFAULT NULL,
  `repetition` int(11) DEFAULT NULL,
  `nums_days` int(11) DEFAULT NULL,
  `notes` text DEFAULT NULL,
  `status` int(11) NOT NULL DEFAULT 0,
  `created_at` timestamp NULL DEFAULT NULL,
  `updated_at` timestamp NULL DEFAULT NULL
) ENGINE=InnoDB DEFAULT CHARSET=utf8mb4 COLLATE=utf8mb4_unicode_ci;

--
-- Dumping data for table `reservation_drugs`
--

INSERT INTO `reservation_drugs` (`id`, `reservation_id`, `doctor_id`, `user_id`, `drug_id`, `repetition`, `nums_days`, `notes`, `status`, `created_at`, `updated_at`) VALUES
(10, 14, 11, 4, 5, 5, 5, 'يوميا', 1, '2024-01-09 01:15:27', '2024-01-09 01:27:02'),
(11, 14, 11, 4, 3, 3, 3, 'يوم بعد يوم', 1, '2024-01-09 01:15:27', '2024-01-09 01:27:02'),
(12, 13, 11, 4, 3, 3, 1, NULL, 1, '2024-01-12 03:22:35', '2024-01-12 03:23:05');

-- --------------------------------------------------------

--
-- Table structure for table `reservation_vital_signs`
--

CREATE TABLE `reservation_vital_signs` (
  `id` bigint(20) UNSIGNED NOT NULL,
  `reservation_id` bigint(20) UNSIGNED NOT NULL,
  `heat` varchar(255) DEFAULT NULL,
  `weight` varchar(255) DEFAULT NULL,
  `pulse` varchar(255) DEFAULT NULL,
  `height` varchar(255) DEFAULT NULL,
  `breathing` varchar(255) DEFAULT NULL,
  `pregnant` tinyint(4) NOT NULL DEFAULT 0,
  `blood_pressure` varchar(255) DEFAULT NULL,
  `sports_habits` text DEFAULT NULL,
  `created_at` timestamp NULL DEFAULT NULL,
  `updated_at` timestamp NULL DEFAULT NULL
) ENGINE=InnoDB DEFAULT CHARSET=utf8mb4 COLLATE=utf8mb4_unicode_ci;

--
-- Dumping data for table `reservation_vital_signs`
--

INSERT INTO `reservation_vital_signs` (`id`, `reservation_id`, `heat`, `weight`, `pulse`, `height`, `breathing`, `pregnant`, `blood_pressure`, `sports_habits`, `created_at`, `updated_at`) VALUES
(1, 2, '22', '22', '222', '22', '222', 1, '333', '433', '2023-12-29 09:09:26', '2023-12-29 09:21:06'),
(2, 10, '12', '90', '12', '170', '22', 0, '100', 'deeewwww', '2023-12-29 10:24:39', '2023-12-29 10:24:39'),
(3, 14, '30', '60', NULL, '155', NULL, 0, '120', '1', '2024-01-09 01:14:39', '2024-01-09 01:14:39'),
(4, 13, '37', '60', NULL, '155', NULL, 0, '120', 'تيست', '2024-01-12 03:03:29', '2024-01-12 03:03:29');

-- --------------------------------------------------------

--
-- Table structure for table `result_manuals`
--

CREATE TABLE `result_manuals` (
  `id` bigint(20) UNSIGNED NOT NULL,
  `patient_service_id` bigint(20) UNSIGNED NOT NULL,
  `PLT` varchar(255) DEFAULT NULL,
  `RBCs` varchar(255) DEFAULT NULL,
  `HB` varchar(255) DEFAULT NULL,
  `HCT` varchar(255) DEFAULT NULL,
  `MCV` varchar(255) DEFAULT NULL,
  `MCH` varchar(255) DEFAULT NULL,
  `MCHC` varchar(255) DEFAULT NULL,
  `RDW` varchar(255) DEFAULT NULL,
  `WBCs` varchar(255) DEFAULT NULL,
  `comment` varchar(255) DEFAULT NULL,
  `created_at` timestamp NULL DEFAULT NULL,
  `updated_at` timestamp NULL DEFAULT NULL
) ENGINE=InnoDB DEFAULT CHARSET=utf8mb4 COLLATE=utf8mb4_unicode_ci;

--
-- Dumping data for table `result_manuals`
--

INSERT INTO `result_manuals` (`id`, `patient_service_id`, `PLT`, `RBCs`, `HB`, `HCT`, `MCV`, `MCH`, `MCHC`, `RDW`, `WBCs`, `comment`, `created_at`, `updated_at`) VALUES
(11, 69, NULL, NULL, NULL, NULL, NULL, NULL, NULL, NULL, NULL, NULL, '2025-05-17 11:30:35', '2025-05-17 11:30:35'),
(13, 73, '44', '23', '34', '44', '33', NULL, NULL, NULL, '33', NULL, '2025-06-01 06:18:38', '2025-06-01 06:18:38'),
(14, 75, '88', '5', '3', '5', '13', NULL, NULL, NULL, '5', NULL, '2025-06-03 21:57:31', '2025-06-03 21:57:31'),
(15, 77, '66', '5', '3', '5', '17', NULL, NULL, NULL, '8', NULL, '2025-06-08 12:05:50', '2025-06-08 12:05:50'),
(16, 79, NULL, NULL, NULL, NULL, NULL, NULL, NULL, NULL, NULL, NULL, '2025-06-08 12:09:37', '2025-06-08 12:09:37'),
(19, 95, NULL, NULL, NULL, NULL, NULL, NULL, NULL, NULL, NULL, NULL, '2025-12-17 11:03:55', '2025-12-17 11:03:55'),
(20, 94, '76.7', '4.0', '11.1', '4.0', '11.1', NULL, NULL, NULL, '4.0', NULL, '2025-12-17 11:07:03', '2025-12-17 11:07:03'),
(21, 96, '76.7', '4.0', '11.1', '4.0', '11.1', NULL, NULL, NULL, '4.0', NULL, '2025-12-17 12:43:37', '2025-12-17 12:43:37'),
(22, 98, '76.7', '4.0', '11.1', '4.0', '11.1', NULL, NULL, NULL, '4.0', NULL, '2025-12-17 12:44:02', '2025-12-17 12:44:02'),
(23, 99, NULL, NULL, NULL, NULL, NULL, NULL, NULL, NULL, NULL, NULL, '2025-12-17 12:47:06', '2025-12-17 12:47:06'),
(24, 97, NULL, NULL, NULL, NULL, NULL, NULL, NULL, NULL, NULL, NULL, '2025-12-17 12:47:24', '2025-12-17 12:47:24'),
(25, 101, '76.7', '4.0', '11.1', '4.0', '11.1', NULL, NULL, NULL, '4.0', NULL, '2025-12-18 13:36:23', '2025-12-18 13:36:23'),
(26, 100, '76.7', '4.0', '11.1', '4.0', '11.1', NULL, NULL, NULL, '4.0', NULL, '2025-12-18 13:37:00', '2025-12-18 13:37:00'),
(27, 103, '76.7', '4.0', '11.1', '4.0', '11.1', NULL, NULL, NULL, '4.0', NULL, '2025-12-20 14:57:06', '2025-12-20 14:57:06'),
(28, 104, NULL, NULL, NULL, NULL, NULL, NULL, NULL, NULL, NULL, NULL, '2025-12-20 14:57:53', '2025-12-20 14:57:53'),
(29, 106, NULL, NULL, NULL, NULL, NULL, NULL, NULL, NULL, NULL, NULL, '2025-12-20 15:00:35', '2025-12-20 15:00:35'),
(30, 105, '76.7', '4.0', '11.1', '4.0', '11.1', NULL, NULL, NULL, '4.0', NULL, '2025-12-20 15:03:14', '2025-12-20 15:03:14'),
(31, 108, '76.7', '4.0', '11.1', '4.0', '11.1', NULL, NULL, NULL, '4.0', NULL, '2025-12-30 10:16:36', '2025-12-30 10:16:36'),
(32, 107, '76.7', '4.0', '11.1', '4.0', '11.1', NULL, NULL, NULL, '4.0', NULL, '2025-12-30 10:17:04', '2025-12-30 10:17:04'),
(33, 119, NULL, NULL, NULL, NULL, NULL, NULL, NULL, NULL, NULL, NULL, '2026-01-14 13:26:24', '2026-01-14 13:26:24'),
(34, 118, NULL, NULL, NULL, NULL, NULL, NULL, NULL, NULL, NULL, NULL, '2026-01-14 13:26:43', '2026-01-14 13:26:43'),
(35, 120, '76.7', '4.0', '11.1', '4.0', '11.1', NULL, NULL, NULL, '4.0', NULL, '2026-01-14 13:31:48', '2026-01-14 13:31:48'),
(36, 122, '76.7', '4.0', '11.1', '4.0', '11.1', NULL, NULL, NULL, '4.0', NULL, '2026-01-14 14:39:56', '2026-01-14 14:39:56'),
(37, 121, '76.7', '4.0', '11.1', '4.0', '11.1', NULL, NULL, NULL, '4.0', NULL, '2026-01-14 14:40:15', '2026-01-14 14:40:15'),
(38, 124, '76.7', '4.0', '11.1', '4.0', '11.1', NULL, NULL, NULL, '4.0', NULL, '2026-01-14 15:03:02', '2026-01-14 15:03:02'),
(39, 123, '76.7', '4.0', '11.1', '4.0', '11.1', NULL, NULL, NULL, '4.0', NULL, '2026-01-14 15:03:25', '2026-01-14 15:03:25'),
(40, 126, '76.7', '4.0', '11.1', '4.0', '11.1', NULL, NULL, NULL, '4.0', NULL, '2026-01-15 13:04:30', '2026-01-15 13:04:30'),
(41, 125, '76.7', '4.0', '11.1', '4.0', '11.1', NULL, NULL, NULL, '4.0', NULL, '2026-01-15 13:04:47', '2026-01-15 13:04:47'),
(42, 127, NULL, NULL, NULL, NULL, NULL, NULL, NULL, NULL, NULL, NULL, '2026-01-15 13:06:17', '2026-01-15 13:06:17'),
(43, 128, NULL, NULL, NULL, NULL, NULL, NULL, NULL, NULL, NULL, NULL, '2026-01-15 13:20:53', '2026-01-15 13:20:53'),
(44, 129, '76.7', '4.0', '11.1', '4.0', '11.1', NULL, NULL, NULL, '4.0', NULL, '2026-01-15 13:22:34', '2026-01-15 13:22:34'),
(45, 130, '76.7', '4.0', '11.1', '4.0', '11.1', NULL, NULL, NULL, '4.0', NULL, '2026-01-15 13:23:46', '2026-01-15 13:23:46'),
(46, 132, '76.7', '4.0', '11.1', '4.0', '11.1', NULL, NULL, NULL, '4.0', NULL, '2026-01-17 13:09:10', '2026-01-17 13:09:10'),
(47, 131, '76.7', '4.0', '11.1', '4.0', '11.1', NULL, NULL, NULL, '4.0', NULL, '2026-01-17 13:09:32', '2026-01-17 13:09:32'),
(48, 133, NULL, NULL, NULL, NULL, NULL, NULL, NULL, NULL, NULL, NULL, '2026-01-17 13:10:02', '2026-01-17 13:10:02'),
(49, 136, '76.7', '4.0', '11.1', '4.0', '11.1', NULL, NULL, NULL, '4.0', NULL, '2026-01-17 13:35:45', '2026-01-17 13:35:45'),
(50, 135, '76.7', '4.0', '11.1', '4.0', '11.1', NULL, NULL, NULL, '4.0', NULL, '2026-01-17 13:36:04', '2026-01-17 13:36:04'),
(51, 134, '76.7', '4.0', '11.1', '4.0', '11.1', NULL, NULL, NULL, '4.0', NULL, '2026-01-17 13:36:24', '2026-01-17 13:36:24');

-- --------------------------------------------------------

--
-- Table structure for table `roles`
--

CREATE TABLE `roles` (
  `id` bigint(20) UNSIGNED NOT NULL,
  `name` varchar(255) NOT NULL,
  `name_ar` varchar(255) DEFAULT NULL,
  `guard_name` varchar(255) NOT NULL DEFAULT 'web',
  `status` tinyint(4) NOT NULL DEFAULT 1,
  `created_at` timestamp NULL DEFAULT NULL,
  `updated_at` timestamp NULL DEFAULT NULL
) ENGINE=InnoDB DEFAULT CHARSET=utf8mb4 COLLATE=utf8mb4_unicode_ci;

--
-- Dumping data for table `roles`
--

INSERT INTO `roles` (`id`, `name`, `name_ar`, `guard_name`, `status`, `created_at`, `updated_at`) VALUES
(1, 'accounting', 'محاسب', 'web', 1, '2025-09-23 10:00:09', '2025-09-23 10:00:09'),
(2, 'مسئول مراجعة داتا المستخدمين', 'مسئول مراجعة داتا المستخدمين', 'web', 1, '2025-09-28 20:53:55', '2025-09-28 20:53:55');

-- --------------------------------------------------------

--
-- Table structure for table `role_has_permissions`
--

CREATE TABLE `role_has_permissions` (
  `permission_id` bigint(20) UNSIGNED NOT NULL,
  `role_id` bigint(20) UNSIGNED NOT NULL
) ENGINE=InnoDB DEFAULT CHARSET=utf8mb4 COLLATE=utf8mb4_unicode_ci;

-- --------------------------------------------------------

--
-- Table structure for table `services`
--

CREATE TABLE `services` (
  `id` bigint(20) UNSIGNED NOT NULL,
  `code` varchar(10) DEFAULT NULL,
  `name_en` varchar(255) NOT NULL,
  `name_ar` varchar(255) NOT NULL,
  `category_id` bigint(20) UNSIGNED NOT NULL,
  `specialty_id` bigint(20) UNSIGNED DEFAULT NULL,
  `clinic_id` bigint(20) UNSIGNED DEFAULT NULL,
  `flag` int(11) NOT NULL DEFAULT 1 COMMENT '1 admin, 2 clinic',
  `created_by` bigint(20) UNSIGNED DEFAULT NULL,
  `price` varchar(255) NOT NULL,
  `notes` longtext DEFAULT NULL,
  `abbrev` varchar(50) DEFAULT NULL,
  `unit` varchar(50) DEFAULT NULL,
  `normal_value` varchar(50) DEFAULT NULL,
  `type` int(11) NOT NULL DEFAULT 1,
  `status` tinyint(4) NOT NULL DEFAULT 1,
  `created_at` timestamp NULL DEFAULT NULL,
  `updated_at` timestamp NULL DEFAULT NULL
) ENGINE=InnoDB DEFAULT CHARSET=utf8mb4 COLLATE=utf8mb4_unicode_ci;

--
-- Dumping data for table `services`
--

INSERT INTO `services` (`id`, `code`, `name_en`, `name_ar`, `category_id`, `specialty_id`, `clinic_id`, `flag`, `created_by`, `price`, `notes`, `abbrev`, `unit`, `normal_value`, `type`, `status`, `created_at`, `updated_at`) VALUES
(7, 'CO005', 'Chest X-Ray', 'أشعة صدر', 8, 4, NULL, 1, NULL, '100', NULL, 'CXR', NULL, NULL, 2, 1, '2023-12-08 00:52:11', '2026-01-13 13:13:36'),
(8, 'CO006', 'Cardiac CT', 'أشعة مقطعية على القلب', 8, 8, NULL, 1, NULL, '100', NULL, 'CCT', NULL, NULL, 2, 1, '2024-01-19 23:59:32', '2026-01-13 13:13:56'),
(10, NULL, 'Complete Blood Count', 'فحص دم شامل', 12, NULL, NULL, 1, NULL, '100', NULL, 'CBC', NULL, NULL, 1, 1, '2024-04-26 16:58:01', '2024-05-25 00:50:24'),
(11, NULL, 'Erythrocyte Sedimentation Rate', 'معدل الترسيب', 12, NULL, NULL, 1, NULL, '0', NULL, 'ESR', NULL, NULL, 1, 1, '2024-04-26 16:58:58', '2024-04-26 16:58:58'),
(12, NULL, 'Blood Group', 'فصيلة الدم', 12, NULL, NULL, 1, NULL, '0', NULL, 'ABO-Rh', NULL, NULL, 1, 1, '2024-04-26 17:08:01', '2024-04-26 17:08:01'),
(13, NULL, 'Clotting time', 'وقت التخثر', 12, NULL, NULL, 1, NULL, '0', NULL, 'CT', NULL, NULL, 1, 1, '2024-04-26 17:14:29', '2024-04-26 17:14:29'),
(14, NULL, 'Bleeding time', 'وقت النزيف', 12, NULL, NULL, 1, NULL, '0', NULL, 'BT', NULL, NULL, 1, 1, '2024-04-26 17:15:21', '2024-04-26 17:15:21'),
(15, NULL, 'Rhesus Factor', 'عامل ريسوس', 12, NULL, NULL, 1, NULL, '0', NULL, 'Rh', NULL, NULL, 1, 1, '2024-04-26 17:16:16', '2024-04-26 17:16:16'),
(16, NULL, 'Direct Coombs Test', 'اختبار كومبس المباشر', 12, NULL, NULL, 1, NULL, '0', NULL, 'DCT', NULL, NULL, 1, 1, '2024-04-26 17:17:07', '2024-04-26 17:17:07'),
(17, NULL, 'Indirect Coombs Test', 'اختبار كومبس غير المباشر', 12, NULL, NULL, 1, NULL, '0', NULL, NULL, NULL, NULL, 1, 1, '2024-04-26 17:18:23', '2024-04-26 17:18:23'),
(18, NULL, 'Hb Electrophoresis', 'الهيموجلوبين الكهربائي', 12, NULL, NULL, 1, NULL, '0', NULL, NULL, NULL, NULL, 1, 1, '2024-04-26 17:19:03', '2024-04-26 17:19:03'),
(19, NULL, 'Glycosylated hemoglobin A1c', 'الهيموجلوبين الغليكوزيلاتي A1c', 12, NULL, NULL, 1, NULL, '0', NULL, 'HbA1c', NULL, NULL, 1, 1, '2024-04-26 17:20:04', '2024-04-26 17:20:04'),
(20, NULL, 'Sickle Cell Test', 'اختبار الخلايا المنجلية', 12, NULL, NULL, 1, NULL, '0', NULL, NULL, NULL, NULL, 1, 1, '2024-04-26 17:20:28', '2024-04-26 17:20:28'),
(21, NULL, 'Glucose-6-Phosphate Dehydrogenase Test', 'اختبار هيدروجيناز الجلوكوز 6 فوسفات', 12, NULL, NULL, 1, NULL, '0', NULL, 'G6PD', NULL, NULL, 1, 1, '2024-04-26 17:21:07', '2024-04-26 17:21:07'),
(22, NULL, 'Reticulocyte Count', 'تعداد الشبكيات', 12, NULL, NULL, 1, NULL, '0', NULL, 'Retics', NULL, NULL, 1, 1, '2024-04-26 17:21:43', '2024-04-26 17:21:43'),
(23, NULL, 'Prothrombin Time', 'وقت البروثرومبين', 12, NULL, NULL, 1, NULL, '0', NULL, 'PT', NULL, NULL, 1, 1, '2024-04-26 17:22:24', '2024-04-26 17:22:24'),
(24, NULL, 'International Normalized Ratio', 'نسبة التطبيع الدولية', 12, NULL, NULL, 1, NULL, '0', NULL, 'INR', NULL, NULL, 1, 1, '2024-04-26 17:23:00', '2024-04-26 17:23:00'),
(25, NULL, 'Partial Thromboplastin Time', 'زمن الثرومبوبلاستين الجزئي', 12, NULL, NULL, 1, NULL, '0', NULL, 'PTT', NULL, NULL, 1, 1, '2024-04-26 17:23:45', '2024-04-26 17:23:45'),
(26, NULL, 'Thrombophilia Risk Screen', 'شاشة خطر التخثر', 12, NULL, NULL, 1, NULL, '0', NULL, NULL, NULL, NULL, 1, 1, '2024-04-26 17:24:10', '2024-04-26 17:24:10'),
(27, NULL, 'Fibrinogen', 'الفيبرينوجين', 12, NULL, NULL, 1, NULL, '0', NULL, NULL, NULL, NULL, 1, 1, '2024-04-26 17:24:40', '2024-04-26 17:24:40'),
(28, NULL, 'D-Dimer', 'د-ديمر', 12, NULL, NULL, 1, NULL, '0', NULL, NULL, NULL, NULL, 1, 1, '2024-04-26 17:25:07', '2024-04-26 17:25:07'),
(29, NULL, 'Lupus Anticoagulant', 'الذئبة تخثر', 12, NULL, NULL, 1, NULL, '0', NULL, NULL, NULL, NULL, 1, 1, '2024-04-26 17:25:37', '2024-04-26 17:25:37'),
(30, NULL, 'Protein C', 'بروتين ج', 12, NULL, NULL, 1, NULL, '0', NULL, NULL, NULL, NULL, 1, 1, '2024-04-26 17:26:04', '2024-04-26 17:26:04'),
(31, NULL, 'Protein S', 'بروتين س', 12, NULL, NULL, 1, NULL, '0', NULL, NULL, NULL, NULL, 1, 1, '2024-04-26 17:26:34', '2024-04-26 17:26:34'),
(32, NULL, 'Biopsy Small', 'خزعة صغيرة', 14, NULL, NULL, 1, NULL, '0', NULL, NULL, NULL, NULL, 1, 1, '2024-04-26 19:33:50', '2024-04-26 19:33:50'),
(33, NULL, 'Biopsy Medium', 'خزعة متوسطة', 14, NULL, NULL, 1, NULL, '0', NULL, NULL, NULL, NULL, 1, 1, '2024-04-26 19:34:16', '2024-04-26 19:34:16'),
(34, NULL, 'Biopsy Large', 'خزعة كبيرة', 14, NULL, NULL, 1, NULL, '0', NULL, NULL, NULL, NULL, 1, 1, '2024-04-26 19:34:39', '2024-04-26 19:34:39'),
(35, NULL, 'Cytology (LBC)', 'علم الخلايا (LBC)', 14, NULL, NULL, 1, NULL, '0', NULL, NULL, NULL, NULL, 1, 1, '2024-04-26 19:35:06', '2024-04-26 19:35:06'),
(36, NULL, 'Cytology (FNA)', 'علم الخلايا (FNA)', 14, NULL, NULL, 1, NULL, '0', NULL, NULL, NULL, NULL, 1, 1, '2024-04-26 19:35:47', '2024-04-26 19:35:47'),
(37, NULL, 'Cytology ( body fluid)', 'علم الخلايا (سوائل الجسم)', 14, NULL, NULL, 1, NULL, '0', NULL, NULL, NULL, NULL, 1, 1, '2024-04-26 19:36:09', '2024-04-26 19:36:09'),
(38, NULL, 'Gram Stain', 'غرام وصمة عار', 15, NULL, NULL, 1, NULL, '0', NULL, NULL, NULL, NULL, 1, 1, '2024-04-26 19:37:24', '2024-04-26 19:37:24'),
(39, NULL, 'KOH Preparation', 'تحضير كوه', 15, NULL, NULL, 1, NULL, '0', NULL, NULL, NULL, NULL, 1, 1, '2024-04-26 19:37:49', '2024-04-26 19:37:49'),
(40, NULL, 'Acid Fast Bacteria Smear or Ziehl-Neelsen stain', 'مسحة البكتيريا الحمضية السريعة أو صبغة زيل نيلسن', 15, NULL, NULL, 1, NULL, '0', NULL, 'AFB Smear or ZN Stain', NULL, NULL, 1, 1, '2024-04-26 19:38:25', '2024-04-26 19:38:25'),
(41, NULL, 'Urine Culture', 'ثقافة التبول', 15, NULL, NULL, 1, NULL, '0', NULL, NULL, NULL, NULL, 1, 1, '2024-04-26 19:38:46', '2024-04-26 19:38:46'),
(42, NULL, 'Stool Culture', 'ثقافة البراز', 15, NULL, NULL, 1, NULL, '0', NULL, NULL, NULL, NULL, 1, 1, '2024-04-26 19:39:14', '2024-04-26 19:39:14'),
(43, NULL, 'Vaginal Culture', 'الثقافة المهبلية', 15, NULL, NULL, 1, NULL, '0', NULL, NULL, NULL, NULL, 1, 1, '2024-04-26 19:39:37', '2024-04-26 19:39:37'),
(44, NULL, 'Throat Culture', 'ثقافة الحلق', 15, NULL, NULL, 1, NULL, '0', NULL, NULL, NULL, NULL, 1, 1, '2024-04-26 19:40:00', '2024-04-26 19:40:00'),
(45, NULL, 'Urethral Culture', 'ثقافة مجرى البول', 15, NULL, NULL, 1, NULL, '0', NULL, NULL, NULL, NULL, 1, 1, '2024-04-26 19:40:22', '2024-04-26 19:40:22'),
(46, NULL, 'Sputum Culture', 'ثقافة البلغم', 15, NULL, NULL, 1, NULL, '0', NULL, NULL, NULL, NULL, 1, 1, '2024-04-26 19:40:44', '2024-04-26 19:40:44'),
(47, NULL, 'Wound Culture', 'ثقافة الجرح', 15, NULL, NULL, 1, NULL, '0', NULL, NULL, NULL, NULL, 1, 1, '2024-04-26 19:41:09', '2024-04-26 19:41:09'),
(48, NULL, 'Skin Culture', 'ثقافة الجلد', 15, NULL, NULL, 1, NULL, '0', NULL, NULL, NULL, NULL, 1, 1, '2024-04-26 19:41:29', '2024-04-26 19:41:29'),
(49, NULL, 'Ear Culture', 'ثقافة الأذن', 15, NULL, NULL, 1, NULL, '0', NULL, NULL, NULL, NULL, 1, 1, '2024-04-26 19:41:52', '2024-04-26 19:41:52'),
(50, NULL, 'Eye Culture', 'ثقافة العين', 15, NULL, NULL, 1, NULL, '0', NULL, NULL, NULL, NULL, 1, 1, '2024-04-26 19:42:17', '2024-04-26 19:42:17'),
(51, NULL, 'Semen Culture', 'ثقافة السائل المنوي', 15, NULL, NULL, 1, NULL, '0', NULL, NULL, NULL, NULL, 1, 1, '2024-04-26 19:42:43', '2024-04-26 19:42:43'),
(52, NULL, 'Fungus Culture', 'ثقافة الفطريات', 15, NULL, NULL, 1, NULL, '0', NULL, NULL, NULL, NULL, 1, 1, '2024-04-26 19:43:08', '2024-04-26 19:43:08'),
(53, NULL, 'Urine analysis', 'تحليل بول', 15, NULL, NULL, 1, NULL, '0', NULL, NULL, NULL, NULL, 1, 1, '2024-04-26 19:44:08', '2024-04-26 19:44:08'),
(54, NULL, 'Stool analysis', 'تحليل البراز', 15, NULL, NULL, 1, NULL, '0', NULL, NULL, NULL, NULL, 1, 1, '2024-04-26 19:44:34', '2024-04-26 19:44:34'),
(55, NULL, 'Semen analysis', 'تحليل السائل المنوي', 15, NULL, NULL, 1, NULL, '0', NULL, NULL, NULL, NULL, 1, 1, '2024-04-26 19:44:55', '2024-04-26 19:44:55'),
(56, NULL, 'Stool Occult Blood', 'الدم الخفي في البراز', 15, NULL, NULL, 1, NULL, '0', NULL, NULL, NULL, NULL, 1, 1, '2024-04-26 19:45:13', '2024-04-26 19:45:13'),
(57, NULL, 'Fructose in Semen', 'الفركتوز في السائل المنوي', 15, NULL, NULL, 1, NULL, '0', NULL, NULL, NULL, NULL, 1, 1, '2024-04-26 19:45:41', '2024-04-26 19:45:41'),
(58, NULL, 'H.Pylori Ag in Stool', 'H.Pylori Ag في البراز', 15, NULL, NULL, 1, NULL, '0', NULL, NULL, NULL, NULL, 1, 1, '2024-04-26 19:46:11', '2024-04-26 19:46:11'),
(59, NULL, 'Body Fluid Analysis', 'تحليل سوائل الجسم', 15, NULL, NULL, 1, NULL, '0', NULL, NULL, NULL, NULL, 1, 1, '2024-04-26 19:46:30', '2024-04-26 19:46:30'),
(60, NULL, 'MalariaSmear', 'مسحة الملاريا', 15, NULL, NULL, 1, NULL, '0', NULL, NULL, NULL, NULL, 1, 1, '2024-04-26 19:46:56', '2024-04-26 19:46:56'),
(61, NULL, 'Alpha Fetoprotein', 'ألفا فيتوبروتين', 16, NULL, NULL, 1, NULL, '0', NULL, 'AFP', NULL, NULL, 1, 1, '2024-04-26 19:48:57', '2024-04-26 19:49:11'),
(62, NULL, 'Carcinoembryonic Antigen', 'مستضد سرطاني مضغي', 16, NULL, NULL, 1, NULL, '0', NULL, 'CEA', NULL, NULL, 1, 1, '2024-04-26 19:49:45', '2024-04-26 19:49:45'),
(63, NULL, 'Free Prostate Specific Antigen', 'مستضد البروستاتا النوعي الحر', 16, NULL, NULL, 1, NULL, '0', NULL, NULL, NULL, NULL, 1, 1, '2024-04-26 19:50:07', '2024-04-26 19:50:07'),
(64, NULL, 'Total Prostate Specific Antigen', 'إجمالي المستضد النوعي للبروستاتا', 16, NULL, NULL, 1, NULL, '0', NULL, 'PSA-Total', NULL, NULL, 1, 1, '2024-04-26 19:50:44', '2024-04-26 19:50:44'),
(65, NULL, 'Cancer antigen15 - 3', 'مستضد السرطان 15 - 3', 16, NULL, NULL, 1, NULL, '0', NULL, 'CA 15 - 3', NULL, NULL, 1, 1, '2024-04-26 19:51:17', '2024-04-26 19:51:17'),
(66, NULL, 'Cancer antigen 125', 'مستضد السرطان 125', 16, NULL, NULL, 1, NULL, '0', NULL, 'CA 125', NULL, NULL, 1, 1, '2024-04-26 19:52:32', '2024-04-26 19:52:32'),
(67, NULL, 'Carbohydrate Antigen 19 - 9', 'مستضد الكربوهيدرات 19 - 9', 16, NULL, NULL, 1, NULL, '0', NULL, 'CA19 - 9', NULL, NULL, 1, 1, '2024-04-26 19:53:11', '2024-04-26 19:53:11'),
(68, NULL, 'Thyroid Hormones', 'هرمونات الغدة الدرقية', 17, NULL, NULL, 1, NULL, '300', NULL, 'Thyroid Hormones', NULL, NULL, 1, 1, '2024-04-26 19:56:47', '2024-05-17 22:13:54'),
(69, NULL, 'Thyroid Stimulating Hormone', 'تحفيز الغدة الدرقية', 17, NULL, NULL, 1, NULL, '0', NULL, 'TSH', NULL, NULL, 1, 1, '2024-04-26 19:57:16', '2024-04-26 19:57:50'),
(70, NULL, 'triiodothyronine (free)', 'ثلاثي يودوثيرونين (مجاني)', 17, NULL, NULL, 1, NULL, '0', NULL, 'T3 (Total)', NULL, NULL, 1, 1, '2024-04-26 19:58:38', '2024-04-26 19:58:38'),
(71, NULL, 'triiodothyronine (Total)', 'ثلاثي يودوثيرونين (المجموع)', 17, NULL, NULL, 1, NULL, '0', NULL, 'FT4', NULL, NULL, 1, 1, '2024-04-26 19:59:09', '2024-04-26 19:59:09'),
(72, NULL, 'thyroxine (Free)', 'هرمون الغدة الدرقية (مجاني)', 17, NULL, NULL, 1, NULL, '0', NULL, 'T4 (Total)', NULL, NULL, 1, 1, '2024-04-26 19:59:46', '2024-04-26 19:59:46'),
(73, NULL, 'thyroxine (Total)', 'هرمون الغدة الدرقية (المجموع)', 17, NULL, NULL, 1, NULL, '0', NULL, NULL, NULL, NULL, 1, 1, '2024-04-26 20:00:18', '2024-04-26 20:00:18'),
(74, NULL, 'Follicular Stimulating Hormone', 'هرمون تحفيز الجريبات', 17, NULL, NULL, 1, NULL, '0', NULL, 'FSH', NULL, NULL, 1, 1, '2024-04-26 20:00:53', '2024-04-26 20:00:53'),
(75, NULL, 'Luteinizing Hormone', 'الهرمون الملوتن', 17, NULL, NULL, 1, NULL, '0', NULL, 'LH', NULL, NULL, 1, 1, '2024-04-26 20:01:23', '2024-04-26 20:01:23'),
(76, NULL, 'Prolactin', 'البرولاكتين', 17, NULL, NULL, 1, NULL, '0', NULL, 'PRL', NULL, NULL, 1, 1, '2024-04-26 20:01:57', '2024-04-26 20:01:57'),
(77, NULL, 'Testosterone – Free', 'التستوستيرون – مجاني', 17, NULL, NULL, 1, NULL, '0', NULL, NULL, NULL, NULL, 1, 1, '2024-04-26 20:02:18', '2024-04-26 20:02:18'),
(78, NULL, 'Testosterone – Total', 'التستوستيرون - المجموع', 17, NULL, NULL, 1, NULL, '0', NULL, NULL, NULL, NULL, 1, 1, '2024-04-26 20:02:38', '2024-04-26 20:02:38'),
(79, NULL, 'Progesterone', 'البروجسترون', 17, NULL, NULL, 1, NULL, '0', NULL, NULL, NULL, NULL, 1, 1, '2024-04-26 20:03:00', '2024-04-26 20:03:00'),
(80, NULL, 'Estradiol', 'استراديول', 17, NULL, NULL, 1, NULL, '0', NULL, NULL, NULL, NULL, 1, 1, '2024-04-26 20:03:21', '2024-04-26 20:03:21'),
(81, NULL, 'Anti-Mullerian Hormone', 'المضادة للهرمون مولريان', 17, NULL, NULL, 1, NULL, '0', NULL, 'AMH', NULL, NULL, 1, 1, '2024-04-26 20:03:55', '2024-04-26 20:03:55'),
(82, NULL, 'beta Human chorionic gonadotropin', 'بيتا موجهة الغدد التناسلية المشيمية البشرية', 17, NULL, NULL, 1, NULL, '0', NULL, 'B-HCG', NULL, NULL, 1, 1, '2024-04-26 20:05:15', '2024-04-26 20:05:15'),
(83, NULL, 'Dehydroepiandrosterone Sulfate', 'كبريتات ديهيدرو إيبي أندروستيرون', 17, NULL, NULL, 1, NULL, '0', NULL, 'DHEA -S', NULL, NULL, 1, 1, '2024-04-26 20:05:57', '2024-04-26 20:05:57'),
(84, NULL, 'Cortisol', 'الكورتيزول', 17, NULL, NULL, 1, NULL, '0', NULL, NULL, NULL, NULL, 1, 1, '2024-04-26 20:06:22', '2024-04-26 20:06:22'),
(85, NULL, 'Adrenocorticotropic hormone', 'الهرمون الموجه للغدة الكظرية', 17, NULL, NULL, 1, NULL, '0', NULL, 'ACTH', NULL, NULL, 1, 1, '2024-04-26 20:06:56', '2024-04-26 20:06:56'),
(86, NULL, 'Growth Hormone', 'هرمون النمو', 17, NULL, NULL, 1, NULL, '0', NULL, 'GH', NULL, NULL, 1, 1, '2024-04-26 20:07:27', '2024-04-26 20:07:27'),
(87, NULL, 'Parathyroid Hormone', 'هرمون الغدة الدرقية', 17, NULL, NULL, 1, NULL, '0', NULL, 'PTH', NULL, NULL, 1, 1, '2024-04-26 20:08:20', '2024-04-26 20:08:20'),
(88, NULL, 'orthodontics', 'تقويم اسنان', 18, NULL, NULL, 1, NULL, '200', NULL, 'PTH', NULL, NULL, 3, 1, '2024-04-26 20:08:20', '2024-04-26 20:08:20'),
(89, NULL, 'Dental fillings', 'حشو اسنان', 18, NULL, NULL, 1, NULL, '200', NULL, 'PTH', NULL, NULL, 3, 1, '2024-04-26 20:08:20', '2024-04-26 20:08:20'),
(90, NULL, 'Fasting Blood Sugar', 'سكر الدم الصائم', 20, NULL, NULL, 1, NULL, '0', NULL, 'FBS', NULL, NULL, 1, 1, '2024-05-23 22:20:08', '2024-05-23 22:20:08'),
(91, NULL, '2 hour Postprandial Blood Sugar', 'سكر الدم بعد الأكل بساعتين', 20, NULL, NULL, 1, NULL, '0', NULL, '2-hrs. PPBS', NULL, NULL, 1, 1, '2024-05-23 22:24:42', '2024-05-23 22:24:42'),
(92, NULL, 'Random Blood Sugar', 'سكر الدم العشوائي', 20, NULL, NULL, 1, NULL, '0', NULL, 'RBS', NULL, NULL, 1, 1, '2024-05-23 22:25:09', '2024-05-23 22:25:09'),
(93, NULL, 'Oral Glucose Tolerance Test', 'اختبار تحمل الجلوكوز عن طريق الفم', 20, NULL, NULL, 1, NULL, '0', NULL, 'Oral GTT', NULL, NULL, 1, 1, '2024-05-23 22:25:50', '2024-05-23 22:25:50'),
(94, NULL, 'Glycosylated hemoglobin A1c', 'الهيموجلوبين الغليكوزيلاتي A1c', 20, NULL, NULL, 1, NULL, '0', NULL, 'HbA1C', NULL, NULL, 1, 1, '2024-05-23 22:26:27', '2024-05-23 22:26:27'),
(95, NULL, 'Insulin', 'الأنسولين', 20, NULL, NULL, 1, NULL, '0', NULL, NULL, NULL, NULL, 1, 1, '2024-05-23 22:27:09', '2024-05-23 22:27:09'),
(96, NULL, 'c-Peptide', 'ج- الببتيد', 20, NULL, NULL, 1, NULL, '0', NULL, NULL, NULL, NULL, 1, 1, '2024-05-23 22:27:42', '2024-05-23 22:27:42'),
(97, NULL, 'Sodium', 'صوديوم', 21, NULL, NULL, 1, NULL, '0', NULL, 'Na', NULL, NULL, 1, 1, '2024-05-23 22:30:04', '2024-05-23 22:30:04'),
(98, NULL, 'Potassium', 'البوتاسيوم', 21, NULL, NULL, 1, NULL, '0', NULL, 'K', NULL, NULL, 1, 1, '2024-05-23 22:30:58', '2024-05-23 22:30:58'),
(99, NULL, 'Chloride', 'كلوريد', 21, NULL, NULL, 1, NULL, '0', NULL, 'Cl', NULL, NULL, 1, 1, '2024-05-23 22:31:40', '2024-05-23 22:31:40'),
(100, NULL, 'Cholesterol', 'الكولسترول', 22, NULL, NULL, 1, NULL, '0', NULL, 'Chol', NULL, NULL, 1, 1, '2024-05-23 22:33:07', '2024-05-23 22:33:07'),
(101, NULL, 'Triglycerides', 'الدهون الثلاثية', 22, NULL, NULL, 1, NULL, '0', NULL, 'Trig', NULL, NULL, 1, 1, '2024-05-23 22:33:39', '2024-05-23 22:33:39'),
(102, NULL, 'High Density Lipoprotein', 'بروتين دهنى عالى الكثافة', 22, NULL, NULL, 1, NULL, '0', NULL, 'HDL-Chol.', NULL, NULL, 1, 1, '2024-05-23 22:34:10', '2024-05-23 22:34:10'),
(103, NULL, 'Low Density Lipoprotein', 'البروتين الدهني منخفض الكثافة', 22, NULL, NULL, 1, NULL, '0', NULL, 'LDL – Chol.', NULL, NULL, 1, 1, '2024-05-23 22:34:52', '2024-05-23 22:34:52'),
(104, NULL, 'Aspartate aminotransferase', 'ناقلة أمين الأسبارتات', 23, NULL, NULL, 1, NULL, '0', NULL, 'AST', NULL, NULL, 1, 1, '2024-05-23 22:38:48', '2024-05-23 22:38:48'),
(105, NULL, 'Alanine aminotransferase', 'ألانين أمينوترانسفيراز', 23, NULL, NULL, 1, NULL, '0', NULL, 'ALT', NULL, NULL, 1, 1, '2024-05-23 22:39:21', '2024-05-23 22:39:21'),
(106, NULL, 'Alkaline phosphatase', 'الفوسفاتيز القلوية', 23, NULL, NULL, 1, NULL, '0', NULL, 'ALP', NULL, NULL, 1, 1, '2024-05-23 22:40:01', '2024-05-23 22:40:01'),
(107, NULL, 'Total Protein', 'البروتين الكلي', 23, NULL, NULL, 1, NULL, '0', NULL, 'T.protein', NULL, NULL, 1, 1, '2024-05-23 22:40:36', '2024-05-23 22:40:36'),
(108, NULL, 'Albumin', 'الزلال', 23, NULL, NULL, 1, NULL, '0', NULL, 'Alb.', NULL, NULL, 1, 1, '2024-05-23 22:41:24', '2024-05-23 22:41:24'),
(109, NULL, 'Total Bilirubin', 'البيليروبين الكلي', 23, NULL, NULL, 1, NULL, '0', NULL, 'T.B', NULL, NULL, 1, 1, '2024-05-23 22:42:12', '2024-05-23 22:42:12'),
(110, NULL, 'Direct Billirubin', 'البيليروبين المباشر', 23, NULL, NULL, 1, NULL, '0', NULL, 'D.B', NULL, NULL, 1, 1, '2024-05-23 22:42:45', '2024-05-23 22:42:45'),
(111, NULL, 'Gamma- Globulin Test', 'اختبار جاما الجلوبيولين', 23, NULL, NULL, 1, NULL, '0', NULL, 'GGT', NULL, NULL, 1, 1, '2024-05-23 22:43:28', '2024-05-23 22:43:28'),
(112, NULL, 'Creatinine', 'الكرياتينين', 24, NULL, NULL, 1, NULL, '0', NULL, NULL, NULL, NULL, 1, 1, '2024-05-23 22:44:36', '2024-05-23 22:44:36'),
(113, NULL, 'Urea', 'اليوريا', 24, NULL, NULL, 1, NULL, '0', NULL, NULL, NULL, NULL, 1, 1, '2024-05-23 22:45:02', '2024-05-23 22:45:02'),
(114, NULL, 'Blood Urea Nitrogen', 'نيتروجين اليوريا في الدم', 24, NULL, NULL, 1, NULL, '0', NULL, 'BUN', NULL, NULL, 1, 1, '2024-05-23 22:45:34', '2024-05-23 22:45:34'),
(115, NULL, 'Sodium', 'صوديوم', 24, NULL, NULL, 1, NULL, '0', NULL, NULL, NULL, NULL, 1, 1, '2024-05-23 22:46:08', '2024-05-23 22:46:08'),
(116, NULL, 'Potassium', 'البوتاسيوم', 24, NULL, NULL, 1, NULL, '0', NULL, NULL, NULL, NULL, 1, 1, '2024-05-23 22:46:44', '2024-05-23 22:46:44'),
(117, NULL, 'Chloride', 'كلوريد', 24, NULL, NULL, 1, NULL, '0', NULL, NULL, NULL, NULL, 1, 1, '2024-05-23 22:47:06', '2024-05-23 22:47:06'),
(118, NULL, 'UricAcid', 'حمض اليوريك', 24, NULL, NULL, 1, NULL, '0', NULL, 'U.A', NULL, NULL, 1, 1, '2024-05-23 22:47:45', '2024-05-23 22:47:45'),
(119, NULL, 'Total Protein', 'البروتين الكلي', 24, NULL, NULL, 1, NULL, '0', NULL, 'T.protein', NULL, NULL, 1, 1, '2024-05-23 22:49:52', '2024-05-23 22:49:52'),
(120, NULL, 'Albumin', 'الزلال', 24, NULL, NULL, 1, NULL, '0', NULL, NULL, NULL, NULL, 1, 1, '2024-05-23 22:50:28', '2024-05-23 22:50:28'),
(121, NULL, 'Calcium', 'الكالسيوم', 25, NULL, NULL, 1, NULL, '0', NULL, NULL, NULL, NULL, 1, 1, '2024-05-23 22:51:32', '2024-05-23 22:51:32'),
(122, NULL, 'Phosphorus', 'الفوسفور', 25, NULL, NULL, 1, NULL, '0', NULL, NULL, NULL, NULL, 1, 1, '2024-05-23 22:52:07', '2024-05-23 22:52:07'),
(123, NULL, 'Vitamin D3 (25-OH)', 'فيتامين د3 (25-أوه)', 25, NULL, NULL, 1, NULL, '0', NULL, 'Vit.D', NULL, NULL, 1, 1, '2024-05-23 22:53:04', '2024-05-23 22:53:04'),
(187, NULL, 'Urine Glucose', 'السكر في البول', 30, NULL, NULL, 1, NULL, '0', NULL, 'UG', NULL, NULL, 1, 1, '2025-11-25 14:33:03', '2025-11-25 14:33:03'),
(188, NULL, 'Urine Ketones', 'كيتونات البول', 30, NULL, NULL, 1, NULL, '0', NULL, 'UK', NULL, NULL, 1, 1, '2025-11-25 14:33:23', '2025-11-25 14:33:23'),
(189, NULL, 'Urine Blood', 'الدم في البول', 30, NULL, NULL, 1, NULL, '0', NULL, 'UB', NULL, NULL, 1, 1, '2025-11-25 14:33:49', '2025-11-25 14:33:49'),
(190, NULL, 'Urine WBC', 'خلايا الدم البيضاء', 30, NULL, NULL, 1, NULL, '0', NULL, 'UWBC', NULL, NULL, 1, 1, '2025-11-25 14:34:06', '2025-11-25 14:34:06'),
(191, NULL, 'Urine RBC', 'خلايا الدم الحمراء', 30, NULL, NULL, 1, NULL, '0', NULL, 'URBC', NULL, NULL, 1, 1, '2025-11-25 14:34:27', '2025-11-25 14:34:27'),
(192, NULL, 'Urine Crystals', 'البلورات', 30, NULL, NULL, 1, NULL, '0', NULL, 'UC', NULL, NULL, 1, 1, '2025-11-25 14:34:46', '2025-11-25 14:34:46'),
(193, NULL, 'Urine pH', 'الحموضة', 30, NULL, NULL, 1, NULL, '0', NULL, 'U-pH', NULL, NULL, 1, 1, '2025-11-25 14:35:10', '2025-11-25 14:35:10'),
(194, NULL, 'Urine Specific Gravity', 'الكثافة', 30, NULL, NULL, 1, NULL, '0', NULL, 'USG', NULL, NULL, 1, 1, '2025-11-25 14:36:30', '2025-11-25 14:36:30'),
(195, NULL, 'Urine Color', 'اللون', 30, NULL, NULL, 1, NULL, '0', NULL, 'UCOLOR', NULL, NULL, 1, 1, '2025-11-25 14:42:10', '2025-11-25 14:46:24'),
(196, NULL, 'Appearance / Clarity', 'المظهر', 30, NULL, NULL, 1, NULL, '0', NULL, 'Clarity', NULL, NULL, 1, 1, '2025-11-25 14:43:07', '2025-11-25 14:43:07'),
(197, NULL, 'Specific Gravity', 'الثقل النوعي', 30, NULL, NULL, 1, NULL, '0', NULL, 'SG', NULL, NULL, 1, 1, '2025-11-25 14:43:34', '2025-11-25 14:43:34'),
(198, NULL, 'Bilirubin', 'البليروبين', 30, NULL, NULL, 1, NULL, '0', NULL, 'BIL', NULL, NULL, 1, 1, '2025-11-25 14:45:23', '2025-11-25 14:45:23'),
(199, NULL, 'Urobilinogen', 'اليوروبيلينوجين', 30, NULL, NULL, 1, NULL, '0', NULL, 'URO', NULL, NULL, 1, 1, '2025-11-25 14:45:37', '2025-11-25 14:45:37'),
(200, NULL, 'Nitrite', 'النيتريت', 30, NULL, NULL, 1, NULL, '0', NULL, 'NIT', NULL, NULL, 1, 1, '2025-11-25 14:45:54', '2025-11-25 14:45:54'),
(201, NULL, 'Urine Protein', 'بروتين البول', 30, NULL, NULL, 1, NULL, '0', NULL, 'UP', NULL, NULL, 1, 1, '2025-11-25 15:02:43', '2025-11-25 15:02:43'),
(202, NULL, 'Fasting Blood Glucose', 'سكر صائم', 13, NULL, NULL, 1, NULL, '150', 'تحليل سكر صائم (FBG) يقيس مستوى الجلوكوز في الدم بعد صيام 8–12 ساعة. يساعد في تقييم حالة الجسم بالنسبة لمقاومة الإنسولين، مقدمات السكري، ومرض السكري.\r\n✔️ تعليمات قبل إجراء التحليل\r\nصيام تام من 8 إلى 12 ساعة (مسموح شرب ماء فقط).\r\nتجنب المجهود البدني الشديد قبل التحليل.\r\nتجنب التوتر لأنه قد يرفع مستوى الجلوكوز.\r\nعدم تناول الأدوية التي تؤثر على السكر بدون استشارة الطبيب.\r\nتحليل مناسب لجميع الأعمار.', 'FBG', NULL, NULL, 1, 1, '2025-11-26 12:11:57', '2025-11-26 12:16:55'),
(203, NULL, 'Postprandial Blood Glucose', 'سكر فاطر', 13, NULL, NULL, 1, NULL, '120', 'تحليل سكر فاطر (PPBS) يقيس مستوى الجلوكوز في الدم بعد تناول وجبة عادية أو بعد ساعتين من تناول 75 غرام جلوكوز.\r\nيُستخدم لتقييم استجابة الجسم للسكر وتشخيص مقدمات السكري والسكري.\r\n✔️ تعليمات قبل إجراء التحليل\r\nيتم قياس السكر بعد ساعتين من تناول وجبة عادية أو مشروب الجلوكوز.\r\nتجنب المجهود البدني الشديد خلال الساعتين.\r\nعدم تناول الأدوية التي تؤثر على السكر إلا باستشارة الطبيب.\r\nمناسب لجميع الأعمار.', 'PPBS', NULL, NULL, 1, 1, '2025-11-26 12:24:13', '2025-11-26 12:24:13'),
(204, NULL, 'Glycated Hemoglobin', 'سكر تراكمي', 13, NULL, NULL, 1, NULL, '170', 'تحليل HbA1c يقيس نسبة الهيموجلوبين المرتبط بالجلوكوز في الدم، ويُظهر متوسط مستوى السكر خلال آخر 2–3 أشهر.\r\nيُعتبر من أهم التحاليل لمتابعة وتشخيص مرض السكري.\r\n✔️ تعليمات قبل إجراء التحليل\r\nلا يحتاج إلى صيام.\r\nيمكن إجراؤه في أي وقت من اليوم.\r\nبعض الحالات قد تؤثر على النتيجة مثل (الأنيميا، أمراض الدم، النزيف، أمراض الكلى).', 'HbA1c', NULL, NULL, 1, 1, '2025-11-26 12:29:19', '2025-11-26 12:29:19'),
(205, NULL, 'Creatinine', 'كرياتينين', 13, NULL, NULL, 1, NULL, '120', 'تحليل الكرياتينين يقيس مستوى مادة الكرياتينين الناتجة من تكسير العضلات ويتم التخلص منها عبر الكُلى.\r\nيساعد في تقييم وظائف الكلى ومعرفة قدرة الجسم على التخلص من السموم.\r\n✔️ تعليمات قبل إجراء التحليل\r\nلا يحتاج لصيام.\r\nيجب تجنب المجهود العضلي الشديد قبل التحليل.\r\nيفضل إبلاغ المعمل بالأدوية المتناولة خصوصًا:\r\nCimetidine – Trimethoprim – Creatine supplements – بعض المضادات الحيوية\r\nشرب الماء بشكل طبيعي قبل التحليل.', 'Cr', NULL, NULL, 1, 1, '2025-11-26 12:34:41', '2025-11-26 12:34:41'),
(206, NULL, 'Urea', 'يوريا', 13, NULL, NULL, 1, NULL, '200', 'تحليل اليوريا يقيس مستوى مادة urea في الدم، وهي ناتج نهائي لعملية تكسير البروتين، ويتم التخلص منها عبر الكُلى.\r\nيساعد في تقييم وظائف الكلى و مدى توازن البروتين والماء في الجسم.\r\n✔️ تعليمات قبل إجراء التحليل\r\n\r\nلا يحتاج لصيام (إلا إذا طلب الطبيب).\r\nتجنب تناول كمية كبيرة من البروتين قبل التحليل.\r\nشرب ماء بكمية طبيعية.\r\nبعض الأدوية قد تؤثر على النتيجة مثل:\r\nCorticosteroids – Tetracycline – Diuretics (مدرات البول)', 'Urea', NULL, NULL, 1, 1, '2025-11-26 12:41:31', '2025-11-26 12:41:31'),
(207, NULL, 'Uric Acid', 'حمض البوليك', 13, NULL, NULL, 1, NULL, '200', 'تحليل حمض البوليك يقيس مستوى حمض اليوريك في الدم، وهو ناتج تكسير البيورينات الموجودة في الطعام والخلايا.\r\nارتفاعه قد يسبب النقرس وقد يرتبط بمشاكل الكلى أو زيادة إنتاج الحمض.\r\n✔️ تعليمات قبل إجراء التحليل\r\nلا يشترط الصيام (قد يفضله بعض الأطباء للحصول على دقة أعلى).\r\nيفضل تجنب الطعام الغني بالبيورين لمدة 24 ساعة قبل التحليل:\r\n(الكبد والكلاوي – السردين – اللحوم الحمراء – البقوليات بكثرة)\r\nشرب ماء كافٍ قبل التحليل.\r\nبعض الأدوية تؤثر على النتيجة:\r\nAspirin – Diuretics مدرات البول – Allopurinol – Vitamin C – Steroids', 'UA', NULL, NULL, 1, 1, '2025-11-26 12:52:51', '2025-11-26 12:52:51'),
(208, NULL, 'Albumin', 'ألبيومين', 13, NULL, NULL, 1, NULL, '150', 'تحليل الألبومين يقيس مستوى بروتين الألبومين في الدم، وهو البروتين الرئيسي الذي يصنعه الكبد.\r\nيساعد في تقييم:\r\nوظائف الكبد\r\n\r\nالحالة الغذائية\r\nوظائف الكلى (خصوصًا عند وجود بروتين في البول)\r\nتوازن السوائل في الجسم\r\n✔️ تعليمات قبل إجراء التحليل\r\nالصيام غير ضروري عادةً، لكن بعض الأطباء يفضلون صيام 8 ساعات.\r\nشرب الماء طبيعي.\r\nتجنب التمارين العنيفة قبل التحليل.\r\nبعض الأدوية قد تؤثر على النتيجة: الكورتيزون – مضادات الالتهاب – أدوية القلب وبعض المضادات الحيوية', 'Alb', NULL, NULL, 1, 1, '2025-11-26 12:58:20', '2025-11-26 12:58:20'),
(209, NULL, 'Total Protein', 'البروتين الكلي', 13, NULL, NULL, 1, NULL, '110', 'تحليل البروتين الكلي يقيس مجموع البروتينات في الدم، بما في ذلك الألبومين والجلوبولين.\r\nيساعد في تقييم:\r\nوظائف الكبد\r\nوظائف الكلى\r\nالحالة الغذائية\r\nالكشف عن بعض أمراض الدم والمناعة\r\n✔️ تعليمات قبل إجراء التحليل\r\nالصيام عادة غير ضروري، لكن بعض الأطباء يفضلون صيام 8 ساعات.\r\nشرب الماء طبيعي.\r\nتجنب التمارين العنيفة قبل التحليل.\r\nبعض الأدوية قد تؤثر على النتائج: الكورتيزون، مضادات الالتهاب، أدوية القلب، وبعض المضادات الحيوية.', 'TP', NULL, NULL, 1, 1, '2025-11-26 13:04:28', '2025-11-26 13:04:28'),
(210, NULL, 'Calcium', 'كالسيوم', 13, NULL, NULL, 1, NULL, '190', 'يقيس مستوى الكالسيوم في الدم. الكالسيوم هو أحد أهم المعادن في الجسم، حيث يلعب دورًا حيويًا في:\r\nصحة العظام والأسنان.\r\nتقلص العضلات.\r\nوظيفة الأعصاب.\r\nتخثر الدم.\r\nتنظيم نبضات القلب.\r\nأنواع الكالسيوم في الدم:\r\nالكالسيوم المتأين (Ionized Calcium): الشكل الحر والنشط من الكالسيوم وهو الأكثر أهمية.\r\nالكالسيوم المرتبط بالبروتين (مثل الألبيومين): غير نشط.\r\nتحليل \"الكالسيوم الكلي\" يقيس كلا النوعين معًا.\r\nالغرض منه:\r\nتقييم وظيفة الغدة الجار درقية (التي تنظم مستوى الكالسيوم).\r\nتشخيص ومتابعة أمراض العظام والكلى.\r\nتقييم الحالات المرتبطة بالأعصاب والعضلات.\r\nمراقبة المرضى الذين يتلقون علاجات تؤثر على مستوى الكالسيوم.', 'Ca', NULL, NULL, 1, 1, '2025-11-26 13:14:18', '2025-11-26 13:14:18'),
(211, NULL, 'Sodium', 'صوديوم', 13, NULL, NULL, 1, NULL, '160', 'تحليل الصوديوم يقيس مستوى الصوديوم في الدم، وهو أهم الأيونات الكهربائية في الجسم، ويلعب دورًا رئيسيًا في:\r\nتوازن السوائل في الجسم\r\nتنظيم ضغط الدم\r\nوظيفة الأعصاب والعضلات\r\nنقل الإشارات الكهربائية في الجسم\r\n✔️ تعليمات قبل إجراء التحليل\r\nعادة لا يحتاج الصيام.\r\nشرب الماء طبيعي.\r\nتجنب تناول أدوية مدرات البول أو ملح الصوديوم بكميات كبيرة قبل التحليل إلا باستشارة الطبيب.\r\nبعض الأدوية قد تؤثر على النتيجة: مدرات البول، أدوية ضغط الدم، الكورتيزون.', 'Na', NULL, NULL, 1, 1, '2025-11-26 13:26:29', '2025-11-26 13:26:29'),
(212, NULL, 'Potassium', 'بوتاسيوم', 13, NULL, NULL, 1, NULL, '70', 'تحليل البوتاسيوم يقيس مستوى البوتاسيوم في الدم، وهو من أهم الأيونات الكهربائية الضرورية للجسم، ويلعب دورًا رئيسيًا في:\r\nوظيفة العضلات والأعصاب\r\nتنظيم ضربات القلب\r\nتوازن السوائل في الجسم\r\nضغط الدم\r\n✔️ تعليمات قبل إجراء التحليل\r\nالصيام عادة غير ضروري.\r\nشرب الماء طبيعي.\r\nتجنب تمارين مكثفة قبل التحليل لأنها قد ترفع مستوى البوتاسيوم مؤقتًا.\r\nبعض الأدوية تؤثر على النتيجة: مدرات البول، مثبطات ACE، أدوية القلب، الستيرويدات.', 'K', NULL, NULL, 1, 1, '2025-11-26 14:14:17', '2025-11-26 14:14:17'),
(213, NULL, 'Chloride', 'كلوريد', 13, NULL, NULL, 1, NULL, '130', 'تحليل الكلوريد يقيس مستوى أيون الكلوريد في الدم، وهو من أهم الشوارد التي تساعد على:\r\nالحفاظ على توازن السوائل والأحماض في الجسم\r\nالحفاظ على توازن الإلكتروليتات مع الصوديوم والبوتاسيوم\r\nدعم وظائف الأعصاب والعضلات\r\n✔️ تعليمات قبل إجراء التحليل\r\nعادة لا يحتاج الصيام.\r\nشرب الماء طبيعي.\r\nتجنب تناول أدوية مدرات البول أو ملح الصوديوم بكميات كبيرة قبل التحليل إلا باستشارة الطبيب.\r\nبعض الأدوية قد تؤثر على النتيجة: مدرات البول، أدوية ضغط الدم، الكورتيزون.', 'Cl', NULL, NULL, 1, 1, '2025-11-26 14:21:43', '2025-11-26 14:21:43'),
(214, NULL, 'Magnesium', 'مغنيسيوم', 13, NULL, NULL, 1, NULL, '110', 'تحليل المغنيسيوم يقيس مستوى المغنيسيوم في الدم، وهو معدن أساسي يقوم بالوظائف التالية:\r\nدعم وظيفة العضلات والأعصاب\r\nتنظيم ضربات القلب\r\nدعم قوة العظام\r\nالمشاركة في عمليات الأيض المختلفة وإنتاج الطاقة\r\n✔️ تعليمات قبل إجراء التحليل\r\nعادة لا يحتاج الصيام، لكن بعض الأطباء يفضلون صيام 8 ساعات.\r\nشرب الماء طبيعي.\r\nتجنب المكملات الغذائية المحتوية على المغنيسيوم قبل التحليل مباشرة.\r\nبعض الأدوية تؤثر على النتيجة: مدرات البول، المضادات الحيوية، أدوية القلب، الستيرويدات.', 'Mg', NULL, NULL, 1, 1, '2025-11-26 14:32:03', '2025-11-26 14:32:03'),
(215, NULL, 'Phosphorus', 'فوسفور', 13, NULL, NULL, 1, NULL, '110', 'تحليل الفوسفور يقيس مستوى الفوسفور في الدم، وهو معدن أساسي يعمل على:\r\nبناء العظام والأسنان\r\nتنظيم الطاقة والتمثيل الغذائي (ATP)\r\nتوازن المعادن مع الكالسيوم والمغنيسيوم\r\nدعم وظيفة العضلات والأعصاب\r\n✔️ تعليمات قبل إجراء التحليل\r\nالصيام غير ضروري عادةً، لكن بعض الأطباء يفضلون صيام 8 ساعات.\r\nشرب الماء طبيعي.\r\nتجنب المكملات الغذائية المحتوية على الفوسفور قبل التحليل مباشرة.\r\nبعض الأدوية قد تؤثر على النتيجة: مدرات البول، أدوية القلب، الستيرويدات، مكملات الفوسفور.', 'Phos', NULL, NULL, 1, 1, '2025-11-26 14:38:11', '2025-11-26 14:38:11'),
(216, NULL, 'Total Bilirubin', 'بيليروبين كلي', 13, NULL, NULL, 1, NULL, '70', 'تحليل البيليروبين الكلي يقيس مستوى البيليروبين في الدم، وهو صبغة تنتج عن تحلل الهيموجلوبين من خلايا الدم الحمراء القديمة.\r\nيساعد في تقييم:\r\nوظائف الكبد\r\nمسار إخراج الصفراء\r\nالكشف عن اليرقان أو مشاكل الكبد أو القنوات الصفراوية\r\n✔️ تعليمات قبل إجراء التحليل\r\nالصيام غير ضروري عادةً، لكن بعض الأطباء يفضلون صيام 8 ساعات.\r\nشرب الماء طبيعي.\r\nتجنب المكملات الغذائية أو الأدوية التي تؤثر على الكبد قبل التحليل إلا باستشارة الطبيب.\r\nبعض الأدوية قد تؤثر على النتيجة: أسبرين، أدوية مضادة للصرع، بعض المضادات الحيوية، أدوية القلب.', 'TBIL', NULL, NULL, 1, 1, '2025-11-26 14:45:09', '2025-11-26 14:45:09'),
(217, NULL, 'Direct Bilirubin', 'بيليروبين مباشر', 13, NULL, NULL, 1, NULL, '90', 'تحليل البيليروبين المباشر يقيس مستوى البيليروبين المرتبط بالكبد والمذاب في الصفراء.\r\nيساعد في تقييم:\r\nوظائف الكبد وإنتاج الصفراء\r\nانسداد القنوات الصفراوية\r\nتمييز سبب ارتفاع البيليروبين الكلي (هل سببه الكبد أم تحلل الدم)\r\n✔️ تعليمات قبل إجراء التحليل\r\n\r\nالصيام عادة غير ضروري، لكن بعض الأطباء يفضلون صيام 8 ساعات.\r\nشرب الماء طبيعي.\r\nتجنب المكملات الغذائية أو الأدوية المؤثرة على الكبد قبل التحليل إلا باستشارة الطبيب.\r\nبعض الأدوية قد تؤثر على النتيجة: أسبرين، أدوية مضادة للصرع، بعض المضادات الحيوية، أدوية القلب.', 'DBIL', NULL, NULL, 1, 1, '2025-11-26 14:51:00', '2025-11-26 14:51:00'),
(218, NULL, 'Aspartate Aminotransferase', 'AST', 13, NULL, NULL, 1, NULL, '60', 'تحليل AST يقيس مستوى إنزيم Aspartate Aminotransferase في الدم، وهو إنزيم موجود في:\r\nالكبد\r\nالقلب\r\nالعضلات\r\nالكلى\r\nارتفاعه يشير غالبًا إلى ضرر في الكبد أو العضلات، ويستخدم مع ALT لتقييم وظائف الكبد.\r\n✔️ تعليمات قبل إجراء التحليل\r\nالصيام عادة غير ضروري، لكن يفضل صيام 8 ساعات لبعض الحالات.\r\nتجنب التمارين العنيفة قبل التحليل لأنها قد ترفع AST مؤقتًا.\r\nبعض الأدوية قد تؤثر على النتيجة: أدوية الكبد، أدوية القلب، الأسبرين، الستيرويدات.', 'AST', NULL, NULL, 1, 1, '2025-11-26 14:56:39', '2025-11-26 14:56:39'),
(219, NULL, 'Alanine Aminotransferase', 'ALT', 13, NULL, NULL, 1, NULL, '90', 'تحليل ALT يقيس مستوى إنزيم Alanine Aminotransferase في الدم، وهو إنزيم يوجد بشكل رئيسي في الكبد.\r\nيُعد مؤشرًا حساسًا لضرر الكبد، ويستخدم مع AST لتقييم وظائف الكبد.\r\n✔️ تعليمات قبل إجراء التحليل\r\nالصيام عادةً غير ضروري، لكن يفضل صيام 8 ساعات لبعض الحالات.\r\nتجنب التمارين العنيفة قبل التحليل لأنها قد ترفع ALT مؤقتًا.\r\nبعض الأدوية قد تؤثر على النتيجة: أدوية الكبد، الأسبرين، الستيرويدات، أدوية القلب، مضادات الالتهاب.', 'ALT', NULL, NULL, 1, 1, '2025-11-26 15:04:25', '2025-11-26 15:04:25'),
(220, NULL, 'Alkaline Phosphatase', 'ALP', 13, NULL, NULL, 1, NULL, '90', 'تحليل ALP يقيس مستوى إنزيم الفوسفاتاز القلوي في الدم، وهو موجود في:\r\nالكبد\r\nالعظام\r\nالكلى\r\nالقنوات الصفراوية\r\nارتفاعه يشير غالبًا إلى مشاكل في الكبد أو العظام أو القنوات الصفراوية، ويستخدم لتقييم صحة الكبد والعظام.\r\n✔️ تعليمات قبل إجراء التحليل\r\nالصيام عادة غير ضروري.\r\nتجنب المكملات الغذائية المحتوية على الكالسيوم أو الفيتامينات قبل التحليل.\r\nبعض الأدوية قد تؤثر على النتيجة: ستيرويدات، أدوية القلب، أدوية العظام، أدوية الكبد.\r\nالتمارين العنيفة قبل التحليل قد ترفع ALP مؤقتًا.', 'ALP', NULL, NULL, 1, 1, '2025-11-26 15:09:20', '2025-11-26 15:09:20'),
(221, NULL, 'Gamma Glutamyl Transferase', 'GGT', 13, NULL, NULL, 1, NULL, '80', 'تحليل GGT يقيس مستوى إنزيم Gamma Glutamyl Transferase في الدم، وهو إنزيم موجود في:\r\nالكبد (القنوات الصفراوية)\r\nالبنكرياس\r\nالكلى\r\nالقلب\r\nيُستخدم هذا التحليل لتقييم وظائف الكبد والقنوات الصفراوية وكمؤشر على تعاطي الكحول المزمن وبعض الأدوية.\r\n✔️ تعليمات قبل إجراء التحليل\r\nالصيام عادة غير ضروري.\r\nتجنب الكحول قبل التحليل على الأقل 24 ساعة.\r\nبعض الأدوية تؤثر على GGT: أدوية الكبد، الأدوية المضادة للصرع، الأدوية المدرة للبول، أدوية القلب، الستيرويدات.\r\nالتمارين العنيفة قد ترفع GGT مؤقتًا.', 'GGT', NULL, NULL, 1, 1, '2025-11-26 15:15:27', '2025-11-26 15:15:27'),
(222, NULL, 'Lactate Dehydrogenase', 'LDH', 13, NULL, NULL, 1, NULL, '80', 'تحليل LDH يقيس مستوى إنزيم Lactate Dehydrogenase في الدم، وهو إنزيم موجود في:\r\nالقلب\r\nالكبد\r\nالعضلات\r\nالكلى\r\nالرئتين\r\nخلايا الدم الحمراء\r\nارتفاعه يشير إلى ضرر أو تحلل في أحد هذه الأنسجة.\r\n✔️ تعليمات قبل إجراء التحليل\r\nالصيام عادة غير ضروري.\r\nتجنب التمارين العنيفة قبل التحليل لأنها قد ترفع LDH مؤقتًا.\r\nبعض الأدوية قد تؤثر على النتيجة: ستيرويدات، أدوية القلب، أدوية الكبد، بعض المضادات الحيوية.', 'LDH', NULL, NULL, 1, 1, '2025-11-26 15:29:53', '2025-11-26 15:29:53'),
(223, NULL, 'Total Cholesterol', 'كوليستيرول كلي', 13, NULL, NULL, 1, NULL, '100', 'تحليل الكوليسترول الكلي يقيس مستوى جميع أنواع الكوليسترول في الدم، ويعتبر مؤشراً مهماً لتقييم:\r\nصحة القلب والأوعية الدموية\r\nخطر الإصابة بتصلب الشرايين وأمراض القلب\r\nالتوازن الغذائي والدهون في الجسم\r\n✔️ تعليمات قبل إجراء التحليل\r\nالصيام 9-12 ساعة قبل التحليل للحصول على نتائج دقيقة.\r\nشرب الماء مسموح.\r\nتجنب تناول أطعمة غنية بالدهون قبل التحليل.\r\nبعض الأدوية قد تؤثر على النتائج: أدوية خفض الكوليسترول، الستيرويدات، مدرات البول، حبوب منع الحمل.', 'TC', NULL, NULL, 1, 1, '2025-11-26 15:34:44', '2025-11-26 15:34:44'),
(224, NULL, 'Triglycerides', 'تحليل الدهون الثلاثية الجليسريد', 13, NULL, NULL, 1, NULL, '110', 'تحليل الدهون الثلاثية يقيس مستوى الدهون الثلاثية في الدم، وهي نوع من الدهون يتم تخزينها في الجسم واستخدامها كمصدر للطاقة.\r\nيُستخدم لتقييم:\r\nخطر الإصابة بأمراض القلب والشرايين\r\nتوازن الدهون في الدم\r\nصحة الكبد والبنكرياس\r\n✔️ تعليمات قبل إجراء التحليل\r\nالصيام 9-12 ساعة قبل التحليل للحصول على نتائج دقيقة.\r\nشرب الماء مسموح.\r\nتجنب الأطعمة الدهنية أو السكرية قبل التحليل.\r\nبعض الأدوية قد تؤثر على النتائج: أدوية خفض الدهون، الستيرويدات، أدوية السكري، حبوب منع الحمل.', 'TG', NULL, NULL, 1, 1, '2025-11-26 15:38:23', '2025-11-26 15:39:19'),
(225, NULL, 'HDL Cholesterol', 'HDL كوليستيرول', 13, NULL, NULL, 1, NULL, '170', 'تحليل HDL يقيس مستوى الكوليسترول الجيد في الدم.\r\nيعمل على نقل الكوليسترول من الشرايين إلى الكبد لإزالته من الجسم.\r\nارتفاعه يحمي من أمراض القلب والشرايين.\r\nانخفاضه يزيد خطر تصلب الشرايين والنوبات القلبية.\r\n✔️ تعليمات قبل إجراء التحليل\r\nالصيام 9-12 ساعة قبل التحليل للحصول على نتائج دقيقة.\r\nشرب الماء مسموح.\r\nتجنب الأطعمة الدهنية أو الكحول قبل التحليل.\r\nبعض الأدوية قد تؤثر على HDL: ستاتينات، حبوب منع الحمل، الستيرويدات، أدوية السكري.', 'HDL', NULL, NULL, 1, 1, '2025-11-26 15:44:09', '2025-11-26 15:44:09'),
(226, NULL, 'LDL Cholesterol', 'LDL كوليستيرول', 13, NULL, NULL, 1, NULL, '170', 'تحليل LDL يقيس مستوى الكوليسترول الضار في الدم.\r\nارتفاعه يزيد خطر تراكم الدهون على جدران الشرايين (تصلب الشرايين) ويزيد خطر النوبات القلبية والسكتات الدماغية.\r\nيفضل الحفاظ على مستويات LDL منخفضة للحماية من أمراض القلب.\r\n✔️ تعليمات قبل إجراء التحليل\r\nالصيام 9-12 ساعة قبل التحليل للحصول على نتائج دقيقة.\r\nشرب الماء مسموح.\r\nتجنب الأطعمة الدهنية والكحول قبل التحليل.\r\nبعض الأدوية قد تؤثر على LDL: ستاتينات، أدوية خفض الدهون، الستيرويدات، حبوب منع الحمل.', 'LDL', NULL, NULL, 1, 1, '2025-11-26 15:49:43', '2025-11-26 15:49:43'),
(227, NULL, 'X-Ray', 'الأشعة السينية', 31, NULL, NULL, 1, NULL, '200', NULL, 'XR', NULL, NULL, 2, 1, '2026-01-13 13:01:11', '2026-01-13 13:01:11'),
(228, NULL, 'Chest X-Ray', 'أشعة الصدر', 31, NULL, NULL, 1, NULL, '150', NULL, 'CXR', NULL, NULL, 2, 1, '2026-01-13 13:01:36', '2026-01-13 14:36:42'),
(229, NULL, 'Abdominal X-Ray', 'أشعة البطن', 31, NULL, NULL, 1, NULL, '150', NULL, 'AXR', NULL, NULL, 2, 1, '2026-01-13 13:01:54', '2026-01-13 14:37:06'),
(230, NULL, 'Cervical Spine X-Ray', 'أشعة العمود الفقري العنقي', 31, NULL, NULL, 1, NULL, '200', NULL, 'Cervical Spine X-Ray', NULL, NULL, 2, 1, '2026-01-13 13:02:12', '2026-01-13 15:19:13'),
(231, NULL, 'Mammography', 'تصوير الثدي', 31, NULL, NULL, 1, NULL, '200', NULL, 'MG', NULL, NULL, 2, 1, '2026-01-13 13:02:33', '2026-01-13 13:02:33'),
(232, NULL, 'Brain MRI', 'رنين مغناطيسي للمخ', 9, NULL, NULL, 1, NULL, '200', NULL, 'MRI', NULL, NULL, 2, 1, '2026-01-13 13:11:09', '2026-01-13 13:11:09'),
(233, NULL, 'Brain CT', 'أشعة مقطعية للمخ', 9, NULL, NULL, 1, NULL, '200', NULL, 'CT', NULL, NULL, 2, 1, '2026-01-13 13:11:27', '2026-01-13 13:11:27'),
(234, NULL, 'Spine MRI', 'رنين مغناطيسي للعمود الفقري', 9, NULL, NULL, 1, NULL, '200', NULL, 'MRI', NULL, NULL, 2, 1, '2026-01-13 13:11:43', '2026-01-13 13:11:43'),
(235, NULL, 'Spine CT', 'أشعة مقطعية للعمود الفقري', 9, NULL, NULL, 1, NULL, '150', NULL, 'CT', NULL, NULL, 2, 1, '2026-01-13 13:12:12', '2026-01-13 13:12:12'),
(236, NULL, 'Cardiac MRI', 'رنين مغناطيسي للقلب', 8, NULL, NULL, 1, NULL, '200', NULL, 'CMRI', NULL, NULL, 2, 1, '2026-01-13 13:14:24', '2026-01-13 13:14:24'),
(237, NULL, 'Chest CT', 'أشعة مقطعية على الصدر', 8, NULL, NULL, 1, NULL, '200', NULL, 'CT', NULL, NULL, 2, 1, '2026-01-13 13:14:44', '2026-01-13 13:14:44'),
(242, NULL, 'Obstetric Ultrasound', 'سونار الحمل', 33, NULL, NULL, 1, NULL, '150', NULL, 'US', NULL, NULL, 2, 1, '2026-01-13 13:17:38', '2026-01-13 13:17:38'),
(243, NULL, 'Pelvic Ultrasound', 'سونار الحوض', 33, NULL, NULL, 1, NULL, '200', NULL, 'US', NULL, NULL, 2, 1, '2026-01-13 13:17:55', '2026-01-13 13:17:55'),
(244, NULL, 'Hysterosalpingography', 'تصوير الرحم بالصبغة', 33, NULL, NULL, 1, NULL, '200', NULL, 'HSG', NULL, NULL, 2, 1, '2026-01-13 13:18:16', '2026-01-13 13:18:16'),
(245, NULL, 'Needle Biopsy', 'أخذ عينة بالإبرة تحت توجيه الأشعة', 34, NULL, NULL, 1, NULL, '200', NULL, 'NB', NULL, NULL, 2, 1, '2026-01-13 13:19:05', '2026-01-13 14:47:22'),
(246, NULL, 'Interventional Catheterization', 'القسطرة التداخلية', 34, NULL, NULL, 1, NULL, '200', NULL, 'IC', NULL, NULL, 2, 1, '2026-01-13 13:19:29', '2026-01-13 13:19:29'),
(247, NULL, 'Stent Placement', 'تركيب دعامات', 34, NULL, NULL, 1, NULL, '200', NULL, 'Stent Placement', NULL, NULL, 2, 1, '2026-01-13 13:19:52', '2026-01-13 13:19:52'),
(248, NULL, 'Nuclear Scan', 'المسح الذري', 35, NULL, NULL, 1, NULL, '200', NULL, 'NS', NULL, NULL, 2, 1, '2026-01-13 13:21:14', '2026-01-13 13:21:14'),
(249, NULL, 'Thyroid Scan', 'مسح الغدة الدرقية', 35, NULL, NULL, 1, NULL, '200', NULL, 'TS', NULL, NULL, 2, 1, '2026-01-13 13:21:29', '2026-01-13 13:21:29'),
(250, NULL, 'Positron Emission Tomography', 'فحص PET', 35, NULL, NULL, 1, NULL, '200', NULL, 'PET', NULL, NULL, 2, 1, '2026-01-13 13:21:45', '2026-01-13 13:21:45'),
(251, NULL, 'Functional MRI', 'الرنين الوظيفي للمخ', 36, NULL, NULL, 1, NULL, '200', NULL, 'fMRI', NULL, NULL, 2, 1, '2026-01-13 13:22:45', '2026-01-13 13:22:45'),
(252, NULL, 'Perfusion Imaging', 'دراسة تدفق الدم', 36, NULL, NULL, 1, NULL, '200', NULL, 'PI', NULL, NULL, 2, 1, '2026-01-13 13:23:00', '2026-01-13 13:23:00'),
(253, NULL, 'Barium Swallow', 'أشعة بالصبغة على المريء', 37, NULL, NULL, 1, NULL, '200', NULL, 'BS', NULL, NULL, 2, 1, '2026-01-13 13:24:25', '2026-01-13 13:24:25'),
(254, NULL, 'Upper GI Series', 'أشعة بالصبغة على المعدة', 37, NULL, NULL, 1, NULL, '200', NULL, 'UGI', NULL, NULL, 2, 1, '2026-01-13 13:25:25', '2026-01-13 13:25:25'),
(255, NULL, 'Barium Enema', 'أشعة بالصبغة على القولون', 37, NULL, NULL, 1, NULL, '200', NULL, 'BE', NULL, NULL, 2, 1, '2026-01-13 13:25:41', '2026-01-13 13:25:41'),
(256, NULL, 'Abdominal CT', 'أشعة مقطعية على البطن', 37, NULL, NULL, 1, NULL, '200', NULL, 'CT', NULL, NULL, 2, 1, '2026-01-13 13:26:01', '2026-01-13 13:26:01'),
(257, NULL, 'Abdominal MRI', 'رنين مغناطيسي على البطن', 37, NULL, NULL, 1, NULL, '200', NULL, 'MRI', NULL, NULL, 2, 1, '2026-01-13 13:26:23', '2026-01-13 13:26:23'),
(258, NULL, 'Abdominal Ultrasound', 'سونار على البطن', 37, NULL, NULL, 1, NULL, '200', NULL, 'US', NULL, NULL, 2, 1, '2026-01-13 13:26:39', '2026-01-13 13:26:39'),
(259, NULL, 'Renal Ultrasound', 'سونار على الكلى', 38, NULL, NULL, 1, NULL, '200', NULL, 'US', NULL, NULL, 2, 1, '2026-01-13 13:27:41', '2026-01-13 13:27:41'),
(260, NULL, 'Renal CT', 'أشعة مقطعية على الكلى', 38, NULL, NULL, 1, NULL, '200', NULL, 'CT', NULL, NULL, 2, 1, '2026-01-13 13:28:05', '2026-01-13 13:28:05'),
(261, NULL, 'IV Urography', 'أشعة بالصبغة على المسالك', 38, NULL, NULL, 1, NULL, '200', NULL, 'IVU', NULL, NULL, 2, 1, '2026-01-13 13:28:42', '2026-01-13 13:28:42'),
(262, NULL, 'Pelvic MRI', 'رنين مغناطيسي على الحوض', 38, NULL, NULL, 1, NULL, '200', NULL, 'MRI', NULL, NULL, 2, 1, '2026-01-13 13:28:59', '2026-01-13 13:28:59'),
(263, NULL, 'Bladder Ultrasound', 'سونار على المثانة', 38, NULL, NULL, 1, NULL, '200', NULL, 'US', NULL, NULL, 2, 1, '2026-01-13 13:29:19', '2026-01-13 13:29:19'),
(264, NULL, 'Functional MRI', 'الرنين المغناطيسي الوظيفي للمخ', 36, NULL, NULL, 1, NULL, '200', NULL, 'fMRI', NULL, NULL, 2, 1, '2026-01-13 13:30:49', '2026-01-13 13:30:49'),
(265, NULL, 'Brain Perfusion Study', 'دراسة تروية المخ', 36, NULL, NULL, 1, NULL, '200', NULL, 'BPS', NULL, NULL, 2, 1, '2026-01-13 13:31:11', '2026-01-13 13:31:11'),
(266, NULL, 'Blood Flow Imaging', 'دراسة تدفق الدم', 36, NULL, NULL, 1, NULL, '200', NULL, 'BFI', NULL, NULL, 2, 1, '2026-01-13 13:31:35', '2026-01-13 13:31:35'),
(267, NULL, 'Dynamic Imaging', 'تصوير الأعضاء أثناء الحركة', 36, NULL, NULL, 1, NULL, '200', NULL, 'DI', NULL, NULL, 2, 1, '2026-01-13 13:31:50', '2026-01-13 13:31:50'),
(273, NULL, 'Panoramic X-Ray', 'أشعة بانوراما', 40, NULL, NULL, 1, NULL, '150', NULL, 'OPG', NULL, NULL, 2, 1, '2026-01-13 14:30:33', '2026-01-13 14:30:33'),
(274, NULL, 'Cephalometric X-Ray', 'أشعة سيفالومتريك', 40, NULL, NULL, 1, NULL, '150', NULL, 'CEPH', NULL, NULL, 2, 1, '2026-01-13 14:30:48', '2026-01-13 14:30:48'),
(275, NULL, 'Periapical X-Ray', 'أشعة حول الذروة', 40, NULL, NULL, 1, NULL, '200', NULL, 'PA', NULL, NULL, 2, 1, '2026-01-13 14:31:02', '2026-01-13 14:31:02'),
(276, NULL, 'Bitewing X-Ray', 'أشعة بايت وينج', 40, NULL, NULL, 1, NULL, '150', NULL, 'BW', NULL, NULL, 2, 1, '2026-01-13 14:31:19', '2026-01-13 14:31:19'),
(277, NULL, 'Cone Beam CT', 'أشعة مقطعية مخروطية ثلاثية الأبعاد للأسنان والفكين', 40, NULL, NULL, 1, NULL, '200', NULL, 'CBCT', NULL, NULL, 2, 1, '2026-01-13 14:31:34', '2026-01-13 15:26:28'),
(278, NULL, 'CT Maxillofacial', 'أشعة مقطعية طبية على الفكين والوجه', 40, NULL, NULL, 1, NULL, '200', NULL, 'XR', NULL, NULL, 2, 1, '2026-01-13 14:31:50', '2026-01-13 15:26:51'),
(279, NULL, 'Skull X-Ray', 'أشعة الجمجمة', 31, NULL, NULL, 1, NULL, '200', NULL, 'Skull X-Ray', NULL, NULL, 2, 1, '2026-01-13 14:37:43', '2026-01-13 14:37:43'),
(280, NULL, 'Skull X-Ray', 'أشعة الجمجمة', 31, NULL, NULL, 1, NULL, '200', NULL, 'Skull X-Ray', NULL, NULL, 2, 1, '2026-01-13 14:37:43', '2026-01-13 14:37:43'),
(281, NULL, 'Limb Length & Alignment X-Ray', 'أشعة قياس الطول والتقوس (للأطفال)', 31, NULL, NULL, 1, NULL, '200', NULL, 'Limb Length & Alignment X-Ray', NULL, NULL, 2, 1, '2026-01-13 14:37:59', '2026-01-13 15:54:04'),
(282, NULL, 'Extremity X-Ray', 'أشعة الأطراف (اليد، القدم، الخ)', 31, NULL, NULL, 1, NULL, '200', NULL, 'Extremity X-Ray', NULL, NULL, 2, 1, '2026-01-13 14:38:12', '2026-01-13 14:38:12'),
(283, NULL, 'CT Brain', 'أشعة مقطعية على المخ', 41, NULL, NULL, 1, NULL, '200', NULL, 'CTB', NULL, NULL, 2, 1, '2026-01-13 14:39:27', '2026-01-13 14:39:27'),
(284, NULL, 'CT Chest', 'أشعة مقطعية على الصدر', 41, NULL, NULL, 1, NULL, '200', NULL, 'CTC', NULL, NULL, 2, 1, '2026-01-13 14:39:43', '2026-01-13 14:39:43'),
(285, NULL, 'CT Abdomen & Pelvis', 'أشعة مقطعية على البطن والحوض', 41, NULL, NULL, 1, NULL, '200', NULL, 'CTAP', NULL, NULL, 2, 1, '2026-01-13 14:40:00', '2026-01-13 14:40:00'),
(286, NULL, 'CT Angiography', 'أشعة مقطعية على الأوعية الدموية (أنجيوجرافي مقطعي)', 41, NULL, NULL, 1, NULL, '200', NULL, 'CTA', NULL, NULL, 2, 1, '2026-01-13 14:40:20', '2026-01-13 14:40:20'),
(287, NULL, 'CT Paranasal Sinuses', 'أشعة مقطعية على الجيوب الأنفية', 41, NULL, NULL, 1, NULL, '200', NULL, 'CT PNS', NULL, NULL, 2, 1, '2026-01-13 14:40:38', '2026-01-13 14:40:38'),
(288, NULL, 'CT Spine', 'أشعة مقطعية على العمود الفقري', 41, NULL, NULL, 1, NULL, '200', NULL, 'CT Spine', NULL, NULL, 2, 1, '2026-01-13 14:40:51', '2026-01-13 14:40:51'),
(289, NULL, 'MRI Brain', 'رنين مغناطيسي على المخ', 42, NULL, NULL, 1, NULL, '200', NULL, 'MRI Brain', NULL, NULL, 2, 1, '2026-01-13 14:42:10', '2026-01-13 14:42:10'),
(290, NULL, 'MRI Spine (Cervical, Thoracic, Lumbar)', 'رنين مغناطيسي على الفقرات (العمود الفقري)', 42, NULL, NULL, 1, NULL, '200', NULL, 'MRI Spine (Cervical, Thoracic, Lumbar)', NULL, NULL, 2, 1, '2026-01-13 14:42:21', '2026-01-13 14:42:21'),
(291, NULL, 'MRI Joints (Knee, Shoulder, etc.)', 'رنين مغناطيسي على المفاصل (الركبة، الكتف، الخ)', 42, NULL, NULL, 1, NULL, '200', NULL, 'MRI Joints (Knee, Shoulder, etc.)', NULL, NULL, 2, 1, '2026-01-13 14:42:39', '2026-01-13 14:42:39'),
(292, NULL, 'MRI Abdomen & Pelvis', 'رنين مغناطيسي على البطن والحوض', 42, NULL, NULL, 1, NULL, '200', NULL, 'MRI Abdomen & Pelvis', NULL, NULL, 2, 1, '2026-01-13 14:42:54', '2026-01-13 14:42:54'),
(293, NULL, 'MR Angiography - MRA', 'رنين مغناطيسي على الأوعية الدموية (أنجيوجرافي رنين)', 42, NULL, NULL, 1, NULL, '200', NULL, 'MR Angiography - MRA', NULL, NULL, 2, 1, '2026-01-13 14:43:08', '2026-01-13 14:43:08'),
(294, NULL, 'MR Cholangiopancreatography - MRCP', 'رنين مغناطيسي على القنوات المرارية والبنكرياس', 42, NULL, NULL, 1, NULL, '200', NULL, 'MR Cholangiopancreatography - MRCP', NULL, NULL, 2, 1, '2026-01-13 14:43:20', '2026-01-13 15:13:20'),
(295, NULL, 'Abdominal Ultrasound', 'سونار على البطن', 43, NULL, NULL, 1, NULL, '200', NULL, 'AUS', NULL, NULL, 2, 1, '2026-01-13 14:45:02', '2026-01-13 14:45:02'),
(296, NULL, 'Pelvic Ultrasound', 'سونار على الحوض (للمبايض والرحم)', 43, NULL, NULL, 1, NULL, '200', NULL, 'Pelvic Ultrasound', NULL, NULL, 2, 1, '2026-01-13 14:45:15', '2026-01-13 15:06:49'),
(297, NULL, 'Breast Ultrasound', 'سونار على الثدي', 43, NULL, NULL, 1, NULL, '200', NULL, 'Breast Ultrasound', NULL, NULL, 2, 1, '2026-01-13 14:45:35', '2026-01-13 14:45:35'),
(298, NULL, 'Doppler Ultrasound', 'سونار دوبلر على الأوعية الدموية', 43, NULL, NULL, 1, NULL, '200', NULL, 'Doppler Ultrasound', NULL, NULL, 2, 1, '2026-01-13 14:45:52', '2026-01-13 14:45:52'),
(299, NULL, 'Thyroid Ultrasound', 'سونار على الغدة الدرقية', 43, NULL, NULL, 1, NULL, '200', NULL, 'Thyroid Ultrasound', NULL, NULL, 2, 1, '2026-01-13 14:46:26', '2026-01-13 14:46:26'),
(300, NULL, 'Transvaginal Ultrasound', 'سونار أمراض النساء (المهبلي)', 43, NULL, NULL, 1, NULL, '200', NULL, 'Transvaginal Ultrasound', NULL, NULL, 2, 1, '2026-01-13 14:46:40', '2026-01-13 14:46:40'),
(301, NULL, 'Obstetric Ultrasound', 'سونار أثناء الحمل (فحص الأجنة)', 43, NULL, NULL, 1, NULL, '200', NULL, 'Obstetric Ultrasound', NULL, NULL, 2, 1, '2026-01-13 14:46:53', '2026-01-13 14:46:53'),
(302, NULL, 'Abscess Drainage', 'تصريف وعلاج الخراج', 34, NULL, NULL, 1, NULL, '200', NULL, 'Abscess Drainage', NULL, NULL, 2, 1, '2026-01-13 14:47:37', '2026-01-13 14:47:37'),
(303, NULL, 'Varicose Veins Sclerotherapy/Ablation', 'علاج دوالي الساقين', 34, NULL, NULL, 1, NULL, '200', NULL, 'Varicose Veins Sclerotherapy/Ablation', NULL, NULL, 2, 1, '2026-01-13 14:48:23', '2026-01-13 14:48:23'),
(304, NULL, 'Transarterial Chemoembolization (TACE)', 'قسطرة الشريان الكبدي', 34, NULL, NULL, 1, NULL, '200', NULL, 'Transarterial Chemoembolization (TACE)', NULL, NULL, 2, 1, '2026-01-13 14:48:47', '2026-01-13 14:48:47'),
(305, NULL, 'Vertebroplasty / Kyphoplasty', 'تثبيت الفقرات بالأسمنت الطبي', 34, NULL, NULL, 1, NULL, '200', NULL, 'Vertebroplasty / Kyphoplasty', NULL, NULL, 2, 1, '2026-01-13 14:48:57', '2026-01-13 14:48:57'),
(306, NULL, 'Diagnostic Mammography', 'الماموجرافى التشخيصي', 44, NULL, NULL, 1, NULL, '200', NULL, 'Diagnostic Mammography', NULL, NULL, 2, 1, '2026-01-13 14:50:01', '2026-01-13 14:50:01'),
(307, NULL, 'Screening Mammography', 'الماموجرافى الدوري (الفحص الدوري)', 44, NULL, NULL, 1, NULL, '200', NULL, 'Screening Mammography', NULL, NULL, 2, 1, '2026-01-13 14:50:20', '2026-01-13 14:50:20'),
(308, NULL, 'Breast Ultrasound', 'سونار الثدي', 44, NULL, NULL, 1, NULL, '200', NULL, 'Breast Ultrasound', NULL, NULL, 2, 1, '2026-01-13 14:50:29', '2026-01-13 14:50:29'),
(309, NULL, 'Digital Breast Tomosynthesis (DBT) / 3D Mammography', 'أشعة الثدي ثلاثية الأبعاد (الاستريوتاكتيك)', 44, NULL, NULL, 1, NULL, '200', NULL, 'Digital Breast Tomosynthesis (DBT) / 3D Mammograph', NULL, NULL, 2, 1, '2026-01-13 14:50:42', '2026-01-13 14:50:42'),
(310, NULL, 'Stereotactic Breast Biopsy', 'أخذ عينة من الثدي تحت توجيه الأشعة', 44, NULL, NULL, 1, NULL, '200', NULL, 'Stereotactic Breast Biopsy', NULL, NULL, 2, 1, '2026-01-13 14:50:55', '2026-01-13 14:50:55'),
(311, NULL, 'Bone Scan', 'مسح العظام', 35, NULL, NULL, 1, NULL, '200', NULL, 'Bone Scan', NULL, NULL, 2, 1, '2026-01-13 14:51:37', '2026-01-13 14:51:37'),
(312, NULL, 'Renal Scan (DMSA, DTPA)', 'مسح الكلى', 35, NULL, NULL, 1, NULL, '200', NULL, 'Renal Scan (DMSA, DTPA)', NULL, NULL, 2, 1, '2026-01-13 14:51:54', '2026-01-13 14:51:54');
INSERT INTO `services` (`id`, `code`, `name_en`, `name_ar`, `category_id`, `specialty_id`, `clinic_id`, `flag`, `created_by`, `price`, `notes`, `abbrev`, `unit`, `normal_value`, `type`, `status`, `created_at`, `updated_at`) VALUES
(313, NULL, 'Myocardial Perfusion Scan (Thallium Scan)', 'مسح القلب', 35, NULL, NULL, 1, NULL, '200', NULL, 'Myocardial Perfusion Scan (Thallium Scan)', NULL, NULL, 2, 1, '2026-01-13 14:52:12', '2026-01-13 14:52:12'),
(314, NULL, 'V/Q Scan (Ventilation/Perfusion Scan)', 'مسح الرئة', 35, NULL, NULL, 1, NULL, '200', NULL, 'V/Q Scan (Ventilation/Perfusion Scan)', NULL, NULL, 2, 1, '2026-01-13 14:52:27', '2026-01-13 14:52:27'),
(315, NULL, 'Meckel\'s Scan', 'مسح البطن (لفحص النزيف)', 35, NULL, NULL, 1, NULL, '200', NULL, 'Meckel\'s Scan', NULL, NULL, 2, 1, '2026-01-13 14:52:43', '2026-01-13 14:52:43'),
(316, NULL, 'Positron Emission Tomography - PET Scan', 'مسح بوزيتروني (بِت سكان)', 35, NULL, NULL, 1, NULL, '200', NULL, 'Positron Emission Tomography - PET Scan', NULL, NULL, 2, 1, '2026-01-13 14:52:57', '2026-01-13 14:52:57'),
(317, NULL, 'Coronary Angiography', 'قسطرة الشرايين التاجية', 45, NULL, NULL, 1, NULL, '200', NULL, 'Coronary Angiography', NULL, NULL, 2, 1, '2026-01-13 14:54:07', '2026-01-13 14:54:07'),
(318, NULL, 'Cerebral Angiography', 'تصوير شرايين المخ', 45, NULL, NULL, 1, NULL, '200', NULL, 'Cerebral Angiography', NULL, NULL, 2, 1, '2026-01-13 14:54:47', '2026-01-13 14:54:47'),
(319, NULL, 'Aortography', 'تصوير الشريان الأورطي', 45, NULL, NULL, 1, NULL, '200', NULL, 'Aortography', NULL, NULL, 2, 1, '2026-01-13 14:55:01', '2026-01-13 14:55:01'),
(320, NULL, 'Peripheral Angiography', 'تصوير شرايين الأطراف', 45, NULL, NULL, 1, NULL, '200', NULL, 'Peripheral Angiography', NULL, NULL, 2, 1, '2026-01-13 14:55:12', '2026-01-13 14:55:12'),
(321, NULL, 'Venography', 'تصوير الأوردة', 45, NULL, NULL, 1, NULL, '200', NULL, 'Venography', NULL, NULL, 2, 1, '2026-01-13 14:55:25', '2026-01-13 14:55:25'),
(322, NULL, 'Lumbar Spine DEXA', 'فقرات أسفل الظهر', 46, NULL, NULL, 1, NULL, '200', NULL, 'Lumbar Spine DEXA', NULL, NULL, 2, 1, '2026-01-13 14:56:39', '2026-01-13 14:56:39'),
(323, NULL, 'Hip DEXA', 'عظمة الفخذ', 46, NULL, NULL, 1, NULL, '200', NULL, 'Hip DEXA', NULL, NULL, 2, 1, '2026-01-13 14:56:51', '2026-01-13 14:56:51'),
(324, NULL, 'Forearm DEXA', 'عظمة الساعد', 46, NULL, NULL, 1, NULL, '200', NULL, 'Forearm DEXA', NULL, NULL, 2, 1, '2026-01-13 14:57:02', '2026-01-13 14:57:02'),
(325, NULL, 'Total Body DEXA', 'الجسم كاملاً (للكسور)', 46, NULL, NULL, 1, NULL, '200', NULL, 'Total Body DEXA', NULL, NULL, 2, 1, '2026-01-13 14:57:13', '2026-01-13 14:57:13'),
(326, NULL, 'Transcatheter Aortic Valve Implantation (TAVI)', 'تركيب صمامات القلب عن طريق القسطرة', 45, NULL, NULL, 1, NULL, '200', NULL, 'Transcatheter Aortic Valve Implantation (TAVI)', NULL, NULL, 2, 1, '2026-01-13 14:58:19', '2026-01-13 14:58:19'),
(327, NULL, 'Congenital Heart Disease Interventions', 'علاج العيوب الخلقية في القلب', 45, NULL, NULL, 1, NULL, '200', NULL, 'Congenital Heart Disease Interventions', NULL, NULL, 2, 1, '2026-01-13 14:58:39', '2026-01-13 14:58:39'),
(328, NULL, 'Percutaneous Coronary Intervention (PCI) / Stenting', 'قسطرة القلب العلاجية (تركيب دعامات)', 45, NULL, NULL, 1, NULL, '200', NULL, 'Percutaneous Coronary Intervention (PCI) / Stentin', NULL, NULL, 2, 1, '2026-01-13 14:59:24', '2026-01-13 14:59:24'),
(329, NULL, 'Breast MRI', 'رنين مغناطيسي على الثدي', 44, NULL, NULL, 1, NULL, '200', NULL, 'Breast MRI', NULL, NULL, 2, 1, '2026-01-13 15:00:01', '2026-01-13 15:00:01'),
(330, NULL, 'Ultrasound-guided Breast Biopsy', 'أخذ عينة من الثدي موجهة بالسونار', 44, NULL, NULL, 1, NULL, '200', NULL, 'Ultrasound-guided Breast Biopsy', NULL, NULL, 2, 1, '2026-01-13 15:00:50', '2026-01-13 15:00:50'),
(331, NULL, 'MRI-guided Breast Biopsy', 'أخذ عينة من الثدي موجهة بالرنين المغناطيسي', 44, NULL, NULL, 1, NULL, '200', NULL, 'MRI-guided Breast Biopsy', NULL, NULL, 2, 1, '2026-01-13 15:01:04', '2026-01-13 15:01:04'),
(332, NULL, 'Galactography / Ductography', 'تصوير القنوات اللبنية', 44, NULL, NULL, 1, NULL, '200', NULL, 'Galactography / Ductography', NULL, NULL, 2, 1, '2026-01-13 15:01:17', '2026-01-13 15:01:17'),
(333, NULL, 'Liver/Spleen Scan', 'مسح للكبد والطحال', 35, NULL, NULL, 1, NULL, '200', NULL, 'Liver/Spleen Scan', NULL, NULL, 2, 1, '2026-01-13 15:02:43', '2026-01-13 15:02:43'),
(334, NULL, 'Meckel\'s Diverticulum Scan', 'مسح للجهاز الهضمي (النزيف)', 35, NULL, NULL, 1, NULL, '200', NULL, 'Meckel\'s Diverticulum Scan', NULL, NULL, 2, 1, '2026-01-13 15:02:59', '2026-01-13 15:02:59'),
(335, NULL, 'Lymphoscintigraphy', 'مسح للعقد الليمفاوية', 35, NULL, NULL, 1, NULL, '200', NULL, 'Lymphoscintigraphy', NULL, NULL, 2, 1, '2026-01-13 15:03:12', '2026-01-13 15:03:12'),
(336, NULL, 'Diagnostic Angiography', 'تصوير الأوعية الدموية التشخيصي', 34, NULL, NULL, 1, NULL, '200', NULL, 'Diagnostic Angiography', NULL, NULL, 2, 1, '2026-01-13 15:03:59', '2026-01-13 15:03:59'),
(337, NULL, 'Central Line Insertion (PICC, Hickman, Port-a-cath)', 'تركيب القسطرة الوريدية المركزية', 34, NULL, NULL, 1, NULL, '200', NULL, 'Central Line Insertion (PICC, Hickman, Port-a-cath', NULL, NULL, 2, 1, '2026-01-13 15:04:38', '2026-01-13 15:04:38'),
(338, NULL, 'Aneurysm Coiling / Stent Graft', 'علاج تمدد الأوعية الدموية', 34, NULL, NULL, 1, NULL, '200', NULL, 'Aneurysm Coiling / Stent Graft', NULL, NULL, 2, 1, '2026-01-13 15:05:02', '2026-01-13 15:05:02'),
(339, NULL, 'Radiofrequency Ablation (RFA)', 'استئصال الأورام بالتردد الحراري', 34, NULL, NULL, 1, NULL, '200', NULL, 'Radiofrequency Ablation (RFA)', NULL, NULL, 2, 1, '2026-01-13 15:05:28', '2026-01-13 15:05:28'),
(340, NULL, 'Percutaneous Gastrostomy (PEG) Tube Insertion', 'إدخال أنبوب التغذية', 34, NULL, NULL, 1, NULL, '200', NULL, 'Percutaneous Gastrostomy (PEG) Tube Insertion', NULL, NULL, 2, 1, '2026-01-13 15:05:44', '2026-01-13 15:05:44'),
(341, NULL, 'Renal Ultrasound / KUB Ultrasound', 'سونار على الكلى والحالب والمثانة', 43, NULL, NULL, 1, NULL, '200', NULL, 'Renal Ultrasound / KUB Ultrasound', NULL, NULL, 2, 1, '2026-01-13 15:06:19', '2026-01-13 15:06:19'),
(342, NULL, 'Carotid Doppler', 'سونار دوبلر على شرايين الرقبة', 43, NULL, NULL, 1, NULL, '200', NULL, 'Carotid Doppler', NULL, NULL, 2, 1, '2026-01-13 15:07:12', '2026-01-13 15:07:12'),
(343, NULL, 'Scrotal Ultrasound', 'سونار على الخصيتين', 43, NULL, NULL, 1, NULL, '200', NULL, 'Scrotal Ultrasound', NULL, NULL, 2, 1, '2026-01-13 15:07:43', '2026-01-13 15:07:43'),
(344, NULL, 'Musculoskeletal Ultrasound - MSK US', 'سونار على العضلات والأوتار', 43, NULL, NULL, 1, NULL, '200', NULL, 'Musculoskeletal Ultrasound - MSK US', NULL, NULL, 2, 1, '2026-01-13 15:07:58', '2026-01-13 15:07:58'),
(345, NULL, 'Obstetric Ultrasound', 'سونار على الجنين (أثناء الحمل)', 43, NULL, NULL, 1, NULL, '200', NULL, 'Obstetric Ultrasound', NULL, NULL, 2, 1, '2026-01-13 15:08:21', '2026-01-13 15:08:21'),
(346, NULL, 'Transrectal Ultrasound - TRUS', 'سونار شرجي', 43, NULL, NULL, 1, NULL, '200', NULL, 'Transrectal Ultrasound - TRUS', NULL, NULL, 2, 1, '2026-01-13 15:08:38', '2026-01-13 15:08:38'),
(347, NULL, 'Cranial Ultrasound (for infants)', 'سونار على المخ للأطفال (من خلال اليافوخ)', 43, NULL, NULL, 1, NULL, '200', NULL, 'Cranial Ultrasound (for infants)', NULL, NULL, 2, 1, '2026-01-13 15:08:50', '2026-01-13 15:08:50'),
(348, NULL, 'MRI Pituitary', 'رنين مغناطيسي على الغدة النخامية', 42, NULL, NULL, 1, NULL, '200', NULL, 'MRI Pituitary', NULL, NULL, 2, 1, '2026-01-13 15:09:32', '2026-01-13 15:09:32'),
(349, NULL, 'MR Angiography (MRA) / MR Venography (MRV)', 'رنين مغناطيسي على الأوعية الدموية للمخ', 42, NULL, NULL, 1, NULL, '200', NULL, 'MR Angiography (MRA) / MR Venography (MRV)', NULL, NULL, 2, 1, '2026-01-13 15:09:57', '2026-01-13 15:09:57'),
(350, NULL, 'MRI Cervical Spine', 'رنين مغناطيسي على الفقرات العنقية', 42, NULL, NULL, 1, NULL, '200', NULL, 'MRI Cervical Spine', NULL, NULL, 2, 1, '2026-01-13 15:10:30', '2026-01-13 15:10:30'),
(351, NULL, 'MRI Thoracic Spine', 'رنين مغناطيسي على الفقرات الصدرية', 42, NULL, NULL, 1, NULL, '200', NULL, 'MRI Thoracic Spine', NULL, NULL, 2, 1, '2026-01-13 15:10:46', '2026-01-13 15:10:46'),
(352, NULL, 'MRI Lumbar Spine', 'رنين مغناطيسي على الفقرات القطنية', 42, NULL, NULL, 1, NULL, '200', NULL, 'MRI Lumbar Spine', NULL, NULL, 2, 1, '2026-01-13 15:11:09', '2026-01-13 15:11:09'),
(353, NULL, 'MRI Knee', 'رنين مغناطيسي على الركبة', 42, NULL, NULL, 1, NULL, '200', NULL, 'MRI Knee', NULL, NULL, 2, 1, '2026-01-13 15:11:21', '2026-01-13 15:11:21'),
(354, NULL, 'MRI Shoulder', 'رنين مغناطيسي على الكتف', 42, NULL, NULL, 1, NULL, '200', NULL, 'MRI Shoulder', NULL, NULL, 2, 1, '2026-01-13 15:11:34', '2026-01-13 15:11:34'),
(355, NULL, 'MRI Hip', 'رنين مغناطيسي على مفصل الفخذ', 42, NULL, NULL, 1, NULL, '200', NULL, 'MRI Hip', NULL, NULL, 2, 1, '2026-01-13 15:12:04', '2026-01-13 15:12:04'),
(356, NULL, 'MRI Ankle', 'رنين مغناطيسي على الكاحل', 42, NULL, NULL, 1, NULL, '200', NULL, 'MRI Ankle', NULL, NULL, 2, 1, '2026-01-13 15:12:32', '2026-01-13 15:12:32'),
(357, NULL, 'Cardiac MRI', 'رنين مغناطيسي على القلب', 42, NULL, NULL, 1, NULL, '200', NULL, 'Cardiac MRI', NULL, NULL, 2, 1, '2026-01-13 15:12:56', '2026-01-13 15:12:56'),
(358, NULL, 'MRI Pelvis (Female)', 'رنين مغناطيسي على الرحم والمبايض', 42, NULL, NULL, 1, NULL, '200', NULL, 'MRI Pelvis (Female)', NULL, NULL, 2, 1, '2026-01-13 15:13:43', '2026-01-13 15:13:43'),
(359, NULL, 'MRI Prostate', 'رنين مغناطيسي على البروستاتا', 42, NULL, NULL, 1, NULL, '200', NULL, 'MRI Prostate', NULL, NULL, 2, 1, '2026-01-13 15:14:02', '2026-01-13 15:14:02'),
(361, NULL, 'MRI Elbow', 'رنين مغناطيسي على الكوع', 42, NULL, NULL, 1, NULL, '200', NULL, 'MRI Elbow', NULL, NULL, 2, 1, '2026-01-13 15:14:36', '2026-01-13 15:14:36'),
(362, NULL, 'CT Neck', 'أشعة مقطعية على الرقبة', 41, NULL, NULL, 1, NULL, '200', NULL, 'CT Neck', NULL, NULL, 2, 1, '2026-01-13 15:15:24', '2026-01-13 15:15:24'),
(363, NULL, 'CT Facial Bones / Maxillofacial CT', 'أشعة مقطعية على الوجه والفكين', 41, NULL, NULL, 1, NULL, '200', NULL, 'CT Facial Bones / Maxillofacial CT', NULL, NULL, 2, 1, '2026-01-13 15:15:37', '2026-01-13 15:15:37'),
(364, NULL, 'CT Temporal Bone', 'أشعة مقطعية على الأذن والعظم الصدغي', 41, NULL, NULL, 1, NULL, '200', NULL, 'CT Temporal Bone', NULL, NULL, 2, 1, '2026-01-13 15:15:49', '2026-01-13 15:15:49'),
(365, NULL, 'CT Urogram - CTU', 'أشعة مقطعية بإبرة صبغية (للكلى والحالب)', 41, NULL, NULL, 1, NULL, '200', NULL, 'CT Urogram - CTU', NULL, NULL, 2, 1, '2026-01-13 15:16:02', '2026-01-13 15:17:00'),
(366, NULL, 'CT Extremities', 'أشعة مقطعية على الأطراف', 41, NULL, NULL, 1, NULL, '200', NULL, 'CT Extremities', NULL, NULL, 2, 1, '2026-01-13 15:16:16', '2026-01-13 15:16:16'),
(367, NULL, 'CT Colonography', 'أشعة مقطعية للقولون (القولون الافتراضي)', 41, NULL, NULL, 1, NULL, '200', NULL, 'CT Colonography', NULL, NULL, 2, 1, '2026-01-13 15:17:13', '2026-01-13 15:17:13'),
(368, NULL, 'Paranasal Sinuses X-Ray', 'أشعة الجيوب الأنفية', 31, NULL, NULL, 1, NULL, '200', NULL, 'Paranasal Sinuses X-Ray', NULL, NULL, 2, 1, '2026-01-13 15:18:06', '2026-01-13 15:18:06'),
(369, NULL, 'Thoracic Spine X-Ray', 'أشعة العمود الفقري الصدري', 31, NULL, NULL, 1, NULL, '200', NULL, 'Thoracic Spine X-Ray', NULL, NULL, 2, 1, '2026-01-13 15:18:36', '2026-01-13 15:18:36'),
(370, NULL, 'Lumbosacral Spine X-Ray - LS Spine', 'أشعة العمود الفقري القطني العجزي', 31, NULL, NULL, 1, NULL, '200', NULL, 'Lumbosacral Spine X-Ray - LS Spine', NULL, NULL, 2, 1, '2026-01-13 15:18:54', '2026-01-13 15:18:54'),
(371, NULL, 'Foot / Ankle X-Ray', 'أشعة القدم / الكاحل', 31, NULL, NULL, 1, NULL, '200', NULL, 'Foot / Ankle X-Ray', NULL, NULL, 2, 1, '2026-01-13 15:19:46', '2026-01-13 15:19:46'),
(372, NULL, 'Clavicle X-Ray', 'أشعة عظمة الترقوة', 31, NULL, NULL, 1, NULL, '200', NULL, 'Clavicle X-Ray', NULL, NULL, 2, 1, '2026-01-13 15:19:57', '2026-01-13 15:19:57'),
(373, NULL, 'Shoulder X-Ray', 'أشعة الكتف', 31, NULL, NULL, 1, NULL, '200', NULL, 'Shoulder X-Ray', NULL, NULL, 2, 1, '2026-01-13 15:20:11', '2026-01-13 15:20:11'),
(374, NULL, 'Knee X-Ray', 'أشعة الركبة', 31, NULL, NULL, 1, NULL, '200', NULL, 'Knee X-Ray', NULL, NULL, 2, 1, '2026-01-13 15:20:29', '2026-01-13 15:20:29'),
(375, NULL, 'Elbow X-Ray', 'أشعة الكوع', 31, NULL, NULL, 1, NULL, '200', NULL, 'Elbow X-Ray', NULL, NULL, 2, 1, '2026-01-13 15:20:40', '2026-01-13 15:20:40'),
(376, NULL, 'Periapical X-Ray - PA', 'أشعة سنية بسيطة (داخل الفم)', 40, NULL, NULL, 1, NULL, '200', NULL, 'Periapical X-Ray - PA', NULL, NULL, 2, 1, '2026-01-13 15:25:26', '2026-01-13 15:25:26'),
(377, NULL, 'Bitewing X-Ray', 'أشعة بين الأسنان', 40, NULL, NULL, 1, NULL, '200', NULL, 'Bitewing X-Ray', NULL, NULL, 2, 1, '2026-01-13 15:25:40', '2026-01-13 15:25:40'),
(378, NULL, 'Lateral Cephalogram - Lat Ceph', 'أشعة الرأس الجانبية (لتحليل عظام الوجه والفكين)', 40, NULL, NULL, 1, NULL, '200', NULL, 'Lateral Cephalogram - Lat Ceph', NULL, NULL, 2, 1, '2026-01-13 15:26:05', '2026-01-13 15:26:05'),
(379, NULL, 'Sialography', 'أشعة الغدة اللعابية بالصبغة', 40, NULL, NULL, 1, NULL, '200', NULL, 'Sialography', NULL, NULL, 2, 1, '2026-01-13 15:27:04', '2026-01-13 15:27:04'),
(380, NULL, 'Temporomandibular Joint (TMJ) Imaging (X-ray, CT, MRI)', 'تصوير مفصل الفك', 40, NULL, NULL, 1, NULL, '200', NULL, 'Temporomandibular Joint (TMJ) Imaging (X-ray, CT, ', NULL, NULL, 2, 1, '2026-01-13 15:27:24', '2026-01-13 15:27:24'),
(381, NULL, 'Neck MRI', 'رنين مغناطيسي على الرقبة', 42, NULL, NULL, 1, NULL, '200', NULL, 'MRI', NULL, NULL, 2, 1, '2026-01-13 15:28:59', '2026-01-13 15:28:59'),
(382, NULL, 'Anomaly Scan', 'سونار للكشف عن تشوهات الجنين', 33, NULL, NULL, 1, NULL, '200', NULL, 'Anomaly Scan', NULL, NULL, 2, 1, '2026-01-13 15:31:23', '2026-01-13 15:31:23'),
(383, NULL, 'Growth Scan', 'سونار قياس النمو', 33, NULL, NULL, 1, NULL, '200', NULL, 'Growth Scan', NULL, NULL, 2, 1, '2026-01-13 15:31:37', '2026-01-13 15:31:37'),
(384, NULL, 'Doppler Scan (Uterine & Umbilical Artery)', 'سونار دوبلر على شرايين الرحم والمشيمة', 33, NULL, NULL, 1, NULL, '200', NULL, 'Doppler Scan (Uterine & Umbilical Artery)', NULL, NULL, 2, 1, '2026-01-13 15:31:56', '2026-01-13 15:31:56'),
(385, NULL, 'D/4D Ultrasound', 'سونار ثلاثي/رباعي الأبعاد', 33, NULL, NULL, 1, NULL, '200', NULL, 'D/4D Ultrasound', NULL, NULL, 2, 1, '2026-01-13 15:32:16', '2026-01-13 15:32:16'),
(386, NULL, 'Nuchal Translucency Scan', 'فحص الشفافية القفوية', 33, NULL, NULL, 1, NULL, '200', NULL, 'Nuchal Translucency Scan', NULL, NULL, 2, 1, '2026-01-13 15:32:25', '2026-01-13 15:32:25'),
(387, NULL, 'Pelvic Ultrasound', 'سونار على الحوض (للمبايض والرحم)', 33, NULL, NULL, 1, NULL, '200', NULL, 'Pelvic Ultrasound', NULL, NULL, 2, 1, '2026-01-13 15:35:07', '2026-01-13 15:35:07'),
(388, NULL, 'Transvaginal Ultrasound (TVS)', 'سونار مهبلي', 33, NULL, NULL, 1, NULL, '200', NULL, 'Transvaginal Ultrasound (TVS)', NULL, NULL, 2, 1, '2026-01-13 15:35:20', '2026-01-13 15:35:20'),
(389, NULL, 'Hysterosalpingography (HSG)', 'أشعة بالصبغة على الرحم وقنوات فالوب', 33, NULL, NULL, 1, NULL, '200', NULL, 'Hysterosalpingography (HSG)', NULL, NULL, 2, 1, '2026-01-13 15:35:35', '2026-01-13 15:35:35'),
(390, NULL, 'Saline Infusion Sonohysterography (SIS)', 'سونار بالصبغة على الرحم', 33, NULL, NULL, 1, NULL, '200', NULL, 'Saline Infusion Sonohysterography (SIS)', NULL, NULL, 2, 1, '2026-01-13 15:35:46', '2026-01-13 15:35:46'),
(391, NULL, 'CT Pelvis', 'أشعة مقطعية على الحوض', 33, NULL, NULL, 1, NULL, '200', NULL, 'CT Pelvis', NULL, NULL, 2, 1, '2026-01-13 15:36:29', '2026-01-13 15:36:29'),
(392, NULL, 'Barium Enema', 'حقنة الباريوم الشرجية (للقولون)', 37, NULL, NULL, 1, NULL, '200', NULL, 'Barium Enema', NULL, NULL, 2, 1, '2026-01-13 15:37:34', '2026-01-13 15:37:34'),
(393, NULL, 'Small Bowel Follow-Through / Enteroclysis', 'تصوير الأمعاء الدقيقة بالباريوم', 37, NULL, NULL, 1, NULL, '200', NULL, 'Small Bowel Follow-Through / Enteroclysis', NULL, NULL, 2, 1, '2026-01-13 15:37:49', '2026-01-13 15:37:49'),
(394, NULL, 'Barium Meal / Upper GI Series', 'صورة الجهاز الهضمي العلوي بالباريوم', 37, NULL, NULL, 1, NULL, '200', NULL, 'Barium Meal / Upper GI Series', NULL, NULL, 2, 1, '2026-01-13 15:38:05', '2026-01-13 15:38:05'),
(395, NULL, 'Barium Swallow / Esophagogram', 'بلع الباريوم (للمريء والمعدة)', 37, NULL, NULL, 1, NULL, '200', NULL, 'Barium Swallow / Esophagogram', NULL, NULL, 2, 1, '2026-01-13 15:38:18', '2026-01-13 15:38:18'),
(396, NULL, 'Doppler Ultrasound of Portal Vein', 'سونار دوبلر على الوريد البابي للكبد', 43, NULL, NULL, 1, NULL, '200', NULL, 'Doppler Ultrasound of Portal Vein', NULL, NULL, 2, 1, '2026-01-13 15:40:32', '2026-01-13 15:40:32'),
(397, NULL, 'Endoscopic Retrograde Cholangiopancreatography', 'تصوير القنوات المرارية والبنكرياس بالمنظار', 45, NULL, NULL, 1, NULL, '200', NULL, 'Endoscopic Retrograde Cholangiopancreatography', NULL, NULL, 2, 1, '2026-01-13 15:41:08', '2026-01-13 15:41:08'),
(398, NULL, 'Hepatic Angiography', 'تصوير الكبد والشرايين الكبدية', 45, NULL, NULL, 1, NULL, '200', NULL, 'Hepatic Angiography', NULL, NULL, 2, 1, '2026-01-13 15:41:29', '2026-01-13 15:41:29'),
(399, NULL, 'Image-Guided Liver Biopsy', 'أخذ عينة من الكبد تحت توجيه الأشعة', 37, NULL, NULL, 1, NULL, '200', NULL, 'Image-Guided Liver Biopsy', NULL, NULL, 2, 1, '2026-01-13 15:42:25', '2026-01-13 15:42:25'),
(400, NULL, 'Micturating Cystourethrogram - MCU', 'أشعة بالصبغة على المثانة والإحليل (عن طريق القسطرة)', 38, NULL, NULL, 1, NULL, '200', NULL, 'Micturating Cystourethrogram - MCU', NULL, NULL, 2, 1, '2026-01-13 15:43:12', '2026-01-13 15:43:12'),
(401, NULL, 'Retrograde Pyelogram - RGP', 'أشعة بالصبغة على الكلى والحالب (عن طريق الظهر)', 38, NULL, NULL, 1, NULL, '200', NULL, 'Retrograde Pyelogram - RGP', NULL, NULL, 2, 1, '2026-01-13 15:43:26', '2026-01-13 15:43:26'),
(402, NULL, 'Non-Contrast CT KUB', 'أشعة مقطعية على الكلى والحالب بدون صبغة', 38, NULL, NULL, 1, NULL, '200', NULL, 'Non-Contrast CT KUB', NULL, NULL, 2, 1, '2026-01-13 15:43:46', '2026-01-13 15:43:46'),
(403, NULL, 'Renal Scan (DMSA, DTPA, MAG3)', 'مسح إشعاعي للكلى', 38, NULL, NULL, 1, NULL, '200', NULL, 'Renal Scan (DMSA, DTPA, MAG3)', NULL, NULL, 2, 1, '2026-01-13 15:44:09', '2026-01-13 15:44:09'),
(404, NULL, 'Transrectal Ultrasound (TRUS)', 'سونار على البروستاتا (عن طريق الشرج)', 43, NULL, NULL, 1, NULL, '200', NULL, 'Transrectal Ultrasound (TRUS)', NULL, NULL, 2, 1, '2026-01-13 15:47:34', '2026-01-13 15:47:34'),
(405, NULL, 'Renal Angiography', 'تصوير الأوعية الدموية للكلى', 45, NULL, NULL, 1, NULL, '200', NULL, 'Renal Angiography', NULL, NULL, 2, 1, '2026-01-13 15:47:59', '2026-01-13 15:47:59'),
(406, NULL, 'Long Bone X-Ray', 'أشعة العظام الطويلة (عظم الفخذ، الساق، العضد)', 31, NULL, NULL, 1, NULL, '200', NULL, 'Long Bone X-Ray', NULL, NULL, 2, 1, '2026-01-13 15:53:08', '2026-01-13 15:53:08'),
(407, NULL, 'Hand & Foot X-Ray (Series)', 'أشعة اليد والقدم', 31, NULL, NULL, 1, NULL, '200', NULL, 'Hand & Foot X-Ray (Series)', NULL, NULL, 2, 1, '2026-01-13 15:53:41', '2026-01-13 15:53:41'),
(408, NULL, 'Stress Views', 'أشعة تحت إجهاد (للمفاصل)', 31, NULL, NULL, 1, NULL, '200', NULL, 'Stress Views', NULL, NULL, 2, 1, '2026-01-13 15:54:23', '2026-01-13 15:54:23'),
(409, NULL, 'Shoulder Ultrasound', 'سونار على الكتف (للتجويف، الأوتار)', 43, NULL, NULL, 1, NULL, '200', NULL, 'Shoulder Ultrasound', NULL, NULL, 2, 1, '2026-01-13 15:55:09', '2026-01-13 15:55:09'),
(410, NULL, 'Wrist Ultrasound', 'سونار على الرسغ', 43, NULL, NULL, 1, NULL, '200', NULL, 'Wrist Ultrasound', NULL, NULL, 2, 1, '2026-01-13 15:55:23', '2026-01-13 15:55:23'),
(411, NULL, 'Knee Ultrasound', 'سونار على الركبة', 43, NULL, NULL, 1, NULL, '200', NULL, 'Knee Ultrasound', NULL, NULL, 2, 1, '2026-01-13 15:55:51', '2026-01-13 15:55:51'),
(412, NULL, 'Ankle & Achilles Tendon Ultrasound', 'سونار على الكعب (لفحص وتر أخيل)', 43, NULL, NULL, 1, NULL, '200', NULL, 'Ankle & Achilles Tendon Ultrasound', NULL, NULL, 2, 1, '2026-01-13 15:55:59', '2026-01-13 15:55:59'),
(413, NULL, 'Hip Ultrasound', 'سونار على الورك (للأطفال والبالغين)', 43, NULL, NULL, 1, NULL, '200', NULL, 'Hip Ultrasound', NULL, NULL, 2, 1, '2026-01-13 15:56:13', '2026-01-13 15:56:13'),
(414, NULL, 'Ultrasound-Guided Injection/Aspiration', 'سونار موجه لأخذ عينة أو حقن المفاصل', 43, NULL, NULL, 1, NULL, '200', NULL, 'Ultrasound-Guided Injection/Aspiration', NULL, NULL, 2, 1, '2026-01-13 15:56:24', '2026-01-13 15:56:24'),
(415, NULL, 'MRI Long Bones', 'رنين مغناطيسي على العظام الطويلة', 42, NULL, NULL, 1, NULL, '200', NULL, 'MRI Long Bones', NULL, NULL, 2, 1, '2026-01-13 15:57:27', '2026-01-13 15:57:27'),
(416, NULL, 'MRI Muscles & Tendons', 'رنين مغناطيسي على العضلات والأوتار', 42, NULL, NULL, 1, NULL, '200', NULL, 'MRI Muscles & Tendons', NULL, NULL, 2, 1, '2026-01-13 15:57:54', '2026-01-13 15:57:54'),
(417, NULL, 'MRI Wrist', 'رنين مغناطيسي على الرسغ (لفحص الأعصاب والأربطة الدقيقة)', 42, NULL, NULL, 1, NULL, '200', NULL, 'MRI Wrist', NULL, NULL, 2, 1, '2026-01-13 15:58:08', '2026-01-13 15:58:08'),
(418, NULL, 'Triple MRI Sequences', 'رنين مغناطيسي ثلاثي التسلسل (للفحص الشامل)', 42, NULL, NULL, 1, NULL, '200', NULL, 'Triple MRI Sequences', NULL, NULL, 2, 1, '2026-01-13 15:59:08', '2026-01-13 15:59:08'),
(419, NULL, 'CT Complex Joints', 'أشعة مقطعية على المفاصل المعقدة', 41, NULL, NULL, 1, NULL, '200', NULL, 'CT Complex Joints', NULL, NULL, 2, 1, '2026-01-13 15:59:46', '2026-01-13 15:59:46'),
(420, NULL, 'D CT Reconstruction', 'أشعة مقطعية ثلاثية لإعادة البناء', 41, NULL, NULL, 1, NULL, '200', NULL, 'D CT Reconstruction', NULL, NULL, 2, 1, '2026-01-13 16:00:00', '2026-01-13 16:00:00'),
(421, NULL, 'CT Bone Tumor Evaluation', 'أشعة مقطعية على العظام لفحص الأورام', 41, NULL, NULL, 1, NULL, '200', NULL, 'CT Bone Tumor Evaluation', NULL, NULL, 2, 1, '2026-01-13 16:00:21', '2026-01-13 16:00:21'),
(422, NULL, 'CT Surgical Planning', 'أشعة مقطعية لتخطيط الجراحات', 41, NULL, NULL, 1, NULL, '200', NULL, 'CT Surgical Planning', NULL, NULL, 2, 1, '2026-01-13 16:00:38', '2026-01-13 16:00:38'),
(423, NULL, 'Three-Phase Bone Scan', 'مسح العظام ثلاثي المراحل', 35, NULL, NULL, 1, NULL, '200', NULL, 'Three-Phase Bone Scan', NULL, NULL, 2, 1, '2026-01-13 16:01:22', '2026-01-13 16:01:22'),
(424, NULL, 'Labeled White Blood Cell Scan', 'مسح خلايا الدم البيضاء المسمى', 35, NULL, NULL, 1, NULL, '200', NULL, 'Labeled White Blood Cell Scan', NULL, NULL, 2, 1, '2026-01-13 16:01:36', '2026-01-13 16:01:36'),
(425, NULL, 'Arthrography', 'تصوير المفاصل بالصبغة (أرثروجرام)', 45, NULL, NULL, 1, NULL, '200', NULL, 'Arthrography', NULL, NULL, 2, 1, '2026-01-13 16:02:40', '2026-01-13 16:02:40'),
(426, NULL, 'Thermography', 'التصوير الحراري', 45, NULL, NULL, 1, NULL, '200', NULL, 'Thermography', NULL, NULL, 2, 1, '2026-01-13 16:02:53', '2026-01-13 16:02:53');

-- --------------------------------------------------------

--
-- Table structure for table `services_categories`
--

CREATE TABLE `services_categories` (
  `id` bigint(20) UNSIGNED NOT NULL,
  `name_en` varchar(255) NOT NULL,
  `name_ar` varchar(255) NOT NULL,
  `clinic_id` bigint(20) UNSIGNED DEFAULT NULL,
  `flag` int(10) UNSIGNED NOT NULL DEFAULT 1 COMMENT '1 admin, 2 clinic',
  `type` int(11) NOT NULL DEFAULT 1,
  `status` tinyint(4) NOT NULL DEFAULT 1,
  `created_at` timestamp NULL DEFAULT NULL,
  `updated_at` timestamp NULL DEFAULT NULL
) ENGINE=InnoDB DEFAULT CHARSET=utf8mb4 COLLATE=utf8mb4_unicode_ci;

--
-- Dumping data for table `services_categories`
--

INSERT INTO `services_categories` (`id`, `name_en`, `name_ar`, `clinic_id`, `flag`, `type`, `status`, `created_at`, `updated_at`) VALUES
(8, 'Cardiothoracic Radiology', 'أشعة القلب والصدر', NULL, 1, 2, 1, '2023-12-08 00:51:41', '2026-01-13 13:12:44'),
(9, 'Neuroradiology', 'الأشعة العصبية', NULL, 1, 2, 1, '2024-01-19 23:58:21', '2026-01-13 13:10:46'),
(12, 'Hematology Section', 'قسم أمراض الدم', NULL, 1, 1, 1, '2024-04-26 16:56:54', '2024-04-26 16:56:54'),
(13, 'Biochemistry Section', 'قسم الكيمياء الحيوية', NULL, 1, 1, 1, '2024-04-26 17:36:13', '2024-04-26 17:36:13'),
(14, 'HISTOPATH & CYTOLOGY', 'الهيستوباث وعلم الخلايا', NULL, 1, 1, 1, '2024-04-26 19:33:11', '2024-04-26 19:33:11'),
(15, 'BACTERIOLOGY & MICROSCOPY', 'علم البكتيريا والمجهر', NULL, 1, 1, 1, '2024-04-26 19:37:01', '2024-04-26 19:37:01'),
(16, 'TUMOR MARKERS', 'علامات الورم', NULL, 1, 1, 1, '2024-04-26 19:47:58', '2024-04-26 19:47:58'),
(17, 'HORMOES', 'الهرمونات', NULL, 1, 1, 1, '2024-04-26 19:53:53', '2024-04-26 19:53:53'),
(18, 'Dental services', 'خدمات الاسنان', NULL, 1, 3, 1, '2024-04-26 19:53:53', '2024-04-26 19:53:53'),
(20, 'DIABETICS', 'مرضى السكري', 165, 2, 1, 1, '2024-05-23 22:19:27', '2024-05-23 22:19:27'),
(21, 'ELECTROLYTES', 'الشوارد', 165, 2, 1, 1, '2024-05-23 22:28:51', '2024-05-23 22:28:51'),
(22, 'LIPID PROFILE', 'مستوى الدهون', 165, 2, 1, 1, '2024-05-23 22:32:11', '2024-05-23 22:32:11'),
(23, 'LIVER PROFILE', 'ملف الكبد', 165, 2, 1, 1, '2024-05-23 22:35:27', '2024-05-23 22:35:27'),
(24, 'RENAL PROFILE', 'الملف الكلوي', 165, 2, 1, 1, '2024-05-23 22:44:05', '2024-05-23 22:44:05'),
(25, 'RICKET PROFILE', 'ملف تعريف ريكيت', 165, 2, 1, 1, '2024-05-23 22:51:02', '2024-05-23 22:51:02'),
(30, 'Urinalysis', 'البول', 165, 2, 1, 1, '2025-11-25 14:31:43', '2025-11-25 14:31:43'),
(31, 'Diagnostic Radiology', 'الأشعة التشخيصية', 372, 2, 2, 1, '2026-01-13 13:00:42', '2026-01-13 13:00:42'),
(33, 'Obstetric & Gynecologic Radiology', 'أشعة النساء والتوليد', 372, 2, 2, 1, '2026-01-13 13:17:17', '2026-01-13 13:17:17'),
(34, 'Interventional Radiology', 'الأشعة التداخلية', 372, 2, 2, 1, '2026-01-13 13:18:47', '2026-01-13 13:18:47'),
(35, 'Nuclear Medicine', 'الأشعة النووية', 372, 2, 2, 1, '2026-01-13 13:20:55', '2026-01-13 14:51:16'),
(36, 'Functional Imaging', 'الأشعة الوظيفية', 372, 2, 2, 1, '2026-01-13 13:22:24', '2026-01-13 13:22:24'),
(37, 'Gastrointestinal Radiology', 'أشعة الجهاز الهضمي', 372, 2, 2, 1, '2026-01-13 13:23:53', '2026-01-13 13:23:53'),
(38, 'Genitourinary Radiology', 'أشعة المسالك البولية', 372, 2, 2, 1, '2026-01-13 13:27:24', '2026-01-13 13:27:24'),
(40, 'Dental & Maxillofacial Radiology', 'أشعة الأسنان والفكين', 372, 2, 2, 1, '2026-01-13 14:29:54', '2026-01-13 14:29:54'),
(41, 'Computed Tomography', 'الأشعة المقطعية', 372, 2, 2, 1, '2026-01-13 14:38:47', '2026-01-13 14:38:47'),
(42, 'Magnetic Resonance Imaging', 'الرنين المغناطيسي', 372, 2, 2, 1, '2026-01-13 14:41:46', '2026-01-13 14:41:46'),
(43, 'Ultrasound', 'الموجات فوق الصوتية', 372, 2, 2, 1, '2026-01-13 14:44:40', '2026-01-13 14:44:40'),
(44, 'Breast Imaging', 'أشعة الثدي', 372, 2, 2, 1, '2026-01-13 14:49:28', '2026-01-13 14:49:28'),
(45, 'Angiography', 'التصوير الوعائي', 372, 2, 2, 1, '2026-01-13 14:53:41', '2026-01-13 14:53:41'),
(46, 'Bone Densitometry', 'قياس كثافة العظام', 372, 2, 2, 1, '2026-01-13 14:56:02', '2026-01-13 14:56:02');

-- --------------------------------------------------------

--
-- Table structure for table `service_analysis_attributes`
--

CREATE TABLE `service_analysis_attributes` (
  `id` bigint(20) UNSIGNED NOT NULL,
  `name` varchar(100) DEFAULT NULL,
  `service_id` bigint(20) UNSIGNED NOT NULL,
  `age_id` bigint(20) UNSIGNED DEFAULT NULL,
  `parent_id` bigint(20) UNSIGNED DEFAULT NULL,
  `unit` varchar(255) DEFAULT NULL,
  `normal_value` text DEFAULT NULL,
  `normal_value_female` text DEFAULT NULL,
  `status` tinyint(4) NOT NULL DEFAULT 1,
  `deleted_at` timestamp NULL DEFAULT NULL,
  `created_at` timestamp NULL DEFAULT NULL,
  `updated_at` timestamp NULL DEFAULT NULL
) ENGINE=InnoDB DEFAULT CHARSET=utf8mb4 COLLATE=utf8mb4_unicode_ci;

--
-- Dumping data for table `service_analysis_attributes`
--

INSERT INTO `service_analysis_attributes` (`id`, `name`, `service_id`, `age_id`, `parent_id`, `unit`, `normal_value`, `normal_value_female`, `status`, `deleted_at`, `created_at`, `updated_at`) VALUES
(4, 'REDBLOOD CELLS(RBCs) PARAMETERS:', 10, 1, NULL, NULL, NULL, NULL, 1, NULL, '2024-05-04 12:21:28', '2024-05-04 16:32:06'),
(5, 'RED BLOOD CELLS (RBCs)', 10, 4, 4, 'RBCs × 10*6 /µL', '3.2  -  4.8', NULL, 1, NULL, '2024-05-04 12:21:28', '2024-05-05 13:47:28'),
(6, 'HEMOGLOBIN (HB)', 10, 4, 4, 'g/d', '12  -  18', NULL, 1, NULL, '2024-05-04 12:23:19', '2024-05-05 13:47:28'),
(7, 'HEMATOCRITE (HCT, PCV)', 10, 4, 4, '%', '30  -  44', NULL, 1, NULL, '2024-05-04 12:24:22', '2024-05-05 13:47:28'),
(8, 'MEAN CORPUSCULAR VOLUME (MCV)', 10, 4, 4, 'fL', '79  -  99', NULL, 1, NULL, '2024-05-04 12:25:31', '2024-05-05 13:47:28'),
(9, 'MEAN CORPUSCULAR HEMGLOBIN (MCH)', 10, 4, 4, 'pg', '30  -  34', NULL, 1, NULL, '2024-05-04 12:26:21', '2024-05-05 13:47:28'),
(10, 'MEAN CORPUSCULAR HEMGLOBIN CONCENTRATION (MCHC)', 10, 4, 4, 'g/dl', '31  -  35', NULL, 1, NULL, '2024-05-04 12:27:08', '2024-05-05 13:47:28'),
(11, 'RED CELL DISTRIBUTION WIDTH (RDW)', 10, 4, 4, '%', '11  -  15', NULL, 1, NULL, '2024-05-04 12:27:48', '2024-05-05 13:47:28'),
(13, 'PLATELETS PARAMETERS:', 10, 1, NULL, NULL, NULL, NULL, 1, NULL, '2024-05-04 15:49:18', '2024-05-04 15:49:18'),
(14, 'PLATELETS (PLT)', 10, 4, 13, 'PLTs ×10*3/ µL', '150  -  450', NULL, 1, NULL, '2024-05-04 15:49:18', '2024-05-05 13:47:28'),
(15, 'MEAN PLETLET VOLUME (MPV)', 10, 4, 13, 'fL', '7.8  -  12.0', NULL, 1, NULL, '2024-05-04 16:18:46', '2024-05-05 13:47:28'),
(20, 'WHITE BLOOD CELLS (WBCs) PARAMETER:', 10, 1, NULL, NULL, NULL, NULL, 1, NULL, '2024-05-04 16:49:09', '2024-05-04 16:49:09'),
(21, 'WHITE BLOOD CELLS (WBCs, TLC)', 10, 4, 20, 'WBCs ×10*3 / µL', '5  -  20', NULL, 1, NULL, '2024-05-04 16:49:09', '2024-05-05 13:47:28'),
(22, 'GRANULOCYTES (GRAN. % )', 10, 4, 20, '%', '20   -   64.1', NULL, 1, NULL, '2024-05-04 16:49:09', '2024-05-05 13:47:28'),
(23, 'LYMPHOCYTES (LYM. %)', 10, 4, 20, '%', '27  -  82.7', NULL, 1, NULL, '2024-05-04 16:53:50', '2024-05-05 13:47:28'),
(24, 'MONOCYTES (MONO. %)', 10, 4, 20, '%', '0.0  -  8.0', NULL, 1, NULL, '2024-05-04 16:55:26', '2024-05-05 13:47:28'),
(25, 'EOSINOPHILS (EOS. %)', 10, 4, 20, '%', '0  -  7', NULL, 1, NULL, '2024-05-04 16:56:34', '2024-05-05 13:47:28'),
(26, 'BASOPHILS (BASO. %)', 10, 4, 20, '%', '0  -  1', NULL, 1, NULL, '2024-05-04 16:56:45', '2024-05-05 13:47:28'),
(27, 'REDBLOOD CELLS(RBCs) PARAMETERS:', 10, 4, NULL, NULL, NULL, NULL, 1, NULL, '2024-05-05 13:44:37', '2024-05-05 13:44:37'),
(28, 'RED BLOOD CELLS (RBCs)', 10, 4, 27, 'RBCs × 10*6 /µL', '4.0  -  5.3', NULL, 1, NULL, '2024-05-05 13:44:37', '2024-05-05 13:47:28'),
(29, 'HEMOGLOBIN (HB)', 10, 4, 27, 'g/dl', '11.1  -  15.7', NULL, 1, NULL, '2024-05-05 13:45:37', '2024-05-05 13:47:28'),
(30, 'HEMATOCRITE (HCT, PCV)', 10, 4, 27, '%', '31.4  -  46.3', NULL, 1, NULL, '2024-05-05 13:46:23', '2024-05-05 13:47:28'),
(31, 'MEAN CORPUSCULAR VOLUME (MCV)', 10, 4, 27, 'fL', '76.7  -  93.7', NULL, 1, NULL, '2024-05-05 13:47:01', '2024-05-05 13:47:28'),
(34, 'MEAN CORPUSCULAR HEMGLOBIN (MCH)', 10, 4, 27, 'pg', '24.8  -  31.4', NULL, 1, NULL, '2024-05-05 13:49:59', '2024-05-05 13:49:59'),
(35, 'MEAN CORPUSCULAR HEMGLOBIN CONCENTRATION (MCHC)', 10, 4, 27, 'g/dl', '31.0  -  35.6', NULL, 1, NULL, '2024-05-05 13:50:47', '2024-05-05 13:50:47'),
(36, 'RED CELL DISTRIBUTION WIDTH (RDW)', 10, 4, 27, '%', '11.3  15.2', NULL, 1, NULL, '2024-05-05 13:51:26', '2024-05-05 13:51:26'),
(37, 'PLATELETS PARAMETERS:', 10, 4, NULL, NULL, NULL, NULL, 1, NULL, '2024-05-05 13:52:29', '2024-05-05 13:52:29'),
(38, 'PLATELETS (PLT)', 10, 4, 37, 'PLTs ×10*3/ µL', '150  -  450', NULL, 1, NULL, '2024-05-05 13:52:29', '2024-05-05 13:52:29'),
(39, 'MEAN PLETLET VOLUME (MPV)', 10, 4, 37, 'fL', '7.5  -  12.0', NULL, 1, NULL, '2024-05-05 13:53:15', '2024-05-05 13:53:15'),
(40, 'WHITE BLOOD CELLS (WBCs) PARAMETER:', 10, 4, NULL, NULL, NULL, NULL, 1, NULL, '2024-05-05 13:54:20', '2024-05-05 13:54:20'),
(41, 'WHITE BLOOD CELLS (WBCs, TLC)', 10, 4, 40, 'WBCs ×10*3 / µL', '3.8  -  10.5', NULL, 1, NULL, '2024-05-05 13:54:20', '2024-05-05 13:54:20'),
(42, 'GRANULOCYTES (GRAN. % )', 10, 4, 40, '%', '20.0   -   80.0', NULL, 1, NULL, '2024-05-05 13:55:16', '2024-05-05 13:55:16'),
(43, 'LYMPHOCYTES (LYM. %)', 10, 4, 40, '%', '15.0  -  45.0', NULL, 1, NULL, '2024-05-05 13:56:02', '2024-05-05 13:56:02'),
(44, 'MONOCYTES (MONO. %)', 10, 4, 40, '%', '0  -  8', NULL, 1, NULL, '2024-05-05 13:56:45', '2024-05-05 13:56:45'),
(45, 'EOSINOPHILS (EOS. %)', 10, 4, 40, '%', '0  -  4.4', NULL, 1, NULL, '2024-05-05 13:57:28', '2024-05-05 13:57:28'),
(46, 'BASOPHILS (BASO. %)', 10, 4, 40, '%', '0  -  1', NULL, 1, NULL, '2024-05-05 13:58:58', '2024-05-05 13:58:58'),
(48, 'REDBLOOD CELLS(RBCs) PARAMETERS:', 10, 2, NULL, NULL, NULL, NULL, 1, NULL, '2024-05-05 14:02:51', '2024-05-05 14:02:51'),
(49, 'RED BLOOD CELLS (RBCs)', 10, 2, 48, 'RBCs × 10*6 /µL', '3.6  -  4.6', NULL, 1, NULL, '2024-05-05 14:02:51', '2024-05-05 14:02:51'),
(50, 'HEMOGLOBIN (HB)', 10, 2, 48, 'g/dl', '11  -  14', NULL, 1, NULL, '2024-05-05 14:03:30', '2024-05-05 14:03:30'),
(51, 'HEMATOCRITE (HCT, PCV)', 10, 2, 48, '%', '33  -  50', NULL, 1, NULL, '2024-05-05 14:04:22', '2024-05-05 14:04:22'),
(52, 'MEAN CORPUSCULAR VOLUME (MCV)', 10, 2, 48, 'fL', '70  -  84', NULL, 1, NULL, '2024-05-05 14:05:18', '2024-05-05 14:05:18'),
(53, 'MEAN CORPUSCULAR HEMGLOBIN (MCH)', 10, 2, 48, 'pg', '22  -  36', NULL, 1, NULL, '2024-05-05 14:06:12', '2024-05-05 14:06:12'),
(54, 'MEAN CORPUSCULAR HEMGLOBIN CONCENTRATION (MCHC)', 10, 2, 48, 'g/dl', '32  -  38', NULL, 1, NULL, '2024-05-05 14:06:55', '2024-05-05 14:06:55'),
(55, 'RED CELL DISTRIBUTION WIDTH (RDW)', 10, 2, 48, '%', '11 -  15', NULL, 1, NULL, '2024-05-05 14:07:42', '2024-05-05 14:07:42'),
(56, 'PLATELETS PARAMETERS:', 10, 2, NULL, NULL, NULL, NULL, 1, NULL, '2024-05-05 14:08:39', '2024-05-05 14:08:39'),
(57, 'PLATELETS (PLT)', 10, 2, 56, 'PLTs ×10*3/ µL', '150  -  450', NULL, 1, NULL, '2024-05-05 14:08:39', '2024-05-05 14:08:39'),
(58, 'MEAN PLETLET VOLUME (MPV)', 10, 2, 56, 'fL', '7.3  -  11.1', NULL, 1, NULL, '2024-05-05 14:09:35', '2024-05-05 14:09:35'),
(59, 'WHITE BLOOD CELLS (WBCs) PARAMETER:', 10, 2, NULL, NULL, NULL, NULL, 1, NULL, '2024-05-05 14:11:05', '2024-05-05 14:11:05'),
(60, 'WHITE BLOOD CELLS (WBCs, TLC)', 10, 2, 59, 'WBCs ×10*3 / µL', '6.0  -  17', NULL, 1, NULL, '2024-05-05 14:11:05', '2024-05-05 14:11:05'),
(61, 'GRANULOCYTES (GRAN. % )', 10, 2, 59, '%', '20.0   -   80.0', NULL, 1, NULL, '2024-05-05 14:11:52', '2024-05-05 14:11:52'),
(62, 'LYMPHOCYTES (LYM. %)', 10, 2, 59, '%', '27  -  85', NULL, 1, NULL, '2024-05-05 14:12:38', '2024-05-05 14:12:38'),
(63, 'MONOCYTES (MONO. %)', 10, 2, 59, '%', '0  -  8', NULL, 1, NULL, '2024-05-05 14:13:21', '2024-05-05 14:13:21'),
(64, 'EOSINOPHILS (EOS. %)', 10, 2, 59, '%', '0 -  6', NULL, 1, NULL, '2024-05-05 14:14:31', '2024-05-05 14:14:31'),
(65, 'BASOPHILS (BASO. %)', 10, 2, 59, '%', '0  -  2', NULL, 1, NULL, '2024-05-05 14:15:14', '2024-05-05 14:15:14'),
(66, 'REDBLOOD CELLS(RBCs) PARAMETERS:', 10, 5, NULL, NULL, NULL, NULL, 1, NULL, '2024-05-05 20:19:14', '2024-05-05 20:19:14'),
(67, 'RED BLOOD CELLS (RBCs)', 10, 5, 66, 'RBCs × 10*6 /µL', '4.5  -  6.5', '3.8  -  5.8', 1, NULL, '2024-05-05 20:19:14', '2024-05-05 20:19:14'),
(68, 'HEMOGLOBIN (HB)', 10, 5, 66, 'g/dl', '13.5  -  17.5', '12  -  16', 1, NULL, '2024-05-05 20:20:12', '2024-05-05 20:20:12'),
(69, 'HEMATOCRITE (HCT, PCV)', 10, 5, 66, '%', '33  -  50', '34  -  44', 1, NULL, '2024-05-05 20:21:34', '2024-05-05 20:21:34'),
(70, 'MEAN CORPUSCULAR VOLUME (MCV)', 10, 5, 66, 'fL', '76  -  96', '78  -  96', 1, NULL, '2024-05-05 20:22:22', '2024-05-05 20:22:22'),
(71, 'MEAN CORPUSCULAR HEMGLOBIN (MCH)', 10, 5, 66, 'pg', '27  -  32', '26  -  32', 1, NULL, '2024-05-05 20:23:27', '2024-05-05 20:23:27'),
(72, 'MEAN CORPUSCULAR HEMGLOBIN CONCENTRATION (MCHC)', 10, 5, 66, 'g/dl', '31.0  -  36', NULL, 1, NULL, '2024-05-05 20:24:25', '2024-05-05 20:24:25'),
(73, 'RED CELL DISTRIBUTION WIDTH (RDW)', 10, 5, 66, '%', '11.3  15.2', NULL, 1, NULL, '2024-05-05 20:25:24', '2024-05-05 20:25:24'),
(74, 'PLATELETS PARAMETERS:', 10, 5, NULL, NULL, NULL, NULL, 1, NULL, '2024-05-05 20:26:51', '2024-05-05 20:26:51'),
(75, 'PLATELETS (PLT)', 10, 5, 74, 'PLTs ×10*3/ µL', '150  -  450', NULL, 1, NULL, '2024-05-05 20:26:51', '2024-05-05 20:26:51'),
(76, 'MEAN PLETLET VOLUME (MPV)', 10, 5, 74, 'fL', '7.8  -  11', NULL, 1, NULL, '2024-05-05 20:27:41', '2024-05-05 20:27:41'),
(77, 'WHITE BLOOD CELLS (WBCs) PARAMETER:', 10, 5, NULL, NULL, NULL, NULL, 1, NULL, '2024-05-05 20:29:43', '2024-05-05 20:29:43'),
(78, 'WHITE BLOOD CELLS (WBCs, TLC)', 10, 5, 77, 'WBCs ×10*3 / µL', '4  -  11', NULL, 1, NULL, '2024-05-05 20:29:43', '2024-05-05 20:29:43'),
(79, 'GRANULOCYTES (GRAN. % )', 10, 5, 77, '%', '40   -   75', NULL, 1, NULL, '2024-05-05 20:30:22', '2024-05-05 20:30:22'),
(80, 'LYMPHOCYTES (LYM. %)', 10, 5, 77, '%', '20  -  45', NULL, 1, NULL, '2024-05-05 20:31:05', '2024-05-05 20:31:05'),
(81, 'MONOCYTES (MONO. %)', 10, 5, 77, '%', '1  -  10', NULL, 1, NULL, '2024-05-05 20:32:54', '2024-05-05 20:32:54'),
(82, 'EOSINOPHILS (EOS. %)', 10, 5, 77, '%', '0  -  6', NULL, 1, NULL, '2024-05-05 20:33:42', '2024-05-05 20:33:42'),
(83, 'BASOPHILS (BASO. %)', 10, 5, 77, '%', '0  -  1', NULL, 1, NULL, '2024-05-05 20:34:32', '2024-05-05 20:34:32'),
(84, 'REDBLOOD CELLS(RBCs) PARAMETERS:', 10, 3, NULL, NULL, NULL, NULL, 1, NULL, '2024-05-06 23:05:22', '2024-05-06 23:05:22'),
(85, 'RED BLOOD CELLS (RBCs)', 10, 3, 84, 'RBCs × 10*6 /µL', '3.9  -  5.2', NULL, 1, NULL, '2024-05-06 23:05:22', '2024-05-06 23:05:22'),
(86, 'HEMOGLOBIN (HB)', 10, 3, 84, 'g/dl', '11 -  14.9', NULL, 1, NULL, '2024-05-06 23:06:25', '2024-05-06 23:06:25'),
(87, 'HEMATOCRITE (HCT, PCV)', 10, 3, 84, '%', '33  -  46', NULL, 1, NULL, '2024-05-06 23:07:21', '2024-05-06 23:07:21'),
(88, 'MEAN CORPUSCULAR VOLUME (MCV)', 10, 3, 84, 'fL', '70  -  84', NULL, 1, NULL, '2024-05-06 23:09:01', '2024-05-06 23:09:01'),
(89, 'MEAN CORPUSCULAR HEMGLOBIN (MCH)', 10, 3, 84, 'pg', '25  -  30', NULL, 1, NULL, '2024-05-06 23:10:29', '2024-05-06 23:10:29'),
(90, 'MEAN CORPUSCULAR HEMGLOBIN CONCENTRATION (MCHC)', 10, 3, 84, 'g/dl', '31.8  -  35.8', NULL, 1, NULL, '2024-05-06 23:11:30', '2024-05-06 23:11:30'),
(91, 'RED CELL DISTRIBUTION WIDTH (RDW)', 10, 3, 84, '%', '11  -  15', NULL, 1, NULL, '2024-05-06 23:12:16', '2024-05-06 23:12:16'),
(92, 'PLATELETS PARAMETERS:', 10, 3, NULL, NULL, NULL, NULL, 1, NULL, '2024-05-06 23:13:40', '2024-05-06 23:13:40'),
(93, 'PLATELETS (PLT)', 10, 3, 92, 'PLTs ×10*3/ µL', '150  -  450', NULL, 1, NULL, '2024-05-06 23:13:40', '2024-05-06 23:13:40'),
(94, 'MEAN PLETLET VOLUME (MPV)', 10, 3, 92, 'fL', '7.2  -  11', NULL, 1, NULL, '2024-05-06 23:14:19', '2024-05-06 23:14:19'),
(95, 'WHITE BLOOD CELLS (WBCs) PARAMETER:', 10, 3, NULL, NULL, NULL, NULL, 1, NULL, '2024-05-06 23:15:06', '2024-05-06 23:15:06'),
(96, 'WHITE BLOOD CELLS (WBCs, TLC)', 10, 3, 95, 'WBCs ×10*3 / µL', '5  -  13', NULL, 1, NULL, '2024-05-06 23:15:06', '2024-05-06 23:15:06'),
(97, 'GRANULOCYTES (GRAN. % )', 10, 3, 95, '%', '20.0   -   80.0', NULL, 1, NULL, '2024-05-06 23:15:45', '2024-05-06 23:15:45'),
(98, 'LYMPHOCYTES (LYM. %)', 10, 3, 95, '%', '27  -  85', NULL, 1, NULL, '2024-05-06 23:16:27', '2024-05-06 23:16:27'),
(99, 'MONOCYTES (MONO. %)', 10, 3, 95, '%', '0  -  8', NULL, 1, NULL, '2024-05-06 23:17:04', '2024-05-06 23:17:04'),
(100, 'EOSINOPHILS (EOS. %)', 10, 3, 95, '%', '0  -  4', NULL, 1, NULL, '2024-05-06 23:17:50', '2024-05-06 23:17:50'),
(101, 'BASOPHILS (BASO. %)', 10, 3, 95, '%', '0  -  1', NULL, 1, NULL, '2024-05-06 23:18:30', '2024-05-06 23:18:30'),
(102, 'PHYSICAL EXAMINATION', 42, NULL, NULL, NULL, NULL, NULL, 1, NULL, '2024-06-15 21:55:47', '2024-06-15 21:55:47'),
(107, 'Color', 42, NULL, 102, NULL, 'Brown', NULL, 1, NULL, '2024-06-15 22:31:13', '2024-06-15 22:31:13'),
(108, 'Odor', 42, NULL, 102, NULL, 'Fecal', NULL, 1, NULL, '2024-06-15 22:31:53', '2024-06-15 22:31:53'),
(109, 'Consistency', 42, NULL, 102, NULL, 'Soft', NULL, 1, NULL, '2024-06-15 22:33:06', '2024-06-15 22:33:06'),
(110, 'Parasites', 42, NULL, 102, NULL, 'Nil', NULL, 1, NULL, '2024-06-15 22:33:42', '2024-06-15 22:33:42'),
(111, 'Blood', 42, NULL, 102, NULL, 'Nil', NULL, 1, NULL, '2024-06-15 22:34:19', '2024-06-15 22:34:19'),
(112, 'Mucus', 42, NULL, 102, NULL, 'Nil', NULL, 1, NULL, '2024-06-15 22:34:55', '2024-06-15 22:34:55'),
(113, 'MICROSCOPIC EXAMINATION', 42, NULL, NULL, NULL, NULL, NULL, 1, NULL, '2024-06-15 22:35:33', '2024-06-15 22:35:33'),
(114, 'Pus Cell', 42, NULL, 113, 'Pus/HPF', '0  -  5', NULL, 1, NULL, '2024-06-15 22:35:33', '2024-06-15 22:35:33'),
(115, 'Red Blood Cells (RBCs)', 42, NULL, 113, 'RBCs/HPF', '0  -  5', NULL, 1, NULL, '2024-06-15 22:36:22', '2024-06-15 22:36:22'),
(116, 'Parasites', 42, NULL, 113, NULL, 'Nil', NULL, 1, NULL, '2024-06-15 22:37:02', '2024-06-15 22:37:02'),
(117, 'Ova', 42, NULL, 113, NULL, 'Nil', NULL, 1, NULL, '2024-06-15 22:37:23', '2024-06-15 22:37:23'),
(118, 'Cysts', 42, NULL, 113, NULL, 'Nil', NULL, 1, NULL, '2024-06-15 22:37:47', '2024-06-15 22:37:47'),
(119, 'Trophozoite', 42, NULL, 113, NULL, 'Nil', NULL, 1, NULL, '2024-06-15 22:38:06', '2024-06-15 22:38:06'),
(120, 'Yeasts', 42, NULL, 113, NULL, 'Nil', NULL, 1, NULL, '2024-06-15 22:38:29', '2024-06-15 22:38:29'),
(121, 'Bacteria', 42, NULL, 113, NULL, 'Nil', NULL, 1, NULL, '2024-06-15 22:38:45', '2024-06-15 22:38:45'),
(122, 'Starch', 42, NULL, 113, NULL, NULL, NULL, 1, NULL, '2024-06-15 22:38:59', '2024-06-15 22:38:59'),
(123, 'Fats', 42, NULL, 113, NULL, 'Nil', NULL, 1, NULL, '2024-06-15 22:39:20', '2024-06-15 22:39:20'),
(124, 'Vegetables', 42, NULL, 113, NULL, NULL, NULL, 1, NULL, '2024-06-15 22:39:40', '2024-06-15 22:39:40'),
(125, 'Meat/Muscle Fibers', 42, NULL, 113, NULL, NULL, NULL, 1, NULL, '2024-06-15 22:39:58', '2024-06-15 22:39:58'),
(126, 'Others', 42, NULL, 113, NULL, 'Nil', NULL, 1, NULL, '2024-06-15 22:40:34', '2024-06-15 22:40:34'),
(127, 'PHYSICAL EXAMINATION', 41, NULL, NULL, NULL, NULL, NULL, 1, NULL, '2024-06-15 22:50:36', '2024-06-15 22:50:36'),
(128, 'Color', 41, NULL, 127, NULL, 'Yellow', NULL, 1, NULL, '2024-06-15 22:50:36', '2024-06-15 22:50:36'),
(129, 'Aspect', 41, NULL, 127, NULL, 'Clear', NULL, 1, NULL, '2024-06-15 22:50:52', '2024-06-15 22:50:52'),
(130, 'CHEMICAL EXAMINATION', 41, NULL, NULL, NULL, NULL, NULL, 1, NULL, '2024-06-15 22:51:30', '2024-06-15 22:51:30'),
(131, 'PH', 41, NULL, 130, NULL, 'Acidic', NULL, 1, NULL, '2024-06-15 22:51:30', '2024-06-15 22:51:30'),
(132, 'Specific Gravity(SPG)', 41, NULL, 130, NULL, '>1.005', NULL, 1, NULL, '2024-06-15 22:51:51', '2024-06-15 22:51:51'),
(133, 'Leukocyte', 41, NULL, 130, NULL, 'Nil', NULL, 1, NULL, '2024-06-15 22:52:08', '2024-06-15 22:52:08'),
(134, 'Nitrite (NIT)', 41, NULL, 130, NULL, 'Nil', NULL, 1, NULL, '2024-06-15 22:52:29', '2024-06-15 22:52:29'),
(135, 'Protein (PTN)', 41, NULL, 130, NULL, 'Nil', NULL, 1, NULL, '2024-06-15 22:52:42', '2024-06-15 22:52:42'),
(136, 'Glucose (GLU)', 41, NULL, 130, NULL, 'Nil', NULL, 1, NULL, '2024-06-15 22:52:59', '2024-06-15 22:52:59'),
(137, 'Ketones', 41, NULL, 130, NULL, 'Nil', NULL, 1, NULL, '2024-06-15 22:53:18', '2024-06-15 22:53:18'),
(138, 'Urobilinogen(UBG)', 41, NULL, 130, NULL, 'Nil', NULL, 1, NULL, '2024-06-15 22:53:34', '2024-06-15 22:53:34'),
(139, 'Bilirubin (BIL)', 41, NULL, 130, NULL, 'Nil', NULL, 1, NULL, '2024-06-15 22:53:51', '2024-06-15 22:53:51'),
(140, 'Blood (HB,RBCs)', 41, NULL, 130, NULL, 'Nil', NULL, 1, NULL, '2024-06-15 22:54:09', '2024-06-15 22:54:09'),
(141, 'MICROSCOPIC EXAMINATION', 41, NULL, NULL, NULL, NULL, NULL, 1, NULL, '2024-06-15 22:54:45', '2024-06-15 22:54:45'),
(142, 'Pus Cell', 41, NULL, 141, 'Pus/HPF', '0  -  5', NULL, 1, NULL, '2024-06-15 22:54:45', '2024-06-15 22:54:45'),
(143, 'Red Blood Cells (RBCs)', 41, NULL, 141, 'RBCs/HPF', '0  -  5', NULL, 1, NULL, '2024-06-15 22:55:12', '2024-06-15 22:55:12'),
(144, 'Epithelial Cells', 41, NULL, 141, NULL, NULL, NULL, 1, NULL, '2024-06-15 22:55:30', '2024-06-15 22:55:30'),
(145, 'Crystals', 41, NULL, 141, NULL, 'Nil', NULL, 1, NULL, '2024-06-15 22:55:55', '2024-06-15 22:55:55'),
(146, 'Amorphous Material', 41, NULL, 141, NULL, 'Nil', NULL, 1, NULL, '2024-06-15 22:56:16', '2024-06-15 22:56:16'),
(147, 'Mucus', 41, NULL, 141, NULL, 'Nil', NULL, 1, NULL, '2024-06-15 22:56:31', '2024-06-15 22:56:31'),
(148, 'Casts', 41, NULL, 141, NULL, 'Nil', NULL, 1, NULL, '2024-06-15 22:56:52', '2024-06-15 22:56:52'),
(149, 'Bacteria', 41, NULL, 141, NULL, 'Nil', NULL, 1, NULL, '2024-06-15 22:57:16', '2024-06-15 22:57:16'),
(150, 'Yeasts', 41, NULL, 141, NULL, 'Nil', NULL, 1, NULL, '2024-06-15 22:57:33', '2024-06-15 22:57:33'),
(151, 'Sperms', 41, NULL, 141, NULL, 'Nil', NULL, 1, NULL, '2024-06-15 22:57:58', '2024-06-15 22:57:58'),
(152, 'Others', 41, NULL, 141, NULL, NULL, NULL, 1, NULL, '2024-06-15 22:58:13', '2024-06-15 22:58:13'),
(164, 'تحليل البول', 201, 1, NULL, NULL, NULL, NULL, 1, NULL, '2025-11-25 15:04:25', '2025-11-25 15:04:25'),
(165, 'Urine Protein (UP)', 201, 1, 164, 'mg/dL', '≤ 25 mg/dL', '-', 1, NULL, '2025-11-25 15:04:25', '2025-11-25 15:04:25'),
(166, 'تحليل البول', 201, 2, NULL, NULL, NULL, NULL, 1, NULL, '2025-11-25 15:04:43', '2025-11-25 15:04:43'),
(167, 'Urine Protein (UP)', 201, 2, 166, 'mg/dL', '≤ 20 mg/dL', '-', 1, NULL, '2025-11-25 15:04:43', '2025-11-25 15:04:43'),
(168, 'تحليل البول', 201, 3, NULL, NULL, NULL, NULL, 1, NULL, '2025-11-25 15:05:13', '2025-11-25 15:05:13'),
(169, 'Urine Protein (UP)', 201, 3, 168, 'mg/dL', '≤ 15 mg/dL', '-', 1, NULL, '2025-11-25 15:05:13', '2025-11-25 15:05:13'),
(170, 'تحليل البول', 201, 4, NULL, NULL, NULL, NULL, 1, NULL, '2025-11-25 15:05:46', '2025-11-25 15:05:46'),
(171, 'Urine Protein (UP)', 201, 4, 170, 'Qualitative', 'Negative – Trace', '-', 1, NULL, '2025-11-25 15:05:46', '2025-11-25 15:05:46'),
(172, 'تحليل البول', 201, 5, NULL, NULL, NULL, NULL, 1, NULL, '2025-11-25 15:06:29', '2025-11-25 15:06:29'),
(173, 'Urine Protein (UP)', 201, 5, 172, 'mg/dL', 'Negative – Trace (< 30 mg/dL)', 'في الحمل: حتى 300 مجم/24 ساعة طبيعي', 1, NULL, '2025-11-25 15:06:29', '2025-11-25 15:06:29'),
(174, 'تحليل البول', 190, NULL, NULL, NULL, NULL, NULL, 1, NULL, '2025-11-25 15:10:09', '2025-11-25 15:10:09'),
(175, 'خلايا الدم البيضاء UWBC', 190, NULL, 174, 'خلايا/HPF', '0–5 /HPF (95th percentile)', 'الإناث قد تصل 0–10 بسبب الإفرازات', 1, NULL, '2025-11-25 15:10:09', '2025-11-25 15:10:09'),
(176, 'تحليل البول', 191, NULL, NULL, NULL, NULL, NULL, 1, NULL, '2025-11-25 15:11:25', '2025-11-25 15:11:25'),
(177, 'خلايا الدم الحمراء URBC', 191, NULL, 176, 'خلايا/HPF', '0–3 /HPF (95th percentile)', 'الإناث قد تصل 0–5 بسبب التلوث الدوري', 1, NULL, '2025-11-25 15:11:25', '2025-11-25 15:11:25'),
(178, 'تحليل البول', 194, 1, NULL, NULL, NULL, NULL, 1, NULL, '2025-11-25 15:13:21', '2025-11-25 15:13:21'),
(179, 'الكثافة النوعية USG (صباحية)', 194, 5, 178, 'SG', '1.002 – 1.012', NULL, 1, NULL, '2025-11-25 15:13:21', '2025-11-25 15:18:08'),
(180, 'تحليل البول', 194, 2, NULL, NULL, NULL, NULL, 1, NULL, '2025-11-25 15:14:06', '2025-11-25 15:14:06'),
(181, 'الكثافة النوعية USG (صباحية)', 194, 5, 180, 'SG', '1.002 – 1.018', NULL, 1, NULL, '2025-11-25 15:14:06', '2025-11-25 15:18:08'),
(182, 'تحليل البول', 194, 3, NULL, NULL, NULL, NULL, 1, NULL, '2025-11-25 15:14:35', '2025-11-25 15:14:35'),
(183, 'الكثافة النوعية USG (صباحية)', 194, 5, 182, 'SG', '1.005 – 1.030', NULL, 1, NULL, '2025-11-25 15:14:35', '2025-11-25 15:18:08'),
(184, 'تحليل البول', 194, 4, NULL, NULL, NULL, NULL, 1, NULL, '2025-11-25 15:15:22', '2025-11-25 15:15:22'),
(185, 'الكثافة النوعية USG (صباحية)', 194, 5, 184, 'SG', '1.010 – 1.030', NULL, 1, NULL, '2025-11-25 15:15:22', '2025-11-25 15:18:08'),
(186, 'تحليل البول', 194, 5, NULL, NULL, NULL, NULL, 1, NULL, '2025-11-25 15:15:43', '2025-11-25 15:15:43'),
(187, 'الكثافة النوعية USG (صباحية)', 194, 5, 186, 'SG', '1.005 – 1.030 (95th percentile)', 'في الحمل تنخفض إلى 1.001–1.025', 1, NULL, '2025-11-25 15:15:43', '2025-11-25 15:18:08'),
(188, 'تحليل البول', 193, 1, NULL, NULL, NULL, NULL, 1, NULL, '2025-11-25 15:19:38', '2025-11-25 15:19:38'),
(189, 'درجة الحموضة U-pH', 193, 5, 188, 'pH', '5.0 – 7.8 (2.5–97.5th)', NULL, 1, NULL, '2025-11-25 15:19:38', '2025-11-25 15:20:45'),
(190, 'تحليل البول', 193, 5, NULL, NULL, NULL, NULL, 1, NULL, '2025-11-25 15:20:06', '2025-11-25 15:20:06'),
(191, 'درجة الحموضة U-pH', 193, 5, 190, 'pH', '4.5 – 8.0 (متوسط 6.0)', 'الحمل: قد تصل 8.0–8.5 طبيعي', 1, NULL, '2025-11-25 15:20:06', '2025-11-25 15:20:45'),
(192, 'تحليل البول', 193, 2, NULL, NULL, NULL, NULL, 1, NULL, '2025-11-25 15:20:34', '2025-11-25 15:20:34'),
(193, 'درجة الحموضة U-pH', 193, 5, 192, 'pH', '5.0 – 8.0', NULL, 1, NULL, '2025-11-25 15:20:34', '2025-11-25 15:20:45'),
(194, 'تحليل البول', 193, 3, NULL, NULL, NULL, NULL, 1, NULL, '2025-11-25 15:21:05', '2025-11-25 15:21:05'),
(195, 'درجة الحموضة U-pH', 193, 3, 194, 'pH', '5.0 – 8.0', NULL, 1, NULL, '2025-11-25 15:21:05', '2025-11-25 15:21:05'),
(196, 'تحليل البول', 193, 4, NULL, NULL, NULL, NULL, 1, NULL, '2025-11-25 15:21:22', '2025-11-25 15:21:22'),
(197, 'درجة الحموضة U-pH', 193, 4, 196, 'pH', '5.0 – 8.0', NULL, 1, NULL, '2025-11-25 15:21:22', '2025-11-25 15:21:22'),
(198, 'تحليل البول', 198, NULL, NULL, NULL, NULL, NULL, 1, NULL, '2025-11-25 15:22:49', '2025-11-25 15:22:49'),
(199, 'بيليروبين', 198, NULL, 198, 'Qualitative', 'Negative', NULL, 1, NULL, '2025-11-25 15:22:49', '2025-11-25 15:22:49'),
(200, 'تحليل البول', 199, NULL, NULL, NULL, NULL, NULL, 1, NULL, '2025-11-25 15:24:33', '2025-11-25 15:24:33'),
(201, 'يوروبيلينوجين', 199, NULL, 200, 'mg/dL', 'Negative 	0.1 - 1.0', NULL, 1, NULL, '2025-11-25 15:24:33', '2025-11-25 15:24:33'),
(202, 'قسم الكيمياء الحيوية', 202, 1, NULL, NULL, NULL, NULL, 1, NULL, '2025-11-26 12:19:15', '2025-11-26 12:19:15'),
(203, 'سكر صائم', 202, 1, 202, 'mg/dL', '40 – 90 mg/dL', '40 – 90 mg/dL', 1, NULL, '2025-11-26 12:19:15', '2025-11-26 12:19:15'),
(204, 'قسم الكيمياء الحيوية', 202, 2, NULL, NULL, NULL, NULL, 1, NULL, '2025-11-26 12:19:46', '2025-11-26 12:19:46'),
(205, 'سكر صائم', 202, 2, 204, 'mg/dL', '60 – 100 mg/dL', '60 – 100 mg/dL', 1, NULL, '2025-11-26 12:19:46', '2025-11-26 12:19:46'),
(206, 'قسم الكيمياء الحيوية', 202, 3, NULL, NULL, NULL, NULL, 1, NULL, '2025-11-26 12:20:06', '2025-11-26 12:20:06'),
(207, 'سكر صائم', 202, 3, 206, 'mg/dL', '70 – 100 mg/dL', '70 – 100 mg/dL', 1, NULL, '2025-11-26 12:20:06', '2025-11-26 12:20:06'),
(208, 'قسم الكيمياء الحيوية', 202, 4, NULL, NULL, NULL, NULL, 1, NULL, '2025-11-26 12:20:42', '2025-11-26 12:20:42'),
(209, 'سكر صائم', 202, 4, 208, 'mg/dL', '70 – 100 mg/dL', '70 – 100 mg/dL', 1, NULL, '2025-11-26 12:20:42', '2025-11-26 12:20:42'),
(210, 'قسم الكيمياء الحيوية', 202, 5, NULL, NULL, NULL, NULL, 1, NULL, '2025-11-26 12:21:17', '2025-11-26 12:21:17'),
(211, 'سكر صائم', 202, 5, 210, '70 – 99 mg/dL', '70 – 99 mg/dL', '70 – 99 mg/dL', 1, NULL, '2025-11-26 12:21:17', '2025-11-26 12:21:17'),
(212, 'قسم الكيمياء الحيوية', 203, 1, NULL, NULL, NULL, NULL, 1, NULL, '2025-11-26 12:25:10', '2025-11-26 12:25:10'),
(213, 'سكر فاطر', 203, 1, 212, 'mg/dL', '50 – 120 mg/dL', '50 – 120 mg/dL', 1, NULL, '2025-11-26 12:25:10', '2025-11-26 12:25:10'),
(214, 'قسم الكيمياء الحيوية', 203, 2, NULL, NULL, NULL, NULL, 1, NULL, '2025-11-26 12:25:35', '2025-11-26 12:25:35'),
(215, 'سكر فاطر', 203, 2, 214, 'mg/dL', '70 – 140 mg/dL', '70 – 140 mg/dL', 1, NULL, '2025-11-26 12:25:35', '2025-11-26 12:25:35'),
(216, 'قسم الكيمياء الحيوية', 203, 3, NULL, NULL, NULL, NULL, 1, NULL, '2025-11-26 12:25:57', '2025-11-26 12:25:57'),
(217, 'سكر فاطر', 203, 3, 216, 'mg/dL', '70 – 140 mg/dL', '70 – 140 mg/dL', 1, NULL, '2025-11-26 12:25:57', '2025-11-26 12:25:57'),
(218, 'قسم الكيمياء الحيوية', 203, 4, NULL, NULL, NULL, NULL, 1, NULL, '2025-11-26 12:26:26', '2025-11-26 12:26:26'),
(219, 'سكر فاطر', 203, 4, 218, 'mg/dL', '70 – 140 mg/dL', '70 – 140 mg/dL', 1, NULL, '2025-11-26 12:26:26', '2025-11-26 12:26:26'),
(220, 'قسم الكيمياء الحيوية', 203, 5, NULL, NULL, NULL, NULL, 1, NULL, '2025-11-26 12:26:48', '2025-11-26 12:26:48'),
(221, 'سكر فاطر', 203, 5, 220, 'mg/dL', 'أقل من 140 mg/dL', 'أقل من 140 mg/dL', 1, NULL, '2025-11-26 12:26:48', '2025-11-26 12:26:48'),
(222, 'قسم الكيمياء الحيوية', 204, NULL, NULL, NULL, NULL, NULL, 1, NULL, '2025-11-26 12:31:18', '2025-11-26 12:31:18'),
(223, 'سكر تراكمي', 204, NULL, 222, '%', '4.0% – 5.6%', '4.0% – 5.6%', 1, NULL, '2025-11-26 12:31:18', '2025-11-26 12:31:18'),
(224, 'قسم الكيمياء الحيوية', 205, 1, NULL, NULL, NULL, NULL, 1, NULL, '2025-11-26 12:35:41', '2025-11-26 12:35:41'),
(225, 'كرياتينين', 205, 5, 224, 'mg/dL', '0.3 – 1.0 mg/dL', '0.3 – 1.0 mg/dL', 1, NULL, '2025-11-26 12:35:41', '2025-11-26 12:39:43'),
(226, 'قسم الكيمياء الحيوية', 205, 2, NULL, NULL, NULL, NULL, 1, NULL, '2025-11-26 12:36:17', '2025-11-26 12:36:17'),
(227, 'كرياتينين', 205, 5, 226, 'mg/dL', '0.2 – 0.4 mg/dL', '0.2 – 0.4 mg/dL', 1, NULL, '2025-11-26 12:36:17', '2025-11-26 12:39:43'),
(228, 'قسم الكيمياء الحيوية', 205, 3, NULL, NULL, NULL, NULL, 1, NULL, '2025-11-26 12:37:39', '2025-11-26 12:37:39'),
(229, 'كرياتينين', 205, 5, 228, 'mg/dL', '0.3 – 0.7 mg/dL', '0.3 – 0.7 mg/dL', 1, NULL, '2025-11-26 12:37:39', '2025-11-26 12:39:43'),
(230, 'قسم الكيمياء الحيوية', 205, 4, NULL, NULL, NULL, NULL, 1, NULL, '2025-11-26 12:38:10', '2025-11-26 12:38:10'),
(231, 'كرياتينين', 205, 5, 230, 'mg/dL', '0.4 – 0.9 mg/dL', '0.5 – 1.0 mg/dL', 1, NULL, '2025-11-26 12:38:10', '2025-11-26 12:39:43'),
(232, 'قسم الكيمياء الحيوية', 205, 5, NULL, NULL, NULL, NULL, 1, NULL, '2025-11-26 12:39:20', '2025-11-26 12:39:20'),
(233, 'كرياتينين', 205, 5, 232, 'mg/dL', '0.6 – 1.1 mg/dL', '0.7 – 1.3 mg/dL', 1, NULL, '2025-11-26 12:39:20', '2025-11-26 12:39:43'),
(234, 'قسم الكيمياء الحيوية', 206, 1, NULL, NULL, NULL, NULL, 1, NULL, '2025-11-26 12:42:32', '2025-11-27 15:57:20'),
(235, 'يوريا', 206, 5, 234, 'mg/dL', '3 – 12 mg/dL', '3 – 12 mg/dL', 1, NULL, '2025-11-26 12:42:32', '2025-11-27 15:57:20'),
(236, 'قسم الكيمياء الحيوية', 206, 2, NULL, NULL, NULL, NULL, 1, NULL, '2025-11-26 12:42:57', '2025-11-26 12:42:57'),
(237, 'يوريا', 206, 5, 236, 'mg/dL', '5 – 18 mg/dL', '5 – 18 mg/dL', 1, NULL, '2025-11-26 12:42:57', '2025-11-27 15:57:20'),
(238, 'قسم الكيمياء الحيوية', 206, 3, NULL, NULL, NULL, NULL, 1, NULL, '2025-11-26 12:43:21', '2025-11-26 12:43:21'),
(239, 'يوريا', 206, 5, 238, 'mg/dL', '7 – 20 mg/dL', '7 – 20 mg/dL', 1, NULL, '2025-11-26 12:43:21', '2025-11-27 15:57:20'),
(240, 'قسم الكيمياء الحيوية', 206, 4, NULL, NULL, NULL, NULL, 1, NULL, '2025-11-26 12:43:53', '2025-11-26 12:43:53'),
(241, 'يوريا', 206, 5, 240, 'mg/dL', '7 – 20 mg/dL', '7 – 22 mg/dL', 1, NULL, '2025-11-26 12:43:53', '2025-11-27 15:57:20'),
(242, 'قسم الكيمياء الحيوية', 206, 5, NULL, NULL, NULL, NULL, 1, NULL, '2025-11-26 12:44:26', '2025-11-26 12:44:26'),
(243, 'يوريا', 206, 5, 242, 'mg/dL', '7 – 45 mg/dL', '10 – 50 mg/dL', 1, NULL, '2025-11-26 12:44:26', '2025-11-27 15:57:20'),
(244, 'قسم الكيمياء الحيوية', 207, 1, NULL, NULL, NULL, NULL, 1, NULL, '2025-11-26 12:53:34', '2025-11-26 12:53:34'),
(245, 'حمض البوليك', 207, 4, 244, 'mg/dL', '2.0 – 7.0 mg/dL', '2.0 – 7.0 mg/dL', 1, NULL, '2025-11-26 12:53:34', '2025-11-26 12:55:07'),
(246, 'قسم الكيمياء الحيوية', 207, 2, NULL, NULL, NULL, NULL, 1, NULL, '2025-11-26 12:53:55', '2025-11-26 12:53:55'),
(247, 'حمض البوليك', 207, 4, 246, 'mg/dL', '2.0 – 6.0 mg/dL', '2.0 – 6.0 mg/dL', 1, NULL, '2025-11-26 12:53:55', '2025-11-26 12:55:07'),
(248, 'قسم الكيمياء الحيوية', 207, 3, NULL, NULL, NULL, NULL, 1, NULL, '2025-11-26 12:54:16', '2025-11-26 12:54:16'),
(249, 'حمض البوليك', 207, 4, 248, 'mg/dL', '2.0 – 5.5 mg/dL', '2.0 – 5.5 mg/dL', 1, NULL, '2025-11-26 12:54:16', '2025-11-26 12:55:07'),
(250, 'قسم الكيمياء الحيوية', 207, 4, NULL, NULL, NULL, NULL, 1, NULL, '2025-11-26 12:54:39', '2025-11-26 12:54:39'),
(251, 'حمض البوليك', 207, 4, 250, 'mg/dL', '2.5 – 6.0 mg/dL', '3.0 – 7.0 mg/dL', 1, NULL, '2025-11-26 12:54:39', '2025-11-26 12:55:07'),
(252, 'قسم الكيمياء الحيوية', 207, 5, NULL, NULL, NULL, NULL, 1, NULL, '2025-11-26 12:55:40', '2025-11-26 12:55:40'),
(253, 'حمض البوليك', 207, 5, 252, 'mg/dL', '2.6 – 6.0 mg/dL', '3.5 – 7.2 mg/dL', 1, NULL, '2025-11-26 12:55:40', '2025-11-26 12:55:40'),
(254, 'قسم الكيمياء الحيوية', 208, 2, NULL, NULL, NULL, NULL, 1, NULL, '2025-11-26 12:58:56', '2025-11-27 16:07:10'),
(255, 'ألبيومين', 208, 5, 254, 'g/dL', '2.9 – 4.3 g/dL', '2.9 – 4.3 g/dL', 1, NULL, '2025-11-26 12:58:56', '2025-11-27 16:09:00'),
(256, 'قسم الكيمياء الحيوية', 208, 3, NULL, NULL, NULL, NULL, 1, NULL, '2025-11-26 12:59:24', '2025-11-27 16:07:10'),
(257, 'ألبيومين', 208, 5, 256, 'g/dL', '3.2 – 4.5 g/dL', '3.2 – 4.5 g/dL', 1, NULL, '2025-11-26 12:59:24', '2025-11-27 16:09:00'),
(258, 'قسم الكيمياء الحيوية', 208, 1, NULL, NULL, NULL, NULL, 1, NULL, '2025-11-26 12:59:42', '2025-11-27 16:07:10'),
(259, 'ألبيومين', 208, 5, 258, 'g/dL', '3.4 – 4.8 g/dL', '3.4 – 4.8 g/dL', 1, NULL, '2025-11-26 12:59:42', '2025-11-27 16:09:00'),
(260, 'قسم الكيمياء الحيوية', 208, 4, NULL, NULL, NULL, NULL, 1, NULL, '2025-11-26 13:00:10', '2025-11-27 16:07:10'),
(261, 'ألبيومين', 208, 5, 260, 'g/dL', '3.5 – 5.0 g/dL', '3.5 – 5.0 g/dL', 1, NULL, '2025-11-26 13:00:10', '2025-11-27 16:09:00'),
(262, 'قسم الكيمياء الحيوية', 208, 5, NULL, NULL, NULL, NULL, 1, NULL, '2025-11-26 13:00:35', '2025-11-26 13:00:35'),
(263, 'ألبيومين', 208, 5, 262, 'g/dL', '3.5 – 5.0 g/dL', '3.5 – 5.0 g/dL', 1, NULL, '2025-11-26 13:00:35', '2025-11-27 16:09:00'),
(264, 'قسم الكيمياء الحيوية', 209, 1, NULL, NULL, NULL, NULL, 1, NULL, '2025-11-26 13:05:15', '2025-11-26 13:05:15'),
(265, 'البروتين الكلي', 209, 1, 264, 'g/dL', '5.0 – 6.6 g/dL', '5.0 – 6.6 g/dL', 1, NULL, '2025-11-26 13:05:15', '2025-11-26 13:05:15'),
(266, 'قسم الكيمياء الحيوية', 209, 2, NULL, NULL, NULL, NULL, 1, NULL, '2025-11-26 13:05:41', '2025-11-26 13:05:41'),
(267, 'البروتين الكلي', 209, 2, 266, 'g/dL', '5.5 – 7.0 g/dL', '5.5 – 7.0 g/dL', 1, NULL, '2025-11-26 13:05:41', '2025-11-26 13:05:41'),
(268, 'قسم الكيمياء الحيوية', 209, 3, NULL, NULL, NULL, NULL, 1, NULL, '2025-11-26 13:06:13', '2025-11-26 13:06:13'),
(269, 'البروتين الكلي', 209, 3, 268, 'g/dL', '6.0 – 7.5 g/dL', '6.0 – 7.5 g/dL', 1, NULL, '2025-11-26 13:06:13', '2025-11-26 13:06:13'),
(270, 'قسم الكيمياء الحيوية', 209, 4, NULL, NULL, NULL, NULL, 1, NULL, '2025-11-26 13:06:51', '2025-11-26 13:06:51'),
(271, 'البروتين الكلي', 209, 4, 270, 'g/dL', '6.4 – 8.3 g/dL', '6.4 – 8.3 g/dL', 1, NULL, '2025-11-26 13:06:51', '2025-11-26 13:06:51'),
(272, 'قسم الكيمياء الحيوية', 209, 5, NULL, NULL, NULL, NULL, 1, NULL, '2025-11-26 13:07:30', '2025-11-26 13:07:30'),
(273, 'البروتين الكلي', 209, 5, 272, 'g/dL', '6.4 – 8.3 g/dL', '6.4 – 8.3 g/dL', 1, NULL, '2025-11-26 13:07:30', '2025-11-26 13:07:30'),
(274, 'قسم الكيمياء الحيوية', 210, 1, NULL, NULL, NULL, NULL, 1, NULL, '2025-11-26 13:15:24', '2025-11-26 13:15:24'),
(275, 'كالسيوم', 210, 1, 274, 'mg/dL', '8.0 – 10.0 mg/dL', '8.0 – 10.0 mg/dL', 1, NULL, '2025-11-26 13:15:24', '2025-11-26 13:15:24'),
(276, 'قسم الكيمياء الحيوية', 210, 2, NULL, NULL, NULL, NULL, 1, NULL, '2025-11-26 13:18:03', '2025-11-26 13:18:03'),
(277, 'كالسيوم', 210, 2, 276, 'mg/dL', '9.0 – 11.0 mg/dL', '9.0 – 11.0 mg/dL', 1, NULL, '2025-11-26 13:18:03', '2025-11-26 13:18:03'),
(278, 'قسم الكيمياء الحيوية', 210, 3, NULL, NULL, NULL, NULL, 1, NULL, '2025-11-26 13:18:47', '2025-11-26 13:18:47'),
(279, 'كالسيوم', 210, 3, 278, 'mg/dL', '9.0 – 10.5 mg/dL', '9.0 – 10.5 mg/dL', 1, NULL, '2025-11-26 13:18:47', '2025-11-26 13:18:47'),
(280, 'قسم الكيمياء الحيوية', 210, 4, NULL, NULL, NULL, NULL, 1, NULL, '2025-11-26 13:19:58', '2025-11-26 13:19:58'),
(281, 'كالسيوم', 210, 4, 280, 'mg/dL', '9.0 – 10.5 mg/dL', '9.0 – 10.5 mg/dL', 1, NULL, '2025-11-26 13:19:58', '2025-11-26 13:19:58'),
(282, 'قسم الكيمياء الحيوية', 210, 5, NULL, NULL, NULL, NULL, 1, NULL, '2025-11-26 13:20:19', '2025-11-26 13:20:19'),
(283, 'كالسيوم', 210, 5, 282, 'mg/dL', '9.0 – 10.5 mg/dL', '9.0 – 10.5 mg/dL', 1, NULL, '2025-11-26 13:20:19', '2025-11-26 13:20:19'),
(284, 'قسم الكيمياء الحيوية', 211, 1, NULL, NULL, NULL, NULL, 1, NULL, '2025-11-26 13:28:28', '2025-11-26 13:28:28'),
(285, 'صوديوم', 211, 1, 284, 'mEq/L', '133 – 146 mEq/L', '133 – 146 mEq/L', 1, NULL, '2025-11-26 13:28:28', '2025-11-26 13:28:28'),
(286, 'قسم الكيمياء الحيوية', 211, 2, NULL, NULL, NULL, NULL, 1, NULL, '2025-11-26 13:29:02', '2025-11-26 13:29:02'),
(287, 'صوديوم', 211, 2, 286, 'mEq/L', '134 – 144 mEq/L', '134 – 144 mEq/L', 1, NULL, '2025-11-26 13:29:02', '2025-11-26 13:29:02'),
(288, 'قسم الكيمياء الحيوية', 211, 3, NULL, NULL, NULL, NULL, 1, NULL, '2025-11-26 13:29:37', '2025-11-26 13:29:37'),
(289, 'صوديوم', 211, 3, 288, 'mEq/L', '135 – 145 mEq/L', '135 – 145 mEq/L', 1, NULL, '2025-11-26 13:29:37', '2025-11-26 13:29:37'),
(290, 'قسم الكيمياء الحيوية', 211, 4, NULL, NULL, NULL, NULL, 1, NULL, '2025-11-26 13:30:09', '2025-11-26 13:30:09'),
(291, 'صوديوم', 211, 4, 290, 'mEq/L', '135 – 145 mEq/L', '135 – 145 mEq/L', 1, NULL, '2025-11-26 13:30:09', '2025-11-26 13:30:09'),
(292, 'قسم الكيمياء الحيوية', 211, 5, NULL, NULL, NULL, NULL, 1, NULL, '2025-11-26 13:30:28', '2025-11-26 13:30:28'),
(293, 'صوديوم', 211, 5, 292, 'mEq/L', '135 – 145 mEq/L', '135 – 145 mEq/L', 1, NULL, '2025-11-26 13:30:28', '2025-11-26 13:30:28'),
(294, 'قسم الكيمياء الحيوية', 212, 1, NULL, NULL, NULL, NULL, 1, NULL, '2025-11-26 14:14:57', '2025-11-26 14:14:57'),
(295, 'بوتاسيوم', 212, 5, 294, 'mEq/L أو mmol/L', '3.5 – 6.0 mEq/L', '3.5 – 6.0 mEq/L', 1, NULL, '2025-11-26 14:14:57', '2025-11-26 14:19:19'),
(296, 'قسم الكيمياء الحيوية', 212, 2, NULL, NULL, NULL, NULL, 1, NULL, '2025-11-26 14:15:26', '2025-11-26 14:15:26'),
(297, 'بوتاسيوم', 212, 5, 296, 'mEq/L أو mmol/L', '4.1 – 5.3 mEq/L', '4.1 – 5.3 mEq/L', 1, NULL, '2025-11-26 14:15:26', '2025-11-26 14:19:19'),
(298, 'قسم الكيمياء الحيوية', 212, 3, NULL, NULL, NULL, NULL, 1, NULL, '2025-11-26 14:15:49', '2025-11-26 14:15:49'),
(299, 'بوتاسيوم', 212, 5, 298, 'mEq/L أو mmol/L', '3.5 – 4.7 mEq/L', '3.5 – 4.7 mEq/L', 1, NULL, '2025-11-26 14:15:49', '2025-11-26 14:19:19'),
(300, 'قسم الكيمياء الحيوية', 212, 4, NULL, NULL, NULL, NULL, 1, NULL, '2025-11-26 14:16:14', '2025-11-26 14:16:14'),
(301, 'بوتاسيوم', 212, 5, 300, 'mEq/L أو mmol/L', '3.5 – 5.1 mEq/L', '3.5 – 5.1 mEq/L', 1, NULL, '2025-11-26 14:16:14', '2025-11-26 14:19:19'),
(302, 'قسم الكيمياء الحيوية', 212, 5, NULL, NULL, NULL, NULL, 1, NULL, '2025-11-26 14:17:11', '2025-11-26 14:17:11'),
(303, 'بوتاسيوم', 212, 5, 302, 'mEq/L أو mmol/L', '3.5 – 5.1 mEq/L', '3.5 – 5.1 mEq/L', 1, NULL, '2025-11-26 14:17:11', '2025-11-26 14:19:19'),
(304, 'قسم الكيمياء الحيوية', 214, 1, NULL, NULL, NULL, NULL, 1, NULL, '2025-11-26 14:33:16', '2025-11-26 14:33:16'),
(305, 'مغنيسيوم', 214, 1, 304, 'mg/dL أو mEq/L', '1.6 – 2.5 mg/dL', '1.6 – 2.5 mg/dL', 1, NULL, '2025-11-26 14:33:16', '2025-11-26 14:33:16'),
(306, 'قسم الكيمياء الحيوية', 214, 2, NULL, NULL, NULL, NULL, 1, NULL, '2025-11-26 14:33:33', '2025-11-26 14:33:33'),
(307, 'مغنيسيوم', 214, 2, 306, 'mEq/L أو mmol/L', '1.7 – 2.4 mg/dL', '1.7 – 2.4 mg/dL', 1, NULL, '2025-11-26 14:33:33', '2025-11-26 14:33:33'),
(308, 'قسم الكيمياء الحيوية', 214, 3, NULL, NULL, NULL, NULL, 1, NULL, '2025-11-26 14:33:51', '2025-11-26 14:33:51'),
(309, 'مغنيسيوم', 214, 3, 308, 'mEq/L أو mmol/L', '1.7 – 2.3 mg/dL', '1.7 – 2.3 mg/dL', 1, NULL, '2025-11-26 14:33:51', '2025-11-26 14:33:51'),
(310, 'قسم الكيمياء الحيوية', 214, 4, NULL, NULL, NULL, NULL, 1, NULL, '2025-11-26 14:34:17', '2025-11-26 14:34:17'),
(311, 'مغنيسيوم', 214, 4, 310, 'mEq/L أو mmol/L', '1.8 – 2.4 mg/dL', '1.8 – 2.4 mg/dL', 1, NULL, '2025-11-26 14:34:17', '2025-11-26 14:34:17'),
(312, 'قسم الكيمياء الحيوية', 214, 5, NULL, NULL, NULL, NULL, 1, NULL, '2025-11-26 14:34:44', '2025-11-26 14:34:44'),
(313, 'مغنيسيوم', 214, 5, 312, 'mEq/L أو mmol/L', '1.7 – 2.2 mg/dL', '1.7 – 2.2 mg/dL', 1, NULL, '2025-11-26 14:34:44', '2025-11-26 14:34:44'),
(314, 'قسم الكيمياء الحيوية', 215, 1, NULL, NULL, NULL, NULL, 1, NULL, '2025-11-26 14:40:06', '2025-11-26 14:40:06'),
(315, 'فوسفور', 215, 1, 314, 'mg/dL', '4.5 – 9.0 mg/dL', '4.5 – 9.0 mg/dL', 1, NULL, '2025-11-26 14:40:06', '2025-11-26 14:40:06'),
(316, 'قسم الكيمياء الحيوية', 215, 2, NULL, NULL, NULL, NULL, 1, NULL, '2025-11-26 14:40:23', '2025-11-26 14:40:23'),
(317, 'فوسفور', 215, 2, 316, 'mg/dL', '4.0 – 7.0 mg/dL', '4.0 – 7.0 mg/dL', 1, NULL, '2025-11-26 14:40:23', '2025-11-26 14:40:23'),
(318, 'قسم الكيمياء الحيوية', 215, 3, NULL, NULL, NULL, NULL, 1, NULL, '2025-11-26 14:40:49', '2025-11-26 14:40:49'),
(319, 'فوسفور', 215, 3, 318, 'mg/dL', '3.5 – 5.8 mg/dL', '3.5 – 5.8 mg/dL', 1, NULL, '2025-11-26 14:40:49', '2025-11-26 14:40:49'),
(320, 'قسم الكيمياء الحيوية', 215, 4, NULL, NULL, NULL, NULL, 1, NULL, '2025-11-26 14:41:18', '2025-11-26 14:41:18'),
(321, 'فوسفور', 215, 4, 320, 'mg/dL', '2.5 – 4.5 mg/dL', '2.5 – 4.5 mg/dL', 1, NULL, '2025-11-26 14:41:18', '2025-11-26 14:41:18'),
(322, 'قسم الكيمياء الحيوية', 215, 5, NULL, NULL, NULL, NULL, 1, NULL, '2025-11-26 14:42:08', '2025-11-26 14:42:08'),
(323, 'فوسفور', 215, 5, 322, 'mg/dL', '2.5 – 4.5 mg/dL', '2.5 – 4.5 mg/dL', 1, NULL, '2025-11-26 14:42:08', '2025-11-26 14:42:08'),
(324, 'قسم الكيمياء الحيوية', 216, 1, NULL, NULL, NULL, NULL, 1, NULL, '2025-11-26 14:45:45', '2025-11-26 14:45:45'),
(325, 'بيليروبين كلي', 216, 5, 324, 'mg/dL', '1.0 – 12.0 mg/dL', '1.0 – 12.0 mg/dL', 1, NULL, '2025-11-26 14:45:45', '2025-11-26 14:48:25'),
(326, 'قسم الكيمياء الحيوية', 216, 2, NULL, NULL, NULL, NULL, 1, NULL, '2025-11-26 14:46:27', '2025-11-26 14:46:27'),
(327, 'بيليروبين كلي', 216, 5, 326, 'mg/dL', '0.2 – 1.0 mg/dL', '0.2 – 1.0 mg/dL', 1, NULL, '2025-11-26 14:46:27', '2025-11-26 14:48:25'),
(328, 'قسم الكيمياء الحيوية', 216, 3, NULL, NULL, NULL, NULL, 1, NULL, '2025-11-26 14:46:48', '2025-11-26 14:46:48'),
(329, 'بيليروبين كلي', 216, 5, 328, 'mg/dL', '0.2 – 1.0 mg/dL', '0.2 – 1.0 mg/dL', 1, NULL, '2025-11-26 14:46:48', '2025-11-26 14:48:25'),
(330, 'قسم الكيمياء الحيوية', 216, 4, NULL, NULL, NULL, NULL, 1, NULL, '2025-11-26 14:47:12', '2025-11-26 14:47:12'),
(331, 'بيليروبين كلي', 216, 5, 330, 'mg/dL', '0.2 – 1.2 mg/dL', '0.2 – 1.2 mg/dL', 1, NULL, '2025-11-26 14:47:12', '2025-11-26 14:48:25'),
(332, 'قسم الكيمياء الحيوية', 216, 5, NULL, NULL, NULL, NULL, 1, NULL, '2025-11-26 14:47:51', '2025-11-26 14:47:51'),
(333, 'بيليروبين كلي', 216, 5, 332, 'mg/dL', '0.3 – 1.2 mg/dL', '0.3 – 1.2 mg/dL', 1, NULL, '2025-11-26 14:47:51', '2025-11-26 14:48:25'),
(334, 'قسم الكيمياء الحيوية', 217, 1, NULL, NULL, NULL, NULL, 1, NULL, '2025-11-26 14:52:02', '2025-11-26 14:52:02'),
(335, 'بيليروبين مباشر', 217, 1, 334, 'mg/dL', '0.0 – 1.0 mg/dL', '0.0 – 1.0 mg/dL', 1, NULL, '2025-11-26 14:52:02', '2025-11-26 14:52:02'),
(336, 'قسم الكيمياء الحيوية', 217, 2, NULL, NULL, NULL, NULL, 1, NULL, '2025-11-26 14:53:06', '2025-11-26 14:53:06'),
(337, 'بيليروبين مباشر', 217, 2, 336, 'mg/dL', '0.0 – 0.3 mg/dL', '0.0 – 0.3 mg/dL', 1, NULL, '2025-11-26 14:53:06', '2025-11-26 14:53:06'),
(338, 'قسم الكيمياء الحيوية', 217, 3, NULL, NULL, NULL, NULL, 1, NULL, '2025-11-26 14:53:45', '2025-11-26 14:53:45'),
(339, 'بيليروبين مباشر', 217, 3, 338, 'mg/dL', '0.0 – 0.3 mg/dL', '0.0 – 0.3 mg/dL', 1, NULL, '2025-11-26 14:53:45', '2025-11-26 14:53:45'),
(340, 'قسم الكيمياء الحيوية', 217, 4, NULL, NULL, NULL, NULL, 1, NULL, '2025-11-26 14:54:10', '2025-11-26 14:54:10'),
(341, 'بيليروبين مباشر', 217, 4, 340, 'mg/dL', '0.0 – 0.3 mg/dL', '0.0 – 0.3 mg/dL', 1, NULL, '2025-11-26 14:54:10', '2025-11-26 14:54:10'),
(342, 'قسم الكيمياء الحيوية', 217, 5, NULL, NULL, NULL, NULL, 1, NULL, '2025-11-26 14:54:36', '2025-11-26 14:54:36'),
(343, 'بيليروبين مباشر', 217, 5, 342, 'mg/dL', '0.0 – 0.3 mg/dL', '0.0 – 0.3 mg/dL', 1, NULL, '2025-11-26 14:54:36', '2025-11-26 14:54:36'),
(344, 'قسم الكيمياء الحيوية', 218, 1, NULL, NULL, NULL, NULL, 1, NULL, '2025-11-26 14:57:22', '2025-11-26 14:57:22'),
(345, 'AST', 218, 5, 344, 'U/L', '20 – 150 U/L', '20 – 150 U/L', 1, NULL, '2025-11-26 14:57:22', '2025-11-26 15:01:05'),
(346, 'قسم الكيمياء الحيوية', 218, 2, NULL, NULL, NULL, NULL, 1, NULL, '2025-11-26 14:57:52', '2025-11-26 14:57:52'),
(347, 'AST', 218, 5, 346, 'U/L', '20 – 80 U/L', '20 – 80 U/L', 1, NULL, '2025-11-26 14:57:52', '2025-11-26 15:01:05'),
(348, 'قسم الكيمياء الحيوية', 218, 3, NULL, NULL, NULL, NULL, 1, NULL, '2025-11-26 14:58:20', '2025-11-26 14:58:20'),
(349, 'AST', 218, 5, 348, 'U/L', '15 – 60 U/L', '15 – 60 U/L', 1, NULL, '2025-11-26 14:58:20', '2025-11-26 15:01:05'),
(350, 'قسم الكيمياء الحيوية', 218, 4, NULL, NULL, NULL, NULL, 1, NULL, '2025-11-26 15:00:06', '2025-11-26 15:00:06'),
(351, 'AST', 218, 5, 350, 'U/L', '10 – 35 U/L', '10 – 40 U/L', 1, NULL, '2025-11-26 15:00:06', '2025-11-26 15:01:05'),
(352, 'قسم الكيمياء الحيوية', 218, 5, NULL, NULL, NULL, NULL, 1, NULL, '2025-11-26 15:00:44', '2025-11-26 15:00:44'),
(353, 'AST', 218, 5, 352, 'U/L', '10 – 35 U/L', '10 – 40 U/L', 1, NULL, '2025-11-26 15:00:44', '2025-11-26 15:01:05'),
(354, 'قسم الكيمياء الحيوية', 219, 1, NULL, NULL, NULL, NULL, 1, NULL, '2025-11-26 15:04:54', '2025-11-26 15:04:54'),
(355, 'ALT', 219, 1, 354, 'U/L', '10 – 60 U/L', '10 – 60 U/L', 1, NULL, '2025-11-26 15:04:54', '2025-11-26 15:04:54'),
(356, 'قسم الكيمياء الحيوية', 219, 2, NULL, NULL, NULL, NULL, 1, NULL, '2025-11-26 15:05:13', '2025-11-26 15:05:13'),
(357, 'ALT', 219, 2, 356, 'U/L', '10 – 40 U/L', '10 – 40 U/L', 1, NULL, '2025-11-26 15:05:13', '2025-11-26 15:05:13'),
(358, 'قسم الكيمياء الحيوية', 219, 3, NULL, NULL, NULL, NULL, 1, NULL, '2025-11-26 15:05:37', '2025-11-26 15:05:37'),
(359, 'ALT', 219, 3, 358, 'U/L', '10 – 35 U/L', '10 – 35 U/L', 1, NULL, '2025-11-26 15:05:37', '2025-11-26 15:05:37'),
(360, 'قسم الكيمياء الحيوية', 219, 4, NULL, NULL, NULL, NULL, 1, NULL, '2025-11-26 15:06:22', '2025-11-26 15:06:22'),
(361, 'ALT', 219, 4, 360, 'U/L', '10 – 40 U/L', '10 – 40 U/L', 1, NULL, '2025-11-26 15:06:22', '2025-11-26 15:06:22'),
(362, 'قسم الكيمياء الحيوية', 219, 5, NULL, NULL, NULL, NULL, 1, NULL, '2025-11-26 15:06:54', '2025-11-26 15:06:54'),
(363, 'ALT', 219, 5, 362, 'U/L', '10 – 40 U/L', '10 – 40 U/L', 1, NULL, '2025-11-26 15:06:54', '2025-11-26 15:06:54'),
(364, 'قسم الكيمياء الحيوية', 220, 1, NULL, NULL, NULL, NULL, 1, NULL, '2025-11-26 15:10:44', '2025-11-26 15:10:44'),
(365, 'ALP', 220, 5, 364, 'U/L', '150 – 420 U/L', '150 – 420 U/L', 1, NULL, '2025-11-26 15:10:44', '2025-11-26 15:13:32'),
(366, 'قسم الكيمياء الحيوية', 220, 2, NULL, NULL, NULL, NULL, 1, NULL, '2025-11-26 15:11:15', '2025-11-26 15:11:15'),
(367, 'ALP', 220, 5, 366, 'U/L', '100 – 320 U/L', '100 – 320 U/L', 1, NULL, '2025-11-26 15:11:15', '2025-11-26 15:13:32'),
(368, 'قسم الكيمياء الحيوية', 220, 3, NULL, NULL, NULL, NULL, 1, NULL, '2025-11-26 15:11:47', '2025-11-26 15:11:47'),
(369, 'ALP', 220, 5, 368, 'U/L', '150 – 350 U/L', '150 – 350 U/L', 1, NULL, '2025-11-26 15:11:47', '2025-11-26 15:13:32'),
(370, 'قسم الكيمياء الحيوية', 220, 4, NULL, NULL, NULL, NULL, 1, NULL, '2025-11-26 15:12:19', '2025-11-26 15:12:19'),
(371, 'ALP', 220, 5, 370, 'U/L', '45 – 105 U/L', '45 – 120 U/L', 1, NULL, '2025-11-26 15:12:19', '2025-11-26 15:13:32'),
(372, 'قسم الكيمياء الحيوية', 220, 5, NULL, NULL, NULL, NULL, 1, NULL, '2025-11-26 15:12:48', '2025-11-26 15:12:48'),
(373, 'ALP', 220, 5, 372, 'U/L', '35 – 104 U/L', '40 – 129 U/L', 1, NULL, '2025-11-26 15:12:48', '2025-11-26 15:13:32'),
(374, 'قسم الكيمياء الحيوية', 221, 1, NULL, NULL, NULL, NULL, 1, NULL, '2025-11-26 15:21:18', '2025-11-26 15:21:18'),
(375, 'GGT', 221, 1, 374, 'U/L', '5 – 35 U/L', '5 – 35 U/L', 1, NULL, '2025-11-26 15:21:18', '2025-11-26 15:21:18'),
(376, 'قسم الكيمياء الحيوية', 221, 2, NULL, NULL, NULL, NULL, 1, NULL, '2025-11-26 15:23:33', '2025-11-26 15:23:33'),
(377, 'GGT', 221, 2, 376, 'U/L', '5 – 20 U/L', '5 – 20 U/L', 1, NULL, '2025-11-26 15:23:33', '2025-11-26 15:23:33'),
(378, 'قسم الكيمياء الحيوية', 221, 3, NULL, NULL, NULL, NULL, 1, NULL, '2025-11-26 15:26:37', '2025-11-26 15:26:37'),
(379, 'GGT', 221, 3, 378, 'U/L', '5 – 20 U/L', '5 – 20 U/L', 1, NULL, '2025-11-26 15:26:37', '2025-11-26 15:26:37'),
(380, 'قسم الكيمياء الحيوية', 221, 4, NULL, NULL, NULL, NULL, 1, NULL, '2025-11-26 15:27:01', '2025-11-26 15:27:01'),
(381, 'GGT', 221, 4, 380, 'U/L', '10 – 55 U/L', '10 – 55 U/L', 1, NULL, '2025-11-26 15:27:01', '2025-11-26 15:27:01'),
(382, 'قسم الكيمياء الحيوية', 221, 5, NULL, NULL, NULL, NULL, 1, NULL, '2025-11-26 15:27:44', '2025-11-26 15:27:44'),
(383, 'GGT', 221, 5, 382, 'U/L', '10 – 71 U/L', '10 – 71 U/L', 1, NULL, '2025-11-26 15:27:44', '2025-11-26 15:27:44'),
(384, 'قسم الكيمياء الحيوية', 222, 2, NULL, NULL, NULL, NULL, 1, NULL, '2025-11-26 15:30:27', '2025-11-26 15:32:05'),
(385, 'LDH', 222, 2, 384, 'U/L', '230 – 460 U/L', '230 – 460 U/L', 1, NULL, '2025-11-26 15:30:27', '2025-11-26 15:32:05'),
(386, 'قسم الكيمياء الحيوية', 222, 1, NULL, NULL, NULL, NULL, 1, NULL, '2025-11-26 15:30:49', '2025-11-26 15:32:05'),
(387, 'LDH', 222, 2, 386, 'U/L', '240 – 500 U/L', '240 – 500 U/L', 1, NULL, '2025-11-26 15:30:49', '2025-11-26 15:32:05'),
(388, 'قسم الكيمياء الحيوية', 222, 3, NULL, NULL, NULL, NULL, 1, NULL, '2025-11-26 15:32:32', '2025-11-26 15:32:32'),
(389, 'LDH', 222, 3, 388, 'U/L', '200 – 350 U/L', '200 – 350 U/L', 1, NULL, '2025-11-26 15:32:32', '2025-11-26 15:32:32'),
(390, 'قسم الكيمياء الحيوية', 222, 4, NULL, NULL, NULL, NULL, 1, NULL, '2025-11-26 15:32:50', '2025-11-26 15:32:50'),
(391, 'LDH', 222, 4, 390, 'U/L', '140 – 280 U/L', '140 – 280 U/L', 1, NULL, '2025-11-26 15:32:50', '2025-11-26 15:32:50'),
(392, 'قسم الكيمياء الحيوية', 222, 5, NULL, NULL, NULL, NULL, 1, NULL, '2025-11-26 15:33:14', '2025-11-26 15:33:14'),
(393, 'LDH', 222, 5, 392, 'U/L', '140 – 280 U/L', '140 – 280 U/L', 1, NULL, '2025-11-26 15:33:14', '2025-11-26 15:33:14'),
(394, 'قسم الكيمياء الحيوية', 223, 1, NULL, NULL, NULL, NULL, 1, NULL, '2025-11-26 15:35:37', '2025-11-26 15:35:37'),
(395, 'كوليستيرول كلي', 223, 1, 394, 'mg/dL', '65 – 175 mg/dL', '65 – 175 mg/dL', 1, NULL, '2025-11-26 15:35:37', '2025-11-26 15:35:37'),
(396, 'قسم الكيمياء الحيوية', 223, 2, NULL, NULL, NULL, NULL, 1, NULL, '2025-11-26 15:35:53', '2025-11-26 15:35:53'),
(397, 'كوليستيرول كلي', 223, 2, 396, 'mg/dL', '90 – 200 mg/dL', '90 – 200 mg/dL', 1, NULL, '2025-11-26 15:35:53', '2025-11-26 15:35:53'),
(398, 'قسم الكيمياء الحيوية', 223, 3, NULL, NULL, NULL, NULL, 1, NULL, '2025-11-26 15:36:18', '2025-11-26 15:36:18'),
(399, 'كوليستيرول كلي', 223, 3, 398, 'mg/dL', '120 – 200 mg/dL', '120 – 200 mg/dL', 1, NULL, '2025-11-26 15:36:18', '2025-11-26 15:36:18'),
(400, 'قسم الكيمياء الحيوية', 223, 4, NULL, NULL, NULL, NULL, 1, NULL, '2025-11-26 15:36:42', '2025-11-26 15:36:42'),
(401, 'كوليستيرول كلي', 223, 4, 400, 'mg/dL', '125 – 200 mg/dL', '125 – 200 mg/dL', 1, NULL, '2025-11-26 15:36:42', '2025-11-26 15:36:42'),
(402, 'قسم الكيمياء الحيوية', 223, 5, NULL, NULL, NULL, NULL, 1, NULL, '2025-11-26 15:37:05', '2025-11-26 15:37:05'),
(403, 'كوليستيرول كلي', 223, 5, 402, 'mg/dL', 'أقل من 200 mg/dL', 'أقل من 200 mg/dL', 1, NULL, '2025-11-26 15:37:05', '2025-11-26 15:37:05'),
(404, 'قسم الكيمياء الحيوية', 224, 1, NULL, NULL, NULL, NULL, 1, NULL, '2025-11-26 15:40:47', '2025-11-26 15:40:47'),
(405, 'تحليل الدهون الثلاثية الجليسريد', 224, 1, 404, 'mg/dL', '30 – 150 mg/dL', '30 – 150 mg/dL', 1, NULL, '2025-11-26 15:40:47', '2025-11-26 15:40:47'),
(406, 'قسم الكيمياء الحيوية', 224, 2, NULL, NULL, NULL, NULL, 1, NULL, '2025-11-26 15:41:14', '2025-11-26 15:41:14'),
(407, 'تحليل الدهون الثلاثية الجليسريد', 224, 2, 406, 'mg/dL', '30 – 100 mg/dL', '30 – 100 mg/dL', 1, NULL, '2025-11-26 15:41:14', '2025-11-26 15:41:14'),
(408, 'قسم الكيمياء الحيوية', 224, 3, NULL, NULL, NULL, NULL, 1, NULL, '2025-11-26 15:41:31', '2025-11-26 15:41:31'),
(409, 'تحليل الدهون الثلاثية الجليسريد', 224, 3, 408, 'mg/dL', '30 – 100 mg/dL', '30 – 100 mg/dL', 1, NULL, '2025-11-26 15:41:31', '2025-11-26 15:41:31'),
(410, 'قسم الكيمياء الحيوية', 224, 4, NULL, NULL, NULL, NULL, 1, NULL, '2025-11-26 15:41:56', '2025-11-26 15:41:56'),
(411, 'تحليل الدهون الثلاثية الجليسريد', 224, 4, 410, 'mg/dL', '35 – 150 mg/dL', '35 – 150 mg/dL', 1, NULL, '2025-11-26 15:41:56', '2025-11-26 15:41:56'),
(412, 'قسم الكيمياء الحيوية', 224, 5, NULL, NULL, NULL, NULL, 1, NULL, '2025-11-26 15:42:17', '2025-11-26 15:42:17'),
(413, 'تحليل الدهون الثلاثية الجليسريد', 224, 5, 412, 'mg/dL', 'أقل من 150 mg/dL', 'أقل من 150 mg/dL', 1, NULL, '2025-11-26 15:42:17', '2025-11-26 15:42:17'),
(414, 'قسم الكيمياء الحيوية', 225, 1, NULL, NULL, NULL, NULL, 1, NULL, '2025-11-26 15:44:41', '2025-11-26 15:44:41'),
(415, 'HDL كوليستيرول', 225, 5, 414, 'mg/dL', '20 – 70 mg/dL', '20 – 70 mg/dL', 1, NULL, '2025-11-26 15:44:41', '2025-11-26 15:46:53'),
(416, 'قسم الكيمياء الحيوية', 225, 2, NULL, NULL, NULL, NULL, 1, NULL, '2025-11-26 15:45:03', '2025-11-26 15:45:03'),
(417, 'HDL كوليستيرول', 225, 5, 416, 'mg/dL', '20 – 60 mg/dL', '20 – 60 mg/dL', 1, NULL, '2025-11-26 15:45:03', '2025-11-26 15:46:53'),
(418, 'قسم الكيمياء الحيوية', 225, 3, NULL, NULL, NULL, NULL, 1, NULL, '2025-11-26 15:45:24', '2025-11-26 15:45:24'),
(419, 'HDL كوليستيرول', 225, 5, 418, 'mg/dL', '35 – 70 mg/dL', '35 – 70 mg/dL', 1, NULL, '2025-11-26 15:45:24', '2025-11-26 15:46:53'),
(420, 'قسم الكيمياء الحيوية', 225, 4, NULL, NULL, NULL, NULL, 1, NULL, '2025-11-26 15:45:46', '2025-11-26 15:45:46'),
(421, 'HDL كوليستيرول', 225, 5, 420, 'mg/dL', '≥50 mg/dL', '≥40 mg/dL', 1, NULL, '2025-11-26 15:45:46', '2025-11-26 15:46:53'),
(422, 'قسم الكيمياء الحيوية', 225, 5, NULL, NULL, NULL, NULL, 1, NULL, '2025-11-26 15:46:19', '2025-11-26 15:46:19'),
(423, 'HDL كوليستيرول', 225, 5, 422, 'mg/dL', '≥50 mg/dL', '≥40 mg/dL', 1, NULL, '2025-11-26 15:46:19', '2025-11-26 15:46:53'),
(424, 'قسم الكيمياء الحيوية', 226, 1, NULL, NULL, NULL, NULL, 1, NULL, '2025-11-26 15:51:17', '2025-11-26 15:51:17'),
(425, 'LDL كوليستيرول', 226, 1, 424, 'mg/dL', '30 – 120 mg/dL', '30 – 120 mg/dL', 1, NULL, '2025-11-26 15:51:17', '2025-11-26 15:51:17'),
(426, 'قسم الكيمياء الحيوية', 226, 2, NULL, NULL, NULL, NULL, 1, NULL, '2025-11-26 15:51:50', '2025-11-26 15:51:50'),
(427, 'LDL كوليستيرول', 226, 2, 426, 'mg/dL', '40 – 130 mg/dL', '40 – 130 mg/dL', 1, NULL, '2025-11-26 15:51:50', '2025-11-26 15:51:50'),
(428, 'قسم الكيمياء الحيوية', 226, 3, NULL, NULL, NULL, NULL, 1, NULL, '2025-11-26 15:52:19', '2025-11-26 15:52:19'),
(429, 'LDL كوليستيرول', 226, 3, 428, 'mg/dL', '50 – 130 mg/dL', '50 – 130 mg/dL', 1, NULL, '2025-11-26 15:52:19', '2025-11-26 15:52:19'),
(430, 'قسم الكيمياء الحيوية', 226, 4, NULL, NULL, NULL, NULL, 1, NULL, '2025-11-26 15:52:40', '2025-11-26 15:52:40'),
(431, 'LDL كوليستيرول', 226, 4, 430, 'mg/dL', '<100 mg/dL', '<100 mg/dL', 1, NULL, '2025-11-26 15:52:40', '2025-11-26 15:52:40');
INSERT INTO `service_analysis_attributes` (`id`, `name`, `service_id`, `age_id`, `parent_id`, `unit`, `normal_value`, `normal_value_female`, `status`, `deleted_at`, `created_at`, `updated_at`) VALUES
(432, 'قسم الكيمياء الحيوية', 226, 5, NULL, NULL, NULL, NULL, 1, NULL, '2025-11-26 15:52:56', '2025-11-26 15:52:56'),
(433, 'LDL كوليستيرول', 226, 5, 432, 'mg/dL', '<100 mg/dL', '<100 mg/dL', 1, NULL, '2025-11-26 15:52:56', '2025-11-26 15:52:56'),
(434, 'قسم الكيمياء الحيوية', 213, NULL, NULL, NULL, NULL, NULL, 1, NULL, '2025-11-29 15:47:48', '2025-11-29 15:47:48'),
(435, 'كلوريد', 213, NULL, 434, 'mEq/L', '98 – 107 mEq/L', '98 – 107 mEq/L', 1, NULL, '2025-11-29 15:47:48', '2025-11-29 15:47:48');

-- --------------------------------------------------------

--
-- Table structure for table `settings`
--

CREATE TABLE `settings` (
  `id` bigint(20) UNSIGNED NOT NULL,
  `title_en` longtext NOT NULL,
  `title_ar` longtext NOT NULL,
  `content_en` longtext NOT NULL,
  `content_ar` longtext NOT NULL,
  `image` varchar(255) DEFAULT NULL,
  `settings_type` enum('terms','about','privacy') DEFAULT NULL,
  `app_type` bigint(20) UNSIGNED DEFAULT NULL,
  `status` tinyint(4) NOT NULL DEFAULT 1,
  `created_at` timestamp NULL DEFAULT NULL,
  `updated_at` timestamp NULL DEFAULT NULL
) ENGINE=InnoDB DEFAULT CHARSET=utf8mb4 COLLATE=utf8mb4_unicode_ci;

--
-- Dumping data for table `settings`
--

INSERT INTO `settings` (`id`, `title_en`, `title_ar`, `content_en`, `content_ar`, `image`, `settings_type`, `app_type`, `status`, `created_at`, `updated_at`) VALUES
(1, 'terms clinic', 'شروط واحكام تطبيق العيادة', 'Providing accurate information\r\n\r\nThe user must enter accurate and correct details about his health condition and the purpose of the visit.\r\n\r\nThe user is responsible for any incorrect information that may affect the medical service provided.\r\n\r\nAdherence to appointments\r\n\r\nThe user is required to respect the booked appointments or cancel them in sufficient time if circumstances prevent him from attending.\r\n\r\nPaying fees\r\n\r\nThe user must pay any fees associated with the service, whether booking fees or medical consultation fees, through the payment methods available in the application.\r\n\r\nThe application is committed to clarifying the payment and refund policy in a transparent manner.\r\n\r\nPrivacy and data protection\r\n\r\nThe user must agree to the privacy policy that specifies how personal data is collected and used.\r\nThe applications are committed to protecting user data in accordance with the data protection systems and regulations in the Kingdom.', 'توفير معلومات دقيقة\r\n\r\n    يجب على المستخدم إدخال تفاصيل دقيقة وصحيحة عن حالته الصحية والغرض من الزيارة.\r\n    يتحمل المستخدم مسؤولية أي معلومات غير صحيحة قد تؤثر على الخدمة الطبية المقدمة.\r\n\r\n الالتزام بالمواعيد\r\n\r\n    يشترط على المستخدم احترام المواعيد المحجوزة أو إلغاؤها قبل وقت كافٍ إذا طرأت ظروف تمنعه من الحضور.\r\n\r\nدفع الرسوم\r\n\r\n    يجب على المستخدم دفع أي رسوم مرتبطة بالخدمة، سواء رسوم الحجز أو الاستشارة الطبية، من خلال وسائل الدفع المتاحة في التطبيق.\r\n\r\n    يلتزم التطبيق بتوضيح سياسة الدفع والاسترداد بشكل شفاف.\r\n\r\n الخصوصية وحماية البيانات\r\n\r\n    يجب أن يوافق المستخدم على سياسة الخصوصية التي تحدد كيفية جمع البيانات الشخصية واستخدامها.\r\n    تلتزم التطبيقات بحماية بيانات المستخدمين وفقًا لأنظمة ولوائح حماية البيانات في المملكة.', NULL, 'terms', 1, 1, '2022-07-14 15:41:15', '2025-02-28 15:47:14'),
(2, 'About clinic ', 'عن تكافل ', 'An application that makes it easy for users to book medical appointments easily and quickly. The application allows you to browse doctors by specialties, book appointments by date and time, and view exclusive offers and available services. The application is compatible with insurance companies, allowing you to easily choose the clinics and covered services.\n\nBook appointments easily: Choose the date and time that suits you with immediate confirmation.\n\nSpecial offers: Discover the latest offers and discounts in clinic complexes.\n\nSecure electronic payment: Various payment options to facilitate the experience.\n\nThe goal of the application: Provide a comfortable and smooth experience for users to access the best', 'تطبيق يسهّل على المستخدمين حجز المواعيد الطبية بكل سهولة وسرعة. يتيح لك التطبيق استعراض الأطباء حسب التخصصات، حجز المواعيد بالتاريخ والساعة، والاطلاع على العروض الحصرية والخدمات المتوفرة. يتميز التطبيق بتوافقه مع شركات التأمين، مما يتيح لك اختيار العيادات والخدمات المغطاة بسهولة.\n\n    حجز المواعيد بسهولة: اختر التاريخ والساعة المناسبة لك مع تأكيد فوري.\n    عروض خاصة: اكتشف أحدث العروض والتخفيضات في مجمعات العيادات.\n    دفع إلكتروني آمن: خيارات دفع متنوعة لتسهيل التجربة.\n\nهدف التطبيق: تقديم تجربة مريحة وسلسة للمستخدمين للوصول إلى أفضل', NULL, 'about', 1, 1, '2022-07-14 15:41:15', '2022-07-14 15:41:15'),
(3, 'Privacy clinic ', 'شروط واحكام تطبيق العيادة', 'We are committed to protecting your privacy and ensuring the security of your personal data. Our Privacy Policy is designed to explain how we collect, use, and protect information to the highest standards of security.\n\nWhat do we do with your data?\n\nData Collection: We collect only basic information, such as name, contact information, and booking details, in order to provide the service efficiently.\n\nUse: Your data is used to organize appointments, provide appropriate offers, and ensure that services are compatible with your insurance coverage.\n\nData Protection: We apply modern technologies to protect your data from unauthorized access or illegal use.\n\nComplete Transparency\n\nWe will not share your personal data with any third party without your prior consent.\n\nYou can manage, update, or request deletion of your data at any time through your account settings or by contacting us.\n\nOur Goal\nTo ensure a safe and reliable experience that meets your medical needs while respecting your privacy at every step.\n\nFor more details, you can view the full text of the Privacy Policy via the application.', 'نحن  ملتزمون بحماية خصوصيتك وضمان أمان بياناتك الشخصية. تم تصميم سياسة الخصوصية لدينا لتوضيح كيفية جمع المعلومات، استخدامها، وحمايتها ضمن أعلى معايير الأمان.\n\nما الذي نفعله ببياناتك؟\n\n    جمع البيانات: نقوم بجمع المعلومات الأساسية فقط، مثل الاسم، بيانات التواصل، وتفاصيل الحجز، بهدف تقديم الخدمة بكفاءة.\n    الاستخدام: تُستخدم بياناتك لتنظيم المواعيد، توفير العروض المناسبة، والتأكد من توافق الخدمات مع تغطية التأمين الخاصة بك.\n    حماية البيانات: نطبق تقنيات حديثة لحماية بياناتك من الوصول غير المصرح به أو الاستخدام غير المشروع.\n\nشفافية تامة\n\n    لن نقوم بمشاركة بياناتك الشخصية مع أي طرف ثالث دون موافقتك المسبقة.\n    يُمكنك إدارة بياناتك وتحديثها أو طلب حذفها في أي وقت من خلال إعدادات الحساب أو التواصل معنا.\n\nهدفنا\nضمان تجربة آمنة وموثوقة تلبي احتياجاتك الطبية مع احترام خصوصيتك في كل خطوة.\n\nلمزيد من التفاصيل، يمكنك الاطلاع على النص الكامل لسياسة الخصوصية عبر التطبيق.', NULL, 'privacy', 1, 1, '2022-07-14 15:41:15', '2022-07-14 15:41:15'),
(4, 'terms Employees', 'شروط واحكام تطبيق الموظفيين', 'Lorem Ipsum is simply dummy text of the printing and typesetting industry. Lorem Ipsum has been the industry\'s standard dummy text ever since the 1500s, when an unknown printer took a galley of type and scrambled it to make a type specimen book. It has survived not only five centuries, but also the leap into electronic typesetting, remaining essentially unchanged. It was popularised in the 1960s with the release of Letraset sheets containing Lorem Ipsum passages, and more recently with desktop publishing software like Aldus PageMaker including versions of Lorem Ipsum.', 'شروط الأستخدام\n=====\n\n توفير معلومات دقيقة\n\n    يجب على المستخدم إدخال تفاصيل دقيقة وصحيحة عن حالته الصحية والغرض من الزيارة.\n    يتحمل المستخدم مسؤولية أي معلومات غير صحيحة قد تؤثر على الخدمة الطبية المقدمة.\n\n الالتزام بالمواعيد\n\n    يشترط على المستخدم احترام المواعيد المحجوزة أو إلغاؤها قبل وقت كافٍ إذا طرأت ظروف تمنعه من الحضور.\n\nدفع الرسوم\n\n    يجب على المستخدم دفع أي رسوم مرتبطة بالخدمة، سواء رسوم الحجز أو الاستشارة الطبية، من خلال وسائل الدفع المتاحة في التطبيق.\n\n    يلتزم التطبيق بتوضيح سياسة الدفع والاسترداد بشكل شفاف.\n\n الخصوصية وحماية البيانات\n\n    يجب أن يوافق المستخدم على سياسة الخصوصية التي تحدد كيفية جمع البيانات الشخصية واستخدامها.\n    تلتزم التطبيقات بحماية بيانات المستخدمين وفقًا لأنظمة ولوائح حماية البيانات في المملكة.', NULL, 'terms', 28, 1, '2022-07-14 15:41:15', '2022-07-14 15:41:15'),
(5, 'terms Employees', 'شروط واحكام تطبيق الموظفيين', 'Terms of Use\n=====\n\nProviding accurate information\n\nThe user must enter accurate and correct details about his health condition and the purpose of the visit.\n\nThe user is responsible for any incorrect information that may affect the medical service provided.\n\nCommitment to appointments\n\nThe user is required to respect the booked appointments or cancel them in sufficient time if circumstances prevent him from attending.\n\nPayment of fees\n\nThe user must pay any fees associated with the service, whether booking fees or medical consultation fees, through the payment methods available in the application.\n\nThe application is committed to clarifying the payment and refund policy in a transparent manner.\n\nPrivacy and data protection\n\nThe user must agree to the privacy policy that specifies how personal data is collected and used.\nThe applications are committed to protecting user data in accordance with the data protection systems and regulations in the Kingdom.', 'شروط الأستخدام\n=====\n\n توفير معلومات دقيقة\n\n    يجب على المستخدم إدخال تفاصيل دقيقة وصحيحة عن حالته الصحية والغرض من الزيارة.\n    يتحمل المستخدم مسؤولية أي معلومات غير صحيحة قد تؤثر على الخدمة الطبية المقدمة.\n\n الالتزام بالمواعيد\n\n    يشترط على المستخدم احترام المواعيد المحجوزة أو إلغاؤها قبل وقت كافٍ إذا طرأت ظروف تمنعه من الحضور.\n\nدفع الرسوم\n\n    يجب على المستخدم دفع أي رسوم مرتبطة بالخدمة، سواء رسوم الحجز أو الاستشارة الطبية، من خلال وسائل الدفع المتاحة في التطبيق.\n\n    يلتزم التطبيق بتوضيح سياسة الدفع والاسترداد بشكل شفاف.\n\n الخصوصية وحماية البيانات\n\n    يجب أن يوافق المستخدم على سياسة الخصوصية التي تحدد كيفية جمع البيانات الشخصية واستخدامها.\n    تلتزم التطبيقات بحماية بيانات المستخدمين وفقًا لأنظمة ولوائح حماية البيانات في المملكة.', NULL, 'about', 28, 1, '2022-07-14 15:41:15', '2022-07-14 15:41:15'),
(6, 'terms Employees ', 'شروط واحكام تطبيق الموظفيين', 'Terms of Use\n=====\n\nProviding accurate information\n\nThe user must enter accurate and correct details about his health condition and the purpose of the visit.\n\nThe user is responsible for any incorrect information that may affect the medical service provided.\n\nCommitment to appointments\n\nThe user is required to respect the booked appointments or cancel them in sufficient time if circumstances prevent him from attending.\n\nPayment of fees\n\nThe user must pay any fees associated with the service, whether booking fees or medical consultation fees, through the payment methods available in the application.\n\nThe application is committed to clarifying the payment and refund policy in a transparent manner.\n\nPrivacy and data protection\n\nThe user must agree to the privacy policy that specifies how personal data is collected and used.\nThe applications are committed to protecting user data in accordance with the data protection systems and regulations in the Kingdom.', 'شروط الأستخدام\n=====\n\n توفير معلومات دقيقة\n\n    يجب على المستخدم إدخال تفاصيل دقيقة وصحيحة عن حالته الصحية والغرض من الزيارة.\n    يتحمل المستخدم مسؤولية أي معلومات غير صحيحة قد تؤثر على الخدمة الطبية المقدمة.\n\n الالتزام بالمواعيد\n\n    يشترط على المستخدم احترام المواعيد المحجوزة أو إلغاؤها قبل وقت كافٍ إذا طرأت ظروف تمنعه من الحضور.\n\nدفع الرسوم\n\n    يجب على المستخدم دفع أي رسوم مرتبطة بالخدمة، سواء رسوم الحجز أو الاستشارة الطبية، من خلال وسائل الدفع المتاحة في التطبيق.\n\n    يلتزم التطبيق بتوضيح سياسة الدفع والاسترداد بشكل شفاف.\n\n الخصوصية وحماية البيانات\n\n    يجب أن يوافق المستخدم على سياسة الخصوصية التي تحدد كيفية جمع البيانات الشخصية واستخدامها.\n    تلتزم التطبيقات بحماية بيانات المستخدمين وفقًا لأنظمة ولوائح حماية البيانات في المملكة.', NULL, 'privacy', 28, 1, '2022-07-14 15:41:15', '2022-07-14 15:41:15'),
(7, 'terms Doctor', 'شروط واحكام تطبيق الاطباء', 'Terms of Use\n=====\n\nProviding accurate information\n\nThe user must enter accurate and correct details about his health condition and the purpose of the visit.\n\nThe user is responsible for any incorrect information that may affect the medical service provided.\n\nCommitment to appointments\n\nThe user is required to respect the booked appointments or cancel them in sufficient time if circumstances prevent him from attending.\n\nPayment of fees\n\nThe user must pay any fees associated with the service, whether booking fees or medical consultation fees, through the payment methods available in the application.\n\nThe application is committed to clarifying the payment and refund policy in a transparent manner.\n\nPrivacy and data protection\n\nThe user must agree to the privacy policy that specifies how personal data is collected and used.\nThe applications are committed to protecting user data in accordance with the data protection systems and regulations in the Kingdom.', 'شروط الأستخدام\n=====\n\n توفير معلومات دقيقة\n\n    يجب على المستخدم إدخال تفاصيل دقيقة وصحيحة عن حالته الصحية والغرض من الزيارة.\n    يتحمل المستخدم مسؤولية أي معلومات غير صحيحة قد تؤثر على الخدمة الطبية المقدمة.\n\n الالتزام بالمواعيد\n\n    يشترط على المستخدم احترام المواعيد المحجوزة أو إلغاؤها قبل وقت كافٍ إذا طرأت ظروف تمنعه من الحضور.\n\nدفع الرسوم\n\n    يجب على المستخدم دفع أي رسوم مرتبطة بالخدمة، سواء رسوم الحجز أو الاستشارة الطبية، من خلال وسائل الدفع المتاحة في التطبيق.\n\n    يلتزم التطبيق بتوضيح سياسة الدفع والاسترداد بشكل شفاف.\n\n الخصوصية وحماية البيانات\n\n    يجب أن يوافق المستخدم على سياسة الخصوصية التي تحدد كيفية جمع البيانات الشخصية واستخدامها.\n    تلتزم التطبيقات بحماية بيانات المستخدمين وفقًا لأنظمة ولوائح حماية البيانات في المملكة.', NULL, 'terms', 3, 1, '2022-07-14 15:41:15', '2022-07-14 15:41:15'),
(8, 'About Us Doctors', 'عن تطبيق الطبيب', 'About Takaful\n=====\nAn application that makes it easy for users to book medical appointments easily and quickly. The application allows you to browse doctors by specialties, book appointments by date and time, and view exclusive offers and available services. The application is compatible with insurance companies, allowing you to easily choose clinics and covered services.\n\nBook appointments easily: Choose the date and time that suits you with immediate confirmation.\n\nSpecial offers: Discover the latest offers and discounts at clinic complexes.\n\nSecure electronic payment: Various payment options to facilitate the experience.\n\nApplication goal: Provide a comfortable and smooth experience for users to access the best', 'عن تكافل \n=====\nتطبيق يسهّل على المستخدمين حجز المواعيد الطبية بكل سهولة وسرعة. يتيح لك التطبيق استعراض الأطباء حسب التخصصات، حجز المواعيد بالتاريخ والساعة، والاطلاع على العروض الحصرية والخدمات المتوفرة. يتميز التطبيق بتوافقه مع شركات التأمين، مما يتيح لك اختيار العيادات والخدمات المغطاة بسهولة.\n\n    حجز المواعيد بسهولة: اختر التاريخ والساعة المناسبة لك مع تأكيد فوري.\n    عروض خاصة: اكتشف أحدث العروض والتخفيضات في مجمعات العيادات.\n    دفع إلكتروني آمن: خيارات دفع متنوعة لتسهيل التجربة.\n\nهدف التطبيق: تقديم تجربة مريحة وسلسة للمستخدمين للوصول إلى أفضل ', NULL, 'about', 3, 1, '2022-07-14 15:41:15', '2022-07-14 15:41:15'),
(9, 'Privacy Policy Doctor App', 'سياسة الخصوصية الخاصة بتطبيق الطبيب', 'Privacy Policy\n======\n\nWe are committed to protecting your privacy and ensuring the security of your personal data. Our Privacy Policy is designed to explain how we collect, use, and protect information to the highest standards of security.\n\nWhat do we do with your data?\n\nData Collection: We collect only basic information, such as name, contact information, and booking details, in order to provide the service efficiently.\n\nUse: Your data is used to organize appointments, provide appropriate offers, and ensure that services are compatible with your insurance coverage.\n\nData Protection: We apply modern technologies to protect your data from unauthorized access or illegal use.\n\nComplete Transparency\n\nWe will not share your personal data with any third party without your prior consent.\n\nYou can manage, update, or request deletion of your data at any time through your account settings or by contacting us.\n\nOur Goal\nTo ensure a safe and reliable experience that meets your medical needs while respecting your privacy at every step.\n\nFor more details, you can view the full text of the Privacy Policy via the application.', 'سياسة الخصوصية\n======\n\n\nنحن  ملتزمون بحماية خصوصيتك وضمان أمان بياناتك الشخصية. تم تصميم سياسة الخصوصية لدينا لتوضيح كيفية جمع المعلومات، استخدامها، وحمايتها ضمن أعلى معايير الأمان.\n\nما الذي نفعله ببياناتك؟\n\n    جمع البيانات: نقوم بجمع المعلومات الأساسية فقط، مثل الاسم، بيانات التواصل، وتفاصيل الحجز، بهدف تقديم الخدمة بكفاءة.\n    الاستخدام: تُستخدم بياناتك لتنظيم المواعيد، توفير العروض المناسبة، والتأكد من توافق الخدمات مع تغطية التأمين الخاصة بك.\n    حماية البيانات: نطبق تقنيات حديثة لحماية بياناتك من الوصول غير المصرح به أو الاستخدام غير المشروع.\n\nشفافية تامة\n\n    لن نقوم بمشاركة بياناتك الشخصية مع أي طرف ثالث دون موافقتك المسبقة.\n    يُمكنك إدارة بياناتك وتحديثها أو طلب حذفها في أي وقت من خلال إعدادات الحساب أو التواصل معنا.\n\nهدفنا\nضمان تجربة آمنة وموثوقة تلبي احتياجاتك الطبية مع احترام خصوصيتك في كل خطوة.\n\nلمزيد من التفاصيل، يمكنك الاطلاع على النص الكامل لسياسة الخصوصية عبر التطبيق.', NULL, 'privacy', 3, 1, '2022-07-14 15:41:15', '2022-07-14 15:41:15'),
(10, 'terms Pharmacy', 'شروط واحكام تطبيق الصيدلية', 'Terms of Use\n=====\n\nProviding accurate information\n\nThe user must enter accurate and correct details about his health condition and the purpose of the visit.\n\nThe user is responsible for any incorrect information that may affect the medical service provided.\n\nCommitment to appointments\n\nThe user is required to respect the booked appointments or cancel them in sufficient time if circumstances prevent him from attending.\n\nPayment of fees\n\nThe user must pay any fees associated with the service, whether booking fees or medical consultation fees, through the payment methods available in the application.\n\nThe application is committed to clarifying the payment and refund policy in a transparent manner.\n\nPrivacy and data protection\n\nThe user must agree to the privacy policy that specifies how personal data is collected and used.\nThe applications are committed to protecting user data in accordance with the data protection systems and regulations in the Kingdom.', 'شروط الأستخدام\n=====\n\n توفير معلومات دقيقة\n\n    يجب على المستخدم إدخال تفاصيل دقيقة وصحيحة عن حالته الصحية والغرض من الزيارة.\n    يتحمل المستخدم مسؤولية أي معلومات غير صحيحة قد تؤثر على الخدمة الطبية المقدمة.\n\n الالتزام بالمواعيد\n\n    يشترط على المستخدم احترام المواعيد المحجوزة أو إلغاؤها قبل وقت كافٍ إذا طرأت ظروف تمنعه من الحضور.\n\nدفع الرسوم\n\n    يجب على المستخدم دفع أي رسوم مرتبطة بالخدمة، سواء رسوم الحجز أو الاستشارة الطبية، من خلال وسائل الدفع المتاحة في التطبيق.\n\n    يلتزم التطبيق بتوضيح سياسة الدفع والاسترداد بشكل شفاف.\n\n الخصوصية وحماية البيانات\n\n    يجب أن يوافق المستخدم على سياسة الخصوصية التي تحدد كيفية جمع البيانات الشخصية واستخدامها.\n    تلتزم التطبيقات بحماية بيانات المستخدمين وفقًا لأنظمة ولوائح حماية البيانات في المملكة.', NULL, 'terms', 5, 1, '2022-07-14 15:41:15', '2022-07-14 15:41:15'),
(11, 'About Us pharmacy', 'عن تطبيق الصيدلى', 'About Takaful\n=====\nAn application that makes it easy for users to book medical appointments easily and quickly. The application allows you to browse doctors by specialties, book appointments by date and time, and view exclusive offers and available services. The application is compatible with insurance companies, allowing you to easily choose clinics and covered services.\n\nBook appointments easily: Choose the date and time that suits you with immediate confirmation.\n\nSpecial offers: Discover the latest offers and discounts at clinic complexes.\n\nSecure electronic payment: Various payment options to facilitate the experience.\n\nApplication goal: Provide a comfortable and smooth experience for users to access the best', 'عن تكافل \n=====\nتطبيق يسهّل على المستخدمين حجز المواعيد الطبية بكل سهولة وسرعة. يتيح لك التطبيق استعراض الأطباء حسب التخصصات، حجز المواعيد بالتاريخ والساعة، والاطلاع على العروض الحصرية والخدمات المتوفرة. يتميز التطبيق بتوافقه مع شركات التأمين، مما يتيح لك اختيار العيادات والخدمات المغطاة بسهولة.\n\n    حجز المواعيد بسهولة: اختر التاريخ والساعة المناسبة لك مع تأكيد فوري.\n    عروض خاصة: اكتشف أحدث العروض والتخفيضات في مجمعات العيادات.\n    دفع إلكتروني آمن: خيارات دفع متنوعة لتسهيل التجربة.\n\nهدف التطبيق: تقديم تجربة مريحة وسلسة للمستخدمين للوصول إلى أفضل ', NULL, 'about', 5, 1, '2022-07-14 15:41:15', '2022-07-14 15:41:15'),
(12, 'Privacy Policy Pharmacy App', 'سياسة الخصوصية الخاصة بتطبيق الصيدلى', 'Privacy Policy\n======\n\nWe are committed to protecting your privacy and ensuring the security of your personal data. Our Privacy Policy is designed to explain how we collect, use, and protect information to the highest standards of security.\n\nWhat do we do with your data?\n\nData Collection: We collect only basic information, such as name, contact information, and booking details, in order to provide the service efficiently.\n\nUse: Your data is used to organize appointments, provide appropriate offers, and ensure that services are compatible with your insurance coverage.\n\nData Protection: We apply modern technologies to protect your data from unauthorized access or illegal use.\n\nComplete Transparency\n\nWe will not share your personal data with any third party without your prior consent.\n\nYou can manage, update, or request deletion of your data at any time through your account settings or by contacting us.\n\nOur Goal\nTo ensure a safe and reliable experience that meets your medical needs while respecting your privacy at every step.\n\nFor more details, you can view the full text of the Privacy Policy via the application.', 'سياسة الخصوصية\n======\n\n\nنحن  ملتزمون بحماية خصوصيتك وضمان أمان بياناتك الشخصية. تم تصميم سياسة الخصوصية لدينا لتوضيح كيفية جمع المعلومات، استخدامها، وحمايتها ضمن أعلى معايير الأمان.\n\nما الذي نفعله ببياناتك؟\n\n    جمع البيانات: نقوم بجمع المعلومات الأساسية فقط، مثل الاسم، بيانات التواصل، وتفاصيل الحجز، بهدف تقديم الخدمة بكفاءة.\n    الاستخدام: تُستخدم بياناتك لتنظيم المواعيد، توفير العروض المناسبة، والتأكد من توافق الخدمات مع تغطية التأمين الخاصة بك.\n    حماية البيانات: نطبق تقنيات حديثة لحماية بياناتك من الوصول غير المصرح به أو الاستخدام غير المشروع.\n\nشفافية تامة\n\n    لن نقوم بمشاركة بياناتك الشخصية مع أي طرف ثالث دون موافقتك المسبقة.\n    يُمكنك إدارة بياناتك وتحديثها أو طلب حذفها في أي وقت من خلال إعدادات الحساب أو التواصل معنا.\n\nهدفنا\nضمان تجربة آمنة وموثوقة تلبي احتياجاتك الطبية مع احترام خصوصيتك في كل خطوة.\n\nلمزيد من التفاصيل، يمكنك الاطلاع على النص الكامل لسياسة الخصوصية عبر التطبيق.', NULL, 'privacy', 5, 1, '2022-07-14 15:41:15', '2022-07-14 15:41:15'),
(13, 'terms Lab', 'شروط واحكام تطبيق المعمل', 'Lorem Ipsum is simply dummy text of the printing and typesetting industry. Lorem Ipsum has been the industry\'s standard dummy text ever since the 1500s, when an unknown printer took a galley of type and scrambled it to make a type specimen book. It has survived not only five centuries, but also the leap into electronic typesetting, remaining essentially unchanged. It was popularised in the 1960s with the release of Letraset sheets containing Lorem Ipsum passages, and more recently with desktop publishing software like Aldus PageMaker including versions of Lorem Ipsum.', 'شروط الأستخدام\n=====\n\n توفير معلومات دقيقة\n\n    يجب على المستخدم إدخال تفاصيل دقيقة وصحيحة عن حالته الصحية والغرض من الزيارة.\n    يتحمل المستخدم مسؤولية أي معلومات غير صحيحة قد تؤثر على الخدمة الطبية المقدمة.\n\n الالتزام بالمواعيد\n\n    يشترط على المستخدم احترام المواعيد المحجوزة أو إلغاؤها قبل وقت كافٍ إذا طرأت ظروف تمنعه من الحضور.\n\nدفع الرسوم\n\n    يجب على المستخدم دفع أي رسوم مرتبطة بالخدمة، سواء رسوم الحجز أو الاستشارة الطبية، من خلال وسائل الدفع المتاحة في التطبيق.\n\n    يلتزم التطبيق بتوضيح سياسة الدفع والاسترداد بشكل شفاف.\n\n الخصوصية وحماية البيانات\n\n    يجب أن يوافق المستخدم على سياسة الخصوصية التي تحدد كيفية جمع البيانات الشخصية واستخدامها.\n    تلتزم التطبيقات بحماية بيانات المستخدمين وفقًا لأنظمة ولوائح حماية البيانات في المملكة.', NULL, 'terms', 25, 1, '2022-07-14 15:41:15', '2022-07-14 15:41:15'),
(14, 'About Us Lab', 'عن تطبيق المعمل ', 'About Takaful\n=====\nAn application that makes it easy for users to book medical appointments easily and quickly. The application allows you to browse doctors by specialties, book appointments by date and time, and view exclusive offers and available services. The application is compatible with insurance companies, allowing you to easily choose clinics and covered services.\n\nBook appointments easily: Choose the date and time that suits you with immediate confirmation.\n\nSpecial offers: Discover the latest offers and discounts at clinic complexes.\n\nSecure electronic payment: Various payment options to facilitate the experience.\n\nApplication goal: Provide a comfortable and smooth experience for users to access the best', 'عن تكافل \n=====\nتطبيق يسهّل على المستخدمين حجز المواعيد الطبية بكل سهولة وسرعة. يتيح لك التطبيق استعراض الأطباء حسب التخصصات، حجز المواعيد بالتاريخ والساعة، والاطلاع على العروض الحصرية والخدمات المتوفرة. يتميز التطبيق بتوافقه مع شركات التأمين، مما يتيح لك اختيار العيادات والخدمات المغطاة بسهولة.\n\n    حجز المواعيد بسهولة: اختر التاريخ والساعة المناسبة لك مع تأكيد فوري.\n    عروض خاصة: اكتشف أحدث العروض والتخفيضات في مجمعات العيادات.\n    دفع إلكتروني آمن: خيارات دفع متنوعة لتسهيل التجربة.\n\nهدف التطبيق: تقديم تجربة مريحة وسلسة للمستخدمين للوصول إلى أفضل ', NULL, 'about', 25, 1, '2022-07-14 15:41:15', '2022-07-14 15:41:15'),
(15, 'Privacy Policy Lab App', 'سياسة الخصوصية الخاصة بتطبيق المعمل', 'Privacy Policy\n======\n\nWe are committed to protecting your privacy and ensuring the security of your personal data. Our Privacy Policy is designed to explain how we collect, use, and protect information to the highest standards of security.\n\nWhat do we do with your data?\n\nData Collection: We collect only basic information, such as name, contact information, and booking details, in order to provide the service efficiently.\n\nUse: Your data is used to organize appointments, provide appropriate offers, and ensure that services are compatible with your insurance coverage.\n\nData Protection: We apply modern technologies to protect your data from unauthorized access or illegal use.\n\nComplete Transparency\n\nWe will not share your personal data with any third party without your prior consent.\n\nYou can manage, update, or request deletion of your data at any time through your account settings or by contacting us.\n\nOur Goal\nTo ensure a safe and reliable experience that meets your medical needs while respecting your privacy at every step.\n\nFor more details, you can view the full text of the Privacy Policy via the application.', 'سياسة الخصوصية\n======\n\n\nنحن  ملتزمون بحماية خصوصيتك وضمان أمان بياناتك الشخصية. تم تصميم سياسة الخصوصية لدينا لتوضيح كيفية جمع المعلومات، استخدامها، وحمايتها ضمن أعلى معايير الأمان.\n\nما الذي نفعله ببياناتك؟\n\n    جمع البيانات: نقوم بجمع المعلومات الأساسية فقط، مثل الاسم، بيانات التواصل، وتفاصيل الحجز، بهدف تقديم الخدمة بكفاءة.\n    الاستخدام: تُستخدم بياناتك لتنظيم المواعيد، توفير العروض المناسبة، والتأكد من توافق الخدمات مع تغطية التأمين الخاصة بك.\n    حماية البيانات: نطبق تقنيات حديثة لحماية بياناتك من الوصول غير المصرح به أو الاستخدام غير المشروع.\n\nشفافية تامة\n\n    لن نقوم بمشاركة بياناتك الشخصية مع أي طرف ثالث دون موافقتك المسبقة.\n    يُمكنك إدارة بياناتك وتحديثها أو طلب حذفها في أي وقت من خلال إعدادات الحساب أو التواصل معنا.\n\nهدفنا\nضمان تجربة آمنة وموثوقة تلبي احتياجاتك الطبية مع احترام خصوصيتك في كل خطوة.\n\nلمزيد من التفاصيل، يمكنك الاطلاع على النص الكامل لسياسة الخصوصية عبر التطبيق.', NULL, 'privacy', 25, 1, '2022-07-14 15:41:15', '2022-07-14 15:41:15'),
(16, 'terms Rays', 'شروط واحكام تطبيق الاشعة', 'Terms of Use\n=====\n\nProviding accurate information\n\nThe user must enter accurate and correct details about his health condition and the purpose of the visit.\n\nThe user is responsible for any incorrect information that may affect the medical service provided.\n\nCommitment to appointments\n\nThe user is required to respect the booked appointments or cancel them in sufficient time if circumstances prevent him from attending.\n\nPayment of fees\n\nThe user must pay any fees associated with the service, whether booking fees or medical consultation fees, through the payment methods available in the application.\n\nThe application is committed to clarifying the payment and refund policy in a transparent manner.\n\nPrivacy and data protection\n\nThe user must agree to the privacy policy that specifies how personal data is collected and used.\nThe applications are committed to protecting user data in accordance with the data protection systems and regulations in the Kingdom.', 'شروط الأستخدام\n=====\n\n توفير معلومات دقيقة\n\n    يجب على المستخدم إدخال تفاصيل دقيقة وصحيحة عن حالته الصحية والغرض من الزيارة.\n    يتحمل المستخدم مسؤولية أي معلومات غير صحيحة قد تؤثر على الخدمة الطبية المقدمة.\n\n الالتزام بالمواعيد\n\n    يشترط على المستخدم احترام المواعيد المحجوزة أو إلغاؤها قبل وقت كافٍ إذا طرأت ظروف تمنعه من الحضور.\n\nدفع الرسوم\n\n    يجب على المستخدم دفع أي رسوم مرتبطة بالخدمة، سواء رسوم الحجز أو الاستشارة الطبية، من خلال وسائل الدفع المتاحة في التطبيق.\n\n    يلتزم التطبيق بتوضيح سياسة الدفع والاسترداد بشكل شفاف.\n\n الخصوصية وحماية البيانات\n\n    يجب أن يوافق المستخدم على سياسة الخصوصية التي تحدد كيفية جمع البيانات الشخصية واستخدامها.\n    تلتزم التطبيقات بحماية بيانات المستخدمين وفقًا لأنظمة ولوائح حماية البيانات في المملكة.', NULL, 'terms', 26, 1, '2022-07-14 15:41:15', '2022-07-14 15:41:15'),
(17, 'About Us Rays', 'عن تطبيق الاشعة', 'About Takaful\n=====\nAn application that makes it easy for users to book medical appointments easily and quickly. The application allows you to browse doctors by specialties, book appointments by date and time, and view exclusive offers and available services. The application is compatible with insurance companies, allowing you to easily choose clinics and covered services.\n\nBook appointments easily: Choose the date and time that suits you with immediate confirmation.\n\nSpecial offers: Discover the latest offers and discounts at clinic complexes.\n\nSecure electronic payment: Various payment options to facilitate the experience.\n\nApplication goal: Provide a comfortable and smooth experience for users to access the best', 'عن تكافل \n=====\nتطبيق يسهّل على المستخدمين حجز المواعيد الطبية بكل سهولة وسرعة. يتيح لك التطبيق استعراض الأطباء حسب التخصصات، حجز المواعيد بالتاريخ والساعة، والاطلاع على العروض الحصرية والخدمات المتوفرة. يتميز التطبيق بتوافقه مع شركات التأمين، مما يتيح لك اختيار العيادات والخدمات المغطاة بسهولة.\n\n    حجز المواعيد بسهولة: اختر التاريخ والساعة المناسبة لك مع تأكيد فوري.\n    عروض خاصة: اكتشف أحدث العروض والتخفيضات في مجمعات العيادات.\n    دفع إلكتروني آمن: خيارات دفع متنوعة لتسهيل التجربة.\n\nهدف التطبيق: تقديم تجربة مريحة وسلسة للمستخدمين للوصول إلى أفضل ', NULL, 'about', 26, 1, '2022-07-14 15:41:15', '2022-07-14 15:41:15'),
(18, 'Privacy Policy Rays App', 'سياسة الخصوصية الخاصة بتطبيق الاشعة', 'Privacy Policy\r\n======\r\n\r\nWe are committed to protecting your privacy and ensuring the security of your personal data. Our Privacy Policy is designed to explain how we collect, use, and protect information to the highest standards of security.\r\n\r\nWhat do we do with your data?\r\n\r\nData Collection: We collect only basic information, such as name, contact information, and booking details, in order to provide the service efficiently.\r\n\r\nUse: Your data is used to organize appointments, provide appropriate offers, and ensure that services are compatible with your insurance coverage.\r\n\r\nData Protection: We apply modern technologies to protect your data from unauthorized access or illegal use.\r\n\r\nComplete Transparency\r\n\r\nWe will not share your personal data with any third party without your prior consent.\r\n\r\nYou can manage, update, or request deletion of your data at any time through your account settings or by contacting us.\r\n\r\nOur Goal\r\nTo ensure a safe and reliable experience that meets your medical needs while respecting your privacy at every step.\r\n\r\nFor more details, you can view the full text of the Privacy Policy via the application.', 'سياسة الخصوصية\r\n======\r\n\r\n\r\nنحن  ملتزمون بحماية خصوصيتك وضمان أمان بياناتك الشخصية. تم تصميم سياسة الخصوصية لدينا لتوضيح كيفية جمع المعلومات، استخدامها، وحمايتها ضمن أعلى معايير الأمان.\r\n\r\nما الذي نفعله ببياناتك؟\r\n\r\n    جمع البيانات: نقوم بجمع المعلومات الأساسية فقط، مثل الاسم، بيانات التواصل، وتفاصيل الحجز، بهدف تقديم الخدمة بكفاءة.\r\n    الاستخدام: تُستخدم بياناتك لتنظيم المواعيد، توفير العروض المناسبة، والتأكد من توافق الخدمات مع تغطية التأمين الخاصة بك.\r\n    حماية البيانات: نطبق تقنيات حديثة لحماية بياناتك من الوصول غير المصرح به أو الاستخدام غير المشروع.\r\n\r\nشفافية تامة\r\n\r\n    لن نقوم بمشاركة بياناتك الشخصية مع أي طرف ثالث دون موافقتك المسبقة.\r\n    يُمكنك إدارة بياناتك وتحديثها أو طلب حذفها في أي وقت من خلال إعدادات الحساب أو التواصل معنا.\r\n\r\nهدفنا\r\nضمان تجربة آمنة وموثوقة تلبي احتياجاتك الطبية مع احترام خصوصيتك في كل خطوة.\r\n\r\nلمزيد من التفاصيل، يمكنك الاطلاع على النص الكامل لسياسة الخصوصية عبر التطبيق.', NULL, 'privacy', 26, 1, '2022-07-14 15:41:15', '2025-02-27 18:30:49');

-- --------------------------------------------------------

--
-- Table structure for table `shifts`
--

CREATE TABLE `shifts` (
  `id` bigint(20) UNSIGNED NOT NULL,
  `account_type` bigint(20) UNSIGNED NOT NULL,
  `clinic_id` bigint(20) UNSIGNED NOT NULL,
  `name` varchar(100) DEFAULT NULL,
  `time_from` time DEFAULT NULL,
  `time_to` time DEFAULT NULL,
  `minute_allow_delay` int(11) NOT NULL DEFAULT 5,
  `status` tinyint(4) NOT NULL DEFAULT 1 COMMENT '1 shift , 0 off',
  `deleted_at` timestamp NULL DEFAULT NULL,
  `created_at` timestamp NULL DEFAULT NULL,
  `updated_at` timestamp NULL DEFAULT NULL
) ENGINE=InnoDB DEFAULT CHARSET=utf8mb4 COLLATE=utf8mb4_unicode_ci;

--
-- Dumping data for table `shifts`
--

INSERT INTO `shifts` (`id`, `account_type`, `clinic_id`, `name`, `time_from`, `time_to`, `minute_allow_delay`, `status`, `deleted_at`, `created_at`, `updated_at`) VALUES
(3, 6, 1, 'shift A', '09:00:00', '18:00:00', 15, 1, NULL, '2022-07-14 12:18:49', '2022-07-14 12:27:31'),
(4, 6, 1, 'shift Am', '09:00:00', '09:00:00', 15, 1, NULL, '2022-08-04 03:06:35', '2022-08-04 13:01:20'),
(5, 6, 1, 'sss', '10:26:00', '10:26:00', 2, 1, NULL, '2022-08-04 11:28:36', '2022-08-04 11:28:36'),
(6, 6, 1, 'sss', '10:26:00', '10:26:00', 60, 1, NULL, '2022-08-04 11:28:36', '2022-08-09 23:28:42'),
(7, 6, 1, 'sss', '10:26:00', '10:26:00', 2, 1, NULL, '2022-08-04 11:29:24', '2022-08-04 11:29:24'),
(8, 6, 1, 'sss', '20:26:00', '10:26:00', 20, 1, NULL, '2022-08-04 11:29:34', '2022-08-09 23:29:48'),
(9, 6, 1, 'sss', '10:30:00', '10:30:00', 55, 1, NULL, '2022-08-04 11:31:06', '2022-08-09 23:28:58'),
(12, 5, 1, 'pm', '16:00:00', '00:00:00', 10, 1, NULL, '2022-08-05 04:57:49', '2023-05-25 05:52:05'),
(13, 2, 1, 'asd', '08:01:00', '10:58:00', 5, 1, NULL, '2022-08-05 15:54:39', '2023-04-04 05:50:25'),
(14, 2, 1, 'h3', '04:00:00', '00:00:00', 10, 1, NULL, '2022-08-05 16:12:23', '2022-08-05 16:12:23'),
(16, 2, 1, 'ddddd', '02:48:00', '09:48:00', 10, 1, NULL, '2022-08-13 00:49:25', '2022-09-05 05:51:31'),
(17, 3, 1, 'shift Am', '10:00:00', '18:00:00', 15, 1, NULL, '2022-08-13 00:53:07', '2023-11-14 17:28:50'),
(18, 2, 1, 'test', '07:33:00', '07:33:00', 12, 1, NULL, '2022-08-15 12:29:17', '2022-08-15 12:29:17'),
(20, 2, 1, 'test shift', '16:00:00', '12:00:00', 30, 1, NULL, '2022-09-05 04:55:32', '2022-09-05 04:55:49'),
(21, 3, 1, 'shift Am', '09:00:00', '17:00:00', 15, 1, NULL, '2022-12-20 20:51:22', '2023-11-14 17:28:24'),
(24, 2, 1, 'new shift sh', '09:50:00', '15:00:00', 20, 1, NULL, '2023-04-04 05:49:38', '2023-04-04 05:49:38'),
(25, 3, 1, 'رمضان', '08:30:00', '02:30:00', 10, 1, NULL, '2023-04-12 17:23:09', '2023-04-12 17:23:09'),
(26, 3, 1, 'morning', '08:00:00', '16:00:00', 10, 1, NULL, '2023-05-25 05:28:39', '2023-05-25 05:28:39'),
(27, 3, 1, 'afternon', '16:00:00', '00:00:00', 10, 1, NULL, '2023-05-25 05:30:35', '2023-05-25 05:30:35'),
(28, 5, 1, 'am', '08:00:00', '16:00:00', 10, 1, NULL, '2023-05-25 05:50:42', '2023-05-25 05:50:42'),
(32, 4, 1, 'Morning', '08:00:00', '16:00:00', 10, 1, NULL, '2023-09-17 08:28:56', '2023-09-17 08:28:56'),
(33, 4, 1, 'Afternoon', '16:00:00', '00:00:00', 10, 1, NULL, '2023-09-17 08:29:46', '2023-09-17 08:29:46'),
(34, 4, 1, 'Two shift M', '09:00:00', '12:00:00', 10, 1, NULL, '2023-09-17 08:31:01', '2023-09-17 08:31:01'),
(35, 4, 1, 'two shift Afternoon', '17:00:00', '22:00:00', 10, 1, NULL, '2023-09-17 08:31:54', '2023-09-17 08:31:54'),
(36, 2, 35, 'am', '08:00:00', '16:00:00', 10, 1, NULL, '2023-09-17 14:35:22', '2023-09-17 14:47:51'),
(37, 2, 35, 'pm', '17:00:00', '11:00:00', 10, 1, NULL, '2023-09-17 14:36:12', '2023-09-17 14:36:12'),
(38, 3, 1, 'A', '09:37:00', '16:00:00', 15, 1, NULL, '2023-10-30 21:23:29', '2023-10-30 21:23:29'),
(39, 3, 1, 'night shift', '00:37:00', '01:38:00', 5, 1, NULL, '2023-11-02 22:38:40', '2023-11-02 22:38:40'),
(40, 3, 1, 'تيست', '01:00:00', '13:00:00', 15, 1, NULL, '2023-11-10 01:55:17', '2023-11-10 01:55:17'),
(41, 3, 1, 'doctor test', '14:07:00', '01:07:00', 100, 1, NULL, '2023-11-11 13:08:02', '2023-11-14 17:29:39'),
(42, 3, 1, 'شيفت حضور', '00:00:00', '12:30:00', 10, 1, NULL, '2023-11-14 17:37:58', '2023-11-14 17:37:58'),
(44, 3, 1, 'شيفت دكتور', '09:17:00', '22:17:00', 15, 1, NULL, '2023-12-17 22:17:51', '2023-12-17 22:17:51'),
(45, 5, 1, 'شيفت صيدلية', '17:47:00', '05:48:00', 60, 1, NULL, '2024-01-06 15:48:18', '2024-01-06 15:48:18'),
(46, 3, 1, 'شيفت جديد', '16:52:00', '04:52:00', 30, 1, NULL, '2024-01-06 15:52:11', '2024-01-06 15:52:11'),
(47, 3, 1, 'دكتور', '04:55:00', '18:55:00', 10, 1, NULL, '2024-01-12 02:55:54', '2024-01-12 02:55:54'),
(48, 3, 1, 'new shift', '18:21:00', '22:23:00', 15, 1, NULL, '2024-01-16 16:23:31', '2024-01-16 16:23:31'),
(49, 3, 1, 'shift doctor test', '02:29:00', '06:29:00', 15, 1, NULL, '2024-01-19 01:29:32', '2024-01-19 01:29:32'),
(50, 3, 1, 'شيفت تيست', '00:50:00', '15:50:00', 15, 1, NULL, '2024-01-26 23:50:34', '2024-01-26 23:50:34'),
(51, 3, 1, 'شيفت شيفت', '23:00:00', '02:21:00', 60, 1, NULL, '2024-02-26 13:21:52', '2024-02-27 22:27:56'),
(52, 3, 1, 'شيفت استقبال جديد', '23:00:00', '02:21:00', 60, 1, NULL, '2024-02-27 22:33:56', '2024-03-01 02:18:54'),
(53, 3, 1, 'تيست شيفت', '02:04:00', '15:04:00', 60, 1, NULL, '2024-03-09 01:05:03', '2024-03-09 01:05:03'),
(54, 3, 1, 'New New new', '10:20:00', '17:20:00', 60, 1, NULL, '2024-05-09 07:20:05', '2024-05-09 07:20:05'),
(55, 3, 1, 'test', '14:31:00', '20:30:00', 20, 1, NULL, '2024-05-14 11:31:10', '2024-05-14 11:31:10'),
(56, 3, 1, 'test new test', '02:02:00', '16:02:00', 60, 1, NULL, '2024-05-31 23:02:55', '2024-05-31 23:02:55'),
(57, 3, 1, 'test new pahrma', '06:32:00', '19:32:00', 60, 1, NULL, '2024-06-18 03:32:23', '2024-06-18 03:32:23'),
(58, 3, 1, 'شيفت صيدلية تيست', '21:34:00', '10:34:00', 60, 1, NULL, '2024-06-22 18:34:46', '2024-06-22 18:34:46'),
(60, 3, 1, 'شيفت شيفت شيفت', '18:14:00', '10:14:00', 30, 1, NULL, '2024-08-03 15:14:39', '2024-08-03 15:14:39'),
(61, 3, 58, 'شفت', '13:00:00', '15:06:00', 30, 1, NULL, '2024-08-16 12:03:14', '2024-08-16 12:03:14'),
(62, 3, 1, 'test new new', '12:05:00', '01:06:00', 60, 1, NULL, '2024-08-25 09:06:10', '2024-08-25 09:06:10'),
(63, 3, 1, 'alaa shift doctor', '10:31:00', '23:31:00', 60, 1, NULL, '2024-09-29 07:32:05', '2024-09-29 07:32:05'),
(64, 3, 1, 'alaa shift shift', '01:47:00', '03:47:00', 60, 1, NULL, '2024-10-04 22:47:41', '2024-10-04 22:47:41'),
(65, 3, 1, 'shift doctor new test', '15:03:00', '03:04:00', 60, 1, NULL, '2024-10-06 12:03:55', '2024-10-06 12:03:55'),
(66, 3, 1, 'new doctor', '23:31:00', '00:31:00', 60, 1, NULL, '2024-10-23 20:31:59', '2024-10-23 20:31:59'),
(67, 3, 1, 'new shfit new shift', '14:12:00', '03:12:00', 60, 1, NULL, '2024-10-26 11:12:32', '2024-10-26 11:12:32'),
(68, 3, 1, 'new doctor 2', '16:23:00', '06:23:00', 60, 1, NULL, '2024-10-28 13:23:52', '2024-10-28 13:23:52'),
(69, 3, 1, 'shift doctors', '03:28:00', '15:28:00', 60, 1, NULL, '2024-11-02 01:29:02', '2024-11-02 01:29:02'),
(70, 3, 1, 'alaa shift test', '00:54:00', '22:54:00', 60, 1, NULL, '2024-11-27 22:55:07', '2024-11-27 22:55:07'),
(71, 3, 1, 'new doctor new new', '00:50:00', '15:50:00', 60, 1, NULL, '2025-01-02 22:50:43', '2025-01-02 22:50:43'),
(72, 3, 1, 'new test new doctor', '16:01:00', '05:01:00', 60, 1, NULL, '2025-01-04 14:02:05', '2025-01-04 14:02:05'),
(73, 3, 1, 'newdoctotr', '19:04:00', '10:04:00', 60, 1, NULL, '2025-02-11 17:04:28', '2025-02-11 17:04:28'),
(74, 3, 1, 'test clinic', '22:00:00', '23:00:00', 30, 1, NULL, '2025-04-07 20:00:43', '2025-04-07 20:00:43'),
(75, 3, 1, 'new test doctor', '21:01:00', '21:30:00', 15, 1, NULL, '2025-04-13 19:01:49', '2025-04-13 19:01:49'),
(76, 3, 1, 'new test app', '13:38:00', '14:00:00', 15, 1, NULL, '2025-04-29 10:38:24', '2025-04-29 10:38:24'),
(77, 3, 1, 'alaa takafol', '12:58:00', '13:58:00', 15, 1, NULL, '2025-04-30 09:58:24', '2025-04-30 09:58:24'),
(78, 3, 1, 'test file', '19:19:00', '20:19:00', 15, 1, NULL, '2025-05-01 16:19:23', '2025-05-01 16:19:23'),
(79, 3, 1, 'test rays', '13:00:00', '15:00:00', 15, 1, NULL, '2025-05-10 10:00:36', '2025-05-10 10:00:36'),
(80, 3, 1, 'test user', '19:00:00', '22:00:00', 30, 1, NULL, '2025-05-10 10:01:01', '2025-05-10 10:01:01'),
(81, 3, 1, 'test shift app', '05:17:00', '17:17:00', 15, 1, NULL, '2025-05-17 11:17:52', '2025-05-17 11:17:52'),
(82, 3, 1, 'alaa', '18:10:00', '19:04:00', 15, 1, NULL, '2025-05-30 15:04:20', '2025-05-30 15:04:20'),
(83, 3, 1, 'new new', '00:52:00', '12:52:00', 15, 1, NULL, '2025-06-03 21:52:22', '2025-06-03 21:52:22'),
(84, 3, 1, 'new lab', '14:54:00', '19:54:00', 30, 1, NULL, '2025-06-08 11:54:41', '2025-06-08 11:54:41'),
(85, 3, 1, 'new test app1', '17:02:00', '05:02:00', 30, 1, NULL, '2025-07-18 14:02:07', '2025-07-18 14:02:07'),
(86, 36, 102, 'A2', '12:01:00', '20:01:00', 10, 1, NULL, '2025-07-19 15:06:31', '2025-07-19 15:06:31'),
(90, 3, 1, 'new 33', '20:40:00', '08:00:00', 1, 1, NULL, '2025-10-07 17:36:27', '2025-10-07 17:36:27'),
(91, 3, 1, 'new 3888', '17:20:00', '22:00:00', 30, 1, NULL, '2025-10-25 14:13:51', '2025-10-25 14:13:51'),
(92, 3, 1, 'employee new test', '21:30:00', '23:30:00', 30, 1, NULL, '2025-11-15 18:00:01', '2025-11-15 18:00:01'),
(93, 27, 1, 'تيست', '11:00:00', '20:00:00', 15, 1, NULL, '2025-11-16 09:41:34', '2025-11-16 09:41:34'),
(94, 27, 1, 'تيست', '11:00:00', '20:00:00', 15, 1, NULL, '2025-11-16 09:49:03', '2025-11-16 09:49:03'),
(95, 37, 1, 'تيست', '13:59:00', '21:00:00', 15, 1, NULL, '2025-11-16 11:30:32', '2025-11-16 11:30:32'),
(96, 39, 1, 'تيست', '03:14:00', '14:14:00', 17, 1, NULL, '2025-11-16 12:14:52', '2025-11-16 12:14:52'),
(97, 40, 1, 'تيست', '15:42:00', '03:42:00', 18, 1, NULL, '2025-11-16 13:42:27', '2025-11-16 13:42:27'),
(98, 3, 1, 'حياة جديد', '00:12:00', '13:12:00', 30, 1, NULL, '2025-11-17 21:12:32', '2025-11-17 21:12:32'),
(99, 3, 1, 'test video', '10:34:00', '13:00:00', 30, 1, NULL, '2025-11-18 08:35:09', '2025-11-18 08:35:09'),
(100, 3, 1, 'test 1', '13:10:00', '01:00:00', 30, 1, NULL, '2025-11-19 11:10:45', '2025-11-19 11:10:45'),
(101, 41, 1, 'تيست', '17:26:00', '05:26:00', 15, 1, NULL, '2025-11-19 15:26:50', '2025-11-19 15:26:50'),
(102, 3, 244, 'Shift A', '00:18:00', '15:00:00', 30, 1, NULL, '2025-11-20 22:21:56', '2025-12-09 13:01:51'),
(103, 8, 354, 'test shift', '10:00:00', '15:00:00', 10, 1, NULL, '2025-12-09 07:48:32', '2025-12-09 07:48:32'),
(104, 25, 244, 'شيفت العمل', '11:00:00', '15:00:00', 15, 1, NULL, '2025-12-16 08:33:16', '2025-12-16 08:33:16'),
(105, 26, 244, 'شيفت العمل', '15:00:00', '17:00:00', 15, 1, NULL, '2025-12-16 08:38:37', '2025-12-16 12:49:54'),
(106, 3, 241, 'شيفتات دكتور العياده', '12:30:00', '20:30:00', 15, 1, NULL, '2025-12-17 09:49:51', '2025-12-17 09:49:51'),
(107, 2, 241, 'شيفت الاستقبال', '12:30:00', '20:30:00', 15, 1, NULL, '2025-12-17 09:52:38', '2025-12-17 09:52:38'),
(108, 26, 241, 'شيفت الاشعه', '12:30:00', '20:30:00', 15, 1, NULL, '2025-12-17 09:58:38', '2025-12-17 09:58:38'),
(109, 25, 241, 'شيفت المعمل', '12:30:00', '12:30:00', 15, 1, NULL, '2025-12-17 10:01:39', '2025-12-17 10:01:39'),
(110, 5, 241, 'شيفت الصيدليه', '12:30:00', '12:30:00', 15, 1, NULL, '2025-12-17 10:03:50', '2025-12-17 10:03:50'),
(111, 10, 241, 'شيفت التامين', '12:30:00', '20:30:00', 15, 1, NULL, '2025-12-17 10:05:55', '2025-12-17 10:05:55'),
(112, 9, 241, 'شيفت الحسابات', '12:30:00', '20:30:00', 15, 1, NULL, '2025-12-17 10:09:54', '2025-12-17 10:09:54'),
(113, 8, 241, 'شيفت التمريض', '12:30:00', '20:30:00', 15, 1, NULL, '2025-12-17 10:12:29', '2025-12-17 10:12:29'),
(114, 3, 2, 'شيفت الدكتور', '15:00:00', '23:00:00', 15, 1, NULL, '2025-12-17 12:09:36', '2026-01-14 12:32:47'),
(115, 2, 2, 'شيفت الاستقبال', '14:30:00', '22:30:00', 15, 1, NULL, '2025-12-17 12:22:07', '2025-12-17 12:22:07'),
(116, 26, 2, 'شيفت الاشعه', '14:30:00', '22:30:00', 15, 1, NULL, '2025-12-17 12:27:20', '2025-12-17 12:27:20'),
(117, 25, 2, 'شيفت المعمل', '14:30:00', '22:30:00', 15, 1, NULL, '2025-12-17 12:29:21', '2025-12-17 12:29:21'),
(118, 5, 2, 'شيفت الصيدليه', '16:00:00', '23:35:00', 15, 1, NULL, '2025-12-17 13:35:47', '2025-12-17 13:35:47'),
(119, 9, 2, 'شيفت الحسابات', '14:30:00', '22:30:00', 15, 1, NULL, '2025-12-18 12:16:39', '2025-12-18 12:16:39'),
(120, 6, 2, 'شيفت الادمن', '17:15:00', '22:15:00', 15, 1, NULL, '2025-12-20 15:15:55', '2025-12-20 15:15:55'),
(121, 8, 2, 'تمريض', '14:30:00', '22:30:00', 15, 1, NULL, '2025-12-27 12:29:07', '2025-12-27 12:29:07'),
(122, 10, 2, 'التامين', '15:00:00', '22:00:00', 15, 1, NULL, '2025-12-27 12:46:44', '2025-12-27 12:46:44');

-- --------------------------------------------------------

--
-- Table structure for table `shift_employees`
--

CREATE TABLE `shift_employees` (
  `id` bigint(20) UNSIGNED NOT NULL,
  `account_type` bigint(20) UNSIGNED NOT NULL,
  `clinic_id` bigint(20) UNSIGNED NOT NULL,
  `employee_id` bigint(20) UNSIGNED NOT NULL,
  `shift_id` bigint(20) UNSIGNED DEFAULT NULL,
  `dateA` date NOT NULL,
  `check_in` time DEFAULT NULL,
  `check_out` time DEFAULT NULL,
  `checkin_another_employee` bigint(20) UNSIGNED DEFAULT NULL,
  `checkout_another_employee` bigint(20) UNSIGNED DEFAULT NULL,
  `attendance_status` varchar(255) DEFAULT NULL,
  `total_delay_minute` int(11) DEFAULT NULL,
  `total_extra_minute` int(11) DEFAULT NULL,
  `status` tinyint(4) NOT NULL DEFAULT 1 COMMENT '1 shift , 0 off , 2 absence',
  `deleted_at` timestamp NULL DEFAULT NULL,
  `created_at` timestamp NULL DEFAULT NULL,
  `updated_at` timestamp NULL DEFAULT NULL
) ENGINE=InnoDB DEFAULT CHARSET=utf8mb4 COLLATE=utf8mb4_unicode_ci;

--
-- Dumping data for table `shift_employees`
--

INSERT INTO `shift_employees` (`id`, `account_type`, `clinic_id`, `employee_id`, `shift_id`, `dateA`, `check_in`, `check_out`, `checkin_another_employee`, `checkout_another_employee`, `attendance_status`, `total_delay_minute`, `total_extra_minute`, `status`, `deleted_at`, `created_at`, `updated_at`) VALUES
(28, 2, 1, 25, NULL, '2023-08-13', '05:28:14', '05:28:20', NULL, NULL, NULL, NULL, NULL, 1, NULL, '2022-08-17 20:03:38', '2023-08-13 02:28:20'),
(29, 2, 1, 25, 16, '2023-08-26', NULL, NULL, NULL, NULL, NULL, NULL, NULL, 1, NULL, '2022-08-17 20:53:02', '2022-08-17 20:53:02'),
(30, 2, 1, 25, 16, '2023-08-27', NULL, NULL, NULL, NULL, NULL, NULL, NULL, 1, NULL, '2022-08-17 20:53:02', '2022-08-17 20:53:02'),
(31, 2, 1, 25, 16, '2023-08-28', NULL, NULL, NULL, NULL, NULL, NULL, NULL, 1, NULL, '2022-08-17 20:53:02', '2022-08-17 20:53:02'),
(32, 2, 1, 25, 16, '2023-08-29', NULL, NULL, NULL, NULL, NULL, NULL, NULL, 1, NULL, '2022-08-17 20:53:02', '2022-08-17 20:53:02'),
(33, 2, 1, 25, 16, '2023-08-30', NULL, NULL, NULL, NULL, NULL, NULL, NULL, 1, NULL, '2022-08-17 20:53:02', '2022-08-17 20:53:02'),
(34, 2, 1, 25, 16, '2023-08-31', NULL, NULL, NULL, NULL, NULL, NULL, NULL, 1, NULL, '2022-08-17 20:53:02', '2022-08-17 20:53:02'),
(35, 2, 1, 25, 14, '2023-08-17', '12:48:14', NULL, NULL, NULL, NULL, NULL, NULL, 1, NULL, '2022-08-17 20:53:32', '2023-08-17 09:48:14'),
(36, 2, 1, 25, 14, '2023-08-18', NULL, NULL, NULL, NULL, NULL, NULL, NULL, 1, NULL, '2022-08-17 20:53:32', '2022-08-17 20:53:32'),
(37, 2, 1, 25, 14, '2023-08-19', NULL, NULL, NULL, NULL, NULL, NULL, NULL, 1, NULL, '2022-08-17 20:53:32', '2022-08-17 20:53:32'),
(38, 2, 1, 25, 14, '2023-08-20', NULL, NULL, NULL, NULL, NULL, NULL, NULL, 1, NULL, '2022-08-17 20:53:32', '2022-08-17 20:53:32'),
(39, 2, 1, 25, 14, '2023-08-21', NULL, NULL, NULL, NULL, NULL, NULL, NULL, 1, NULL, '2022-08-17 20:53:32', '2022-08-17 20:53:32'),
(40, 2, 1, 25, 14, '2023-08-22', NULL, NULL, NULL, NULL, NULL, NULL, NULL, 1, NULL, '2022-08-17 20:53:32', '2022-08-17 20:53:32'),
(41, 2, 1, 25, 14, '2023-08-23', NULL, NULL, NULL, NULL, NULL, NULL, NULL, 1, NULL, '2022-08-17 20:53:32', '2022-08-17 20:53:32'),
(42, 2, 1, 25, 14, '2023-08-24', NULL, NULL, NULL, NULL, NULL, NULL, NULL, 1, NULL, '2022-08-17 20:53:32', '2022-08-17 20:53:32'),
(43, 2, 1, 10, 16, '2023-08-17', NULL, NULL, NULL, NULL, NULL, NULL, NULL, 1, NULL, '2022-08-17 20:55:14', '2022-08-17 20:55:14'),
(44, 2, 1, 10, 16, '2023-08-18', NULL, NULL, NULL, NULL, NULL, NULL, NULL, 1, NULL, '2022-08-17 20:55:14', '2022-08-17 20:55:14'),
(47, 2, 1, 10, 18, '2023-08-30', NULL, NULL, NULL, NULL, NULL, NULL, NULL, 1, NULL, '2022-08-17 20:56:05', '2022-08-17 20:56:05'),
(48, 2, 1, 10, 18, '2023-08-31', NULL, NULL, NULL, NULL, NULL, NULL, NULL, 1, NULL, '2022-08-17 20:56:05', '2022-08-17 20:56:05'),
(50, 2, 1, 25, 13, '2023-08-19', NULL, NULL, NULL, NULL, NULL, NULL, NULL, 1, NULL, '2022-08-17 21:24:26', '2022-08-17 21:24:26'),
(51, 2, 1, 25, 13, '2023-08-20', NULL, NULL, NULL, NULL, NULL, NULL, NULL, 1, NULL, '2022-08-17 21:24:26', '2022-08-17 21:24:26'),
(59, 2, 1, 25, 17, '2023-10-01', NULL, NULL, NULL, NULL, NULL, NULL, NULL, 1, NULL, '2022-10-22 06:29:56', '2022-10-22 06:29:56'),
(60, 2, 1, 25, 17, '2023-10-02', NULL, NULL, NULL, NULL, NULL, NULL, NULL, 1, NULL, '2022-10-22 06:29:56', '2022-10-22 06:29:56'),
(61, 2, 1, 25, 17, '2023-10-03', NULL, NULL, NULL, NULL, NULL, NULL, NULL, 1, NULL, '2022-10-22 06:29:56', '2022-10-22 06:29:56'),
(62, 2, 1, 25, 17, '2023-10-04', NULL, NULL, NULL, NULL, NULL, NULL, NULL, 1, NULL, '2022-10-22 06:29:56', '2022-10-22 06:29:56'),
(63, 2, 1, 25, 17, '2023-10-05', NULL, NULL, NULL, NULL, NULL, NULL, NULL, 1, NULL, '2022-10-22 06:29:56', '2022-10-22 06:29:56'),
(64, 2, 1, 25, 17, '2023-10-06', NULL, NULL, NULL, NULL, NULL, NULL, NULL, 1, NULL, '2022-10-22 06:29:56', '2022-10-22 06:29:56'),
(65, 2, 1, 25, 17, '2023-10-07', NULL, NULL, NULL, NULL, NULL, NULL, NULL, 1, NULL, '2022-10-22 06:29:56', '2022-10-22 06:29:56'),
(66, 2, 1, 25, 17, '2023-10-08', NULL, NULL, NULL, NULL, NULL, NULL, NULL, 1, NULL, '2022-10-22 06:29:56', '2022-10-22 06:29:56'),
(67, 2, 1, 25, 17, '2023-10-09', NULL, NULL, NULL, NULL, NULL, NULL, NULL, 1, NULL, '2022-10-22 06:29:56', '2022-10-22 06:29:56'),
(68, 2, 1, 25, 17, '2023-10-10', NULL, NULL, NULL, NULL, NULL, NULL, NULL, 1, NULL, '2022-10-22 06:29:56', '2022-10-22 06:29:56'),
(69, 2, 1, 25, 17, '2023-10-11', NULL, NULL, NULL, NULL, NULL, NULL, NULL, 1, NULL, '2022-10-22 06:29:56', '2022-10-22 06:29:56'),
(70, 2, 1, 25, 17, '2023-10-12', NULL, NULL, NULL, NULL, NULL, NULL, NULL, 1, NULL, '2022-10-22 06:29:56', '2022-10-22 06:29:56'),
(71, 2, 1, 25, 17, '2023-10-13', NULL, NULL, NULL, NULL, NULL, NULL, NULL, 1, NULL, '2022-10-22 06:29:56', '2022-10-22 06:29:56'),
(72, 2, 1, 25, 17, '2023-10-14', NULL, NULL, NULL, NULL, NULL, NULL, NULL, 1, NULL, '2022-10-22 06:29:56', '2022-10-22 06:29:56'),
(73, 2, 1, 25, 17, '2023-10-15', NULL, NULL, NULL, NULL, NULL, NULL, NULL, 1, NULL, '2022-10-22 06:29:56', '2022-10-22 06:29:56'),
(74, 2, 1, 25, 17, '2023-10-16', NULL, NULL, NULL, NULL, NULL, NULL, NULL, 1, NULL, '2022-10-22 06:29:56', '2022-10-22 06:29:56'),
(75, 2, 1, 25, 17, '2023-10-17', NULL, NULL, NULL, NULL, NULL, NULL, NULL, 1, NULL, '2022-10-22 06:29:56', '2022-10-22 06:29:56'),
(76, 2, 1, 25, 17, '2023-10-18', NULL, NULL, NULL, NULL, NULL, NULL, NULL, 1, NULL, '2022-10-22 06:29:56', '2022-10-22 06:29:56'),
(77, 2, 1, 25, 17, '2023-10-19', NULL, NULL, NULL, NULL, NULL, NULL, NULL, 1, NULL, '2022-10-22 06:29:56', '2022-10-22 06:29:56'),
(78, 2, 1, 25, 17, '2023-10-20', NULL, NULL, NULL, NULL, NULL, NULL, NULL, 1, NULL, '2022-10-22 06:29:56', '2022-10-22 06:29:56'),
(79, 2, 1, 25, 17, '2023-10-21', NULL, NULL, NULL, NULL, NULL, NULL, NULL, 1, NULL, '2022-10-22 06:29:56', '2022-10-22 06:29:56'),
(80, 2, 1, 25, 17, '2023-10-22', NULL, NULL, NULL, NULL, NULL, NULL, NULL, 1, NULL, '2022-10-22 06:29:56', '2022-10-22 06:29:56'),
(81, 2, 1, 25, 17, '2023-10-23', NULL, NULL, NULL, NULL, NULL, NULL, NULL, 1, NULL, '2022-10-22 06:29:56', '2022-10-22 06:29:56'),
(82, 2, 1, 25, 17, '2023-10-24', NULL, NULL, NULL, NULL, NULL, NULL, NULL, 1, NULL, '2022-10-22 06:29:56', '2022-10-22 06:29:56'),
(83, 2, 1, 25, 17, '2023-10-25', NULL, NULL, NULL, NULL, NULL, NULL, NULL, 1, NULL, '2022-10-22 06:29:56', '2022-10-22 06:29:56'),
(84, 2, 1, 25, 17, '2023-10-26', NULL, NULL, NULL, NULL, NULL, NULL, NULL, 1, NULL, '2022-10-22 06:29:56', '2022-10-22 06:29:56'),
(85, 2, 1, 25, 17, '2023-10-27', NULL, NULL, NULL, NULL, NULL, NULL, NULL, 1, NULL, '2022-10-22 06:29:56', '2022-10-22 06:29:56'),
(86, 2, 1, 25, 17, '2023-10-28', NULL, NULL, NULL, NULL, NULL, NULL, NULL, 1, NULL, '2022-10-22 06:29:56', '2022-10-22 06:29:56'),
(87, 2, 1, 25, 17, '2023-10-29', NULL, NULL, NULL, NULL, NULL, NULL, NULL, 1, NULL, '2022-10-22 06:29:56', '2022-10-22 06:29:56'),
(88, 2, 1, 25, 17, '2023-10-30', NULL, NULL, NULL, NULL, NULL, NULL, NULL, 1, NULL, '2022-10-22 06:29:56', '2022-10-22 06:29:56'),
(89, 2, 1, 25, 17, '2023-10-31', NULL, NULL, NULL, NULL, NULL, NULL, NULL, 1, NULL, '2022-10-22 06:29:56', '2022-10-22 06:29:56'),
(90, 2, 1, 11, 17, '2023-11-01', NULL, NULL, NULL, NULL, NULL, NULL, NULL, 1, NULL, '2022-10-22 06:31:54', '2022-10-22 06:31:54'),
(91, 2, 1, 11, 17, '2023-11-02', NULL, NULL, NULL, NULL, NULL, NULL, NULL, 1, NULL, '2022-10-22 06:31:54', '2022-10-22 06:31:54'),
(92, 2, 1, 11, 17, '2023-11-03', NULL, NULL, NULL, NULL, NULL, NULL, NULL, 1, NULL, '2022-10-22 06:31:54', '2022-10-22 06:31:54'),
(93, 2, 1, 11, 17, '2023-11-04', NULL, NULL, NULL, NULL, NULL, NULL, NULL, 1, NULL, '2022-10-22 06:31:54', '2022-10-22 06:31:54'),
(94, 2, 1, 11, 17, '2023-11-05', NULL, NULL, NULL, NULL, NULL, NULL, NULL, 1, NULL, '2022-10-22 06:31:54', '2022-10-22 06:31:54'),
(95, 2, 1, 11, 17, '2023-11-06', NULL, NULL, NULL, NULL, NULL, NULL, NULL, 1, NULL, '2022-10-22 06:31:54', '2022-10-22 06:31:54'),
(96, 2, 1, 11, 17, '2023-11-07', NULL, NULL, NULL, NULL, NULL, NULL, NULL, 1, NULL, '2022-10-22 06:31:54', '2022-10-22 06:31:54'),
(97, 2, 1, 11, 17, '2023-11-08', NULL, NULL, NULL, NULL, NULL, NULL, NULL, 1, NULL, '2022-10-22 06:31:54', '2022-10-22 06:31:54'),
(98, 2, 1, 11, 17, '2023-11-09', NULL, NULL, NULL, NULL, NULL, NULL, NULL, 1, NULL, '2022-10-22 06:31:54', '2022-10-22 06:31:54'),
(99, 2, 1, 11, 17, '2023-11-10', NULL, NULL, NULL, NULL, NULL, NULL, NULL, 1, NULL, '2022-10-22 06:31:54', '2022-10-22 06:31:54'),
(100, 2, 1, 11, 17, '2023-11-11', '09:00:53', NULL, NULL, NULL, NULL, NULL, NULL, 1, NULL, '2022-10-22 06:31:54', '2022-10-22 06:31:54'),
(101, 2, 1, 11, 17, '2023-11-12', NULL, NULL, NULL, NULL, NULL, NULL, NULL, 1, NULL, '2022-10-22 06:31:54', '2022-10-22 06:31:54'),
(102, 2, 1, 11, 17, '2023-11-13', NULL, NULL, NULL, NULL, NULL, NULL, NULL, 1, NULL, '2022-10-22 06:31:54', '2022-10-22 06:31:54'),
(103, 2, 1, 11, 17, '2023-11-14', NULL, NULL, NULL, NULL, NULL, NULL, NULL, 1, NULL, '2022-10-22 06:31:54', '2022-10-22 06:31:54'),
(104, 2, 1, 11, 17, '2023-11-15', NULL, NULL, NULL, NULL, NULL, NULL, NULL, 1, NULL, '2022-10-22 06:31:54', '2022-10-22 06:31:54'),
(105, 2, 1, 11, 17, '2023-11-16', NULL, NULL, NULL, NULL, NULL, NULL, NULL, 1, NULL, '2022-10-22 06:31:54', '2022-10-22 06:31:54'),
(106, 2, 1, 11, 17, '2023-11-17', NULL, NULL, NULL, NULL, NULL, NULL, NULL, 0, NULL, '2022-10-22 06:31:54', '2022-10-22 06:31:54'),
(107, 2, 1, 11, 17, '2023-11-18', NULL, NULL, NULL, NULL, NULL, NULL, NULL, 1, NULL, '2022-10-22 06:31:54', '2022-10-22 06:31:54'),
(108, 2, 1, 11, 17, '2023-11-19', NULL, NULL, NULL, NULL, NULL, NULL, NULL, 1, NULL, '2022-10-22 06:31:54', '2022-10-22 06:31:54'),
(109, 2, 1, 11, 17, '2023-11-20', NULL, NULL, NULL, NULL, NULL, NULL, NULL, 1, NULL, '2022-10-22 06:31:54', '2022-10-22 06:31:54'),
(110, 2, 1, 11, 17, '2023-11-21', NULL, NULL, NULL, NULL, NULL, NULL, NULL, 1, NULL, '2022-10-22 06:31:54', '2022-10-22 06:31:54'),
(111, 2, 1, 11, 17, '2023-11-22', NULL, NULL, NULL, NULL, NULL, NULL, NULL, 1, NULL, '2022-10-22 06:31:54', '2022-10-22 06:31:54'),
(112, 2, 1, 11, 17, '2023-11-23', NULL, NULL, NULL, NULL, NULL, NULL, NULL, 1, NULL, '2022-10-22 06:31:54', '2022-10-22 06:31:54'),
(113, 2, 1, 11, 17, '2023-11-24', NULL, NULL, NULL, NULL, NULL, NULL, NULL, 1, NULL, '2022-10-22 06:31:54', '2022-10-22 06:31:54'),
(114, 2, 1, 11, 17, '2023-11-25', NULL, NULL, NULL, NULL, NULL, NULL, NULL, 1, NULL, '2022-10-22 06:31:54', '2022-10-22 06:31:54'),
(115, 2, 1, 11, 17, '2023-11-26', NULL, NULL, NULL, NULL, NULL, NULL, NULL, 1, NULL, '2022-10-22 06:31:54', '2022-10-22 06:31:54'),
(116, 2, 1, 11, 17, '2023-11-27', NULL, NULL, NULL, NULL, NULL, NULL, NULL, 1, NULL, '2022-10-22 06:31:54', '2022-10-22 06:31:54'),
(117, 2, 1, 11, 17, '2023-11-28', NULL, NULL, NULL, NULL, NULL, NULL, NULL, 1, NULL, '2022-10-22 06:31:54', '2022-10-22 06:31:54'),
(118, 2, 1, 11, 17, '2023-11-29', NULL, NULL, NULL, NULL, NULL, NULL, NULL, 1, NULL, '2022-10-22 06:31:54', '2022-10-22 06:31:54'),
(119, 2, 1, 11, 17, '2023-11-30', NULL, NULL, NULL, NULL, NULL, NULL, NULL, 1, NULL, '2022-10-22 06:31:54', '2022-10-22 06:31:54'),
(120, 2, 1, 11, 17, '2023-12-01', NULL, NULL, NULL, NULL, NULL, NULL, NULL, 1, NULL, '2022-10-23 04:44:31', '2022-10-23 04:44:31'),
(121, 2, 1, 11, 17, '2023-12-02', NULL, NULL, NULL, NULL, NULL, NULL, NULL, 1, NULL, '2022-10-23 04:44:31', '2022-10-23 04:44:31'),
(122, 2, 1, 11, 17, '2023-12-03', NULL, NULL, NULL, NULL, NULL, NULL, NULL, 1, NULL, '2022-10-23 04:44:31', '2022-10-23 04:44:31'),
(123, 2, 1, 11, 17, '2023-12-04', NULL, NULL, NULL, NULL, NULL, NULL, NULL, 1, NULL, '2022-10-23 04:44:31', '2022-10-23 04:44:31'),
(124, 2, 1, 11, 17, '2023-12-05', NULL, NULL, NULL, NULL, NULL, NULL, NULL, 1, NULL, '2022-10-23 04:44:31', '2022-10-23 04:44:31'),
(125, 2, 1, 11, 17, '2023-12-06', NULL, NULL, NULL, NULL, NULL, NULL, NULL, 1, NULL, '2022-10-23 04:44:31', '2022-10-23 04:44:31'),
(126, 2, 1, 11, 17, '2023-12-07', NULL, NULL, NULL, NULL, NULL, NULL, NULL, 1, NULL, '2022-10-23 04:44:31', '2022-10-23 04:44:31'),
(127, 2, 1, 11, 17, '2023-12-08', NULL, NULL, NULL, NULL, NULL, NULL, NULL, 1, NULL, '2022-10-23 04:44:31', '2022-10-23 04:44:31'),
(128, 2, 1, 11, 17, '2023-12-09', NULL, NULL, NULL, NULL, NULL, NULL, NULL, 1, NULL, '2022-10-23 04:44:31', '2022-10-23 04:44:31'),
(129, 2, 1, 11, 17, '2023-12-10', NULL, NULL, NULL, NULL, NULL, NULL, NULL, 1, NULL, '2022-10-23 04:44:31', '2022-10-23 04:44:31'),
(130, 2, 1, 11, 17, '2023-12-11', NULL, NULL, NULL, NULL, NULL, NULL, NULL, 1, NULL, '2022-10-23 04:44:31', '2022-10-23 04:44:31'),
(131, 2, 1, 11, 17, '2023-12-12', NULL, NULL, NULL, NULL, NULL, NULL, NULL, 1, NULL, '2022-10-23 04:44:31', '2022-10-23 04:44:31'),
(132, 2, 1, 11, 17, '2023-12-13', NULL, NULL, NULL, NULL, NULL, NULL, NULL, 1, NULL, '2022-10-23 04:44:31', '2022-10-23 04:44:31'),
(133, 2, 1, 11, 17, '2023-12-14', NULL, NULL, NULL, NULL, NULL, NULL, NULL, 1, NULL, '2022-10-23 04:44:31', '2022-10-23 04:44:31'),
(134, 2, 1, 11, 17, '2023-12-15', NULL, NULL, NULL, NULL, NULL, NULL, NULL, 1, NULL, '2022-10-23 04:44:31', '2022-10-23 04:44:31'),
(135, 2, 1, 25, 17, '2023-11-16', NULL, NULL, NULL, NULL, NULL, NULL, NULL, 1, NULL, '2022-10-23 04:44:31', '2022-10-23 04:44:31'),
(136, 2, 1, 25, 17, '2023-11-17', NULL, NULL, NULL, NULL, NULL, NULL, NULL, 1, NULL, '2022-10-23 04:44:31', '2022-10-23 04:44:31'),
(137, 2, 1, 25, 17, '2023-11-18', NULL, NULL, NULL, NULL, NULL, NULL, NULL, 1, NULL, '2022-10-23 04:44:31', '2022-10-23 04:44:31'),
(138, 2, 1, 25, 17, '2023-11-19', NULL, NULL, NULL, NULL, NULL, NULL, NULL, 1, NULL, '2022-10-23 04:44:31', '2022-10-23 04:44:31'),
(139, 2, 1, 25, 17, '2023-11-20', NULL, NULL, NULL, NULL, NULL, NULL, NULL, 1, NULL, '2022-10-23 04:44:31', '2022-10-23 04:44:31'),
(140, 2, 1, 25, 17, '2023-11-21', NULL, NULL, NULL, NULL, NULL, NULL, NULL, 1, NULL, '2022-10-23 04:44:31', '2022-10-23 04:44:31'),
(141, 2, 1, 25, 17, '2023-11-22', NULL, NULL, NULL, NULL, NULL, NULL, NULL, 1, NULL, '2022-10-23 04:44:31', '2022-10-23 04:44:31'),
(142, 2, 1, 25, 17, '2023-11-23', NULL, NULL, NULL, NULL, NULL, NULL, NULL, 1, NULL, '2022-10-23 04:44:31', '2022-10-23 04:44:31'),
(143, 2, 1, 25, 17, '2023-11-24', NULL, NULL, NULL, NULL, NULL, NULL, NULL, 1, NULL, '2022-10-23 04:44:31', '2022-10-23 04:44:31'),
(144, 2, 1, 25, 17, '2023-11-25', NULL, NULL, NULL, NULL, NULL, NULL, NULL, 1, NULL, '2022-10-23 04:44:31', '2022-10-23 04:44:31'),
(145, 2, 1, 25, 17, '2023-11-26', NULL, NULL, NULL, NULL, NULL, NULL, NULL, 1, NULL, '2022-10-23 04:44:31', '2022-10-23 04:44:31'),
(146, 2, 1, 25, 17, '2023-11-27', NULL, NULL, NULL, NULL, NULL, NULL, NULL, 1, NULL, '2022-10-23 04:44:31', '2022-10-23 04:44:31'),
(147, 2, 1, 25, 17, '2023-11-28', NULL, NULL, NULL, NULL, NULL, NULL, NULL, 1, NULL, '2022-10-23 04:44:31', '2022-10-23 04:44:31'),
(148, 2, 1, 25, 17, '2023-11-29', NULL, NULL, NULL, NULL, NULL, NULL, NULL, 1, NULL, '2022-10-23 04:44:31', '2022-10-23 04:44:31'),
(149, 2, 1, 25, 17, '2023-11-30', NULL, NULL, NULL, NULL, NULL, NULL, NULL, 1, NULL, '2022-10-23 04:44:31', '2022-10-23 04:44:31'),
(150, 2, 1, 25, 17, '2023-11-01', NULL, NULL, NULL, NULL, NULL, NULL, NULL, 1, NULL, '2022-10-23 04:44:35', '2022-10-23 04:44:35'),
(151, 2, 1, 25, 17, '2023-11-02', NULL, NULL, NULL, NULL, NULL, NULL, NULL, 1, NULL, '2022-10-23 04:44:35', '2022-10-23 04:44:35'),
(152, 2, 1, 25, 17, '2023-11-03', NULL, NULL, NULL, NULL, NULL, NULL, NULL, 1, NULL, '2022-10-23 04:44:35', '2022-10-23 04:44:35'),
(153, 2, 1, 25, 17, '2023-11-04', NULL, NULL, NULL, NULL, NULL, NULL, NULL, 1, NULL, '2022-10-23 04:44:35', '2022-10-23 04:44:35'),
(154, 2, 1, 25, 17, '2023-11-05', NULL, NULL, NULL, NULL, NULL, NULL, NULL, 1, NULL, '2022-10-23 04:44:35', '2022-10-23 04:44:35'),
(155, 2, 1, 25, 17, '2023-11-06', NULL, NULL, NULL, NULL, NULL, NULL, NULL, 1, NULL, '2022-10-23 04:44:35', '2022-10-23 04:44:35'),
(156, 2, 1, 25, 17, '2023-11-07', NULL, NULL, NULL, NULL, NULL, NULL, NULL, 1, NULL, '2022-10-23 04:44:35', '2022-10-23 04:44:35'),
(157, 2, 1, 25, 17, '2023-11-08', NULL, NULL, NULL, NULL, NULL, NULL, NULL, 1, NULL, '2022-10-23 04:44:35', '2022-10-23 04:44:35'),
(158, 2, 1, 25, 17, '2023-11-09', NULL, NULL, NULL, NULL, NULL, NULL, NULL, 1, NULL, '2022-10-23 04:44:35', '2022-10-23 04:44:35'),
(159, 2, 1, 25, 17, '2023-11-10', NULL, NULL, NULL, NULL, NULL, NULL, NULL, 1, NULL, '2022-10-23 04:44:35', '2022-10-23 04:44:35'),
(160, 2, 1, 25, 17, '2023-11-11', NULL, NULL, NULL, NULL, NULL, NULL, NULL, 1, NULL, '2022-10-23 04:44:35', '2022-10-23 04:44:35'),
(161, 2, 1, 25, 17, '2023-11-12', NULL, NULL, NULL, NULL, NULL, NULL, NULL, 1, NULL, '2022-10-23 04:44:35', '2022-10-23 04:44:35'),
(162, 2, 1, 25, 17, '2023-11-13', NULL, NULL, NULL, NULL, NULL, NULL, NULL, 1, NULL, '2022-10-23 04:44:35', '2022-10-23 04:44:35'),
(163, 2, 1, 25, 17, '2023-11-14', NULL, NULL, NULL, NULL, NULL, NULL, NULL, 1, NULL, '2022-10-23 04:44:35', '2022-10-23 04:44:35'),
(164, 2, 1, 25, 17, '2023-11-15', NULL, NULL, NULL, NULL, NULL, NULL, NULL, 1, NULL, '2022-10-23 04:44:35', '2022-10-23 04:44:35'),
(165, 2, 1, 25, 17, '2023-11-16', NULL, NULL, NULL, NULL, NULL, NULL, NULL, 1, NULL, '2022-10-23 04:44:35', '2022-10-23 04:44:35'),
(166, 2, 1, 25, 17, '2023-11-17', NULL, NULL, NULL, NULL, NULL, NULL, NULL, 1, NULL, '2022-10-23 04:44:35', '2022-10-23 04:44:35'),
(167, 2, 1, 25, 17, '2023-11-18', NULL, NULL, NULL, NULL, NULL, NULL, NULL, 1, NULL, '2022-10-23 04:44:35', '2022-10-23 04:44:35'),
(168, 2, 1, 25, 17, '2023-11-19', NULL, NULL, NULL, NULL, NULL, NULL, NULL, 1, NULL, '2022-10-23 04:44:35', '2022-10-23 04:44:35'),
(169, 2, 1, 25, 17, '2023-11-20', NULL, NULL, NULL, NULL, NULL, NULL, NULL, 1, NULL, '2022-10-23 04:44:35', '2022-10-23 04:44:35'),
(170, 2, 1, 25, 17, '2023-11-21', NULL, NULL, NULL, NULL, NULL, NULL, NULL, 1, NULL, '2022-10-23 04:44:35', '2022-10-23 04:44:35'),
(171, 2, 1, 25, 17, '2023-11-22', NULL, NULL, NULL, NULL, NULL, NULL, NULL, 1, NULL, '2022-10-23 04:44:35', '2022-10-23 04:44:35'),
(172, 2, 1, 25, 17, '2023-11-23', NULL, NULL, NULL, NULL, NULL, NULL, NULL, 1, NULL, '2022-10-23 04:44:35', '2022-10-23 04:44:35'),
(173, 2, 1, 25, 17, '2023-11-24', NULL, NULL, NULL, NULL, NULL, NULL, NULL, 1, NULL, '2022-10-23 04:44:35', '2022-10-23 04:44:35'),
(174, 2, 1, 25, 17, '2023-11-25', NULL, NULL, NULL, NULL, NULL, NULL, NULL, 1, NULL, '2022-10-23 04:44:35', '2022-10-23 04:44:35'),
(175, 2, 1, 25, 17, '2023-11-26', NULL, NULL, NULL, NULL, NULL, NULL, NULL, 1, NULL, '2022-10-23 04:44:35', '2022-10-23 04:44:35'),
(176, 2, 1, 25, 17, '2023-11-27', NULL, NULL, NULL, NULL, NULL, NULL, NULL, 1, NULL, '2022-10-23 04:44:35', '2022-10-23 04:44:35'),
(177, 2, 1, 25, 17, '2023-11-28', NULL, NULL, NULL, NULL, NULL, NULL, NULL, 1, NULL, '2022-10-23 04:44:35', '2022-10-23 04:44:35'),
(178, 2, 1, 25, 17, '2023-11-29', NULL, NULL, NULL, NULL, NULL, NULL, NULL, 1, NULL, '2022-10-23 04:44:35', '2022-10-23 04:44:35'),
(179, 2, 1, 25, 17, '2023-11-30', NULL, NULL, NULL, NULL, NULL, NULL, NULL, 1, NULL, '2022-10-23 04:44:35', '2022-10-23 04:44:35'),
(180, 2, 1, 25, 17, '2023-11-01', NULL, NULL, NULL, NULL, NULL, NULL, NULL, 1, NULL, '2022-10-23 04:45:04', '2022-10-23 04:45:04'),
(181, 2, 1, 25, 17, '2023-11-02', NULL, NULL, NULL, NULL, NULL, NULL, NULL, 1, NULL, '2022-10-23 04:45:04', '2022-10-23 04:45:04'),
(182, 2, 1, 25, 17, '2023-11-03', NULL, NULL, NULL, NULL, NULL, NULL, NULL, 1, NULL, '2022-10-23 04:45:04', '2022-10-23 04:45:04'),
(183, 2, 1, 25, 17, '2023-11-04', NULL, NULL, NULL, NULL, NULL, NULL, NULL, 1, NULL, '2022-10-23 04:45:04', '2022-10-23 04:45:04'),
(184, 2, 1, 25, 17, '2023-11-05', NULL, NULL, NULL, NULL, NULL, NULL, NULL, 1, NULL, '2022-10-23 04:45:04', '2022-10-23 04:45:04'),
(185, 2, 1, 25, 17, '2023-11-06', NULL, NULL, NULL, NULL, NULL, NULL, NULL, 1, NULL, '2022-10-23 04:45:04', '2022-10-23 04:45:04'),
(186, 2, 1, 25, 17, '2023-11-07', NULL, NULL, NULL, NULL, NULL, NULL, NULL, 1, NULL, '2022-10-23 04:45:04', '2022-10-23 04:45:04'),
(187, 2, 1, 25, 17, '2023-11-08', NULL, NULL, NULL, NULL, NULL, NULL, NULL, 1, NULL, '2022-10-23 04:45:04', '2022-10-23 04:45:04'),
(188, 2, 1, 25, 17, '2023-11-09', NULL, NULL, NULL, NULL, NULL, NULL, NULL, 1, NULL, '2022-10-23 04:45:04', '2022-10-23 04:45:04'),
(189, 2, 1, 25, 17, '2023-11-10', NULL, NULL, NULL, NULL, NULL, NULL, NULL, 1, NULL, '2022-10-23 04:45:04', '2022-10-23 04:45:04'),
(190, 2, 1, 25, 17, '2023-11-11', NULL, NULL, NULL, NULL, NULL, NULL, NULL, 1, NULL, '2022-10-23 04:45:04', '2022-10-23 04:45:04'),
(191, 2, 1, 25, 17, '2023-11-12', NULL, NULL, NULL, NULL, NULL, NULL, NULL, 1, NULL, '2022-10-23 04:45:04', '2022-10-23 04:45:04'),
(192, 2, 1, 25, 17, '2023-11-13', NULL, NULL, NULL, NULL, NULL, NULL, NULL, 1, NULL, '2022-10-23 04:45:04', '2022-10-23 04:45:04'),
(193, 2, 1, 25, 17, '2023-11-14', NULL, NULL, NULL, NULL, NULL, NULL, NULL, 1, NULL, '2022-10-23 04:45:04', '2022-10-23 04:45:04'),
(194, 2, 1, 25, 17, '2023-11-15', NULL, NULL, NULL, NULL, NULL, NULL, NULL, 1, NULL, '2022-10-23 04:45:04', '2022-10-23 04:45:04'),
(195, 2, 1, 25, 17, '2023-11-16', NULL, NULL, NULL, NULL, NULL, NULL, NULL, 1, NULL, '2022-10-23 04:45:04', '2022-10-23 04:45:04'),
(196, 2, 1, 25, 17, '2023-11-17', NULL, NULL, NULL, NULL, NULL, NULL, NULL, 1, NULL, '2022-10-23 04:45:04', '2022-10-23 04:45:04'),
(197, 2, 1, 25, 17, '2023-11-18', NULL, NULL, NULL, NULL, NULL, NULL, NULL, 1, NULL, '2022-10-23 04:45:04', '2022-10-23 04:45:04'),
(198, 2, 1, 25, 17, '2023-11-19', NULL, NULL, NULL, NULL, NULL, NULL, NULL, 1, NULL, '2022-10-23 04:45:04', '2022-10-23 04:45:04'),
(199, 2, 1, 25, 17, '2023-11-20', NULL, NULL, NULL, NULL, NULL, NULL, NULL, 1, NULL, '2022-10-23 04:45:04', '2022-10-23 04:45:04'),
(200, 2, 1, 25, 17, '2023-11-21', NULL, NULL, NULL, NULL, NULL, NULL, NULL, 1, NULL, '2022-10-23 04:45:04', '2022-10-23 04:45:04'),
(201, 2, 1, 25, 17, '2023-11-22', NULL, NULL, NULL, NULL, NULL, NULL, NULL, 1, NULL, '2022-10-23 04:45:04', '2022-10-23 04:45:04'),
(202, 2, 1, 25, 17, '2023-11-23', NULL, NULL, NULL, NULL, NULL, NULL, NULL, 1, NULL, '2022-10-23 04:45:04', '2022-10-23 04:45:04'),
(203, 2, 1, 25, 17, '2023-11-24', NULL, NULL, NULL, NULL, NULL, NULL, NULL, 1, NULL, '2022-10-23 04:45:04', '2022-10-23 04:45:04'),
(204, 2, 1, 25, 17, '2023-11-25', NULL, NULL, NULL, NULL, NULL, NULL, NULL, 1, NULL, '2022-10-23 04:45:04', '2022-10-23 04:45:04'),
(205, 2, 1, 25, 17, '2023-11-26', NULL, NULL, NULL, NULL, NULL, NULL, NULL, 1, NULL, '2022-10-23 04:45:04', '2022-10-23 04:45:04'),
(206, 2, 1, 25, 17, '2023-11-27', NULL, NULL, NULL, NULL, NULL, NULL, NULL, 1, NULL, '2022-10-23 04:45:04', '2022-10-23 04:45:04'),
(207, 2, 1, 25, 17, '2023-11-28', NULL, NULL, NULL, NULL, NULL, NULL, NULL, 1, NULL, '2022-10-23 04:45:04', '2022-10-23 04:45:04'),
(208, 2, 1, 25, 17, '2023-11-29', NULL, NULL, NULL, NULL, NULL, NULL, NULL, 1, NULL, '2022-10-23 04:45:04', '2022-10-23 04:45:04'),
(209, 2, 1, 25, 17, '2023-11-30', NULL, NULL, NULL, NULL, NULL, NULL, NULL, 1, NULL, '2022-10-23 04:45:04', '2022-10-23 04:45:04'),
(210, 2, 1, 25, 17, '2023-11-01', NULL, NULL, NULL, NULL, NULL, NULL, NULL, 1, NULL, '2022-10-23 04:45:04', '2022-10-23 04:45:04'),
(211, 2, 1, 25, 17, '2023-11-02', NULL, NULL, NULL, NULL, NULL, NULL, NULL, 1, NULL, '2022-10-23 04:45:05', '2022-10-23 04:45:05'),
(212, 2, 1, 25, 17, '2023-11-03', NULL, NULL, NULL, NULL, NULL, NULL, NULL, 1, NULL, '2022-10-23 04:45:05', '2022-10-23 04:45:05'),
(213, 2, 1, 25, 17, '2023-11-04', NULL, NULL, NULL, NULL, NULL, NULL, NULL, 1, NULL, '2022-10-23 04:45:05', '2022-10-23 04:45:05'),
(214, 2, 1, 25, 17, '2023-11-05', NULL, NULL, NULL, NULL, NULL, NULL, NULL, 1, NULL, '2022-10-23 04:45:05', '2022-10-23 04:45:05'),
(215, 2, 1, 25, 17, '2023-11-06', NULL, NULL, NULL, NULL, NULL, NULL, NULL, 1, NULL, '2022-10-23 04:45:05', '2022-10-23 04:45:05'),
(216, 2, 1, 25, 17, '2023-11-07', NULL, NULL, NULL, NULL, NULL, NULL, NULL, 1, NULL, '2022-10-23 04:45:05', '2022-10-23 04:45:05'),
(217, 2, 1, 25, 17, '2023-11-08', NULL, NULL, NULL, NULL, NULL, NULL, NULL, 1, NULL, '2022-10-23 04:45:05', '2022-10-23 04:45:05'),
(218, 2, 1, 25, 17, '2023-11-09', NULL, NULL, NULL, NULL, NULL, NULL, NULL, 1, NULL, '2022-10-23 04:45:05', '2022-10-23 04:45:05'),
(219, 2, 1, 25, 17, '2023-11-10', NULL, NULL, NULL, NULL, NULL, NULL, NULL, 1, NULL, '2022-10-23 04:45:05', '2022-10-23 04:45:05'),
(220, 2, 1, 25, 17, '2023-11-11', NULL, NULL, NULL, NULL, NULL, NULL, NULL, 1, NULL, '2022-10-23 04:45:05', '2022-10-23 04:45:05'),
(221, 2, 1, 25, 17, '2023-11-12', NULL, NULL, NULL, NULL, NULL, NULL, NULL, 1, NULL, '2022-10-23 04:45:05', '2022-10-23 04:45:05'),
(222, 2, 1, 25, 17, '2023-11-13', NULL, NULL, NULL, NULL, NULL, NULL, NULL, 1, NULL, '2022-10-23 04:45:05', '2022-10-23 04:45:05'),
(223, 2, 1, 25, 17, '2023-11-14', NULL, NULL, NULL, NULL, NULL, NULL, NULL, 1, NULL, '2022-10-23 04:45:05', '2022-10-23 04:45:05'),
(224, 2, 1, 25, 17, '2023-11-15', NULL, NULL, NULL, NULL, NULL, NULL, NULL, 1, NULL, '2022-10-23 04:45:05', '2022-10-23 04:45:05'),
(225, 2, 1, 25, 17, '2023-11-16', NULL, NULL, NULL, NULL, NULL, NULL, NULL, 1, NULL, '2022-10-23 04:45:05', '2022-10-23 04:45:05'),
(226, 2, 1, 25, 17, '2023-11-17', NULL, NULL, NULL, NULL, NULL, NULL, NULL, 1, NULL, '2022-10-23 04:45:05', '2022-10-23 04:45:05'),
(227, 2, 1, 25, 17, '2023-11-18', NULL, NULL, NULL, NULL, NULL, NULL, NULL, 1, NULL, '2022-10-23 04:45:05', '2022-10-23 04:45:05'),
(228, 2, 1, 25, 17, '2023-11-19', NULL, NULL, NULL, NULL, NULL, NULL, NULL, 1, NULL, '2022-10-23 04:45:05', '2022-10-23 04:45:05'),
(229, 2, 1, 25, 17, '2023-11-20', NULL, NULL, NULL, NULL, NULL, NULL, NULL, 1, NULL, '2022-10-23 04:45:05', '2022-10-23 04:45:05'),
(230, 2, 1, 25, 17, '2023-11-21', NULL, NULL, NULL, NULL, NULL, NULL, NULL, 1, NULL, '2022-10-23 04:45:05', '2022-10-23 04:45:05'),
(231, 2, 1, 25, 17, '2023-11-22', NULL, NULL, NULL, NULL, NULL, NULL, NULL, 1, NULL, '2022-10-23 04:45:05', '2022-10-23 04:45:05'),
(232, 2, 1, 25, 17, '2023-11-23', NULL, NULL, NULL, NULL, NULL, NULL, NULL, 1, NULL, '2022-10-23 04:45:05', '2022-10-23 04:45:05'),
(233, 2, 1, 25, 17, '2023-11-24', NULL, NULL, NULL, NULL, NULL, NULL, NULL, 1, NULL, '2022-10-23 04:45:05', '2022-10-23 04:45:05'),
(234, 2, 1, 25, 17, '2023-11-25', NULL, NULL, NULL, NULL, NULL, NULL, NULL, 1, NULL, '2022-10-23 04:45:05', '2022-10-23 04:45:05'),
(235, 2, 1, 25, 17, '2023-11-26', NULL, NULL, NULL, NULL, NULL, NULL, NULL, 1, NULL, '2022-10-23 04:45:05', '2022-10-23 04:45:05'),
(236, 2, 1, 25, 17, '2023-11-27', NULL, NULL, NULL, NULL, NULL, NULL, NULL, 1, NULL, '2022-10-23 04:45:05', '2022-10-23 04:45:05'),
(237, 2, 1, 25, 17, '2023-11-28', NULL, NULL, NULL, NULL, NULL, NULL, NULL, 1, NULL, '2022-10-23 04:45:05', '2022-10-23 04:45:05'),
(238, 2, 1, 25, 17, '2023-11-29', NULL, NULL, NULL, NULL, NULL, NULL, NULL, 1, NULL, '2022-10-23 04:45:05', '2022-10-23 04:45:05'),
(239, 2, 1, 25, 17, '2023-11-30', NULL, NULL, NULL, NULL, NULL, NULL, NULL, 1, NULL, '2022-10-23 04:45:05', '2022-10-23 04:45:05'),
(240, 2, 1, 25, 17, '2023-11-01', NULL, NULL, NULL, NULL, NULL, NULL, NULL, 1, NULL, '2022-10-23 04:45:05', '2022-10-23 04:45:05'),
(241, 2, 1, 25, 17, '2023-11-02', NULL, NULL, NULL, NULL, NULL, NULL, NULL, 1, NULL, '2022-10-23 04:45:05', '2022-10-23 04:45:05'),
(242, 2, 1, 25, 17, '2023-11-03', NULL, NULL, NULL, NULL, NULL, NULL, NULL, 1, NULL, '2022-10-23 04:45:05', '2022-10-23 04:45:05'),
(243, 2, 1, 25, 17, '2023-11-04', NULL, NULL, NULL, NULL, NULL, NULL, NULL, 1, NULL, '2022-10-23 04:45:05', '2022-10-23 04:45:05'),
(244, 2, 1, 25, 17, '2023-11-05', NULL, NULL, NULL, NULL, NULL, NULL, NULL, 1, NULL, '2022-10-23 04:45:05', '2022-10-23 04:45:05'),
(245, 2, 1, 25, 17, '2023-11-06', NULL, NULL, NULL, NULL, NULL, NULL, NULL, 1, NULL, '2022-10-23 04:45:05', '2022-10-23 04:45:05'),
(246, 2, 1, 25, 17, '2023-11-07', NULL, NULL, NULL, NULL, NULL, NULL, NULL, 1, NULL, '2022-10-23 04:45:05', '2022-10-23 04:45:05'),
(247, 2, 1, 25, 17, '2023-11-08', NULL, NULL, NULL, NULL, NULL, NULL, NULL, 1, NULL, '2022-10-23 04:45:05', '2022-10-23 04:45:05'),
(248, 2, 1, 25, 17, '2023-11-09', NULL, NULL, NULL, NULL, NULL, NULL, NULL, 1, NULL, '2022-10-23 04:45:05', '2022-10-23 04:45:05'),
(249, 2, 1, 25, 17, '2023-11-10', NULL, NULL, NULL, NULL, NULL, NULL, NULL, 1, NULL, '2022-10-23 04:45:05', '2022-10-23 04:45:05'),
(250, 2, 1, 25, 17, '2023-11-11', NULL, NULL, NULL, NULL, NULL, NULL, NULL, 1, NULL, '2022-10-23 04:45:05', '2022-10-23 04:45:05'),
(251, 2, 1, 25, 17, '2023-11-12', NULL, NULL, NULL, NULL, NULL, NULL, NULL, 1, NULL, '2022-10-23 04:45:05', '2022-10-23 04:45:05'),
(252, 2, 1, 25, 17, '2023-11-13', NULL, NULL, NULL, NULL, NULL, NULL, NULL, 1, NULL, '2022-10-23 04:45:05', '2022-10-23 04:45:05'),
(253, 2, 1, 25, 17, '2023-11-01', NULL, NULL, NULL, NULL, NULL, NULL, NULL, 1, NULL, '2022-10-23 04:45:05', '2022-10-23 04:45:05'),
(254, 2, 1, 25, 17, '2023-11-14', NULL, NULL, NULL, NULL, NULL, NULL, NULL, 1, NULL, '2022-10-23 04:45:05', '2022-10-23 04:45:05'),
(255, 2, 1, 25, 17, '2023-11-15', NULL, NULL, NULL, NULL, NULL, NULL, NULL, 1, NULL, '2022-10-23 04:45:05', '2022-10-23 04:45:05'),
(256, 2, 1, 25, 17, '2023-11-16', NULL, NULL, NULL, NULL, NULL, NULL, NULL, 1, NULL, '2022-10-23 04:45:05', '2022-10-23 04:45:05'),
(257, 2, 1, 25, 17, '2023-11-02', NULL, NULL, NULL, NULL, NULL, NULL, NULL, 1, NULL, '2022-10-23 04:45:05', '2022-10-23 04:45:05'),
(258, 2, 1, 25, 17, '2023-11-17', NULL, NULL, NULL, NULL, NULL, NULL, NULL, 1, NULL, '2022-10-23 04:45:05', '2022-10-23 04:45:05'),
(259, 2, 1, 25, 17, '2023-11-03', NULL, NULL, NULL, NULL, NULL, NULL, NULL, 1, NULL, '2022-10-23 04:45:05', '2022-10-23 04:45:05'),
(260, 2, 1, 25, 17, '2023-11-18', NULL, NULL, NULL, NULL, NULL, NULL, NULL, 1, NULL, '2022-10-23 04:45:05', '2022-10-23 04:45:05'),
(261, 2, 1, 25, 17, '2023-11-04', NULL, NULL, NULL, NULL, NULL, NULL, NULL, 1, NULL, '2022-10-23 04:45:05', '2022-10-23 04:45:05'),
(262, 2, 1, 25, 17, '2023-11-19', NULL, NULL, NULL, NULL, NULL, NULL, NULL, 1, NULL, '2022-10-23 04:45:05', '2022-10-23 04:45:05'),
(263, 2, 1, 25, 17, '2023-11-20', NULL, NULL, NULL, NULL, NULL, NULL, NULL, 1, NULL, '2022-10-23 04:45:05', '2022-10-23 04:45:05'),
(264, 2, 1, 25, 17, '2023-11-05', NULL, NULL, NULL, NULL, NULL, NULL, NULL, 1, NULL, '2022-10-23 04:45:05', '2022-10-23 04:45:05'),
(265, 2, 1, 25, 17, '2023-11-21', NULL, NULL, NULL, NULL, NULL, NULL, NULL, 1, NULL, '2022-10-23 04:45:05', '2022-10-23 04:45:05'),
(266, 2, 1, 25, 17, '2023-11-06', NULL, NULL, NULL, NULL, NULL, NULL, NULL, 1, NULL, '2022-10-23 04:45:05', '2022-10-23 04:45:05'),
(267, 2, 1, 25, 17, '2023-11-22', NULL, NULL, NULL, NULL, NULL, NULL, NULL, 1, NULL, '2022-10-23 04:45:05', '2022-10-23 04:45:05'),
(268, 2, 1, 25, 17, '2023-11-07', NULL, NULL, NULL, NULL, NULL, NULL, NULL, 1, NULL, '2022-10-23 04:45:05', '2022-10-23 04:45:05'),
(269, 2, 1, 25, 17, '2023-11-23', NULL, NULL, NULL, NULL, NULL, NULL, NULL, 1, NULL, '2022-10-23 04:45:05', '2022-10-23 04:45:05'),
(270, 2, 1, 25, 17, '2023-11-08', NULL, NULL, NULL, NULL, NULL, NULL, NULL, 1, NULL, '2022-10-23 04:45:05', '2022-10-23 04:45:05'),
(271, 2, 1, 25, 17, '2023-11-24', NULL, NULL, NULL, NULL, NULL, NULL, NULL, 1, NULL, '2022-10-23 04:45:05', '2022-10-23 04:45:05'),
(272, 2, 1, 25, 17, '2023-11-09', NULL, NULL, NULL, NULL, NULL, NULL, NULL, 1, NULL, '2022-10-23 04:45:05', '2022-10-23 04:45:05'),
(273, 2, 1, 25, 17, '2023-11-25', NULL, NULL, NULL, NULL, NULL, NULL, NULL, 1, NULL, '2022-10-23 04:45:05', '2022-10-23 04:45:05'),
(274, 2, 1, 25, 17, '2023-11-10', NULL, NULL, NULL, NULL, NULL, NULL, NULL, 1, NULL, '2022-10-23 04:45:05', '2022-10-23 04:45:05'),
(275, 2, 1, 25, 17, '2023-11-26', NULL, NULL, NULL, NULL, NULL, NULL, NULL, 1, NULL, '2022-10-23 04:45:05', '2022-10-23 04:45:05'),
(276, 2, 1, 25, 17, '2023-11-27', NULL, NULL, NULL, NULL, NULL, NULL, NULL, 1, NULL, '2022-10-23 04:45:05', '2022-10-23 04:45:05'),
(277, 2, 1, 25, 17, '2023-11-11', NULL, NULL, NULL, NULL, NULL, NULL, NULL, 1, NULL, '2022-10-23 04:45:05', '2022-10-23 04:45:05'),
(278, 2, 1, 25, 17, '2023-11-28', NULL, NULL, NULL, NULL, NULL, NULL, NULL, 1, NULL, '2022-10-23 04:45:05', '2022-10-23 04:45:05'),
(279, 2, 1, 25, 17, '2023-11-12', NULL, NULL, NULL, NULL, NULL, NULL, NULL, 1, NULL, '2022-10-23 04:45:05', '2022-10-23 04:45:05'),
(280, 2, 1, 25, 17, '2023-11-29', NULL, NULL, NULL, NULL, NULL, NULL, NULL, 1, NULL, '2022-10-23 04:45:05', '2022-10-23 04:45:05'),
(281, 2, 1, 25, 17, '2023-11-13', NULL, NULL, NULL, NULL, NULL, NULL, NULL, 1, NULL, '2022-10-23 04:45:05', '2022-10-23 04:45:05'),
(282, 2, 1, 25, 17, '2023-11-30', NULL, NULL, NULL, NULL, NULL, NULL, NULL, 1, NULL, '2022-10-23 04:45:05', '2022-10-23 04:45:05'),
(283, 2, 1, 25, 17, '2023-11-14', NULL, NULL, NULL, NULL, NULL, NULL, NULL, 1, NULL, '2022-10-23 04:45:05', '2022-10-23 04:45:05'),
(284, 2, 1, 25, 17, '2023-11-15', NULL, NULL, NULL, NULL, NULL, NULL, NULL, 1, NULL, '2022-10-23 04:45:05', '2022-10-23 04:45:05'),
(285, 2, 1, 25, 17, '2023-11-16', NULL, NULL, NULL, NULL, NULL, NULL, NULL, 1, NULL, '2022-10-23 04:45:05', '2022-10-23 04:45:05'),
(286, 2, 1, 25, 17, '2023-11-17', NULL, NULL, NULL, NULL, NULL, NULL, NULL, 1, NULL, '2022-10-23 04:45:05', '2022-10-23 04:45:05'),
(287, 2, 1, 25, 17, '2023-11-18', NULL, NULL, NULL, NULL, NULL, NULL, NULL, 1, NULL, '2022-10-23 04:45:05', '2022-10-23 04:45:05'),
(288, 2, 1, 25, 17, '2023-11-19', NULL, NULL, NULL, NULL, NULL, NULL, NULL, 1, NULL, '2022-10-23 04:45:05', '2022-10-23 04:45:05'),
(289, 2, 1, 25, 17, '2023-11-20', NULL, NULL, NULL, NULL, NULL, NULL, NULL, 1, NULL, '2022-10-23 04:45:05', '2022-10-23 04:45:05'),
(290, 2, 1, 25, 17, '2023-11-21', NULL, NULL, NULL, NULL, NULL, NULL, NULL, 1, NULL, '2022-10-23 04:45:05', '2022-10-23 04:45:05'),
(291, 2, 1, 25, 17, '2023-11-22', NULL, NULL, NULL, NULL, NULL, NULL, NULL, 1, NULL, '2022-10-23 04:45:05', '2022-10-23 04:45:05'),
(292, 2, 1, 25, 17, '2023-11-23', NULL, NULL, NULL, NULL, NULL, NULL, NULL, 1, NULL, '2022-10-23 04:45:05', '2022-10-23 04:45:05'),
(293, 2, 1, 25, 17, '2023-11-24', NULL, NULL, NULL, NULL, NULL, NULL, NULL, 1, NULL, '2022-10-23 04:45:05', '2022-10-23 04:45:05'),
(294, 2, 1, 25, 17, '2023-11-25', NULL, NULL, NULL, NULL, NULL, NULL, NULL, 1, NULL, '2022-10-23 04:45:05', '2022-10-23 04:45:05'),
(295, 2, 1, 25, 17, '2023-11-26', NULL, NULL, NULL, NULL, NULL, NULL, NULL, 1, NULL, '2022-10-23 04:45:05', '2022-10-23 04:45:05'),
(296, 2, 1, 25, 17, '2023-11-27', NULL, NULL, NULL, NULL, NULL, NULL, NULL, 1, NULL, '2022-10-23 04:45:05', '2022-10-23 04:45:05'),
(297, 2, 1, 25, 17, '2023-11-28', NULL, NULL, NULL, NULL, NULL, NULL, NULL, 1, NULL, '2022-10-23 04:45:05', '2022-10-23 04:45:05'),
(298, 2, 1, 25, 17, '2023-11-29', NULL, NULL, NULL, NULL, NULL, NULL, NULL, 1, NULL, '2022-10-23 04:45:05', '2022-10-23 04:45:05'),
(299, 2, 1, 25, 17, '2023-11-30', NULL, NULL, NULL, NULL, NULL, NULL, NULL, 1, NULL, '2022-10-23 04:45:05', '2022-10-23 04:45:05'),
(300, 2, 1, 25, 17, '2023-11-01', NULL, NULL, NULL, NULL, NULL, NULL, NULL, 1, NULL, '2022-10-23 04:45:10', '2022-10-23 04:45:10'),
(301, 2, 1, 25, 17, '2023-11-02', NULL, NULL, NULL, NULL, NULL, NULL, NULL, 1, NULL, '2022-10-23 04:45:10', '2022-10-23 04:45:10'),
(302, 2, 1, 25, 17, '2023-11-03', NULL, NULL, NULL, NULL, NULL, NULL, NULL, 1, NULL, '2022-10-23 04:45:10', '2022-10-23 04:45:10'),
(303, 2, 1, 25, 17, '2023-11-01', NULL, NULL, NULL, NULL, NULL, NULL, NULL, 1, NULL, '2022-10-23 04:45:10', '2022-10-23 04:45:10'),
(304, 2, 1, 25, 17, '2023-11-04', NULL, NULL, NULL, NULL, NULL, NULL, NULL, 1, NULL, '2022-10-23 04:45:10', '2022-10-23 04:45:10'),
(305, 2, 1, 25, 17, '2023-11-05', NULL, NULL, NULL, NULL, NULL, NULL, NULL, 1, NULL, '2022-10-23 04:45:10', '2022-10-23 04:45:10'),
(306, 2, 1, 25, 17, '2023-11-06', NULL, NULL, NULL, NULL, NULL, NULL, NULL, 1, NULL, '2022-10-23 04:45:10', '2022-10-23 04:45:10'),
(307, 2, 1, 25, 17, '2023-11-02', NULL, NULL, NULL, NULL, NULL, NULL, NULL, 1, NULL, '2022-10-23 04:45:10', '2022-10-23 04:45:10'),
(308, 2, 1, 25, 17, '2023-11-03', NULL, NULL, NULL, NULL, NULL, NULL, NULL, 1, NULL, '2022-10-23 04:45:10', '2022-10-23 04:45:10'),
(309, 2, 1, 25, 17, '2023-11-07', NULL, NULL, NULL, NULL, NULL, NULL, NULL, 1, NULL, '2022-10-23 04:45:10', '2022-10-23 04:45:10'),
(310, 2, 1, 25, 17, '2023-11-04', NULL, NULL, NULL, NULL, NULL, NULL, NULL, 1, NULL, '2022-10-23 04:45:10', '2022-10-23 04:45:10'),
(311, 2, 1, 25, 17, '2023-11-08', NULL, NULL, NULL, NULL, NULL, NULL, NULL, 1, NULL, '2022-10-23 04:45:10', '2022-10-23 04:45:10'),
(312, 2, 1, 25, 17, '2023-11-05', NULL, NULL, NULL, NULL, NULL, NULL, NULL, 1, NULL, '2022-10-23 04:45:10', '2022-10-23 04:45:10'),
(313, 2, 1, 25, 17, '2023-11-09', NULL, NULL, NULL, NULL, NULL, NULL, NULL, 1, NULL, '2022-10-23 04:45:10', '2022-10-23 04:45:10'),
(314, 2, 1, 25, 17, '2023-11-06', NULL, NULL, NULL, NULL, NULL, NULL, NULL, 1, NULL, '2022-10-23 04:45:10', '2022-10-23 04:45:10'),
(315, 2, 1, 25, 17, '2023-11-10', NULL, NULL, NULL, NULL, NULL, NULL, NULL, 1, NULL, '2022-10-23 04:45:10', '2022-10-23 04:45:10'),
(316, 2, 1, 25, 17, '2023-11-07', NULL, NULL, NULL, NULL, NULL, NULL, NULL, 1, NULL, '2022-10-23 04:45:10', '2022-10-23 04:45:10'),
(317, 2, 1, 25, 17, '2023-11-11', NULL, NULL, NULL, NULL, NULL, NULL, NULL, 1, NULL, '2022-10-23 04:45:10', '2022-10-23 04:45:10'),
(318, 2, 1, 25, 17, '2023-11-08', NULL, NULL, NULL, NULL, NULL, NULL, NULL, 1, NULL, '2022-10-23 04:45:10', '2022-10-23 04:45:10'),
(319, 2, 1, 25, 17, '2023-11-12', NULL, NULL, NULL, NULL, NULL, NULL, NULL, 1, NULL, '2022-10-23 04:45:10', '2022-10-23 04:45:10'),
(320, 2, 1, 25, 17, '2023-11-09', NULL, NULL, NULL, NULL, NULL, NULL, NULL, 1, NULL, '2022-10-23 04:45:10', '2022-10-23 04:45:10'),
(321, 2, 1, 25, 17, '2023-11-10', NULL, NULL, NULL, NULL, NULL, NULL, NULL, 1, NULL, '2022-10-23 04:45:10', '2022-10-23 04:45:10'),
(322, 2, 1, 25, 17, '2023-11-13', NULL, NULL, NULL, NULL, NULL, NULL, NULL, 1, NULL, '2022-10-23 04:45:10', '2022-10-23 04:45:10'),
(323, 2, 1, 25, 17, '2023-11-11', NULL, NULL, NULL, NULL, NULL, NULL, NULL, 1, NULL, '2022-10-23 04:45:10', '2022-10-23 04:45:10'),
(324, 2, 1, 25, 17, '2023-11-14', NULL, NULL, NULL, NULL, NULL, NULL, NULL, 1, NULL, '2022-10-23 04:45:10', '2022-10-23 04:45:10'),
(325, 2, 1, 25, 17, '2023-11-15', NULL, NULL, NULL, NULL, NULL, NULL, NULL, 1, NULL, '2022-10-23 04:45:10', '2022-10-23 04:45:10'),
(326, 2, 1, 25, 17, '2023-11-12', NULL, NULL, NULL, NULL, NULL, NULL, NULL, 1, NULL, '2022-10-23 04:45:10', '2022-10-23 04:45:10'),
(327, 2, 1, 25, 17, '2023-11-16', NULL, NULL, NULL, NULL, NULL, NULL, NULL, 1, NULL, '2022-10-23 04:45:10', '2022-10-23 04:45:10'),
(328, 2, 1, 25, 17, '2023-11-13', NULL, NULL, NULL, NULL, NULL, NULL, NULL, 1, NULL, '2022-10-23 04:45:10', '2022-10-23 04:45:10'),
(329, 2, 1, 25, 17, '2023-11-17', NULL, NULL, NULL, NULL, NULL, NULL, NULL, 1, NULL, '2022-10-23 04:45:10', '2022-10-23 04:45:10'),
(330, 2, 1, 25, 17, '2023-11-14', NULL, NULL, NULL, NULL, NULL, NULL, NULL, 1, NULL, '2022-10-23 04:45:10', '2022-10-23 04:45:10'),
(331, 2, 1, 25, 17, '2023-11-18', NULL, NULL, NULL, NULL, NULL, NULL, NULL, 1, NULL, '2022-10-23 04:45:10', '2022-10-23 04:45:10'),
(332, 2, 1, 25, 17, '2023-11-19', NULL, NULL, NULL, NULL, NULL, NULL, NULL, 1, NULL, '2022-10-23 04:45:10', '2022-10-23 04:45:10'),
(333, 2, 1, 25, 17, '2023-11-15', NULL, NULL, NULL, NULL, NULL, NULL, NULL, 1, NULL, '2022-10-23 04:45:10', '2022-10-23 04:45:10'),
(334, 2, 1, 25, 17, '2023-11-20', NULL, NULL, NULL, NULL, NULL, NULL, NULL, 1, NULL, '2022-10-23 04:45:10', '2022-10-23 04:45:10'),
(335, 2, 1, 25, 17, '2023-11-16', NULL, NULL, NULL, NULL, NULL, NULL, NULL, 1, NULL, '2022-10-23 04:45:10', '2022-10-23 04:45:10'),
(336, 2, 1, 25, 17, '2023-11-17', NULL, NULL, NULL, NULL, NULL, NULL, NULL, 1, NULL, '2022-10-23 04:45:10', '2022-10-23 04:45:10'),
(337, 2, 1, 25, 17, '2023-11-21', NULL, NULL, NULL, NULL, NULL, NULL, NULL, 1, NULL, '2022-10-23 04:45:10', '2022-10-23 04:45:10'),
(338, 2, 1, 25, 17, '2023-11-18', NULL, NULL, NULL, NULL, NULL, NULL, NULL, 1, NULL, '2022-10-23 04:45:10', '2022-10-23 04:45:10'),
(339, 2, 1, 25, 17, '2023-11-22', NULL, NULL, NULL, NULL, NULL, NULL, NULL, 1, NULL, '2022-10-23 04:45:10', '2022-10-23 04:45:10'),
(340, 2, 1, 25, 17, '2023-11-19', NULL, NULL, NULL, NULL, NULL, NULL, NULL, 1, NULL, '2022-10-23 04:45:10', '2022-10-23 04:45:10'),
(341, 2, 1, 25, 17, '2023-11-23', NULL, NULL, NULL, NULL, NULL, NULL, NULL, 1, NULL, '2022-10-23 04:45:10', '2022-10-23 04:45:10'),
(342, 2, 1, 25, 17, '2023-11-24', NULL, NULL, NULL, NULL, NULL, NULL, NULL, 1, NULL, '2022-10-23 04:45:10', '2022-10-23 04:45:10'),
(343, 2, 1, 25, 17, '2023-11-20', NULL, NULL, NULL, NULL, NULL, NULL, NULL, 1, NULL, '2022-10-23 04:45:10', '2022-10-23 04:45:10'),
(344, 2, 1, 25, 17, '2023-11-25', NULL, NULL, NULL, NULL, NULL, NULL, NULL, 1, NULL, '2022-10-23 04:45:10', '2022-10-23 04:45:10'),
(345, 2, 1, 25, 17, '2023-11-21', NULL, NULL, NULL, NULL, NULL, NULL, NULL, 1, NULL, '2022-10-23 04:45:10', '2022-10-23 04:45:10'),
(346, 2, 1, 25, 17, '2023-11-26', NULL, NULL, NULL, NULL, NULL, NULL, NULL, 1, NULL, '2022-10-23 04:45:10', '2022-10-23 04:45:10'),
(347, 2, 1, 25, 17, '2023-11-22', NULL, NULL, NULL, NULL, NULL, NULL, NULL, 1, NULL, '2022-10-23 04:45:10', '2022-10-23 04:45:10'),
(348, 2, 1, 25, 17, '2023-11-27', NULL, NULL, NULL, NULL, NULL, NULL, NULL, 1, NULL, '2022-10-23 04:45:10', '2022-10-23 04:45:10'),
(349, 2, 1, 25, 17, '2023-11-23', NULL, NULL, NULL, NULL, NULL, NULL, NULL, 1, NULL, '2022-10-23 04:45:10', '2022-10-23 04:45:10'),
(350, 2, 1, 25, 17, '2023-11-28', NULL, NULL, NULL, NULL, NULL, NULL, NULL, 1, NULL, '2022-10-23 04:45:10', '2022-10-23 04:45:10'),
(351, 2, 1, 25, 17, '2023-11-24', NULL, NULL, NULL, NULL, NULL, NULL, NULL, 1, NULL, '2022-10-23 04:45:10', '2022-10-23 04:45:10'),
(352, 2, 1, 25, 17, '2023-11-29', NULL, NULL, NULL, NULL, NULL, NULL, NULL, 1, NULL, '2022-10-23 04:45:10', '2022-10-23 04:45:10'),
(353, 2, 1, 25, 17, '2023-11-30', NULL, NULL, NULL, NULL, NULL, NULL, NULL, 1, NULL, '2022-10-23 04:45:10', '2022-10-23 04:45:10'),
(354, 2, 1, 25, 17, '2023-11-25', NULL, NULL, NULL, NULL, NULL, NULL, NULL, 1, NULL, '2022-10-23 04:45:10', '2022-10-23 04:45:10'),
(355, 2, 1, 25, 17, '2023-11-26', NULL, NULL, NULL, NULL, NULL, NULL, NULL, 1, NULL, '2022-10-23 04:45:10', '2022-10-23 04:45:10'),
(356, 2, 1, 25, 17, '2023-11-27', NULL, NULL, NULL, NULL, NULL, NULL, NULL, 1, NULL, '2022-10-23 04:45:10', '2022-10-23 04:45:10'),
(357, 2, 1, 25, 17, '2023-11-28', NULL, NULL, NULL, NULL, NULL, NULL, NULL, 1, NULL, '2022-10-23 04:45:10', '2022-10-23 04:45:10'),
(358, 2, 1, 25, 17, '2023-11-29', NULL, NULL, NULL, NULL, NULL, NULL, NULL, 1, NULL, '2022-10-23 04:45:10', '2022-10-23 04:45:10'),
(359, 2, 1, 25, 17, '2023-11-30', NULL, NULL, NULL, NULL, NULL, NULL, NULL, 1, NULL, '2022-10-23 04:45:10', '2022-10-23 04:45:10'),
(360, 2, 1, 25, 17, '2023-11-01', NULL, NULL, NULL, NULL, NULL, NULL, NULL, 1, NULL, '2022-10-23 04:45:17', '2022-10-23 04:45:17'),
(361, 2, 1, 25, 17, '2023-11-02', NULL, NULL, NULL, NULL, NULL, NULL, NULL, 1, NULL, '2022-10-23 04:45:17', '2022-10-23 04:45:17'),
(362, 2, 1, 25, 17, '2023-11-03', NULL, NULL, NULL, NULL, NULL, NULL, NULL, 1, NULL, '2022-10-23 04:45:17', '2022-10-23 04:45:17'),
(363, 2, 1, 25, 17, '2023-11-04', NULL, NULL, NULL, NULL, NULL, NULL, NULL, 1, NULL, '2022-10-23 04:45:17', '2022-10-23 04:45:17'),
(364, 2, 1, 25, 17, '2023-11-05', NULL, NULL, NULL, NULL, NULL, NULL, NULL, 1, NULL, '2022-10-23 04:45:17', '2022-10-23 04:45:17'),
(365, 2, 1, 25, 17, '2023-11-06', NULL, NULL, NULL, NULL, NULL, NULL, NULL, 1, NULL, '2022-10-23 04:45:17', '2022-10-23 04:45:17'),
(366, 2, 1, 25, 17, '2023-11-07', NULL, NULL, NULL, NULL, NULL, NULL, NULL, 1, NULL, '2022-10-23 04:45:17', '2022-10-23 04:45:17'),
(367, 2, 1, 25, 17, '2023-11-08', NULL, NULL, NULL, NULL, NULL, NULL, NULL, 1, NULL, '2022-10-23 04:45:17', '2022-10-23 04:45:17'),
(368, 2, 1, 25, 17, '2023-11-09', NULL, NULL, NULL, NULL, NULL, NULL, NULL, 1, NULL, '2022-10-23 04:45:17', '2022-10-23 04:45:17'),
(369, 2, 1, 25, 17, '2023-11-10', NULL, NULL, NULL, NULL, NULL, NULL, NULL, 1, NULL, '2022-10-23 04:45:17', '2022-10-23 04:45:17'),
(370, 2, 1, 25, 17, '2023-11-11', NULL, NULL, NULL, NULL, NULL, NULL, NULL, 1, NULL, '2022-10-23 04:45:17', '2022-10-23 04:45:17'),
(371, 2, 1, 25, 17, '2023-11-12', NULL, NULL, NULL, NULL, NULL, NULL, NULL, 1, NULL, '2022-10-23 04:45:17', '2022-10-23 04:45:17'),
(372, 2, 1, 25, 17, '2023-11-13', NULL, NULL, NULL, NULL, NULL, NULL, NULL, 1, NULL, '2022-10-23 04:45:17', '2022-10-23 04:45:17'),
(373, 2, 1, 25, 17, '2023-11-14', NULL, NULL, NULL, NULL, NULL, NULL, NULL, 1, NULL, '2022-10-23 04:45:17', '2022-10-23 04:45:17'),
(374, 2, 1, 25, 17, '2023-11-15', NULL, NULL, NULL, NULL, NULL, NULL, NULL, 1, NULL, '2022-10-23 04:45:17', '2022-10-23 04:45:17'),
(375, 2, 1, 25, 17, '2023-11-16', NULL, NULL, NULL, NULL, NULL, NULL, NULL, 1, NULL, '2022-10-23 04:45:17', '2022-10-23 04:45:17'),
(376, 2, 1, 25, 17, '2023-11-17', NULL, NULL, NULL, NULL, NULL, NULL, NULL, 1, NULL, '2022-10-23 04:45:17', '2022-10-23 04:45:17'),
(377, 2, 1, 25, 17, '2023-11-18', NULL, NULL, NULL, NULL, NULL, NULL, NULL, 1, NULL, '2022-10-23 04:45:17', '2022-10-23 04:45:17'),
(378, 2, 1, 25, 17, '2023-11-19', NULL, NULL, NULL, NULL, NULL, NULL, NULL, 1, NULL, '2022-10-23 04:45:17', '2022-10-23 04:45:17'),
(379, 2, 1, 25, 17, '2023-11-20', NULL, NULL, NULL, NULL, NULL, NULL, NULL, 1, NULL, '2022-10-23 04:45:17', '2022-10-23 04:45:17'),
(380, 2, 1, 25, 17, '2023-11-21', NULL, NULL, NULL, NULL, NULL, NULL, NULL, 1, NULL, '2022-10-23 04:45:17', '2022-10-23 04:45:17'),
(381, 2, 1, 25, 17, '2023-11-22', NULL, NULL, NULL, NULL, NULL, NULL, NULL, 1, NULL, '2022-10-23 04:45:17', '2022-10-23 04:45:17'),
(382, 2, 1, 25, 17, '2023-11-23', NULL, NULL, NULL, NULL, NULL, NULL, NULL, 1, NULL, '2022-10-23 04:45:17', '2022-10-23 04:45:17'),
(383, 2, 1, 25, 17, '2023-11-24', NULL, NULL, NULL, NULL, NULL, NULL, NULL, 1, NULL, '2022-10-23 04:45:17', '2022-10-23 04:45:17'),
(384, 2, 1, 25, 17, '2023-11-25', NULL, NULL, NULL, NULL, NULL, NULL, NULL, 1, NULL, '2022-10-23 04:45:17', '2022-10-23 04:45:17'),
(385, 2, 1, 25, 17, '2023-11-26', NULL, NULL, NULL, NULL, NULL, NULL, NULL, 1, NULL, '2022-10-23 04:45:17', '2022-10-23 04:45:17'),
(386, 2, 1, 25, 17, '2023-11-27', NULL, NULL, NULL, NULL, NULL, NULL, NULL, 1, NULL, '2022-10-23 04:45:17', '2022-10-23 04:45:17'),
(387, 2, 1, 25, 17, '2023-11-28', NULL, NULL, NULL, NULL, NULL, NULL, NULL, 1, NULL, '2022-10-23 04:45:17', '2022-10-23 04:45:17'),
(388, 2, 1, 25, 17, '2023-11-29', NULL, NULL, NULL, NULL, NULL, NULL, NULL, 1, NULL, '2022-10-23 04:45:17', '2022-10-23 04:45:17'),
(389, 2, 1, 25, 17, '2023-11-30', NULL, NULL, NULL, NULL, NULL, NULL, NULL, 1, NULL, '2022-10-23 04:45:17', '2022-10-23 04:45:17'),
(390, 2, 1, 25, 17, '2023-11-01', NULL, NULL, NULL, NULL, NULL, NULL, NULL, 1, NULL, '2022-10-23 04:46:14', '2022-10-23 04:46:14'),
(391, 2, 1, 25, 17, '2023-11-02', NULL, NULL, NULL, NULL, NULL, NULL, NULL, 1, NULL, '2022-10-23 04:46:14', '2022-10-23 04:46:14'),
(392, 2, 1, 25, 17, '2023-11-03', NULL, NULL, NULL, NULL, NULL, NULL, NULL, 1, NULL, '2022-10-23 04:46:14', '2022-10-23 04:46:14'),
(393, 2, 1, 25, 17, '2023-11-04', NULL, NULL, NULL, NULL, NULL, NULL, NULL, 1, NULL, '2022-10-23 04:46:14', '2022-10-23 04:46:14'),
(394, 2, 1, 25, 17, '2023-11-05', NULL, NULL, NULL, NULL, NULL, NULL, NULL, 1, NULL, '2022-10-23 04:46:14', '2022-10-23 04:46:14'),
(395, 2, 1, 25, 17, '2023-11-06', NULL, NULL, NULL, NULL, NULL, NULL, NULL, 1, NULL, '2022-10-23 04:46:14', '2022-10-23 04:46:14'),
(396, 2, 1, 25, 17, '2023-11-07', NULL, NULL, NULL, NULL, NULL, NULL, NULL, 1, NULL, '2022-10-23 04:46:14', '2022-10-23 04:46:14'),
(397, 2, 1, 25, 17, '2023-11-08', NULL, NULL, NULL, NULL, NULL, NULL, NULL, 1, NULL, '2022-10-23 04:46:14', '2022-10-23 04:46:14'),
(398, 2, 1, 25, 17, '2023-11-09', NULL, NULL, NULL, NULL, NULL, NULL, NULL, 1, NULL, '2022-10-23 04:46:14', '2022-10-23 04:46:14'),
(399, 2, 1, 25, 17, '2023-11-10', NULL, NULL, NULL, NULL, NULL, NULL, NULL, 1, NULL, '2022-10-23 04:46:14', '2022-10-23 04:46:14'),
(400, 2, 1, 25, 17, '2023-11-11', NULL, NULL, NULL, NULL, NULL, NULL, NULL, 1, NULL, '2022-10-23 04:46:14', '2022-10-23 04:46:14'),
(401, 2, 1, 25, 17, '2023-11-12', NULL, NULL, NULL, NULL, NULL, NULL, NULL, 1, NULL, '2022-10-23 04:46:14', '2022-10-23 04:46:14'),
(402, 2, 1, 25, 17, '2023-11-13', NULL, NULL, NULL, NULL, NULL, NULL, NULL, 1, NULL, '2022-10-23 04:46:14', '2022-10-23 04:46:14'),
(403, 2, 1, 25, 17, '2023-11-14', NULL, NULL, NULL, NULL, NULL, NULL, NULL, 1, NULL, '2022-10-23 04:46:14', '2022-10-23 04:46:14'),
(404, 2, 1, 25, 17, '2023-11-15', NULL, NULL, NULL, NULL, NULL, NULL, NULL, 1, NULL, '2022-10-23 04:46:14', '2022-10-23 04:46:14'),
(405, 2, 1, 25, 17, '2023-11-16', NULL, NULL, NULL, NULL, NULL, NULL, NULL, 1, NULL, '2022-10-23 04:46:14', '2022-10-23 04:46:14'),
(406, 2, 1, 25, 17, '2023-11-17', NULL, NULL, NULL, NULL, NULL, NULL, NULL, 1, NULL, '2022-10-23 04:46:14', '2022-10-23 04:46:14'),
(407, 2, 1, 25, 17, '2023-11-18', NULL, NULL, NULL, NULL, NULL, NULL, NULL, 1, NULL, '2022-10-23 04:46:14', '2022-10-23 04:46:14'),
(408, 2, 1, 25, 17, '2023-11-19', NULL, NULL, NULL, NULL, NULL, NULL, NULL, 1, NULL, '2022-10-23 04:46:14', '2022-10-23 04:46:14'),
(409, 2, 1, 25, 17, '2023-11-20', NULL, NULL, NULL, NULL, NULL, NULL, NULL, 1, NULL, '2022-10-23 04:46:14', '2022-10-23 04:46:14'),
(410, 2, 1, 25, 17, '2023-11-21', NULL, NULL, NULL, NULL, NULL, NULL, NULL, 1, NULL, '2022-10-23 04:46:14', '2022-10-23 04:46:14'),
(411, 2, 1, 25, 17, '2023-11-22', NULL, NULL, NULL, NULL, NULL, NULL, NULL, 1, NULL, '2022-10-23 04:46:14', '2022-10-23 04:46:14'),
(412, 2, 1, 25, 17, '2023-11-23', NULL, NULL, NULL, NULL, NULL, NULL, NULL, 1, NULL, '2022-10-23 04:46:14', '2022-10-23 04:46:14'),
(413, 2, 1, 25, 17, '2023-11-24', NULL, NULL, NULL, NULL, NULL, NULL, NULL, 1, NULL, '2022-10-23 04:46:14', '2022-10-23 04:46:14'),
(414, 2, 1, 25, 17, '2023-11-25', NULL, NULL, NULL, NULL, NULL, NULL, NULL, 1, NULL, '2022-10-23 04:46:14', '2022-10-23 04:46:14'),
(415, 2, 1, 25, 17, '2023-11-26', NULL, NULL, NULL, NULL, NULL, NULL, NULL, 1, NULL, '2022-10-23 04:46:14', '2022-10-23 04:46:14'),
(416, 2, 1, 25, 17, '2023-11-27', NULL, NULL, NULL, NULL, NULL, NULL, NULL, 1, NULL, '2022-10-23 04:46:14', '2022-10-23 04:46:14'),
(417, 2, 1, 25, 17, '2023-11-28', NULL, NULL, NULL, NULL, NULL, NULL, NULL, 1, NULL, '2022-10-23 04:46:14', '2022-10-23 04:46:14'),
(418, 2, 1, 25, 17, '2023-11-29', NULL, NULL, NULL, NULL, NULL, NULL, NULL, 1, NULL, '2022-10-23 04:46:14', '2022-10-23 04:46:14'),
(419, 2, 1, 25, 17, '2023-11-30', NULL, NULL, NULL, NULL, NULL, NULL, NULL, 1, NULL, '2022-10-23 04:46:14', '2022-10-23 04:46:14');
INSERT INTO `shift_employees` (`id`, `account_type`, `clinic_id`, `employee_id`, `shift_id`, `dateA`, `check_in`, `check_out`, `checkin_another_employee`, `checkout_another_employee`, `attendance_status`, `total_delay_minute`, `total_extra_minute`, `status`, `deleted_at`, `created_at`, `updated_at`) VALUES
(420, 2, 1, 25, 17, '2023-11-01', NULL, NULL, NULL, NULL, NULL, NULL, NULL, 1, NULL, '2022-10-23 04:46:14', '2022-10-23 04:46:14'),
(421, 2, 1, 25, 17, '2023-11-02', NULL, NULL, NULL, NULL, NULL, NULL, NULL, 1, NULL, '2022-10-23 04:46:14', '2022-10-23 04:46:14'),
(422, 2, 1, 25, 17, '2023-11-03', NULL, NULL, NULL, NULL, NULL, NULL, NULL, 1, NULL, '2022-10-23 04:46:14', '2022-10-23 04:46:14'),
(423, 2, 1, 25, 17, '2023-11-04', NULL, NULL, NULL, NULL, NULL, NULL, NULL, 1, NULL, '2022-10-23 04:46:14', '2022-10-23 04:46:14'),
(424, 2, 1, 25, 17, '2023-11-05', NULL, NULL, NULL, NULL, NULL, NULL, NULL, 1, NULL, '2022-10-23 04:46:14', '2022-10-23 04:46:14'),
(425, 2, 1, 25, 17, '2023-11-06', NULL, NULL, NULL, NULL, NULL, NULL, NULL, 1, NULL, '2022-10-23 04:46:14', '2022-10-23 04:46:14'),
(426, 2, 1, 25, 17, '2023-11-07', NULL, NULL, NULL, NULL, NULL, NULL, NULL, 1, NULL, '2022-10-23 04:46:14', '2022-10-23 04:46:14'),
(427, 2, 1, 25, 17, '2023-11-08', NULL, NULL, NULL, NULL, NULL, NULL, NULL, 1, NULL, '2022-10-23 04:46:14', '2022-10-23 04:46:14'),
(428, 2, 1, 25, 17, '2023-11-09', NULL, NULL, NULL, NULL, NULL, NULL, NULL, 1, NULL, '2022-10-23 04:46:14', '2022-10-23 04:46:14'),
(429, 2, 1, 25, 17, '2023-11-10', NULL, NULL, NULL, NULL, NULL, NULL, NULL, 1, NULL, '2022-10-23 04:46:14', '2022-10-23 04:46:14'),
(430, 2, 1, 25, 17, '2023-11-11', NULL, NULL, NULL, NULL, NULL, NULL, NULL, 1, NULL, '2022-10-23 04:46:14', '2022-10-23 04:46:14'),
(431, 2, 1, 25, 17, '2023-11-12', NULL, NULL, NULL, NULL, NULL, NULL, NULL, 1, NULL, '2022-10-23 04:46:14', '2022-10-23 04:46:14'),
(432, 2, 1, 25, 17, '2023-11-13', NULL, NULL, NULL, NULL, NULL, NULL, NULL, 1, NULL, '2022-10-23 04:46:14', '2022-10-23 04:46:14'),
(433, 2, 1, 25, 17, '2023-11-14', NULL, NULL, NULL, NULL, NULL, NULL, NULL, 1, NULL, '2022-10-23 04:46:14', '2022-10-23 04:46:14'),
(434, 2, 1, 25, 17, '2023-11-15', NULL, NULL, NULL, NULL, NULL, NULL, NULL, 1, NULL, '2022-10-23 04:46:14', '2022-10-23 04:46:14'),
(435, 2, 1, 25, 17, '2023-11-16', NULL, NULL, NULL, NULL, NULL, NULL, NULL, 1, NULL, '2022-10-23 04:46:14', '2022-10-23 04:46:14'),
(436, 2, 1, 25, 17, '2023-11-17', NULL, NULL, NULL, NULL, NULL, NULL, NULL, 1, NULL, '2022-10-23 04:46:14', '2022-10-23 04:46:14'),
(437, 2, 1, 25, 17, '2023-11-18', NULL, NULL, NULL, NULL, NULL, NULL, NULL, 1, NULL, '2022-10-23 04:46:14', '2022-10-23 04:46:14'),
(438, 2, 1, 25, 17, '2023-11-19', NULL, NULL, NULL, NULL, NULL, NULL, NULL, 1, NULL, '2022-10-23 04:46:14', '2022-10-23 04:46:14'),
(439, 2, 1, 25, 17, '2023-11-20', NULL, NULL, NULL, NULL, NULL, NULL, NULL, 1, NULL, '2022-10-23 04:46:14', '2022-10-23 04:46:14'),
(440, 2, 1, 25, 17, '2023-11-21', NULL, NULL, NULL, NULL, NULL, NULL, NULL, 1, NULL, '2022-10-23 04:46:14', '2022-10-23 04:46:14'),
(441, 2, 1, 25, 17, '2023-11-22', NULL, NULL, NULL, NULL, NULL, NULL, NULL, 1, NULL, '2022-10-23 04:46:14', '2022-10-23 04:46:14'),
(442, 2, 1, 25, 17, '2023-11-23', NULL, NULL, NULL, NULL, NULL, NULL, NULL, 1, NULL, '2022-10-23 04:46:14', '2022-10-23 04:46:14'),
(443, 2, 1, 25, 17, '2023-11-24', NULL, NULL, NULL, NULL, NULL, NULL, NULL, 1, NULL, '2022-10-23 04:46:14', '2022-10-23 04:46:14'),
(444, 2, 1, 25, 17, '2023-11-25', NULL, NULL, NULL, NULL, NULL, NULL, NULL, 1, NULL, '2022-10-23 04:46:14', '2022-10-23 04:46:14'),
(445, 2, 1, 25, 17, '2023-11-26', NULL, NULL, NULL, NULL, NULL, NULL, NULL, 1, NULL, '2022-10-23 04:46:14', '2022-10-23 04:46:14'),
(446, 2, 1, 25, 17, '2023-11-27', NULL, NULL, NULL, NULL, NULL, NULL, NULL, 1, NULL, '2022-10-23 04:46:14', '2022-10-23 04:46:14'),
(447, 2, 1, 25, 17, '2023-11-28', NULL, NULL, NULL, NULL, NULL, NULL, NULL, 1, NULL, '2022-10-23 04:46:14', '2022-10-23 04:46:14'),
(448, 2, 1, 25, 17, '2023-11-29', NULL, NULL, NULL, NULL, NULL, NULL, NULL, 1, NULL, '2022-10-23 04:46:14', '2022-10-23 04:46:14'),
(449, 2, 1, 25, 17, '2023-11-30', NULL, NULL, NULL, NULL, NULL, NULL, NULL, 1, NULL, '2022-10-23 04:46:14', '2022-10-23 04:46:14'),
(450, 2, 1, 25, 17, '2023-11-01', NULL, NULL, NULL, NULL, NULL, NULL, NULL, 1, NULL, '2022-10-23 04:46:14', '2022-10-23 04:46:14'),
(451, 2, 1, 25, 17, '2023-11-01', NULL, NULL, NULL, NULL, NULL, NULL, NULL, 1, NULL, '2022-10-23 04:46:14', '2022-10-23 04:46:14'),
(452, 2, 1, 25, 17, '2023-11-02', NULL, NULL, NULL, NULL, NULL, NULL, NULL, 1, NULL, '2022-10-23 04:46:14', '2022-10-23 04:46:14'),
(453, 2, 1, 25, 17, '2023-11-03', NULL, NULL, NULL, NULL, NULL, NULL, NULL, 1, NULL, '2022-10-23 04:46:14', '2022-10-23 04:46:14'),
(454, 2, 1, 25, 17, '2023-11-04', NULL, NULL, NULL, NULL, NULL, NULL, NULL, 1, NULL, '2022-10-23 04:46:14', '2022-10-23 04:46:14'),
(455, 2, 1, 25, 17, '2023-11-02', NULL, NULL, NULL, NULL, NULL, NULL, NULL, 1, NULL, '2022-10-23 04:46:14', '2022-10-23 04:46:14'),
(456, 2, 1, 25, 17, '2023-11-05', NULL, NULL, NULL, NULL, NULL, NULL, NULL, 1, NULL, '2022-10-23 04:46:14', '2022-10-23 04:46:14'),
(457, 2, 1, 25, 17, '2023-11-03', NULL, NULL, NULL, NULL, NULL, NULL, NULL, 1, NULL, '2022-10-23 04:46:14', '2022-10-23 04:46:14'),
(458, 2, 1, 25, 17, '2023-11-06', NULL, NULL, NULL, NULL, NULL, NULL, NULL, 1, NULL, '2022-10-23 04:46:14', '2022-10-23 04:46:14'),
(459, 2, 1, 25, 17, '2023-11-04', NULL, NULL, NULL, NULL, NULL, NULL, NULL, 1, NULL, '2022-10-23 04:46:14', '2022-10-23 04:46:14'),
(460, 2, 1, 25, 17, '2023-11-07', NULL, NULL, NULL, NULL, NULL, NULL, NULL, 1, NULL, '2022-10-23 04:46:14', '2022-10-23 04:46:14'),
(461, 2, 1, 25, 17, '2023-11-05', NULL, NULL, NULL, NULL, NULL, NULL, NULL, 1, NULL, '2022-10-23 04:46:14', '2022-10-23 04:46:14'),
(462, 2, 1, 25, 17, '2023-11-08', NULL, NULL, NULL, NULL, NULL, NULL, NULL, 1, NULL, '2022-10-23 04:46:14', '2022-10-23 04:46:14'),
(463, 2, 1, 25, 17, '2023-11-09', NULL, NULL, NULL, NULL, NULL, NULL, NULL, 1, NULL, '2022-10-23 04:46:14', '2022-10-23 04:46:14'),
(464, 2, 1, 25, 17, '2023-11-06', NULL, NULL, NULL, NULL, NULL, NULL, NULL, 1, NULL, '2022-10-23 04:46:14', '2022-10-23 04:46:14'),
(465, 2, 1, 25, 17, '2023-11-10', NULL, NULL, NULL, NULL, NULL, NULL, NULL, 1, NULL, '2022-10-23 04:46:14', '2022-10-23 04:46:14'),
(466, 2, 1, 25, 17, '2023-11-07', NULL, NULL, NULL, NULL, NULL, NULL, NULL, 1, NULL, '2022-10-23 04:46:14', '2022-10-23 04:46:14'),
(467, 2, 1, 25, 17, '2023-11-11', NULL, NULL, NULL, NULL, NULL, NULL, NULL, 1, NULL, '2022-10-23 04:46:14', '2022-10-23 04:46:14'),
(468, 2, 1, 25, 17, '2023-11-08', NULL, NULL, NULL, NULL, NULL, NULL, NULL, 1, NULL, '2022-10-23 04:46:14', '2022-10-23 04:46:14'),
(469, 2, 1, 25, 17, '2023-11-12', NULL, NULL, NULL, NULL, NULL, NULL, NULL, 1, NULL, '2022-10-23 04:46:14', '2022-10-23 04:46:14'),
(470, 2, 1, 25, 17, '2023-11-13', NULL, NULL, NULL, NULL, NULL, NULL, NULL, 1, NULL, '2022-10-23 04:46:14', '2022-10-23 04:46:14'),
(471, 2, 1, 25, 17, '2023-11-09', NULL, NULL, NULL, NULL, NULL, NULL, NULL, 1, NULL, '2022-10-23 04:46:14', '2022-10-23 04:46:14'),
(472, 2, 1, 25, 17, '2023-11-14', NULL, NULL, NULL, NULL, NULL, NULL, NULL, 1, NULL, '2022-10-23 04:46:14', '2022-10-23 04:46:14'),
(473, 2, 1, 25, 17, '2023-11-10', NULL, NULL, NULL, NULL, NULL, NULL, NULL, 1, NULL, '2022-10-23 04:46:14', '2022-10-23 04:46:14'),
(474, 2, 1, 25, 17, '2023-11-15', NULL, NULL, NULL, NULL, NULL, NULL, NULL, 1, NULL, '2022-10-23 04:46:14', '2022-10-23 04:46:14'),
(475, 2, 1, 25, 17, '2023-11-11', NULL, NULL, NULL, NULL, NULL, NULL, NULL, 1, NULL, '2022-10-23 04:46:14', '2022-10-23 04:46:14'),
(476, 2, 1, 25, 17, '2023-11-16', NULL, NULL, NULL, NULL, NULL, NULL, NULL, 1, NULL, '2022-10-23 04:46:14', '2022-10-23 04:46:14'),
(477, 2, 1, 25, 17, '2023-11-17', NULL, NULL, NULL, NULL, NULL, NULL, NULL, 1, NULL, '2022-10-23 04:46:14', '2022-10-23 04:46:14'),
(478, 2, 1, 25, 17, '2023-11-12', NULL, NULL, NULL, NULL, NULL, NULL, NULL, 1, NULL, '2022-10-23 04:46:14', '2022-10-23 04:46:14'),
(479, 2, 1, 25, 17, '2023-11-18', NULL, NULL, NULL, NULL, NULL, NULL, NULL, 1, NULL, '2022-10-23 04:46:14', '2022-10-23 04:46:14'),
(480, 2, 1, 25, 17, '2023-11-13', NULL, NULL, NULL, NULL, NULL, NULL, NULL, 1, NULL, '2022-10-23 04:46:14', '2022-10-23 04:46:14'),
(481, 2, 1, 25, 17, '2023-11-19', NULL, NULL, NULL, NULL, NULL, NULL, NULL, 1, NULL, '2022-10-23 04:46:14', '2022-10-23 04:46:14'),
(482, 2, 1, 25, 17, '2023-11-14', NULL, NULL, NULL, NULL, NULL, NULL, NULL, 1, NULL, '2022-10-23 04:46:14', '2022-10-23 04:46:14'),
(483, 2, 1, 25, 17, '2023-11-20', NULL, NULL, NULL, NULL, NULL, NULL, NULL, 1, NULL, '2022-10-23 04:46:14', '2022-10-23 04:46:14'),
(484, 2, 1, 25, 17, '2023-11-15', NULL, NULL, NULL, NULL, NULL, NULL, NULL, 1, NULL, '2022-10-23 04:46:14', '2022-10-23 04:46:14'),
(485, 2, 1, 25, 17, '2023-11-21', NULL, NULL, NULL, NULL, NULL, NULL, NULL, 1, NULL, '2022-10-23 04:46:14', '2022-10-23 04:46:14'),
(486, 2, 1, 25, 17, '2023-11-22', NULL, NULL, NULL, NULL, NULL, NULL, NULL, 1, NULL, '2022-10-23 04:46:14', '2022-10-23 04:46:14'),
(487, 2, 1, 25, 17, '2023-11-16', NULL, NULL, NULL, NULL, NULL, NULL, NULL, 1, NULL, '2022-10-23 04:46:14', '2022-10-23 04:46:14'),
(488, 2, 1, 25, 17, '2023-11-23', NULL, NULL, NULL, NULL, NULL, NULL, NULL, 1, NULL, '2022-10-23 04:46:14', '2022-10-23 04:46:14'),
(489, 2, 1, 25, 17, '2023-11-17', NULL, NULL, NULL, NULL, NULL, NULL, NULL, 1, NULL, '2022-10-23 04:46:14', '2022-10-23 04:46:14'),
(490, 2, 1, 25, 17, '2023-11-24', NULL, NULL, NULL, NULL, NULL, NULL, NULL, 1, NULL, '2022-10-23 04:46:14', '2022-10-23 04:46:14'),
(491, 2, 1, 25, 17, '2023-11-18', NULL, NULL, NULL, NULL, NULL, NULL, NULL, 1, NULL, '2022-10-23 04:46:14', '2022-10-23 04:46:14'),
(492, 2, 1, 25, 17, '2023-11-25', NULL, NULL, NULL, NULL, NULL, NULL, NULL, 1, NULL, '2022-10-23 04:46:14', '2022-10-23 04:46:14'),
(493, 2, 1, 25, 17, '2023-11-19', NULL, NULL, NULL, NULL, NULL, NULL, NULL, 1, NULL, '2022-10-23 04:46:14', '2022-10-23 04:46:14'),
(494, 2, 1, 25, 17, '2023-11-26', NULL, NULL, NULL, NULL, NULL, NULL, NULL, 1, NULL, '2022-10-23 04:46:14', '2022-10-23 04:46:14'),
(495, 2, 1, 25, 17, '2023-11-27', NULL, NULL, NULL, NULL, NULL, NULL, NULL, 1, NULL, '2022-10-23 04:46:14', '2022-10-23 04:46:14'),
(496, 2, 1, 25, 17, '2023-11-20', NULL, NULL, NULL, NULL, NULL, NULL, NULL, 1, NULL, '2022-10-23 04:46:14', '2022-10-23 04:46:14'),
(497, 2, 1, 25, 17, '2023-11-28', NULL, NULL, NULL, NULL, NULL, NULL, NULL, 1, NULL, '2022-10-23 04:46:14', '2022-10-23 04:46:14'),
(498, 2, 1, 25, 17, '2023-11-21', NULL, NULL, NULL, NULL, NULL, NULL, NULL, 1, NULL, '2022-10-23 04:46:14', '2022-10-23 04:46:14'),
(499, 2, 1, 25, 17, '2023-11-29', NULL, NULL, NULL, NULL, NULL, NULL, NULL, 1, NULL, '2022-10-23 04:46:14', '2022-10-23 04:46:14'),
(500, 2, 1, 25, 17, '2023-11-22', NULL, NULL, NULL, NULL, NULL, NULL, NULL, 1, NULL, '2022-10-23 04:46:14', '2022-10-23 04:46:14'),
(501, 2, 1, 25, 17, '2023-11-30', NULL, NULL, NULL, NULL, NULL, NULL, NULL, 1, NULL, '2022-10-23 04:46:14', '2022-10-23 04:46:14'),
(502, 2, 1, 25, 17, '2023-11-23', NULL, NULL, NULL, NULL, NULL, NULL, NULL, 1, NULL, '2022-10-23 04:46:14', '2022-10-23 04:46:14'),
(503, 2, 1, 25, 17, '2023-11-24', NULL, NULL, NULL, NULL, NULL, NULL, NULL, 1, NULL, '2022-10-23 04:46:14', '2022-10-23 04:46:14'),
(504, 2, 1, 25, 17, '2023-11-25', NULL, NULL, NULL, NULL, NULL, NULL, NULL, 1, NULL, '2022-10-23 04:46:14', '2022-10-23 04:46:14'),
(505, 2, 1, 25, 17, '2023-11-26', NULL, NULL, NULL, NULL, NULL, NULL, NULL, 1, NULL, '2022-10-23 04:46:14', '2022-10-23 04:46:14'),
(506, 2, 1, 25, 17, '2023-11-27', NULL, NULL, NULL, NULL, NULL, NULL, NULL, 1, NULL, '2022-10-23 04:46:14', '2022-10-23 04:46:14'),
(507, 2, 1, 25, 17, '2023-11-28', NULL, NULL, NULL, NULL, NULL, NULL, NULL, 1, NULL, '2022-10-23 04:46:14', '2022-10-23 04:46:14'),
(508, 2, 1, 25, 17, '2023-11-29', NULL, NULL, NULL, NULL, NULL, NULL, NULL, 1, NULL, '2022-10-23 04:46:14', '2022-10-23 04:46:14'),
(509, 2, 1, 25, 17, '2023-11-30', NULL, NULL, NULL, NULL, NULL, NULL, NULL, 1, NULL, '2022-10-23 04:46:14', '2022-10-23 04:46:14'),
(510, 2, 1, 25, 17, '2023-11-01', NULL, NULL, NULL, NULL, NULL, NULL, NULL, 1, NULL, '2022-10-23 04:46:14', '2022-10-23 04:46:14'),
(511, 2, 1, 25, 17, '2023-11-02', NULL, NULL, NULL, NULL, NULL, NULL, NULL, 1, NULL, '2022-10-23 04:46:14', '2022-10-23 04:46:14'),
(512, 2, 1, 25, 17, '2023-11-03', NULL, NULL, NULL, NULL, NULL, NULL, NULL, 1, NULL, '2022-10-23 04:46:14', '2022-10-23 04:46:14'),
(513, 2, 1, 25, 17, '2023-11-04', NULL, NULL, NULL, NULL, NULL, NULL, NULL, 1, NULL, '2022-10-23 04:46:14', '2022-10-23 04:46:14'),
(514, 2, 1, 25, 17, '2023-11-05', NULL, NULL, NULL, NULL, NULL, NULL, NULL, 1, NULL, '2022-10-23 04:46:14', '2022-10-23 04:46:14'),
(515, 2, 1, 25, 17, '2023-11-06', NULL, NULL, NULL, NULL, NULL, NULL, NULL, 1, NULL, '2022-10-23 04:46:14', '2022-10-23 04:46:14'),
(516, 2, 1, 25, 17, '2023-11-07', NULL, NULL, NULL, NULL, NULL, NULL, NULL, 1, NULL, '2022-10-23 04:46:14', '2022-10-23 04:46:14'),
(517, 2, 1, 25, 17, '2023-11-08', NULL, NULL, NULL, NULL, NULL, NULL, NULL, 1, NULL, '2022-10-23 04:46:14', '2022-10-23 04:46:14'),
(518, 2, 1, 25, 17, '2023-11-09', NULL, NULL, NULL, NULL, NULL, NULL, NULL, 1, NULL, '2022-10-23 04:46:14', '2022-10-23 04:46:14'),
(519, 2, 1, 25, 17, '2023-11-10', NULL, NULL, NULL, NULL, NULL, NULL, NULL, 1, NULL, '2022-10-23 04:46:14', '2022-10-23 04:46:14'),
(520, 2, 1, 25, 17, '2023-11-11', NULL, NULL, NULL, NULL, NULL, NULL, NULL, 1, NULL, '2022-10-23 04:46:14', '2022-10-23 04:46:14'),
(521, 2, 1, 25, 17, '2023-11-12', NULL, NULL, NULL, NULL, NULL, NULL, NULL, 1, NULL, '2022-10-23 04:46:14', '2022-10-23 04:46:14'),
(522, 2, 1, 25, 17, '2023-11-13', NULL, NULL, NULL, NULL, NULL, NULL, NULL, 1, NULL, '2022-10-23 04:46:14', '2022-10-23 04:46:14'),
(523, 2, 1, 25, 17, '2023-11-14', NULL, NULL, NULL, NULL, NULL, NULL, NULL, 1, NULL, '2022-10-23 04:46:14', '2022-10-23 04:46:14'),
(524, 2, 1, 25, 17, '2023-11-15', NULL, NULL, NULL, NULL, NULL, NULL, NULL, 1, NULL, '2022-10-23 04:46:14', '2022-10-23 04:46:14'),
(525, 2, 1, 25, 17, '2023-11-16', NULL, NULL, NULL, NULL, NULL, NULL, NULL, 1, NULL, '2022-10-23 04:46:14', '2022-10-23 04:46:14'),
(526, 2, 1, 25, 17, '2023-11-17', NULL, NULL, NULL, NULL, NULL, NULL, NULL, 1, NULL, '2022-10-23 04:46:14', '2022-10-23 04:46:14'),
(527, 2, 1, 25, 17, '2023-11-18', NULL, NULL, NULL, NULL, NULL, NULL, NULL, 1, NULL, '2022-10-23 04:46:14', '2022-10-23 04:46:14'),
(528, 2, 1, 25, 17, '2023-11-19', NULL, NULL, NULL, NULL, NULL, NULL, NULL, 1, NULL, '2022-10-23 04:46:14', '2022-10-23 04:46:14'),
(529, 2, 1, 25, 17, '2023-11-20', NULL, NULL, NULL, NULL, NULL, NULL, NULL, 1, NULL, '2022-10-23 04:46:14', '2022-10-23 04:46:14'),
(530, 2, 1, 25, 17, '2023-11-21', NULL, NULL, NULL, NULL, NULL, NULL, NULL, 1, NULL, '2022-10-23 04:46:14', '2022-10-23 04:46:14'),
(531, 2, 1, 25, 17, '2023-11-22', NULL, NULL, NULL, NULL, NULL, NULL, NULL, 1, NULL, '2022-10-23 04:46:14', '2022-10-23 04:46:14'),
(532, 2, 1, 25, 17, '2023-11-23', NULL, NULL, NULL, NULL, NULL, NULL, NULL, 1, NULL, '2022-10-23 04:46:14', '2022-10-23 04:46:14'),
(533, 2, 1, 25, 17, '2023-11-24', NULL, NULL, NULL, NULL, NULL, NULL, NULL, 1, NULL, '2022-10-23 04:46:14', '2022-10-23 04:46:14'),
(534, 2, 1, 25, 17, '2023-11-25', NULL, NULL, NULL, NULL, NULL, NULL, NULL, 1, NULL, '2022-10-23 04:46:14', '2022-10-23 04:46:14'),
(535, 2, 1, 25, 17, '2023-11-26', NULL, NULL, NULL, NULL, NULL, NULL, NULL, 1, NULL, '2022-10-23 04:46:14', '2022-10-23 04:46:14'),
(536, 2, 1, 25, 17, '2023-11-27', NULL, NULL, NULL, NULL, NULL, NULL, NULL, 1, NULL, '2022-10-23 04:46:14', '2022-10-23 04:46:14'),
(537, 2, 1, 25, 17, '2023-11-28', NULL, NULL, NULL, NULL, NULL, NULL, NULL, 1, NULL, '2022-10-23 04:46:14', '2022-10-23 04:46:14'),
(538, 2, 1, 25, 17, '2023-11-29', NULL, NULL, NULL, NULL, NULL, NULL, NULL, 1, NULL, '2022-10-23 04:46:14', '2022-10-23 04:46:14'),
(539, 2, 1, 25, 17, '2023-11-30', NULL, NULL, NULL, NULL, NULL, NULL, NULL, 1, NULL, '2022-10-23 04:46:14', '2022-10-23 04:46:14'),
(540, 2, 1, 25, 17, '2023-11-01', NULL, NULL, NULL, NULL, NULL, NULL, NULL, 1, NULL, '2022-10-23 04:46:15', '2022-10-23 04:46:15'),
(541, 2, 1, 25, 17, '2023-11-02', NULL, NULL, NULL, NULL, NULL, NULL, NULL, 1, NULL, '2022-10-23 04:46:15', '2022-10-23 04:46:15'),
(542, 2, 1, 25, 17, '2023-11-03', NULL, NULL, NULL, NULL, NULL, NULL, NULL, 1, NULL, '2022-10-23 04:46:15', '2022-10-23 04:46:15'),
(543, 2, 1, 25, 17, '2023-11-04', NULL, NULL, NULL, NULL, NULL, NULL, NULL, 1, NULL, '2022-10-23 04:46:15', '2022-10-23 04:46:15'),
(544, 2, 1, 25, 17, '2023-11-05', NULL, NULL, NULL, NULL, NULL, NULL, NULL, 1, NULL, '2022-10-23 04:46:15', '2022-10-23 04:46:15'),
(545, 2, 1, 25, 17, '2023-11-01', NULL, NULL, NULL, NULL, NULL, NULL, NULL, 1, NULL, '2022-10-23 04:46:15', '2022-10-23 04:46:15'),
(546, 2, 1, 25, 17, '2023-11-06', NULL, NULL, NULL, NULL, NULL, NULL, NULL, 1, NULL, '2022-10-23 04:46:15', '2022-10-23 04:46:15'),
(547, 2, 1, 25, 17, '2023-11-02', NULL, NULL, NULL, NULL, NULL, NULL, NULL, 1, NULL, '2022-10-23 04:46:15', '2022-10-23 04:46:15'),
(548, 2, 1, 25, 17, '2023-11-07', NULL, NULL, NULL, NULL, NULL, NULL, NULL, 1, NULL, '2022-10-23 04:46:15', '2022-10-23 04:46:15'),
(549, 2, 1, 25, 17, '2023-11-03', NULL, NULL, NULL, NULL, NULL, NULL, NULL, 1, NULL, '2022-10-23 04:46:15', '2022-10-23 04:46:15'),
(550, 2, 1, 25, 17, '2023-11-08', NULL, NULL, NULL, NULL, NULL, NULL, NULL, 1, NULL, '2022-10-23 04:46:15', '2022-10-23 04:46:15'),
(551, 2, 1, 25, 17, '2023-11-04', NULL, NULL, NULL, NULL, NULL, NULL, NULL, 1, NULL, '2022-10-23 04:46:15', '2022-10-23 04:46:15'),
(552, 2, 1, 25, 17, '2023-11-09', NULL, NULL, NULL, NULL, NULL, NULL, NULL, 1, NULL, '2022-10-23 04:46:15', '2022-10-23 04:46:15'),
(553, 2, 1, 25, 17, '2023-11-05', NULL, NULL, NULL, NULL, NULL, NULL, NULL, 1, NULL, '2022-10-23 04:46:15', '2022-10-23 04:46:15'),
(554, 2, 1, 25, 17, '2023-11-10', NULL, NULL, NULL, NULL, NULL, NULL, NULL, 1, NULL, '2022-10-23 04:46:15', '2022-10-23 04:46:15'),
(555, 2, 1, 25, 17, '2023-11-06', NULL, NULL, NULL, NULL, NULL, NULL, NULL, 1, NULL, '2022-10-23 04:46:15', '2022-10-23 04:46:15'),
(556, 2, 1, 25, 17, '2023-11-11', NULL, NULL, NULL, NULL, NULL, NULL, NULL, 1, NULL, '2022-10-23 04:46:15', '2022-10-23 04:46:15'),
(557, 2, 1, 25, 17, '2023-11-07', NULL, NULL, NULL, NULL, NULL, NULL, NULL, 1, NULL, '2022-10-23 04:46:15', '2022-10-23 04:46:15'),
(558, 2, 1, 25, 17, '2023-11-12', NULL, NULL, NULL, NULL, NULL, NULL, NULL, 1, NULL, '2022-10-23 04:46:15', '2022-10-23 04:46:15'),
(559, 2, 1, 25, 17, '2023-11-08', NULL, NULL, NULL, NULL, NULL, NULL, NULL, 1, NULL, '2022-10-23 04:46:15', '2022-10-23 04:46:15'),
(560, 2, 1, 25, 17, '2023-11-13', NULL, NULL, NULL, NULL, NULL, NULL, NULL, 1, NULL, '2022-10-23 04:46:15', '2022-10-23 04:46:15'),
(561, 2, 1, 25, 17, '2023-11-09', NULL, NULL, NULL, NULL, NULL, NULL, NULL, 1, NULL, '2022-10-23 04:46:15', '2022-10-23 04:46:15'),
(562, 2, 1, 25, 17, '2023-11-14', NULL, NULL, NULL, NULL, NULL, NULL, NULL, 1, NULL, '2022-10-23 04:46:15', '2022-10-23 04:46:15'),
(563, 2, 1, 25, 17, '2023-11-10', NULL, NULL, NULL, NULL, NULL, NULL, NULL, 1, NULL, '2022-10-23 04:46:15', '2022-10-23 04:46:15'),
(564, 2, 1, 25, 17, '2023-11-11', NULL, NULL, NULL, NULL, NULL, NULL, NULL, 1, NULL, '2022-10-23 04:46:15', '2022-10-23 04:46:15'),
(565, 2, 1, 25, 17, '2023-11-15', NULL, NULL, NULL, NULL, NULL, NULL, NULL, 1, NULL, '2022-10-23 04:46:15', '2022-10-23 04:46:15'),
(566, 2, 1, 25, 17, '2023-11-12', NULL, NULL, NULL, NULL, NULL, NULL, NULL, 1, NULL, '2022-10-23 04:46:15', '2022-10-23 04:46:15'),
(567, 2, 1, 25, 17, '2023-11-16', NULL, NULL, NULL, NULL, NULL, NULL, NULL, 1, NULL, '2022-10-23 04:46:15', '2022-10-23 04:46:15'),
(568, 2, 1, 25, 17, '2023-11-13', NULL, NULL, NULL, NULL, NULL, NULL, NULL, 1, NULL, '2022-10-23 04:46:15', '2022-10-23 04:46:15'),
(569, 2, 1, 25, 17, '2023-11-17', NULL, NULL, NULL, NULL, NULL, NULL, NULL, 1, NULL, '2022-10-23 04:46:15', '2022-10-23 04:46:15'),
(570, 2, 1, 25, 17, '2023-11-14', NULL, NULL, NULL, NULL, NULL, NULL, NULL, 1, NULL, '2022-10-23 04:46:15', '2022-10-23 04:46:15'),
(571, 2, 1, 25, 17, '2023-11-18', NULL, NULL, NULL, NULL, NULL, NULL, NULL, 1, NULL, '2022-10-23 04:46:15', '2022-10-23 04:46:15'),
(572, 2, 1, 25, 17, '2023-11-19', NULL, NULL, NULL, NULL, NULL, NULL, NULL, 1, NULL, '2022-10-23 04:46:15', '2022-10-23 04:46:15'),
(573, 2, 1, 25, 17, '2023-11-20', NULL, NULL, NULL, NULL, NULL, NULL, NULL, 1, NULL, '2022-10-23 04:46:15', '2022-10-23 04:46:15'),
(574, 2, 1, 25, 17, '2023-11-21', NULL, NULL, NULL, NULL, NULL, NULL, NULL, 1, NULL, '2022-10-23 04:46:15', '2022-10-23 04:46:15'),
(575, 2, 1, 25, 17, '2023-11-22', NULL, NULL, NULL, NULL, NULL, NULL, NULL, 1, NULL, '2022-10-23 04:46:15', '2022-10-23 04:46:15'),
(576, 2, 1, 25, 17, '2023-11-23', NULL, NULL, NULL, NULL, NULL, NULL, NULL, 1, NULL, '2022-10-23 04:46:15', '2022-10-23 04:46:15'),
(577, 2, 1, 25, 17, '2023-11-24', NULL, NULL, NULL, NULL, NULL, NULL, NULL, 1, NULL, '2022-10-23 04:46:15', '2022-10-23 04:46:15'),
(578, 2, 1, 25, 17, '2023-11-25', NULL, NULL, NULL, NULL, NULL, NULL, NULL, 1, NULL, '2022-10-23 04:46:15', '2022-10-23 04:46:15'),
(579, 2, 1, 25, 17, '2023-11-15', NULL, NULL, NULL, NULL, NULL, NULL, NULL, 1, NULL, '2022-10-23 04:46:15', '2022-10-23 04:46:15'),
(580, 2, 1, 25, 17, '2023-11-26', NULL, NULL, NULL, NULL, NULL, NULL, NULL, 1, NULL, '2022-10-23 04:46:15', '2022-10-23 04:46:15'),
(581, 2, 1, 25, 17, '2023-11-27', NULL, NULL, NULL, NULL, NULL, NULL, NULL, 1, NULL, '2022-10-23 04:46:15', '2022-10-23 04:46:15'),
(582, 2, 1, 25, 17, '2023-11-28', NULL, NULL, NULL, NULL, NULL, NULL, NULL, 1, NULL, '2022-10-23 04:46:15', '2022-10-23 04:46:15'),
(583, 2, 1, 25, 17, '2023-11-16', NULL, NULL, NULL, NULL, NULL, NULL, NULL, 1, NULL, '2022-10-23 04:46:15', '2022-10-23 04:46:15'),
(584, 2, 1, 25, 17, '2023-11-17', NULL, NULL, NULL, NULL, NULL, NULL, NULL, 1, NULL, '2022-10-23 04:46:15', '2022-10-23 04:46:15'),
(585, 2, 1, 25, 17, '2023-11-18', NULL, NULL, NULL, NULL, NULL, NULL, NULL, 1, NULL, '2022-10-23 04:46:15', '2022-10-23 04:46:15'),
(586, 2, 1, 25, 17, '2023-11-19', NULL, NULL, NULL, NULL, NULL, NULL, NULL, 1, NULL, '2022-10-23 04:46:15', '2022-10-23 04:46:15'),
(587, 2, 1, 25, 17, '2023-11-20', NULL, NULL, NULL, NULL, NULL, NULL, NULL, 1, NULL, '2022-10-23 04:46:15', '2022-10-23 04:46:15'),
(588, 2, 1, 25, 17, '2023-11-21', NULL, NULL, NULL, NULL, NULL, NULL, NULL, 1, NULL, '2022-10-23 04:46:15', '2022-10-23 04:46:15'),
(589, 2, 1, 25, 17, '2023-11-22', NULL, NULL, NULL, NULL, NULL, NULL, NULL, 1, NULL, '2022-10-23 04:46:15', '2022-10-23 04:46:15'),
(590, 2, 1, 25, 17, '2023-11-23', NULL, NULL, NULL, NULL, NULL, NULL, NULL, 1, NULL, '2022-10-23 04:46:15', '2022-10-23 04:46:15'),
(591, 2, 1, 25, 17, '2023-11-29', NULL, NULL, NULL, NULL, NULL, NULL, NULL, 1, NULL, '2022-10-23 04:46:15', '2022-10-23 04:46:15'),
(592, 2, 1, 25, 17, '2023-11-24', NULL, NULL, NULL, NULL, NULL, NULL, NULL, 1, NULL, '2022-10-23 04:46:15', '2022-10-23 04:46:15'),
(593, 2, 1, 25, 17, '2023-11-25', NULL, NULL, NULL, NULL, NULL, NULL, NULL, 1, NULL, '2022-10-23 04:46:15', '2022-10-23 04:46:15'),
(594, 2, 1, 25, 17, '2023-11-26', NULL, NULL, NULL, NULL, NULL, NULL, NULL, 1, NULL, '2022-10-23 04:46:15', '2022-10-23 04:46:15'),
(595, 2, 1, 25, 17, '2023-11-30', NULL, NULL, NULL, NULL, NULL, NULL, NULL, 1, NULL, '2022-10-23 04:46:15', '2022-10-23 04:46:15'),
(596, 2, 1, 25, 17, '2023-11-27', NULL, NULL, NULL, NULL, NULL, NULL, NULL, 1, NULL, '2022-10-23 04:46:15', '2022-10-23 04:46:15'),
(597, 2, 1, 25, 17, '2023-11-28', NULL, NULL, NULL, NULL, NULL, NULL, NULL, 1, NULL, '2022-10-23 04:46:15', '2022-10-23 04:46:15'),
(598, 2, 1, 25, 17, '2023-11-29', NULL, NULL, NULL, NULL, NULL, NULL, NULL, 1, NULL, '2022-10-23 04:46:15', '2022-10-23 04:46:15'),
(599, 2, 1, 25, 17, '2023-11-30', NULL, NULL, NULL, NULL, NULL, NULL, NULL, 1, NULL, '2022-10-23 04:46:15', '2022-10-23 04:46:15'),
(600, 2, 1, 25, 17, '2023-11-01', NULL, NULL, NULL, NULL, NULL, NULL, NULL, 1, NULL, '2022-10-23 04:46:15', '2022-10-23 04:46:15'),
(601, 2, 1, 25, 17, '2023-11-02', NULL, NULL, NULL, NULL, NULL, NULL, NULL, 1, NULL, '2022-10-23 04:46:15', '2022-10-23 04:46:15'),
(602, 2, 1, 25, 17, '2023-11-03', NULL, NULL, NULL, NULL, NULL, NULL, NULL, 1, NULL, '2022-10-23 04:46:15', '2022-10-23 04:46:15'),
(603, 2, 1, 25, 17, '2023-11-04', NULL, NULL, NULL, NULL, NULL, NULL, NULL, 1, NULL, '2022-10-23 04:46:15', '2022-10-23 04:46:15'),
(604, 2, 1, 25, 17, '2023-11-05', NULL, NULL, NULL, NULL, NULL, NULL, NULL, 1, NULL, '2022-10-23 04:46:15', '2022-10-23 04:46:15'),
(605, 2, 1, 25, 17, '2023-11-06', NULL, NULL, NULL, NULL, NULL, NULL, NULL, 1, NULL, '2022-10-23 04:46:15', '2022-10-23 04:46:15'),
(606, 2, 1, 25, 17, '2023-11-07', NULL, NULL, NULL, NULL, NULL, NULL, NULL, 1, NULL, '2022-10-23 04:46:15', '2022-10-23 04:46:15'),
(607, 2, 1, 25, 17, '2023-11-08', NULL, NULL, NULL, NULL, NULL, NULL, NULL, 1, NULL, '2022-10-23 04:46:15', '2022-10-23 04:46:15'),
(608, 2, 1, 25, 17, '2023-11-09', NULL, NULL, NULL, NULL, NULL, NULL, NULL, 1, NULL, '2022-10-23 04:46:15', '2022-10-23 04:46:15'),
(609, 2, 1, 25, 17, '2023-11-10', NULL, NULL, NULL, NULL, NULL, NULL, NULL, 1, NULL, '2022-10-23 04:46:15', '2022-10-23 04:46:15'),
(610, 2, 1, 25, 17, '2023-11-11', NULL, NULL, NULL, NULL, NULL, NULL, NULL, 1, NULL, '2022-10-23 04:46:15', '2022-10-23 04:46:15'),
(611, 2, 1, 25, 17, '2023-11-12', NULL, NULL, NULL, NULL, NULL, NULL, NULL, 1, NULL, '2022-10-23 04:46:15', '2022-10-23 04:46:15'),
(612, 2, 1, 25, 17, '2023-11-13', NULL, NULL, NULL, NULL, NULL, NULL, NULL, 1, NULL, '2022-10-23 04:46:15', '2022-10-23 04:46:15'),
(613, 2, 1, 25, 17, '2023-11-14', NULL, NULL, NULL, NULL, NULL, NULL, NULL, 1, NULL, '2022-10-23 04:46:15', '2022-10-23 04:46:15'),
(614, 2, 1, 25, 17, '2023-11-15', NULL, NULL, NULL, NULL, NULL, NULL, NULL, 1, NULL, '2022-10-23 04:46:15', '2022-10-23 04:46:15'),
(615, 2, 1, 25, 17, '2023-11-16', NULL, NULL, NULL, NULL, NULL, NULL, NULL, 1, NULL, '2022-10-23 04:46:15', '2022-10-23 04:46:15'),
(616, 2, 1, 25, 17, '2023-11-17', NULL, NULL, NULL, NULL, NULL, NULL, NULL, 1, NULL, '2022-10-23 04:46:15', '2022-10-23 04:46:15'),
(617, 2, 1, 25, 17, '2023-11-18', NULL, NULL, NULL, NULL, NULL, NULL, NULL, 1, NULL, '2022-10-23 04:46:15', '2022-10-23 04:46:15'),
(618, 2, 1, 25, 17, '2023-11-19', NULL, NULL, NULL, NULL, NULL, NULL, NULL, 1, NULL, '2022-10-23 04:46:15', '2022-10-23 04:46:15'),
(619, 2, 1, 25, 17, '2023-11-20', NULL, NULL, NULL, NULL, NULL, NULL, NULL, 1, NULL, '2022-10-23 04:46:15', '2022-10-23 04:46:15'),
(620, 2, 1, 25, 17, '2023-11-21', NULL, NULL, NULL, NULL, NULL, NULL, NULL, 1, NULL, '2022-10-23 04:46:15', '2022-10-23 04:46:15'),
(621, 2, 1, 25, 17, '2023-11-22', NULL, NULL, NULL, NULL, NULL, NULL, NULL, 1, NULL, '2022-10-23 04:46:15', '2022-10-23 04:46:15'),
(622, 2, 1, 25, 17, '2023-11-23', NULL, NULL, NULL, NULL, NULL, NULL, NULL, 1, NULL, '2022-10-23 04:46:15', '2022-10-23 04:46:15'),
(623, 2, 1, 25, 17, '2023-11-24', NULL, NULL, NULL, NULL, NULL, NULL, NULL, 1, NULL, '2022-10-23 04:46:15', '2022-10-23 04:46:15'),
(624, 2, 1, 25, 17, '2023-11-25', NULL, NULL, NULL, NULL, NULL, NULL, NULL, 1, NULL, '2022-10-23 04:46:15', '2022-10-23 04:46:15'),
(625, 2, 1, 25, 17, '2023-11-26', NULL, NULL, NULL, NULL, NULL, NULL, NULL, 1, NULL, '2022-10-23 04:46:15', '2022-10-23 04:46:15'),
(626, 2, 1, 25, 17, '2023-11-27', NULL, NULL, NULL, NULL, NULL, NULL, NULL, 1, NULL, '2022-10-23 04:46:15', '2022-10-23 04:46:15'),
(627, 2, 1, 25, 17, '2023-11-28', NULL, NULL, NULL, NULL, NULL, NULL, NULL, 1, NULL, '2022-10-23 04:46:15', '2022-10-23 04:46:15'),
(628, 2, 1, 25, 17, '2023-11-29', NULL, NULL, NULL, NULL, NULL, NULL, NULL, 1, NULL, '2022-10-23 04:46:15', '2022-10-23 04:46:15'),
(629, 2, 1, 25, 17, '2023-11-30', NULL, NULL, NULL, NULL, NULL, NULL, NULL, 1, NULL, '2022-10-23 04:46:15', '2022-10-23 04:46:15'),
(630, 2, 1, 25, 17, '2023-11-01', NULL, NULL, NULL, NULL, NULL, NULL, NULL, 1, NULL, '2022-10-23 04:46:15', '2022-10-23 04:46:15'),
(631, 2, 1, 25, 17, '2023-11-02', NULL, NULL, NULL, NULL, NULL, NULL, NULL, 1, NULL, '2022-10-23 04:46:15', '2022-10-23 04:46:15'),
(632, 2, 1, 25, 17, '2023-11-03', NULL, NULL, NULL, NULL, NULL, NULL, NULL, 1, NULL, '2022-10-23 04:46:15', '2022-10-23 04:46:15'),
(633, 2, 1, 25, 17, '2023-11-04', NULL, NULL, NULL, NULL, NULL, NULL, NULL, 1, NULL, '2022-10-23 04:46:15', '2022-10-23 04:46:15'),
(634, 2, 1, 25, 17, '2023-11-05', NULL, NULL, NULL, NULL, NULL, NULL, NULL, 1, NULL, '2022-10-23 04:46:15', '2022-10-23 04:46:15'),
(635, 2, 1, 25, 17, '2023-11-06', NULL, NULL, NULL, NULL, NULL, NULL, NULL, 1, NULL, '2022-10-23 04:46:15', '2022-10-23 04:46:15'),
(636, 2, 1, 25, 17, '2023-11-07', NULL, NULL, NULL, NULL, NULL, NULL, NULL, 1, NULL, '2022-10-23 04:46:15', '2022-10-23 04:46:15'),
(637, 2, 1, 25, 17, '2023-11-08', NULL, NULL, NULL, NULL, NULL, NULL, NULL, 1, NULL, '2022-10-23 04:46:15', '2022-10-23 04:46:15'),
(638, 2, 1, 25, 17, '2023-11-09', NULL, NULL, NULL, NULL, NULL, NULL, NULL, 1, NULL, '2022-10-23 04:46:15', '2022-10-23 04:46:15'),
(639, 2, 1, 25, 17, '2023-11-10', NULL, NULL, NULL, NULL, NULL, NULL, NULL, 1, NULL, '2022-10-23 04:46:15', '2022-10-23 04:46:15'),
(640, 2, 1, 25, 17, '2023-11-11', NULL, NULL, NULL, NULL, NULL, NULL, NULL, 1, NULL, '2022-10-23 04:46:15', '2022-10-23 04:46:15'),
(641, 2, 1, 25, 17, '2023-11-12', NULL, NULL, NULL, NULL, NULL, NULL, NULL, 1, NULL, '2022-10-23 04:46:15', '2022-10-23 04:46:15'),
(642, 2, 1, 25, 17, '2023-11-13', NULL, NULL, NULL, NULL, NULL, NULL, NULL, 1, NULL, '2022-10-23 04:46:15', '2022-10-23 04:46:15'),
(643, 2, 1, 25, 17, '2023-11-14', NULL, NULL, NULL, NULL, NULL, NULL, NULL, 1, NULL, '2022-10-23 04:46:15', '2022-10-23 04:46:15'),
(644, 2, 1, 25, 17, '2023-11-15', NULL, NULL, NULL, NULL, NULL, NULL, NULL, 1, NULL, '2022-10-23 04:46:15', '2022-10-23 04:46:15'),
(645, 2, 1, 25, 17, '2023-11-16', NULL, NULL, NULL, NULL, NULL, NULL, NULL, 1, NULL, '2022-10-23 04:46:15', '2022-10-23 04:46:15'),
(646, 2, 1, 25, 17, '2023-11-17', NULL, NULL, NULL, NULL, NULL, NULL, NULL, 1, NULL, '2022-10-23 04:46:15', '2022-10-23 04:46:15'),
(647, 2, 1, 25, 17, '2023-11-18', NULL, NULL, NULL, NULL, NULL, NULL, NULL, 1, NULL, '2022-10-23 04:46:15', '2022-10-23 04:46:15'),
(648, 2, 1, 25, 17, '2023-11-19', NULL, NULL, NULL, NULL, NULL, NULL, NULL, 1, NULL, '2022-10-23 04:46:15', '2022-10-23 04:46:15'),
(649, 2, 1, 25, 17, '2023-11-20', NULL, NULL, NULL, NULL, NULL, NULL, NULL, 1, NULL, '2022-10-23 04:46:15', '2022-10-23 04:46:15'),
(650, 2, 1, 25, 17, '2023-11-21', NULL, NULL, NULL, NULL, NULL, NULL, NULL, 1, NULL, '2022-10-23 04:46:15', '2022-10-23 04:46:15'),
(651, 2, 1, 25, 17, '2023-11-22', NULL, NULL, NULL, NULL, NULL, NULL, NULL, 1, NULL, '2022-10-23 04:46:15', '2022-10-23 04:46:15'),
(652, 2, 1, 25, 17, '2023-11-23', NULL, NULL, NULL, NULL, NULL, NULL, NULL, 1, NULL, '2022-10-23 04:46:15', '2022-10-23 04:46:15'),
(653, 2, 1, 25, 17, '2023-11-24', NULL, NULL, NULL, NULL, NULL, NULL, NULL, 1, NULL, '2022-10-23 04:46:15', '2022-10-23 04:46:15'),
(654, 2, 1, 25, 17, '2023-11-25', NULL, NULL, NULL, NULL, NULL, NULL, NULL, 1, NULL, '2022-10-23 04:46:15', '2022-10-23 04:46:15'),
(655, 2, 1, 25, 17, '2023-11-26', NULL, NULL, NULL, NULL, NULL, NULL, NULL, 1, NULL, '2022-10-23 04:46:15', '2022-10-23 04:46:15'),
(656, 2, 1, 25, 17, '2023-11-27', NULL, NULL, NULL, NULL, NULL, NULL, NULL, 1, NULL, '2022-10-23 04:46:15', '2022-10-23 04:46:15'),
(657, 2, 1, 25, 17, '2023-11-28', NULL, NULL, NULL, NULL, NULL, NULL, NULL, 1, NULL, '2022-10-23 04:46:15', '2022-10-23 04:46:15'),
(658, 2, 1, 25, 17, '2023-11-29', NULL, NULL, NULL, NULL, NULL, NULL, NULL, 1, NULL, '2022-10-23 04:46:15', '2022-10-23 04:46:15'),
(659, 2, 1, 25, 17, '2023-11-30', NULL, NULL, NULL, NULL, NULL, NULL, NULL, 1, NULL, '2022-10-23 04:46:15', '2022-10-23 04:46:15'),
(660, 2, 1, 25, 17, '2023-11-01', NULL, NULL, NULL, NULL, NULL, NULL, NULL, 1, NULL, '2022-10-23 04:46:19', '2022-10-23 04:46:19'),
(661, 2, 1, 25, 17, '2023-11-02', NULL, NULL, NULL, NULL, NULL, NULL, NULL, 1, NULL, '2022-10-23 04:46:19', '2022-10-23 04:46:19'),
(662, 2, 1, 25, 17, '2023-11-03', NULL, NULL, NULL, NULL, NULL, NULL, NULL, 1, NULL, '2022-10-23 04:46:19', '2022-10-23 04:46:19'),
(663, 2, 1, 25, 17, '2023-11-04', NULL, NULL, NULL, NULL, NULL, NULL, NULL, 1, NULL, '2022-10-23 04:46:19', '2022-10-23 04:46:19'),
(664, 2, 1, 25, 17, '2023-11-05', NULL, NULL, NULL, NULL, NULL, NULL, NULL, 1, NULL, '2022-10-23 04:46:19', '2022-10-23 04:46:19'),
(665, 2, 1, 25, 17, '2023-11-06', NULL, NULL, NULL, NULL, NULL, NULL, NULL, 1, NULL, '2022-10-23 04:46:19', '2022-10-23 04:46:19'),
(666, 2, 1, 25, 17, '2023-11-07', NULL, NULL, NULL, NULL, NULL, NULL, NULL, 1, NULL, '2022-10-23 04:46:19', '2022-10-23 04:46:19'),
(667, 2, 1, 25, 17, '2023-11-08', NULL, NULL, NULL, NULL, NULL, NULL, NULL, 1, NULL, '2022-10-23 04:46:19', '2022-10-23 04:46:19'),
(668, 2, 1, 25, 17, '2023-11-09', NULL, NULL, NULL, NULL, NULL, NULL, NULL, 1, NULL, '2022-10-23 04:46:19', '2022-10-23 04:46:19'),
(669, 2, 1, 25, 17, '2023-11-10', NULL, NULL, NULL, NULL, NULL, NULL, NULL, 1, NULL, '2022-10-23 04:46:19', '2022-10-23 04:46:19'),
(670, 2, 1, 25, 17, '2023-11-11', NULL, NULL, NULL, NULL, NULL, NULL, NULL, 1, NULL, '2022-10-23 04:46:19', '2022-10-23 04:46:19'),
(671, 2, 1, 25, 17, '2023-11-12', NULL, NULL, NULL, NULL, NULL, NULL, NULL, 1, NULL, '2022-10-23 04:46:19', '2022-10-23 04:46:19'),
(672, 2, 1, 25, 17, '2023-11-13', NULL, NULL, NULL, NULL, NULL, NULL, NULL, 1, NULL, '2022-10-23 04:46:19', '2022-10-23 04:46:19'),
(673, 2, 1, 25, 17, '2023-11-14', NULL, NULL, NULL, NULL, NULL, NULL, NULL, 1, NULL, '2022-10-23 04:46:19', '2022-10-23 04:46:19'),
(674, 2, 1, 25, 17, '2023-11-15', NULL, NULL, NULL, NULL, NULL, NULL, NULL, 1, NULL, '2022-10-23 04:46:19', '2022-10-23 04:46:19'),
(675, 2, 1, 25, 17, '2023-11-16', NULL, NULL, NULL, NULL, NULL, NULL, NULL, 1, NULL, '2022-10-23 04:46:19', '2022-10-23 04:46:19'),
(676, 2, 1, 25, 17, '2023-11-17', NULL, NULL, NULL, NULL, NULL, NULL, NULL, 1, NULL, '2022-10-23 04:46:19', '2022-10-23 04:46:19'),
(677, 2, 1, 25, 17, '2023-11-18', NULL, NULL, NULL, NULL, NULL, NULL, NULL, 1, NULL, '2022-10-23 04:46:19', '2022-10-23 04:46:19'),
(678, 2, 1, 25, 17, '2023-11-19', NULL, NULL, NULL, NULL, NULL, NULL, NULL, 1, NULL, '2022-10-23 04:46:19', '2022-10-23 04:46:19'),
(679, 2, 1, 25, 17, '2023-11-20', NULL, NULL, NULL, NULL, NULL, NULL, NULL, 1, NULL, '2022-10-23 04:46:19', '2022-10-23 04:46:19'),
(680, 2, 1, 25, 17, '2023-11-21', NULL, NULL, NULL, NULL, NULL, NULL, NULL, 1, NULL, '2022-10-23 04:46:19', '2022-10-23 04:46:19'),
(681, 2, 1, 25, 17, '2023-11-22', NULL, NULL, NULL, NULL, NULL, NULL, NULL, 1, NULL, '2022-10-23 04:46:19', '2022-10-23 04:46:19'),
(682, 2, 1, 25, 17, '2023-11-23', NULL, NULL, NULL, NULL, NULL, NULL, NULL, 1, NULL, '2022-10-23 04:46:19', '2022-10-23 04:46:19'),
(683, 2, 1, 25, 17, '2023-11-24', NULL, NULL, NULL, NULL, NULL, NULL, NULL, 1, NULL, '2022-10-23 04:46:19', '2022-10-23 04:46:19'),
(684, 2, 1, 25, 17, '2023-11-25', NULL, NULL, NULL, NULL, NULL, NULL, NULL, 1, NULL, '2022-10-23 04:46:19', '2022-10-23 04:46:19'),
(685, 2, 1, 25, 17, '2023-11-26', NULL, NULL, NULL, NULL, NULL, NULL, NULL, 1, NULL, '2022-10-23 04:46:19', '2022-10-23 04:46:19'),
(686, 2, 1, 25, 17, '2023-11-27', NULL, NULL, NULL, NULL, NULL, NULL, NULL, 1, NULL, '2022-10-23 04:46:19', '2022-10-23 04:46:19'),
(687, 2, 1, 25, 17, '2023-11-28', NULL, NULL, NULL, NULL, NULL, NULL, NULL, 1, NULL, '2022-10-23 04:46:19', '2022-10-23 04:46:19'),
(688, 2, 1, 25, 17, '2023-11-29', NULL, NULL, NULL, NULL, NULL, NULL, NULL, 1, NULL, '2022-10-23 04:46:19', '2022-10-23 04:46:19'),
(689, 2, 1, 25, 17, '2023-11-30', NULL, NULL, NULL, NULL, NULL, NULL, NULL, 1, NULL, '2022-10-23 04:46:19', '2022-10-23 04:46:19'),
(690, 2, 1, 25, 17, '2023-11-01', NULL, NULL, NULL, NULL, NULL, NULL, NULL, 1, NULL, '2022-10-23 04:50:48', '2022-10-23 04:50:48'),
(691, 2, 1, 25, 17, '2023-11-02', NULL, NULL, NULL, NULL, NULL, NULL, NULL, 1, NULL, '2022-10-23 04:50:48', '2022-10-23 04:50:48'),
(692, 2, 1, 25, 17, '2023-11-03', NULL, NULL, NULL, NULL, NULL, NULL, NULL, 1, NULL, '2022-10-23 04:50:48', '2022-10-23 04:50:48'),
(693, 2, 1, 25, 17, '2023-11-04', NULL, NULL, NULL, NULL, NULL, NULL, NULL, 1, NULL, '2022-10-23 04:50:48', '2022-10-23 04:50:48'),
(694, 2, 1, 25, 17, '2023-11-05', NULL, NULL, NULL, NULL, NULL, NULL, NULL, 1, NULL, '2022-10-23 04:50:48', '2022-10-23 04:50:48'),
(695, 2, 1, 25, 17, '2023-11-06', NULL, NULL, NULL, NULL, NULL, NULL, NULL, 1, NULL, '2022-10-23 04:50:48', '2022-10-23 04:50:48'),
(696, 2, 1, 25, 17, '2023-11-07', NULL, NULL, NULL, NULL, NULL, NULL, NULL, 1, NULL, '2022-10-23 04:50:48', '2022-10-23 04:50:48'),
(697, 2, 1, 25, 17, '2023-11-08', NULL, NULL, NULL, NULL, NULL, NULL, NULL, 1, NULL, '2022-10-23 04:50:48', '2022-10-23 04:50:48'),
(698, 2, 1, 25, 17, '2023-11-09', NULL, NULL, NULL, NULL, NULL, NULL, NULL, 1, NULL, '2022-10-23 04:50:48', '2022-10-23 04:50:48'),
(699, 2, 1, 25, 17, '2023-11-10', NULL, NULL, NULL, NULL, NULL, NULL, NULL, 1, NULL, '2022-10-23 04:50:48', '2022-10-23 04:50:48'),
(700, 2, 1, 25, 17, '2023-11-11', NULL, NULL, NULL, NULL, NULL, NULL, NULL, 1, NULL, '2022-10-23 04:50:48', '2022-10-23 04:50:48'),
(701, 2, 1, 25, 17, '2023-11-12', NULL, NULL, NULL, NULL, NULL, NULL, NULL, 1, NULL, '2022-10-23 04:50:48', '2022-10-23 04:50:48'),
(702, 2, 1, 25, 17, '2023-11-13', NULL, NULL, NULL, NULL, NULL, NULL, NULL, 1, NULL, '2022-10-23 04:50:48', '2022-10-23 04:50:48'),
(703, 2, 1, 25, 17, '2023-11-14', NULL, NULL, NULL, NULL, NULL, NULL, NULL, 1, NULL, '2022-10-23 04:50:48', '2022-10-23 04:50:48'),
(704, 2, 1, 25, 17, '2023-11-15', NULL, NULL, NULL, NULL, NULL, NULL, NULL, 1, NULL, '2022-10-23 04:50:48', '2022-10-23 04:50:48'),
(705, 2, 1, 25, 17, '2023-11-16', NULL, NULL, NULL, NULL, NULL, NULL, NULL, 1, NULL, '2022-10-23 04:50:48', '2022-10-23 04:50:48'),
(706, 2, 1, 25, 17, '2023-11-17', NULL, NULL, NULL, NULL, NULL, NULL, NULL, 1, NULL, '2022-10-23 04:50:48', '2022-10-23 04:50:48'),
(707, 2, 1, 25, 17, '2023-11-18', NULL, NULL, NULL, NULL, NULL, NULL, NULL, 1, NULL, '2022-10-23 04:50:48', '2022-10-23 04:50:48'),
(708, 2, 1, 25, 17, '2023-11-19', NULL, NULL, NULL, NULL, NULL, NULL, NULL, 1, NULL, '2022-10-23 04:50:48', '2022-10-23 04:50:48'),
(709, 2, 1, 25, 17, '2023-11-20', NULL, NULL, NULL, NULL, NULL, NULL, NULL, 1, NULL, '2022-10-23 04:50:48', '2022-10-23 04:50:48'),
(710, 2, 1, 25, 17, '2023-11-21', NULL, NULL, NULL, NULL, NULL, NULL, NULL, 1, NULL, '2022-10-23 04:50:48', '2022-10-23 04:50:48'),
(711, 2, 1, 25, 17, '2023-11-22', NULL, NULL, NULL, NULL, NULL, NULL, NULL, 1, NULL, '2022-10-23 04:50:48', '2022-10-23 04:50:48'),
(712, 2, 1, 25, 17, '2023-11-23', NULL, NULL, NULL, NULL, NULL, NULL, NULL, 1, NULL, '2022-10-23 04:50:48', '2022-10-23 04:50:48'),
(713, 2, 1, 25, 17, '2023-11-24', NULL, NULL, NULL, NULL, NULL, NULL, NULL, 1, NULL, '2022-10-23 04:50:48', '2022-10-23 04:50:48'),
(714, 2, 1, 25, 17, '2023-11-25', NULL, NULL, NULL, NULL, NULL, NULL, NULL, 1, NULL, '2022-10-23 04:50:48', '2022-10-23 04:50:48'),
(715, 2, 1, 25, 17, '2023-11-26', NULL, NULL, NULL, NULL, NULL, NULL, NULL, 1, NULL, '2022-10-23 04:50:48', '2022-10-23 04:50:48'),
(716, 2, 1, 25, 17, '2023-11-27', NULL, NULL, NULL, NULL, NULL, NULL, NULL, 1, NULL, '2022-10-23 04:50:48', '2022-10-23 04:50:48'),
(717, 2, 1, 25, 17, '2023-11-28', NULL, NULL, NULL, NULL, NULL, NULL, NULL, 1, NULL, '2022-10-23 04:50:48', '2022-10-23 04:50:48'),
(718, 2, 1, 25, 17, '2023-11-29', NULL, NULL, NULL, NULL, NULL, NULL, NULL, 1, NULL, '2022-10-23 04:50:48', '2022-10-23 04:50:48'),
(719, 2, 1, 25, 17, '2023-11-30', NULL, NULL, NULL, NULL, NULL, NULL, NULL, 1, NULL, '2022-10-23 04:50:48', '2022-10-23 04:50:48'),
(720, 2, 1, 25, 17, '2023-11-01', NULL, NULL, NULL, NULL, NULL, NULL, NULL, 1, NULL, '2022-10-23 14:18:23', '2022-10-23 14:18:23'),
(721, 2, 1, 25, 17, '2023-11-02', NULL, NULL, NULL, NULL, NULL, NULL, NULL, 1, NULL, '2022-10-23 14:18:23', '2022-10-23 14:18:23'),
(722, 2, 1, 25, 17, '2023-11-03', NULL, NULL, NULL, NULL, NULL, NULL, NULL, 1, NULL, '2022-10-23 14:18:23', '2022-10-23 14:18:23'),
(723, 2, 1, 25, 17, '2023-11-04', NULL, NULL, NULL, NULL, NULL, NULL, NULL, 1, NULL, '2022-10-23 14:18:23', '2022-10-23 14:18:23'),
(724, 2, 1, 25, 17, '2023-11-05', NULL, NULL, NULL, NULL, NULL, NULL, NULL, 1, NULL, '2022-10-23 14:18:23', '2022-10-23 14:18:23'),
(725, 2, 1, 25, 17, '2023-11-06', NULL, NULL, NULL, NULL, NULL, NULL, NULL, 1, NULL, '2022-10-23 14:18:23', '2022-10-23 14:18:23'),
(726, 2, 1, 25, 17, '2023-11-07', NULL, NULL, NULL, NULL, NULL, NULL, NULL, 1, NULL, '2022-10-23 14:18:23', '2022-10-23 14:18:23'),
(727, 2, 1, 25, 17, '2023-11-08', NULL, NULL, NULL, NULL, NULL, NULL, NULL, 1, NULL, '2022-10-23 14:18:23', '2022-10-23 14:18:23'),
(728, 2, 1, 25, 17, '2023-11-09', NULL, NULL, NULL, NULL, NULL, NULL, NULL, 1, NULL, '2022-10-23 14:18:23', '2022-10-23 14:18:23'),
(729, 2, 1, 25, 17, '2023-11-10', NULL, NULL, NULL, NULL, NULL, NULL, NULL, 1, NULL, '2022-10-23 14:18:23', '2022-10-23 14:18:23'),
(730, 2, 1, 25, 17, '2023-11-11', NULL, NULL, NULL, NULL, NULL, NULL, NULL, 1, NULL, '2022-10-23 14:18:23', '2022-10-23 14:18:23'),
(731, 2, 1, 25, 17, '2023-11-12', NULL, NULL, NULL, NULL, NULL, NULL, NULL, 1, NULL, '2022-10-23 14:18:23', '2022-10-23 14:18:23'),
(732, 2, 1, 25, 17, '2023-11-13', NULL, NULL, NULL, NULL, NULL, NULL, NULL, 1, NULL, '2022-10-23 14:18:23', '2022-10-23 14:18:23'),
(733, 2, 1, 25, 17, '2023-11-14', NULL, NULL, NULL, NULL, NULL, NULL, NULL, 1, NULL, '2022-10-23 14:18:23', '2022-10-23 14:18:23'),
(734, 2, 1, 25, 17, '2023-11-15', NULL, NULL, NULL, NULL, NULL, NULL, NULL, 1, NULL, '2022-10-23 14:18:23', '2022-10-23 14:18:23'),
(735, 2, 1, 25, 17, '2023-11-16', NULL, NULL, NULL, NULL, NULL, NULL, NULL, 1, NULL, '2022-10-23 14:18:23', '2022-10-23 14:18:23'),
(736, 2, 1, 25, 17, '2023-11-17', NULL, NULL, NULL, NULL, NULL, NULL, NULL, 1, NULL, '2022-10-23 14:18:23', '2022-10-23 14:18:23'),
(737, 2, 1, 25, 17, '2023-11-18', NULL, NULL, NULL, NULL, NULL, NULL, NULL, 1, NULL, '2022-10-23 14:18:23', '2022-10-23 14:18:23'),
(738, 2, 1, 25, 17, '2023-11-19', NULL, NULL, NULL, NULL, NULL, NULL, NULL, 1, NULL, '2022-10-23 14:18:23', '2022-10-23 14:18:23'),
(739, 2, 1, 25, 17, '2023-11-20', NULL, NULL, NULL, NULL, NULL, NULL, NULL, 1, NULL, '2022-10-23 14:18:23', '2022-10-23 14:18:23'),
(740, 2, 1, 25, 17, '2023-11-21', NULL, NULL, NULL, NULL, NULL, NULL, NULL, 1, NULL, '2022-10-23 14:18:23', '2022-10-23 14:18:23'),
(741, 2, 1, 25, 17, '2023-11-22', NULL, NULL, NULL, NULL, NULL, NULL, NULL, 1, NULL, '2022-10-23 14:18:23', '2022-10-23 14:18:23'),
(742, 2, 1, 25, 17, '2023-11-23', NULL, NULL, NULL, NULL, NULL, NULL, NULL, 1, NULL, '2022-10-23 14:18:23', '2022-10-23 14:18:23'),
(743, 2, 1, 25, 17, '2023-11-24', NULL, NULL, NULL, NULL, NULL, NULL, NULL, 1, NULL, '2022-10-23 14:18:23', '2022-10-23 14:18:23'),
(744, 2, 1, 25, 17, '2023-11-25', NULL, NULL, NULL, NULL, NULL, NULL, NULL, 1, NULL, '2022-10-23 14:18:23', '2022-10-23 14:18:23'),
(745, 2, 1, 25, 17, '2023-11-26', NULL, NULL, NULL, NULL, NULL, NULL, NULL, 1, NULL, '2022-10-23 14:18:23', '2022-10-23 14:18:23'),
(746, 2, 1, 25, 17, '2023-11-27', NULL, NULL, NULL, NULL, NULL, NULL, NULL, 1, NULL, '2022-10-23 14:18:23', '2022-10-23 14:18:23'),
(747, 2, 1, 25, 17, '2023-11-28', NULL, NULL, NULL, NULL, NULL, NULL, NULL, 1, NULL, '2022-10-23 14:18:23', '2022-10-23 14:18:23'),
(748, 2, 1, 25, 17, '2023-11-29', NULL, NULL, NULL, NULL, NULL, NULL, NULL, 1, NULL, '2022-10-23 14:18:23', '2022-10-23 14:18:23'),
(749, 2, 1, 25, 17, '2023-11-30', NULL, NULL, NULL, NULL, NULL, NULL, NULL, 1, NULL, '2022-10-23 14:18:23', '2022-10-23 14:18:23'),
(750, 2, 1, 25, 17, '2023-11-01', NULL, NULL, NULL, NULL, NULL, NULL, NULL, 1, NULL, '2022-10-23 14:18:59', '2022-10-23 14:18:59'),
(751, 2, 1, 25, 17, '2023-11-02', NULL, NULL, NULL, NULL, NULL, NULL, NULL, 1, NULL, '2022-10-23 14:18:59', '2022-10-23 14:18:59'),
(752, 2, 1, 25, 17, '2023-11-03', NULL, NULL, NULL, NULL, NULL, NULL, NULL, 1, NULL, '2022-10-23 14:18:59', '2022-10-23 14:18:59'),
(753, 2, 1, 25, 17, '2023-11-04', NULL, NULL, NULL, NULL, NULL, NULL, NULL, 1, NULL, '2022-10-23 14:18:59', '2022-10-23 14:18:59'),
(754, 2, 1, 25, 17, '2023-11-05', NULL, NULL, NULL, NULL, NULL, NULL, NULL, 1, NULL, '2022-10-23 14:18:59', '2022-10-23 14:18:59'),
(755, 2, 1, 25, 17, '2023-11-06', NULL, NULL, NULL, NULL, NULL, NULL, NULL, 1, NULL, '2022-10-23 14:18:59', '2022-10-23 14:18:59'),
(756, 2, 1, 25, 17, '2023-11-07', NULL, NULL, NULL, NULL, NULL, NULL, NULL, 1, NULL, '2022-10-23 14:18:59', '2022-10-23 14:18:59'),
(757, 2, 1, 25, 17, '2023-11-08', NULL, NULL, NULL, NULL, NULL, NULL, NULL, 1, NULL, '2022-10-23 14:18:59', '2022-10-23 14:18:59'),
(758, 2, 1, 25, 17, '2023-11-09', NULL, NULL, NULL, NULL, NULL, NULL, NULL, 1, NULL, '2022-10-23 14:18:59', '2022-10-23 14:18:59'),
(759, 2, 1, 25, 17, '2023-11-10', NULL, NULL, NULL, NULL, NULL, NULL, NULL, 1, NULL, '2022-10-23 14:18:59', '2022-10-23 14:18:59'),
(760, 2, 1, 25, 17, '2023-11-11', NULL, NULL, NULL, NULL, NULL, NULL, NULL, 1, NULL, '2022-10-23 14:18:59', '2022-10-23 14:18:59'),
(761, 2, 1, 25, 17, '2023-11-12', NULL, NULL, NULL, NULL, NULL, NULL, NULL, 1, NULL, '2022-10-23 14:18:59', '2022-10-23 14:18:59'),
(762, 2, 1, 25, 17, '2023-11-13', NULL, NULL, NULL, NULL, NULL, NULL, NULL, 1, NULL, '2022-10-23 14:18:59', '2022-10-23 14:18:59'),
(763, 2, 1, 25, 17, '2023-11-14', NULL, NULL, NULL, NULL, NULL, NULL, NULL, 1, NULL, '2022-10-23 14:18:59', '2022-10-23 14:18:59'),
(764, 2, 1, 25, 17, '2023-11-15', NULL, NULL, NULL, NULL, NULL, NULL, NULL, 1, NULL, '2022-10-23 14:18:59', '2022-10-23 14:18:59'),
(765, 2, 1, 25, 17, '2023-11-16', NULL, NULL, NULL, NULL, NULL, NULL, NULL, 1, NULL, '2022-10-23 14:18:59', '2022-10-23 14:18:59'),
(766, 2, 1, 25, 17, '2023-11-17', NULL, NULL, NULL, NULL, NULL, NULL, NULL, 1, NULL, '2022-10-23 14:18:59', '2022-10-23 14:18:59'),
(767, 2, 1, 25, 17, '2023-11-18', NULL, NULL, NULL, NULL, NULL, NULL, NULL, 1, NULL, '2022-10-23 14:18:59', '2022-10-23 14:18:59'),
(768, 2, 1, 25, 17, '2023-11-19', NULL, NULL, NULL, NULL, NULL, NULL, NULL, 1, NULL, '2022-10-23 14:18:59', '2022-10-23 14:18:59'),
(769, 2, 1, 25, 17, '2023-11-20', NULL, NULL, NULL, NULL, NULL, NULL, NULL, 1, NULL, '2022-10-23 14:18:59', '2022-10-23 14:18:59'),
(770, 2, 1, 25, 17, '2023-11-21', NULL, NULL, NULL, NULL, NULL, NULL, NULL, 1, NULL, '2022-10-23 14:18:59', '2022-10-23 14:18:59'),
(771, 2, 1, 25, 17, '2023-11-22', NULL, NULL, NULL, NULL, NULL, NULL, NULL, 1, NULL, '2022-10-23 14:18:59', '2022-10-23 14:18:59'),
(772, 2, 1, 25, 17, '2023-11-23', NULL, NULL, NULL, NULL, NULL, NULL, NULL, 1, NULL, '2022-10-23 14:18:59', '2022-10-23 14:18:59'),
(773, 2, 1, 25, 17, '2023-11-24', NULL, NULL, NULL, NULL, NULL, NULL, NULL, 1, NULL, '2022-10-23 14:18:59', '2022-10-23 14:18:59'),
(774, 2, 1, 25, 17, '2023-11-25', NULL, NULL, NULL, NULL, NULL, NULL, NULL, 1, NULL, '2022-10-23 14:18:59', '2022-10-23 14:18:59'),
(775, 2, 1, 25, 17, '2023-11-26', NULL, NULL, NULL, NULL, NULL, NULL, NULL, 1, NULL, '2022-10-23 14:18:59', '2022-10-23 14:18:59'),
(776, 2, 1, 25, 17, '2023-11-27', NULL, NULL, NULL, NULL, NULL, NULL, NULL, 1, NULL, '2022-10-23 14:18:59', '2022-10-23 14:18:59'),
(777, 2, 1, 25, 17, '2023-11-28', NULL, NULL, NULL, NULL, NULL, NULL, NULL, 1, NULL, '2022-10-23 14:18:59', '2022-10-23 14:18:59'),
(778, 2, 1, 25, 17, '2023-11-29', NULL, NULL, NULL, NULL, NULL, NULL, NULL, 1, NULL, '2022-10-23 14:18:59', '2022-10-23 14:18:59'),
(779, 2, 1, 25, 17, '2023-11-30', NULL, NULL, NULL, NULL, NULL, NULL, NULL, 1, NULL, '2022-10-23 14:18:59', '2022-10-23 14:18:59'),
(780, 2, 1, 25, 17, '2023-11-01', NULL, NULL, NULL, NULL, NULL, NULL, NULL, 1, NULL, '2022-10-23 17:01:51', '2022-10-23 17:01:51'),
(781, 2, 1, 25, 17, '2023-11-02', NULL, NULL, NULL, NULL, NULL, NULL, NULL, 1, NULL, '2022-10-23 17:01:51', '2022-10-23 17:01:51'),
(782, 2, 1, 25, 17, '2023-11-03', NULL, NULL, NULL, NULL, NULL, NULL, NULL, 1, NULL, '2022-10-23 17:01:51', '2022-10-23 17:01:51'),
(783, 2, 1, 25, 17, '2023-11-04', NULL, NULL, NULL, NULL, NULL, NULL, NULL, 1, NULL, '2022-10-23 17:01:51', '2022-10-23 17:01:51'),
(784, 2, 1, 25, 17, '2023-11-05', NULL, NULL, NULL, NULL, NULL, NULL, NULL, 1, NULL, '2022-10-23 17:01:51', '2022-10-23 17:01:51'),
(785, 2, 1, 25, 17, '2023-11-06', NULL, NULL, NULL, NULL, NULL, NULL, NULL, 1, NULL, '2022-10-23 17:01:51', '2022-10-23 17:01:51'),
(786, 2, 1, 25, 17, '2023-11-07', NULL, NULL, NULL, NULL, NULL, NULL, NULL, 1, NULL, '2022-10-23 17:01:51', '2022-10-23 17:01:51'),
(787, 2, 1, 25, 17, '2023-11-08', NULL, NULL, NULL, NULL, NULL, NULL, NULL, 1, NULL, '2022-10-23 17:01:51', '2022-10-23 17:01:51'),
(788, 2, 1, 25, 17, '2023-11-09', NULL, NULL, NULL, NULL, NULL, NULL, NULL, 1, NULL, '2022-10-23 17:01:51', '2022-10-23 17:01:51'),
(789, 2, 1, 25, 17, '2023-11-10', NULL, NULL, NULL, NULL, NULL, NULL, NULL, 1, NULL, '2022-10-23 17:01:51', '2022-10-23 17:01:51'),
(790, 2, 1, 25, 17, '2023-11-11', NULL, NULL, NULL, NULL, NULL, NULL, NULL, 1, NULL, '2022-10-23 17:01:51', '2022-10-23 17:01:51'),
(791, 2, 1, 25, 17, '2023-11-12', NULL, NULL, NULL, NULL, NULL, NULL, NULL, 1, NULL, '2022-10-23 17:01:51', '2022-10-23 17:01:51'),
(792, 2, 1, 25, 17, '2023-11-13', NULL, NULL, NULL, NULL, NULL, NULL, NULL, 1, NULL, '2022-10-23 17:01:51', '2022-10-23 17:01:51'),
(793, 2, 1, 25, 17, '2023-11-14', NULL, NULL, NULL, NULL, NULL, NULL, NULL, 1, NULL, '2022-10-23 17:01:51', '2022-10-23 17:01:51'),
(794, 2, 1, 25, 17, '2023-11-15', NULL, NULL, NULL, NULL, NULL, NULL, NULL, 1, NULL, '2022-10-23 17:01:51', '2022-10-23 17:01:51'),
(795, 2, 1, 25, 17, '2023-11-16', NULL, NULL, NULL, NULL, NULL, NULL, NULL, 1, NULL, '2022-10-23 17:01:51', '2022-10-23 17:01:51'),
(796, 2, 1, 25, 17, '2023-11-17', NULL, NULL, NULL, NULL, NULL, NULL, NULL, 1, NULL, '2022-10-23 17:01:51', '2022-10-23 17:01:51'),
(797, 2, 1, 25, 17, '2023-11-18', NULL, NULL, NULL, NULL, NULL, NULL, NULL, 1, NULL, '2022-10-23 17:01:51', '2022-10-23 17:01:51'),
(798, 2, 1, 25, 17, '2023-11-19', NULL, NULL, NULL, NULL, NULL, NULL, NULL, 1, NULL, '2022-10-23 17:01:51', '2022-10-23 17:01:51'),
(799, 2, 1, 25, 17, '2023-11-20', NULL, NULL, NULL, NULL, NULL, NULL, NULL, 1, NULL, '2022-10-23 17:01:51', '2022-10-23 17:01:51'),
(800, 2, 1, 25, 17, '2023-11-21', NULL, NULL, NULL, NULL, NULL, NULL, NULL, 1, NULL, '2022-10-23 17:01:51', '2022-10-23 17:01:51'),
(801, 2, 1, 25, 17, '2023-11-22', NULL, NULL, NULL, NULL, NULL, NULL, NULL, 1, NULL, '2022-10-23 17:01:51', '2022-10-23 17:01:51');
INSERT INTO `shift_employees` (`id`, `account_type`, `clinic_id`, `employee_id`, `shift_id`, `dateA`, `check_in`, `check_out`, `checkin_another_employee`, `checkout_another_employee`, `attendance_status`, `total_delay_minute`, `total_extra_minute`, `status`, `deleted_at`, `created_at`, `updated_at`) VALUES
(802, 2, 1, 25, 17, '2023-11-23', NULL, NULL, NULL, NULL, NULL, NULL, NULL, 1, NULL, '2022-10-23 17:01:51', '2022-10-23 17:01:51'),
(803, 2, 1, 25, 17, '2023-11-24', NULL, NULL, NULL, NULL, NULL, NULL, NULL, 1, NULL, '2022-10-23 17:01:51', '2022-10-23 17:01:51'),
(804, 2, 1, 25, 17, '2023-11-25', NULL, NULL, NULL, NULL, NULL, NULL, NULL, 1, NULL, '2022-10-23 17:01:51', '2022-10-23 17:01:51'),
(805, 2, 1, 25, 17, '2023-11-26', NULL, NULL, NULL, NULL, NULL, NULL, NULL, 1, NULL, '2022-10-23 17:01:51', '2022-10-23 17:01:51'),
(806, 2, 1, 25, 17, '2023-11-27', NULL, NULL, NULL, NULL, NULL, NULL, NULL, 1, NULL, '2022-10-23 17:01:51', '2022-10-23 17:01:51'),
(807, 2, 1, 25, 17, '2023-11-28', NULL, NULL, NULL, NULL, NULL, NULL, NULL, 1, NULL, '2022-10-23 17:01:51', '2022-10-23 17:01:51'),
(808, 2, 1, 25, 17, '2023-11-29', NULL, NULL, NULL, NULL, NULL, NULL, NULL, 1, NULL, '2022-10-23 17:01:51', '2022-10-23 17:01:51'),
(809, 2, 1, 25, 17, '2023-11-30', NULL, NULL, NULL, NULL, NULL, NULL, NULL, 1, NULL, '2022-10-23 17:01:51', '2022-10-23 17:01:51'),
(810, 2, 1, 25, 17, '2023-11-01', NULL, NULL, NULL, NULL, NULL, NULL, NULL, 1, NULL, '2022-10-24 02:33:55', '2022-10-24 02:33:55'),
(811, 2, 1, 25, 17, '2023-11-02', NULL, NULL, NULL, NULL, NULL, NULL, NULL, 1, NULL, '2022-10-24 02:33:55', '2022-10-24 02:33:55'),
(812, 2, 1, 25, 17, '2023-11-03', NULL, NULL, NULL, NULL, NULL, NULL, NULL, 1, NULL, '2022-10-24 02:33:55', '2022-10-24 02:33:55'),
(813, 2, 1, 25, 17, '2023-11-04', NULL, NULL, NULL, NULL, NULL, NULL, NULL, 1, NULL, '2022-10-24 02:33:55', '2022-10-24 02:33:55'),
(814, 2, 1, 25, 17, '2023-11-05', NULL, NULL, NULL, NULL, NULL, NULL, NULL, 1, NULL, '2022-10-24 02:33:55', '2022-10-24 02:33:55'),
(815, 2, 1, 25, 17, '2023-11-06', NULL, NULL, NULL, NULL, NULL, NULL, NULL, 1, NULL, '2022-10-24 02:33:55', '2022-10-24 02:33:55'),
(816, 2, 1, 25, 17, '2023-11-07', NULL, NULL, NULL, NULL, NULL, NULL, NULL, 1, NULL, '2022-10-24 02:33:55', '2022-10-24 02:33:55'),
(817, 2, 1, 25, 17, '2023-11-08', NULL, NULL, NULL, NULL, NULL, NULL, NULL, 1, NULL, '2022-10-24 02:33:55', '2022-10-24 02:33:55'),
(818, 2, 1, 25, 17, '2023-11-09', NULL, NULL, NULL, NULL, NULL, NULL, NULL, 1, NULL, '2022-10-24 02:33:55', '2022-10-24 02:33:55'),
(819, 2, 1, 25, 17, '2023-11-10', NULL, NULL, NULL, NULL, NULL, NULL, NULL, 1, NULL, '2022-10-24 02:33:55', '2022-10-24 02:33:55'),
(820, 2, 1, 25, 17, '2023-11-11', NULL, NULL, NULL, NULL, NULL, NULL, NULL, 1, NULL, '2022-10-24 02:33:55', '2022-10-24 02:33:55'),
(821, 2, 1, 25, 17, '2023-11-12', NULL, NULL, NULL, NULL, NULL, NULL, NULL, 1, NULL, '2022-10-24 02:33:55', '2022-10-24 02:33:55'),
(822, 2, 1, 25, 17, '2023-11-13', NULL, NULL, NULL, NULL, NULL, NULL, NULL, 1, NULL, '2022-10-24 02:33:55', '2022-10-24 02:33:55'),
(823, 2, 1, 25, 17, '2023-11-14', NULL, NULL, NULL, NULL, NULL, NULL, NULL, 1, NULL, '2022-10-24 02:33:55', '2022-10-24 02:33:55'),
(824, 2, 1, 25, 17, '2023-11-15', NULL, NULL, NULL, NULL, NULL, NULL, NULL, 1, NULL, '2022-10-24 02:33:55', '2022-10-24 02:33:55'),
(825, 2, 1, 25, 17, '2023-11-16', NULL, NULL, NULL, NULL, NULL, NULL, NULL, 1, NULL, '2022-10-24 02:33:55', '2022-10-24 02:33:55'),
(826, 2, 1, 25, 17, '2023-11-17', NULL, NULL, NULL, NULL, NULL, NULL, NULL, 1, NULL, '2022-10-24 02:33:55', '2022-10-24 02:33:55'),
(827, 2, 1, 25, 17, '2023-11-18', NULL, NULL, NULL, NULL, NULL, NULL, NULL, 1, NULL, '2022-10-24 02:33:55', '2022-10-24 02:33:55'),
(828, 2, 1, 25, 17, '2023-11-19', NULL, NULL, NULL, NULL, NULL, NULL, NULL, 1, NULL, '2022-10-24 02:33:55', '2022-10-24 02:33:55'),
(829, 2, 1, 25, 17, '2023-11-20', NULL, NULL, NULL, NULL, NULL, NULL, NULL, 1, NULL, '2022-10-24 02:33:55', '2022-10-24 02:33:55'),
(830, 2, 1, 25, 17, '2023-11-21', NULL, NULL, NULL, NULL, NULL, NULL, NULL, 1, NULL, '2022-10-24 02:33:55', '2022-10-24 02:33:55'),
(831, 2, 1, 25, 17, '2023-11-22', NULL, NULL, NULL, NULL, NULL, NULL, NULL, 1, NULL, '2022-10-24 02:33:55', '2022-10-24 02:33:55'),
(832, 2, 1, 25, 17, '2023-11-23', NULL, NULL, NULL, NULL, NULL, NULL, NULL, 1, NULL, '2022-10-24 02:33:55', '2022-10-24 02:33:55'),
(833, 2, 1, 25, 17, '2023-11-24', NULL, NULL, NULL, NULL, NULL, NULL, NULL, 1, NULL, '2022-10-24 02:33:55', '2022-10-24 02:33:55'),
(834, 2, 1, 25, 17, '2023-11-25', NULL, NULL, NULL, NULL, NULL, NULL, NULL, 1, NULL, '2022-10-24 02:33:55', '2022-10-24 02:33:55'),
(835, 2, 1, 25, 17, '2023-11-26', NULL, NULL, NULL, NULL, NULL, NULL, NULL, 1, NULL, '2022-10-24 02:33:55', '2022-10-24 02:33:55'),
(836, 2, 1, 25, 17, '2023-11-27', NULL, NULL, NULL, NULL, NULL, NULL, NULL, 1, NULL, '2022-10-24 02:33:55', '2022-10-24 02:33:55'),
(837, 2, 1, 25, 17, '2023-11-28', NULL, NULL, NULL, NULL, NULL, NULL, NULL, 1, NULL, '2022-10-24 02:33:55', '2022-10-24 02:33:55'),
(838, 2, 1, 25, 17, '2023-11-29', NULL, NULL, NULL, NULL, NULL, NULL, NULL, 1, NULL, '2022-10-24 02:33:55', '2022-10-24 02:33:55'),
(839, 2, 1, 25, 17, '2023-11-30', NULL, NULL, NULL, NULL, NULL, NULL, NULL, 1, NULL, '2022-10-24 02:33:55', '2022-10-24 02:33:55'),
(840, 2, 1, 25, 17, '2023-11-01', NULL, NULL, NULL, NULL, NULL, NULL, NULL, 1, NULL, '2022-10-29 01:33:50', '2022-10-29 01:33:50'),
(841, 2, 1, 25, 17, '2023-11-02', NULL, NULL, NULL, NULL, NULL, NULL, NULL, 1, NULL, '2022-10-29 01:33:50', '2022-10-29 01:33:50'),
(842, 2, 1, 25, 17, '2023-11-03', NULL, NULL, NULL, NULL, NULL, NULL, NULL, 1, NULL, '2022-10-29 01:33:50', '2022-10-29 01:33:50'),
(843, 2, 1, 25, 17, '2023-11-04', NULL, NULL, NULL, NULL, NULL, NULL, NULL, 1, NULL, '2022-10-29 01:33:50', '2022-10-29 01:33:50'),
(844, 2, 1, 25, 17, '2023-11-05', NULL, NULL, NULL, NULL, NULL, NULL, NULL, 1, NULL, '2022-10-29 01:33:50', '2022-10-29 01:33:50'),
(845, 2, 1, 25, 17, '2023-11-06', NULL, NULL, NULL, NULL, NULL, NULL, NULL, 1, NULL, '2022-10-29 01:33:50', '2022-10-29 01:33:50'),
(846, 2, 1, 25, 17, '2023-11-07', NULL, NULL, NULL, NULL, NULL, NULL, NULL, 1, NULL, '2022-10-29 01:33:50', '2022-10-29 01:33:50'),
(847, 2, 1, 25, 17, '2023-11-08', NULL, NULL, NULL, NULL, NULL, NULL, NULL, 1, NULL, '2022-10-29 01:33:50', '2022-10-29 01:33:50'),
(848, 2, 1, 25, 17, '2023-11-09', NULL, NULL, NULL, NULL, NULL, NULL, NULL, 1, NULL, '2022-10-29 01:33:50', '2022-10-29 01:33:50'),
(849, 2, 1, 25, 17, '2023-11-10', NULL, NULL, NULL, NULL, NULL, NULL, NULL, 1, NULL, '2022-10-29 01:33:50', '2022-10-29 01:33:50'),
(850, 2, 1, 25, 17, '2023-11-11', NULL, NULL, NULL, NULL, NULL, NULL, NULL, 1, NULL, '2022-10-29 01:33:50', '2022-10-29 01:33:50'),
(851, 2, 1, 25, 17, '2023-11-12', NULL, NULL, NULL, NULL, NULL, NULL, NULL, 1, NULL, '2022-10-29 01:33:50', '2022-10-29 01:33:50'),
(852, 2, 1, 25, 17, '2023-11-13', NULL, NULL, NULL, NULL, NULL, NULL, NULL, 1, NULL, '2022-10-29 01:33:50', '2022-10-29 01:33:50'),
(853, 2, 1, 25, 17, '2023-11-14', NULL, NULL, NULL, NULL, NULL, NULL, NULL, 1, NULL, '2022-10-29 01:33:50', '2022-10-29 01:33:50'),
(854, 2, 1, 25, 17, '2023-11-15', NULL, NULL, NULL, NULL, NULL, NULL, NULL, 1, NULL, '2022-10-29 01:33:50', '2022-10-29 01:33:50'),
(855, 2, 1, 25, 17, '2023-11-16', NULL, NULL, NULL, NULL, NULL, NULL, NULL, 1, NULL, '2022-10-29 01:33:50', '2022-10-29 01:33:50'),
(856, 2, 1, 25, 17, '2023-11-17', NULL, NULL, NULL, NULL, NULL, NULL, NULL, 1, NULL, '2022-10-29 01:33:50', '2022-10-29 01:33:50'),
(857, 2, 1, 25, 17, '2023-11-18', NULL, NULL, NULL, NULL, NULL, NULL, NULL, 1, NULL, '2022-10-29 01:33:50', '2022-10-29 01:33:50'),
(858, 2, 1, 25, 17, '2023-11-19', NULL, NULL, NULL, NULL, NULL, NULL, NULL, 1, NULL, '2022-10-29 01:33:50', '2022-10-29 01:33:50'),
(859, 2, 1, 25, 17, '2023-11-20', NULL, NULL, NULL, NULL, NULL, NULL, NULL, 1, NULL, '2022-10-29 01:33:50', '2022-10-29 01:33:50'),
(860, 2, 1, 25, 17, '2023-11-21', NULL, NULL, NULL, NULL, NULL, NULL, NULL, 1, NULL, '2022-10-29 01:33:50', '2022-10-29 01:33:50'),
(861, 2, 1, 25, 17, '2023-11-22', NULL, NULL, NULL, NULL, NULL, NULL, NULL, 1, NULL, '2022-10-29 01:33:50', '2022-10-29 01:33:50'),
(862, 2, 1, 25, 17, '2023-11-23', NULL, NULL, NULL, NULL, NULL, NULL, NULL, 1, NULL, '2022-10-29 01:33:50', '2022-10-29 01:33:50'),
(863, 2, 1, 25, 17, '2023-11-24', NULL, NULL, NULL, NULL, NULL, NULL, NULL, 1, NULL, '2022-10-29 01:33:50', '2022-10-29 01:33:50'),
(864, 2, 1, 25, 17, '2023-11-25', NULL, NULL, NULL, NULL, NULL, NULL, NULL, 1, NULL, '2022-10-29 01:33:50', '2022-10-29 01:33:50'),
(865, 2, 1, 25, 17, '2023-11-26', NULL, NULL, NULL, NULL, NULL, NULL, NULL, 1, NULL, '2022-10-29 01:33:50', '2022-10-29 01:33:50'),
(866, 2, 1, 25, 17, '2023-11-27', NULL, NULL, NULL, NULL, NULL, NULL, NULL, 1, NULL, '2022-10-29 01:33:50', '2022-10-29 01:33:50'),
(867, 2, 1, 25, 17, '2023-11-28', NULL, NULL, NULL, NULL, NULL, NULL, NULL, 1, NULL, '2022-10-29 01:33:50', '2022-10-29 01:33:50'),
(868, 2, 1, 25, 17, '2023-11-29', NULL, NULL, NULL, NULL, NULL, NULL, NULL, 1, NULL, '2022-10-29 01:33:50', '2022-10-29 01:33:50'),
(869, 2, 1, 25, 17, '2023-11-30', NULL, NULL, NULL, NULL, NULL, NULL, NULL, 1, NULL, '2022-10-29 01:33:50', '2022-10-29 01:33:50'),
(870, 2, 1, 25, 17, '2023-11-01', NULL, NULL, NULL, NULL, NULL, NULL, NULL, 1, NULL, '2022-10-29 10:09:32', '2022-10-29 10:09:32'),
(871, 2, 1, 25, 17, '2023-11-02', NULL, NULL, NULL, NULL, NULL, NULL, NULL, 1, NULL, '2022-10-29 10:09:32', '2022-10-29 10:09:32'),
(872, 2, 1, 25, 17, '2023-11-03', NULL, NULL, NULL, NULL, NULL, NULL, NULL, 1, NULL, '2022-10-29 10:09:32', '2022-10-29 10:09:32'),
(873, 2, 1, 25, 17, '2023-11-04', NULL, NULL, NULL, NULL, NULL, NULL, NULL, 1, NULL, '2022-10-29 10:09:32', '2022-10-29 10:09:32'),
(874, 2, 1, 25, 17, '2023-11-05', NULL, NULL, NULL, NULL, NULL, NULL, NULL, 1, NULL, '2022-10-29 10:09:32', '2022-10-29 10:09:32'),
(875, 2, 1, 25, 17, '2023-11-06', NULL, NULL, NULL, NULL, NULL, NULL, NULL, 1, NULL, '2022-10-29 10:09:32', '2022-10-29 10:09:32'),
(876, 2, 1, 25, 17, '2023-11-07', NULL, NULL, NULL, NULL, NULL, NULL, NULL, 1, NULL, '2022-10-29 10:09:32', '2022-10-29 10:09:32'),
(877, 2, 1, 25, 17, '2023-11-08', NULL, NULL, NULL, NULL, NULL, NULL, NULL, 1, NULL, '2022-10-29 10:09:32', '2022-10-29 10:09:32'),
(878, 2, 1, 25, 17, '2023-11-09', NULL, NULL, NULL, NULL, NULL, NULL, NULL, 1, NULL, '2022-10-29 10:09:32', '2022-10-29 10:09:32'),
(879, 2, 1, 25, 17, '2023-11-10', NULL, NULL, NULL, NULL, NULL, NULL, NULL, 1, NULL, '2022-10-29 10:09:32', '2022-10-29 10:09:32'),
(880, 2, 1, 25, 17, '2023-11-11', NULL, NULL, NULL, NULL, NULL, NULL, NULL, 1, NULL, '2022-10-29 10:09:32', '2022-10-29 10:09:32'),
(881, 2, 1, 25, 17, '2023-11-12', NULL, NULL, NULL, NULL, NULL, NULL, NULL, 1, NULL, '2022-10-29 10:09:32', '2022-10-29 10:09:32'),
(882, 2, 1, 25, 17, '2023-11-13', NULL, NULL, NULL, NULL, NULL, NULL, NULL, 1, NULL, '2022-10-29 10:09:32', '2022-10-29 10:09:32'),
(883, 2, 1, 25, 17, '2023-11-14', NULL, NULL, NULL, NULL, NULL, NULL, NULL, 1, NULL, '2022-10-29 10:09:32', '2022-10-29 10:09:32'),
(884, 2, 1, 25, 17, '2023-11-15', NULL, NULL, NULL, NULL, NULL, NULL, NULL, 1, NULL, '2022-10-29 10:09:32', '2022-10-29 10:09:32'),
(885, 2, 1, 25, 17, '2023-11-16', NULL, NULL, NULL, NULL, NULL, NULL, NULL, 1, NULL, '2022-10-29 10:09:32', '2022-10-29 10:09:32'),
(886, 2, 1, 25, 17, '2023-11-17', NULL, NULL, NULL, NULL, NULL, NULL, NULL, 1, NULL, '2022-10-29 10:09:32', '2022-10-29 10:09:32'),
(887, 2, 1, 25, 17, '2023-11-18', NULL, NULL, NULL, NULL, NULL, NULL, NULL, 1, NULL, '2022-10-29 10:09:32', '2022-10-29 10:09:32'),
(888, 2, 1, 25, 17, '2023-11-19', NULL, NULL, NULL, NULL, NULL, NULL, NULL, 1, NULL, '2022-10-29 10:09:32', '2022-10-29 10:09:32'),
(889, 2, 1, 25, 17, '2023-11-20', NULL, NULL, NULL, NULL, NULL, NULL, NULL, 1, NULL, '2022-10-29 10:09:32', '2022-10-29 10:09:32'),
(890, 2, 1, 25, 17, '2023-11-21', NULL, NULL, NULL, NULL, NULL, NULL, NULL, 1, NULL, '2022-10-29 10:09:32', '2022-10-29 10:09:32'),
(891, 2, 1, 25, 17, '2023-11-22', NULL, NULL, NULL, NULL, NULL, NULL, NULL, 1, NULL, '2022-10-29 10:09:32', '2022-10-29 10:09:32'),
(892, 2, 1, 25, 17, '2023-11-23', NULL, NULL, NULL, NULL, NULL, NULL, NULL, 1, NULL, '2022-10-29 10:09:32', '2022-10-29 10:09:32'),
(893, 2, 1, 25, 17, '2023-11-24', NULL, NULL, NULL, NULL, NULL, NULL, NULL, 1, NULL, '2022-10-29 10:09:32', '2022-10-29 10:09:32'),
(894, 2, 1, 25, 17, '2023-11-25', NULL, NULL, NULL, NULL, NULL, NULL, NULL, 1, NULL, '2022-10-29 10:09:32', '2022-10-29 10:09:32'),
(895, 2, 1, 25, 17, '2023-11-26', NULL, NULL, NULL, NULL, NULL, NULL, NULL, 1, NULL, '2022-10-29 10:09:32', '2022-10-29 10:09:32'),
(896, 2, 1, 25, 17, '2023-11-27', NULL, NULL, NULL, NULL, NULL, NULL, NULL, 1, NULL, '2022-10-29 10:09:32', '2022-10-29 10:09:32'),
(897, 2, 1, 25, 17, '2023-11-28', NULL, NULL, NULL, NULL, NULL, NULL, NULL, 1, NULL, '2022-10-29 10:09:32', '2022-10-29 10:09:32'),
(898, 2, 1, 25, 17, '2023-11-29', NULL, NULL, NULL, NULL, NULL, NULL, NULL, 1, NULL, '2022-10-29 10:09:32', '2022-10-29 10:09:32'),
(899, 2, 1, 25, 17, '2023-11-30', NULL, NULL, NULL, NULL, NULL, NULL, NULL, 1, NULL, '2022-10-29 10:09:32', '2022-10-29 10:09:32'),
(900, 2, 1, 25, 17, '2023-11-01', NULL, NULL, NULL, NULL, NULL, NULL, NULL, 1, NULL, '2022-10-30 20:40:51', '2022-10-30 20:40:51'),
(901, 2, 1, 25, 17, '2023-11-02', NULL, NULL, NULL, NULL, NULL, NULL, NULL, 1, NULL, '2022-10-30 20:40:51', '2022-10-30 20:40:51'),
(902, 2, 1, 25, 17, '2023-11-03', NULL, NULL, NULL, NULL, NULL, NULL, NULL, 1, NULL, '2022-10-30 20:40:51', '2022-10-30 20:40:51'),
(903, 2, 1, 25, 17, '2023-11-04', NULL, NULL, NULL, NULL, NULL, NULL, NULL, 1, NULL, '2022-10-30 20:40:51', '2022-10-30 20:40:51'),
(904, 2, 1, 25, 17, '2023-11-05', NULL, NULL, NULL, NULL, NULL, NULL, NULL, 1, NULL, '2022-10-30 20:40:51', '2022-10-30 20:40:51'),
(905, 2, 1, 25, 17, '2023-11-06', NULL, NULL, NULL, NULL, NULL, NULL, NULL, 1, NULL, '2022-10-30 20:40:51', '2022-10-30 20:40:51'),
(906, 2, 1, 25, 17, '2023-11-07', NULL, NULL, NULL, NULL, NULL, NULL, NULL, 1, NULL, '2022-10-30 20:40:51', '2022-10-30 20:40:51'),
(907, 2, 1, 25, 17, '2023-11-08', NULL, NULL, NULL, NULL, NULL, NULL, NULL, 1, NULL, '2022-10-30 20:40:51', '2022-10-30 20:40:51'),
(908, 2, 1, 25, 17, '2023-11-09', NULL, NULL, NULL, NULL, NULL, NULL, NULL, 1, NULL, '2022-10-30 20:40:51', '2022-10-30 20:40:51'),
(909, 2, 1, 25, 17, '2023-11-10', NULL, NULL, NULL, NULL, NULL, NULL, NULL, 1, NULL, '2022-10-30 20:40:51', '2022-10-30 20:40:51'),
(910, 2, 1, 25, 17, '2023-11-11', NULL, NULL, NULL, NULL, NULL, NULL, NULL, 1, NULL, '2022-10-30 20:40:51', '2022-10-30 20:40:51'),
(911, 2, 1, 25, 17, '2023-11-12', NULL, NULL, NULL, NULL, NULL, NULL, NULL, 1, NULL, '2022-10-30 20:40:51', '2022-10-30 20:40:51'),
(912, 2, 1, 25, 17, '2023-11-13', NULL, NULL, NULL, NULL, NULL, NULL, NULL, 1, NULL, '2022-10-30 20:40:51', '2022-10-30 20:40:51'),
(913, 2, 1, 25, 17, '2023-11-14', NULL, NULL, NULL, NULL, NULL, NULL, NULL, 1, NULL, '2022-10-30 20:40:51', '2022-10-30 20:40:51'),
(914, 2, 1, 25, 17, '2023-11-15', NULL, NULL, NULL, NULL, NULL, NULL, NULL, 1, NULL, '2022-10-30 20:40:51', '2022-10-30 20:40:51'),
(915, 2, 1, 25, 17, '2023-11-16', NULL, NULL, NULL, NULL, NULL, NULL, NULL, 1, NULL, '2022-10-30 20:40:51', '2022-10-30 20:40:51'),
(916, 2, 1, 25, 17, '2023-11-17', NULL, NULL, NULL, NULL, NULL, NULL, NULL, 1, NULL, '2022-10-30 20:40:51', '2022-10-30 20:40:51'),
(917, 2, 1, 25, 17, '2023-11-18', NULL, NULL, NULL, NULL, NULL, NULL, NULL, 1, NULL, '2022-10-30 20:40:51', '2022-10-30 20:40:51'),
(918, 2, 1, 25, 17, '2023-11-19', NULL, NULL, NULL, NULL, NULL, NULL, NULL, 1, NULL, '2022-10-30 20:40:51', '2022-10-30 20:40:51'),
(919, 2, 1, 25, 17, '2023-11-20', NULL, NULL, NULL, NULL, NULL, NULL, NULL, 1, NULL, '2022-10-30 20:40:51', '2022-10-30 20:40:51'),
(920, 2, 1, 25, 17, '2023-11-21', NULL, NULL, NULL, NULL, NULL, NULL, NULL, 1, NULL, '2022-10-30 20:40:51', '2022-10-30 20:40:51'),
(921, 2, 1, 25, 17, '2023-11-22', NULL, NULL, NULL, NULL, NULL, NULL, NULL, 1, NULL, '2022-10-30 20:40:51', '2022-10-30 20:40:51'),
(922, 2, 1, 25, 17, '2023-11-23', NULL, NULL, NULL, NULL, NULL, NULL, NULL, 1, NULL, '2022-10-30 20:40:51', '2022-10-30 20:40:51'),
(923, 2, 1, 25, 17, '2023-11-24', NULL, NULL, NULL, NULL, NULL, NULL, NULL, 1, NULL, '2022-10-30 20:40:51', '2022-10-30 20:40:51'),
(924, 2, 1, 25, 17, '2023-11-25', NULL, NULL, NULL, NULL, NULL, NULL, NULL, 1, NULL, '2022-10-30 20:40:51', '2022-10-30 20:40:51'),
(925, 2, 1, 25, 17, '2023-11-26', NULL, NULL, NULL, NULL, NULL, NULL, NULL, 1, NULL, '2022-10-30 20:40:51', '2022-10-30 20:40:51'),
(926, 2, 1, 25, 17, '2023-11-27', NULL, NULL, NULL, NULL, NULL, NULL, NULL, 1, NULL, '2022-10-30 20:40:51', '2022-10-30 20:40:51'),
(927, 2, 1, 25, 17, '2023-11-28', NULL, NULL, NULL, NULL, NULL, NULL, NULL, 1, NULL, '2022-10-30 20:40:51', '2022-10-30 20:40:51'),
(928, 2, 1, 25, 17, '2023-11-29', NULL, NULL, NULL, NULL, NULL, NULL, NULL, 1, NULL, '2022-10-30 20:40:51', '2022-10-30 20:40:51'),
(929, 2, 1, 25, 17, '2023-11-30', NULL, NULL, NULL, NULL, NULL, NULL, NULL, 1, NULL, '2022-10-30 20:40:51', '2022-10-30 20:40:51'),
(930, 2, 1, 25, 17, '2023-11-01', NULL, NULL, NULL, NULL, NULL, NULL, NULL, 1, NULL, '2022-10-30 20:40:51', '2022-10-30 20:40:51'),
(931, 2, 1, 25, 17, '2023-11-02', NULL, NULL, NULL, NULL, NULL, NULL, NULL, 1, NULL, '2022-10-30 20:40:51', '2022-10-30 20:40:51'),
(932, 2, 1, 25, 17, '2023-11-03', NULL, NULL, NULL, NULL, NULL, NULL, NULL, 1, NULL, '2022-10-30 20:40:51', '2022-10-30 20:40:51'),
(933, 2, 1, 25, 17, '2023-11-04', NULL, NULL, NULL, NULL, NULL, NULL, NULL, 1, NULL, '2022-10-30 20:40:51', '2022-10-30 20:40:51'),
(934, 2, 1, 25, 17, '2023-11-05', NULL, NULL, NULL, NULL, NULL, NULL, NULL, 1, NULL, '2022-10-30 20:40:51', '2022-10-30 20:40:51'),
(935, 2, 1, 25, 17, '2023-11-06', NULL, NULL, NULL, NULL, NULL, NULL, NULL, 1, NULL, '2022-10-30 20:40:51', '2022-10-30 20:40:51'),
(936, 2, 1, 25, 17, '2023-11-07', NULL, NULL, NULL, NULL, NULL, NULL, NULL, 1, NULL, '2022-10-30 20:40:51', '2022-10-30 20:40:51'),
(937, 2, 1, 25, 17, '2023-11-08', NULL, NULL, NULL, NULL, NULL, NULL, NULL, 1, NULL, '2022-10-30 20:40:51', '2022-10-30 20:40:51'),
(938, 2, 1, 25, 17, '2023-11-09', NULL, NULL, NULL, NULL, NULL, NULL, NULL, 1, NULL, '2022-10-30 20:40:51', '2022-10-30 20:40:51'),
(939, 2, 1, 25, 17, '2023-11-10', NULL, NULL, NULL, NULL, NULL, NULL, NULL, 1, NULL, '2022-10-30 20:40:51', '2022-10-30 20:40:51'),
(940, 2, 1, 25, 17, '2023-11-11', NULL, NULL, NULL, NULL, NULL, NULL, NULL, 1, NULL, '2022-10-30 20:40:51', '2022-10-30 20:40:51'),
(941, 2, 1, 25, 17, '2023-11-12', NULL, NULL, NULL, NULL, NULL, NULL, NULL, 1, NULL, '2022-10-30 20:40:51', '2022-10-30 20:40:51'),
(942, 2, 1, 25, 17, '2023-11-13', NULL, NULL, NULL, NULL, NULL, NULL, NULL, 1, NULL, '2022-10-30 20:40:51', '2022-10-30 20:40:51'),
(943, 2, 1, 25, 17, '2023-11-14', NULL, NULL, NULL, NULL, NULL, NULL, NULL, 1, NULL, '2022-10-30 20:40:51', '2022-10-30 20:40:51'),
(944, 2, 1, 25, 17, '2023-11-15', NULL, NULL, NULL, NULL, NULL, NULL, NULL, 1, NULL, '2022-10-30 20:40:51', '2022-10-30 20:40:51'),
(945, 2, 1, 25, 17, '2023-11-16', NULL, NULL, NULL, NULL, NULL, NULL, NULL, 1, NULL, '2022-10-30 20:40:51', '2022-10-30 20:40:51'),
(946, 2, 1, 25, 17, '2023-11-17', NULL, NULL, NULL, NULL, NULL, NULL, NULL, 1, NULL, '2022-10-30 20:40:51', '2022-10-30 20:40:51'),
(947, 2, 1, 25, 17, '2023-11-18', NULL, NULL, NULL, NULL, NULL, NULL, NULL, 1, NULL, '2022-10-30 20:40:51', '2022-10-30 20:40:51'),
(948, 2, 1, 25, 17, '2023-11-19', NULL, NULL, NULL, NULL, NULL, NULL, NULL, 1, NULL, '2022-10-30 20:40:51', '2022-10-30 20:40:51'),
(949, 2, 1, 25, 17, '2023-11-20', NULL, NULL, NULL, NULL, NULL, NULL, NULL, 1, NULL, '2022-10-30 20:40:51', '2022-10-30 20:40:51'),
(950, 2, 1, 25, 17, '2023-11-21', NULL, NULL, NULL, NULL, NULL, NULL, NULL, 1, NULL, '2022-10-30 20:40:51', '2022-10-30 20:40:51'),
(951, 2, 1, 25, 17, '2023-11-22', NULL, NULL, NULL, NULL, NULL, NULL, NULL, 1, NULL, '2022-10-30 20:40:51', '2022-10-30 20:40:51'),
(952, 2, 1, 25, 17, '2023-11-23', NULL, NULL, NULL, NULL, NULL, NULL, NULL, 1, NULL, '2022-10-30 20:40:51', '2022-10-30 20:40:51'),
(953, 2, 1, 25, 17, '2023-11-24', NULL, NULL, NULL, NULL, NULL, NULL, NULL, 1, NULL, '2022-10-30 20:40:51', '2022-10-30 20:40:51'),
(954, 2, 1, 25, 17, '2023-11-25', NULL, NULL, NULL, NULL, NULL, NULL, NULL, 1, NULL, '2022-10-30 20:40:51', '2022-10-30 20:40:51'),
(955, 2, 1, 25, 17, '2023-11-26', NULL, NULL, NULL, NULL, NULL, NULL, NULL, 1, NULL, '2022-10-30 20:40:51', '2022-10-30 20:40:51'),
(956, 2, 1, 25, 17, '2023-11-27', NULL, NULL, NULL, NULL, NULL, NULL, NULL, 1, NULL, '2022-10-30 20:40:51', '2022-10-30 20:40:51'),
(957, 2, 1, 25, 17, '2023-11-28', NULL, NULL, NULL, NULL, NULL, NULL, NULL, 1, NULL, '2022-10-30 20:40:51', '2022-10-30 20:40:51'),
(958, 2, 1, 25, 17, '2023-11-29', NULL, NULL, NULL, NULL, NULL, NULL, NULL, 1, NULL, '2022-10-30 20:40:51', '2022-10-30 20:40:51'),
(959, 2, 1, 25, 17, '2023-11-30', NULL, NULL, NULL, NULL, NULL, NULL, NULL, 1, NULL, '2022-10-30 20:40:51', '2022-10-30 20:40:51'),
(960, 2, 1, 25, 17, '2023-11-01', NULL, NULL, NULL, NULL, NULL, NULL, NULL, 1, NULL, '2022-11-01 12:53:33', '2022-11-01 12:53:33'),
(961, 2, 1, 25, 17, '2023-11-02', NULL, NULL, NULL, NULL, NULL, NULL, NULL, 1, NULL, '2022-11-01 12:53:33', '2022-11-01 12:53:33'),
(962, 2, 1, 25, 17, '2023-11-03', NULL, NULL, NULL, NULL, NULL, NULL, NULL, 1, NULL, '2022-11-01 12:53:33', '2022-11-01 12:53:33'),
(963, 2, 1, 25, 17, '2023-11-04', NULL, NULL, NULL, NULL, NULL, NULL, NULL, 1, NULL, '2022-11-01 12:53:33', '2022-11-01 12:53:33'),
(964, 2, 1, 25, 17, '2023-11-05', NULL, NULL, NULL, NULL, NULL, NULL, NULL, 1, NULL, '2022-11-01 12:53:33', '2022-11-01 12:53:33'),
(965, 2, 1, 25, 17, '2023-11-06', NULL, NULL, NULL, NULL, NULL, NULL, NULL, 1, NULL, '2022-11-01 12:53:33', '2022-11-01 12:53:33'),
(966, 2, 1, 25, 17, '2023-11-07', NULL, NULL, NULL, NULL, NULL, NULL, NULL, 1, NULL, '2022-11-01 12:53:33', '2022-11-01 12:53:33'),
(967, 2, 1, 25, 17, '2023-11-08', NULL, NULL, NULL, NULL, NULL, NULL, NULL, 1, NULL, '2022-11-01 12:53:33', '2022-11-01 12:53:33'),
(968, 2, 1, 25, 17, '2023-11-09', NULL, NULL, NULL, NULL, NULL, NULL, NULL, 1, NULL, '2022-11-01 12:53:33', '2022-11-01 12:53:33'),
(969, 2, 1, 25, 17, '2023-11-10', NULL, NULL, NULL, NULL, NULL, NULL, NULL, 1, NULL, '2022-11-01 12:53:33', '2022-11-01 12:53:33'),
(970, 2, 1, 25, 17, '2023-11-11', NULL, NULL, NULL, NULL, NULL, NULL, NULL, 1, NULL, '2022-11-01 12:53:33', '2022-11-01 12:53:33'),
(971, 2, 1, 25, 17, '2023-11-12', NULL, NULL, NULL, NULL, NULL, NULL, NULL, 1, NULL, '2022-11-01 12:53:33', '2022-11-01 12:53:33'),
(972, 2, 1, 25, 17, '2023-11-13', NULL, NULL, NULL, NULL, NULL, NULL, NULL, 1, NULL, '2022-11-01 12:53:33', '2022-11-01 12:53:33'),
(973, 2, 1, 25, 17, '2023-11-14', NULL, NULL, NULL, NULL, NULL, NULL, NULL, 1, NULL, '2022-11-01 12:53:33', '2022-11-01 12:53:33'),
(974, 2, 1, 25, 17, '2023-11-15', NULL, NULL, NULL, NULL, NULL, NULL, NULL, 1, NULL, '2022-11-01 12:53:33', '2022-11-01 12:53:33'),
(975, 2, 1, 25, 17, '2023-11-16', NULL, NULL, NULL, NULL, NULL, NULL, NULL, 1, NULL, '2022-11-01 12:53:33', '2022-11-01 12:53:33'),
(976, 2, 1, 25, 17, '2023-11-17', NULL, NULL, NULL, NULL, NULL, NULL, NULL, 1, NULL, '2022-11-01 12:53:33', '2022-11-01 12:53:33'),
(977, 2, 1, 25, 17, '2023-11-18', NULL, NULL, NULL, NULL, NULL, NULL, NULL, 1, NULL, '2022-11-01 12:53:33', '2022-11-01 12:53:33'),
(978, 2, 1, 25, 17, '2023-11-19', NULL, NULL, NULL, NULL, NULL, NULL, NULL, 1, NULL, '2022-11-01 12:53:33', '2022-11-01 12:53:33'),
(979, 2, 1, 25, 17, '2023-11-20', NULL, NULL, NULL, NULL, NULL, NULL, NULL, 1, NULL, '2022-11-01 12:53:33', '2022-11-01 12:53:33'),
(980, 2, 1, 25, 17, '2023-11-21', NULL, NULL, NULL, NULL, NULL, NULL, NULL, 1, NULL, '2022-11-01 12:53:33', '2022-11-01 12:53:33'),
(981, 2, 1, 25, 17, '2023-11-22', NULL, NULL, NULL, NULL, NULL, NULL, NULL, 1, NULL, '2022-11-01 12:53:33', '2022-11-01 12:53:33'),
(982, 2, 1, 25, 17, '2023-11-23', NULL, NULL, NULL, NULL, NULL, NULL, NULL, 1, NULL, '2022-11-01 12:53:33', '2022-11-01 12:53:33'),
(983, 2, 1, 25, 17, '2023-11-24', NULL, NULL, NULL, NULL, NULL, NULL, NULL, 1, NULL, '2022-11-01 12:53:33', '2022-11-01 12:53:33'),
(984, 2, 1, 25, 17, '2023-11-25', NULL, NULL, NULL, NULL, NULL, NULL, NULL, 1, NULL, '2022-11-01 12:53:33', '2022-11-01 12:53:33'),
(985, 2, 1, 25, 17, '2023-11-26', NULL, NULL, NULL, NULL, NULL, NULL, NULL, 1, NULL, '2022-11-01 12:53:33', '2022-11-01 12:53:33'),
(986, 2, 1, 25, 17, '2023-11-27', NULL, NULL, NULL, NULL, NULL, NULL, NULL, 1, NULL, '2022-11-01 12:53:33', '2022-11-01 12:53:33'),
(987, 2, 1, 25, 17, '2023-11-28', NULL, NULL, NULL, NULL, NULL, NULL, NULL, 1, NULL, '2022-11-01 12:53:33', '2022-11-01 12:53:33'),
(988, 2, 1, 25, 17, '2023-11-29', NULL, NULL, NULL, NULL, NULL, NULL, NULL, 1, NULL, '2022-11-01 12:53:33', '2022-11-01 12:53:33'),
(989, 2, 1, 25, 17, '2023-11-30', NULL, NULL, NULL, NULL, NULL, NULL, NULL, 1, NULL, '2022-11-01 12:53:33', '2022-11-01 12:53:33'),
(990, 2, 1, 25, 17, '2023-11-01', NULL, NULL, NULL, NULL, NULL, NULL, NULL, 1, NULL, '2022-11-01 16:19:48', '2022-11-01 16:19:48'),
(991, 2, 1, 25, 17, '2023-11-02', NULL, NULL, NULL, NULL, NULL, NULL, NULL, 1, NULL, '2022-11-01 16:19:48', '2022-11-01 16:19:48'),
(992, 2, 1, 25, 17, '2023-11-03', NULL, NULL, NULL, NULL, NULL, NULL, NULL, 1, NULL, '2022-11-01 16:19:48', '2022-11-01 16:19:48'),
(993, 2, 1, 25, 17, '2023-11-04', NULL, NULL, NULL, NULL, NULL, NULL, NULL, 1, NULL, '2022-11-01 16:19:48', '2022-11-01 16:19:48'),
(994, 2, 1, 25, 17, '2023-11-05', NULL, NULL, NULL, NULL, NULL, NULL, NULL, 1, NULL, '2022-11-01 16:19:48', '2022-11-01 16:19:48'),
(995, 2, 1, 25, 17, '2023-11-06', NULL, NULL, NULL, NULL, NULL, NULL, NULL, 1, NULL, '2022-11-01 16:19:48', '2022-11-01 16:19:48'),
(996, 2, 1, 25, 17, '2023-11-07', NULL, NULL, NULL, NULL, NULL, NULL, NULL, 1, NULL, '2022-11-01 16:19:48', '2022-11-01 16:19:48'),
(997, 2, 1, 25, 17, '2023-11-08', NULL, NULL, NULL, NULL, NULL, NULL, NULL, 1, NULL, '2022-11-01 16:19:48', '2022-11-01 16:19:48'),
(998, 2, 1, 25, 17, '2023-11-09', NULL, NULL, NULL, NULL, NULL, NULL, NULL, 1, NULL, '2022-11-01 16:19:48', '2022-11-01 16:19:48'),
(999, 2, 1, 25, 17, '2023-11-10', NULL, NULL, NULL, NULL, NULL, NULL, NULL, 1, NULL, '2022-11-01 16:19:48', '2022-11-01 16:19:48'),
(1000, 2, 1, 25, 17, '2023-11-11', NULL, NULL, NULL, NULL, NULL, NULL, NULL, 1, NULL, '2022-11-01 16:19:48', '2022-11-01 16:19:48'),
(1001, 2, 1, 25, 17, '2023-11-12', NULL, NULL, NULL, NULL, NULL, NULL, NULL, 1, NULL, '2022-11-01 16:19:48', '2022-11-01 16:19:48'),
(1002, 2, 1, 25, 17, '2023-11-13', NULL, NULL, NULL, NULL, NULL, NULL, NULL, 1, NULL, '2022-11-01 16:19:48', '2022-11-01 16:19:48'),
(1003, 2, 1, 25, 17, '2023-11-14', NULL, NULL, NULL, NULL, NULL, NULL, NULL, 1, NULL, '2022-11-01 16:19:48', '2022-11-01 16:19:48'),
(1004, 2, 1, 25, 17, '2023-11-15', NULL, NULL, NULL, NULL, NULL, NULL, NULL, 1, NULL, '2022-11-01 16:19:48', '2022-11-01 16:19:48'),
(1005, 2, 1, 25, 17, '2023-11-16', NULL, NULL, NULL, NULL, NULL, NULL, NULL, 1, NULL, '2022-11-01 16:19:48', '2022-11-01 16:19:48'),
(1006, 2, 1, 25, 17, '2023-11-17', NULL, NULL, NULL, NULL, NULL, NULL, NULL, 1, NULL, '2022-11-01 16:19:48', '2022-11-01 16:19:48'),
(1007, 2, 1, 25, 17, '2023-11-18', NULL, NULL, NULL, NULL, NULL, NULL, NULL, 1, NULL, '2022-11-01 16:19:48', '2022-11-01 16:19:48'),
(1008, 2, 1, 25, 17, '2023-11-19', NULL, NULL, NULL, NULL, NULL, NULL, NULL, 1, NULL, '2022-11-01 16:19:48', '2022-11-01 16:19:48'),
(1009, 2, 1, 25, 17, '2023-11-20', NULL, NULL, NULL, NULL, NULL, NULL, NULL, 1, NULL, '2022-11-01 16:19:48', '2022-11-01 16:19:48'),
(1010, 2, 1, 25, 17, '2023-11-21', NULL, NULL, NULL, NULL, NULL, NULL, NULL, 1, NULL, '2022-11-01 16:19:48', '2022-11-01 16:19:48'),
(1011, 2, 1, 25, 17, '2023-11-22', NULL, NULL, NULL, NULL, NULL, NULL, NULL, 1, NULL, '2022-11-01 16:19:48', '2022-11-01 16:19:48'),
(1012, 2, 1, 25, 17, '2023-11-23', NULL, NULL, NULL, NULL, NULL, NULL, NULL, 1, NULL, '2022-11-01 16:19:48', '2022-11-01 16:19:48'),
(1013, 2, 1, 25, 17, '2023-11-24', NULL, NULL, NULL, NULL, NULL, NULL, NULL, 1, NULL, '2022-11-01 16:19:48', '2022-11-01 16:19:48'),
(1014, 2, 1, 25, 17, '2023-11-25', NULL, NULL, NULL, NULL, NULL, NULL, NULL, 1, NULL, '2022-11-01 16:19:48', '2022-11-01 16:19:48'),
(1015, 2, 1, 25, 17, '2023-11-26', NULL, NULL, NULL, NULL, NULL, NULL, NULL, 1, NULL, '2022-11-01 16:19:48', '2022-11-01 16:19:48'),
(1016, 2, 1, 25, 17, '2023-11-27', NULL, NULL, NULL, NULL, NULL, NULL, NULL, 1, NULL, '2022-11-01 16:19:48', '2022-11-01 16:19:48'),
(1017, 2, 1, 25, 17, '2023-11-28', NULL, NULL, NULL, NULL, NULL, NULL, NULL, 1, NULL, '2022-11-01 16:19:48', '2022-11-01 16:19:48'),
(1018, 2, 1, 25, 17, '2023-11-29', NULL, NULL, NULL, NULL, NULL, NULL, NULL, 1, NULL, '2022-11-01 16:19:48', '2022-11-01 16:19:48'),
(1019, 2, 1, 25, 17, '2023-11-30', NULL, NULL, NULL, NULL, NULL, NULL, NULL, 1, NULL, '2022-11-01 16:19:48', '2022-11-01 16:19:48'),
(1020, 2, 1, 25, 17, '2023-11-01', NULL, NULL, NULL, NULL, NULL, NULL, NULL, 1, NULL, '2022-11-03 18:28:59', '2022-11-03 18:28:59'),
(1021, 2, 1, 25, 17, '2023-11-02', NULL, NULL, NULL, NULL, NULL, NULL, NULL, 1, NULL, '2022-11-03 18:28:59', '2022-11-03 18:28:59'),
(1022, 2, 1, 25, 17, '2023-11-03', NULL, NULL, NULL, NULL, NULL, NULL, NULL, 1, NULL, '2022-11-03 18:28:59', '2022-11-03 18:28:59'),
(1023, 2, 1, 25, 17, '2023-11-04', NULL, NULL, NULL, NULL, NULL, NULL, NULL, 1, NULL, '2022-11-03 18:28:59', '2022-11-03 18:28:59'),
(1024, 2, 1, 25, 17, '2023-11-05', NULL, NULL, NULL, NULL, NULL, NULL, NULL, 1, NULL, '2022-11-03 18:28:59', '2022-11-03 18:28:59'),
(1025, 2, 1, 25, 17, '2023-11-06', NULL, NULL, NULL, NULL, NULL, NULL, NULL, 1, NULL, '2022-11-03 18:28:59', '2022-11-03 18:28:59'),
(1026, 2, 1, 25, 17, '2023-11-07', NULL, NULL, NULL, NULL, NULL, NULL, NULL, 1, NULL, '2022-11-03 18:28:59', '2022-11-03 18:28:59'),
(1027, 2, 1, 25, 17, '2023-11-08', NULL, NULL, NULL, NULL, NULL, NULL, NULL, 1, NULL, '2022-11-03 18:28:59', '2022-11-03 18:28:59'),
(1028, 2, 1, 25, 17, '2023-11-09', NULL, NULL, NULL, NULL, NULL, NULL, NULL, 1, NULL, '2022-11-03 18:28:59', '2022-11-03 18:28:59'),
(1029, 2, 1, 25, 17, '2023-11-10', NULL, NULL, NULL, NULL, NULL, NULL, NULL, 1, NULL, '2022-11-03 18:28:59', '2022-11-03 18:28:59'),
(1030, 2, 1, 25, 17, '2023-11-11', NULL, NULL, NULL, NULL, NULL, NULL, NULL, 1, NULL, '2022-11-03 18:28:59', '2022-11-03 18:28:59'),
(1031, 2, 1, 25, 17, '2023-11-12', NULL, NULL, NULL, NULL, NULL, NULL, NULL, 1, NULL, '2022-11-03 18:28:59', '2022-11-03 18:28:59'),
(1032, 2, 1, 25, 17, '2023-11-13', NULL, NULL, NULL, NULL, NULL, NULL, NULL, 1, NULL, '2022-11-03 18:28:59', '2022-11-03 18:28:59'),
(1033, 2, 1, 25, 17, '2023-11-14', NULL, NULL, NULL, NULL, NULL, NULL, NULL, 1, NULL, '2022-11-03 18:28:59', '2022-11-03 18:28:59'),
(1034, 2, 1, 25, 17, '2023-11-15', NULL, NULL, NULL, NULL, NULL, NULL, NULL, 1, NULL, '2022-11-03 18:28:59', '2022-11-03 18:28:59'),
(1035, 2, 1, 25, 17, '2023-11-16', NULL, NULL, NULL, NULL, NULL, NULL, NULL, 1, NULL, '2022-11-03 18:28:59', '2022-11-03 18:28:59'),
(1036, 2, 1, 25, 17, '2023-11-17', NULL, NULL, NULL, NULL, NULL, NULL, NULL, 1, NULL, '2022-11-03 18:28:59', '2022-11-03 18:28:59'),
(1037, 2, 1, 25, 17, '2023-11-18', NULL, NULL, NULL, NULL, NULL, NULL, NULL, 1, NULL, '2022-11-03 18:28:59', '2022-11-03 18:28:59'),
(1038, 2, 1, 25, 17, '2023-11-19', NULL, NULL, NULL, NULL, NULL, NULL, NULL, 1, NULL, '2022-11-03 18:28:59', '2022-11-03 18:28:59'),
(1039, 2, 1, 25, 17, '2023-11-20', NULL, NULL, NULL, NULL, NULL, NULL, NULL, 1, NULL, '2022-11-03 18:28:59', '2022-11-03 18:28:59'),
(1040, 2, 1, 25, 17, '2023-11-21', NULL, NULL, NULL, NULL, NULL, NULL, NULL, 1, NULL, '2022-11-03 18:28:59', '2022-11-03 18:28:59'),
(1041, 2, 1, 25, 17, '2023-11-22', NULL, NULL, NULL, NULL, NULL, NULL, NULL, 1, NULL, '2022-11-03 18:28:59', '2022-11-03 18:28:59'),
(1042, 2, 1, 25, 17, '2023-11-23', NULL, NULL, NULL, NULL, NULL, NULL, NULL, 1, NULL, '2022-11-03 18:28:59', '2022-11-03 18:28:59'),
(1043, 2, 1, 25, 17, '2023-11-24', NULL, NULL, NULL, NULL, NULL, NULL, NULL, 1, NULL, '2022-11-03 18:28:59', '2022-11-03 18:28:59'),
(1044, 2, 1, 25, 17, '2023-11-25', NULL, NULL, NULL, NULL, NULL, NULL, NULL, 1, NULL, '2022-11-03 18:28:59', '2022-11-03 18:28:59'),
(1045, 2, 1, 25, 17, '2023-11-26', NULL, NULL, NULL, NULL, NULL, NULL, NULL, 1, NULL, '2022-11-03 18:28:59', '2022-11-03 18:28:59'),
(1046, 2, 1, 25, 17, '2023-11-27', NULL, NULL, NULL, NULL, NULL, NULL, NULL, 1, NULL, '2022-11-03 18:28:59', '2022-11-03 18:28:59'),
(1047, 2, 1, 25, 17, '2023-11-28', NULL, NULL, NULL, NULL, NULL, NULL, NULL, 1, NULL, '2022-11-03 18:28:59', '2022-11-03 18:28:59'),
(1048, 2, 1, 25, 17, '2023-11-29', NULL, NULL, NULL, NULL, NULL, NULL, NULL, 1, NULL, '2022-11-03 18:28:59', '2022-11-03 18:28:59'),
(1049, 2, 1, 25, 17, '2023-11-30', NULL, NULL, NULL, NULL, NULL, NULL, NULL, 1, NULL, '2022-11-03 18:28:59', '2022-11-03 18:28:59'),
(1050, 2, 1, 25, 17, '2023-06-01', NULL, NULL, NULL, NULL, NULL, NULL, NULL, 1, NULL, '2022-11-04 06:33:51', '2022-11-04 06:33:51'),
(1051, 2, 1, 25, 17, '2023-06-02', NULL, NULL, NULL, NULL, NULL, NULL, NULL, 1, NULL, '2022-11-04 06:33:52', '2022-11-04 06:33:52'),
(1052, 2, 1, 25, 17, '2023-06-03', NULL, NULL, NULL, NULL, NULL, NULL, NULL, 1, NULL, '2022-11-04 06:33:52', '2022-11-04 06:33:52'),
(1053, 2, 1, 25, 17, '2023-06-04', NULL, NULL, NULL, NULL, NULL, NULL, NULL, 1, NULL, '2022-11-04 06:33:52', '2022-11-04 06:33:52'),
(1054, 2, 1, 25, 17, '2023-06-05', NULL, NULL, NULL, NULL, NULL, NULL, NULL, 1, NULL, '2022-11-04 06:33:52', '2022-11-04 06:33:52'),
(1055, 2, 1, 25, 17, '2023-06-06', NULL, NULL, NULL, NULL, NULL, NULL, NULL, 1, NULL, '2022-11-04 06:33:52', '2022-11-04 06:33:52'),
(1056, 2, 1, 25, 17, '2023-06-07', NULL, NULL, NULL, NULL, NULL, NULL, NULL, 1, NULL, '2022-11-04 06:33:52', '2022-11-04 06:33:52'),
(1057, 2, 1, 25, 17, '2023-06-08', NULL, NULL, NULL, NULL, NULL, NULL, NULL, 1, NULL, '2022-11-04 06:33:52', '2022-11-04 06:33:52'),
(1058, 2, 1, 25, 17, '2023-06-09', NULL, NULL, NULL, NULL, NULL, NULL, NULL, 1, NULL, '2022-11-04 06:33:52', '2022-11-04 06:33:52'),
(1059, 2, 1, 25, 17, '2023-06-10', NULL, NULL, NULL, NULL, NULL, NULL, NULL, 1, NULL, '2022-11-04 06:33:52', '2022-11-04 06:33:52'),
(1060, 2, 1, 25, 17, '2023-06-11', NULL, NULL, NULL, NULL, NULL, NULL, NULL, 1, NULL, '2022-11-04 06:33:52', '2022-11-04 06:33:52'),
(1061, 2, 1, 25, 17, '2023-06-12', NULL, NULL, NULL, NULL, NULL, NULL, NULL, 1, NULL, '2022-11-04 06:33:52', '2022-11-04 06:33:52'),
(1062, 2, 1, 25, 17, '2023-06-13', NULL, NULL, NULL, NULL, NULL, NULL, NULL, 1, NULL, '2022-11-04 06:33:52', '2022-11-04 06:33:52'),
(1063, 2, 1, 25, 17, '2023-06-14', NULL, NULL, NULL, NULL, NULL, NULL, NULL, 1, NULL, '2022-11-04 06:33:52', '2022-11-04 06:33:52'),
(1064, 2, 1, 25, 17, '2023-06-15', NULL, NULL, NULL, NULL, NULL, NULL, NULL, 1, NULL, '2022-11-04 06:33:52', '2022-11-04 06:33:52'),
(1065, 2, 1, 25, 17, '2023-06-16', NULL, NULL, NULL, NULL, NULL, NULL, NULL, 1, NULL, '2022-11-04 06:33:52', '2022-11-04 06:33:52'),
(1066, 2, 1, 25, 17, '2023-06-17', NULL, NULL, NULL, NULL, NULL, NULL, NULL, 1, NULL, '2022-11-04 06:33:52', '2022-11-04 06:33:52'),
(1067, 2, 1, 25, 17, '2023-06-18', NULL, NULL, NULL, NULL, NULL, NULL, NULL, 1, NULL, '2022-11-04 06:33:52', '2022-11-04 06:33:52'),
(1068, 2, 1, 25, 17, '2023-06-19', NULL, NULL, NULL, NULL, NULL, NULL, NULL, 1, NULL, '2022-11-04 06:33:52', '2022-11-04 06:33:52'),
(1069, 2, 1, 25, 17, '2023-06-20', NULL, NULL, NULL, NULL, NULL, NULL, NULL, 1, NULL, '2022-11-04 06:33:52', '2022-11-04 06:33:52'),
(1070, 2, 1, 25, 17, '2023-06-21', NULL, NULL, NULL, NULL, NULL, NULL, NULL, 1, NULL, '2022-11-04 06:33:52', '2022-11-04 06:33:52'),
(1071, 2, 1, 25, 17, '2023-06-22', NULL, NULL, NULL, NULL, NULL, NULL, NULL, 1, NULL, '2022-11-04 06:33:52', '2022-11-04 06:33:52'),
(1072, 2, 1, 25, 17, '2023-06-23', NULL, NULL, NULL, NULL, NULL, NULL, NULL, 1, NULL, '2022-11-04 06:33:52', '2022-11-04 06:33:52'),
(1073, 2, 1, 25, 17, '2023-06-24', NULL, NULL, NULL, NULL, NULL, NULL, NULL, 1, NULL, '2022-11-04 06:33:52', '2022-11-04 06:33:52'),
(1074, 2, 1, 25, 17, '2023-06-25', NULL, NULL, NULL, NULL, NULL, NULL, NULL, 1, NULL, '2022-11-04 06:33:52', '2022-11-04 06:33:52'),
(1075, 2, 1, 25, 17, '2023-06-26', NULL, NULL, NULL, NULL, NULL, NULL, NULL, 1, NULL, '2022-11-04 06:33:52', '2022-11-04 06:33:52'),
(1076, 2, 1, 25, 17, '2023-06-27', NULL, NULL, NULL, NULL, NULL, NULL, NULL, 1, NULL, '2022-11-04 06:33:52', '2022-11-04 06:33:52'),
(1077, 2, 1, 25, 17, '2023-06-28', NULL, NULL, NULL, NULL, NULL, NULL, NULL, 1, NULL, '2022-11-04 06:33:52', '2022-11-04 06:33:52'),
(1078, 2, 1, 25, 17, '2023-06-29', NULL, NULL, NULL, NULL, NULL, NULL, NULL, 1, NULL, '2022-11-04 06:33:52', '2022-11-04 06:33:52'),
(1079, 2, 1, 25, 17, '2023-06-30', NULL, NULL, NULL, NULL, NULL, NULL, NULL, 1, NULL, '2022-11-04 06:33:52', '2022-11-04 06:33:52'),
(1080, 2, 1, 25, 17, '2023-11-01', NULL, NULL, NULL, NULL, NULL, NULL, NULL, 1, NULL, '2022-11-05 03:12:21', '2022-11-05 03:12:21'),
(1081, 2, 1, 25, 17, '2023-11-02', NULL, NULL, NULL, NULL, NULL, NULL, NULL, 1, NULL, '2022-11-05 03:12:21', '2022-11-05 03:12:21'),
(1082, 2, 1, 25, 17, '2023-11-03', NULL, NULL, NULL, NULL, NULL, NULL, NULL, 1, NULL, '2022-11-05 03:12:21', '2022-11-05 03:12:21'),
(1083, 2, 1, 25, 17, '2023-11-04', NULL, NULL, NULL, NULL, NULL, NULL, NULL, 1, NULL, '2022-11-05 03:12:21', '2022-11-05 03:12:21'),
(1084, 2, 1, 25, 17, '2023-11-05', NULL, NULL, NULL, NULL, NULL, NULL, NULL, 1, NULL, '2022-11-05 03:12:21', '2022-11-05 03:12:21'),
(1085, 2, 1, 25, 17, '2023-11-06', NULL, NULL, NULL, NULL, NULL, NULL, NULL, 1, NULL, '2022-11-05 03:12:21', '2022-11-05 03:12:21'),
(1086, 2, 1, 25, 17, '2023-11-07', NULL, NULL, NULL, NULL, NULL, NULL, NULL, 1, NULL, '2022-11-05 03:12:21', '2022-11-05 03:12:21'),
(1087, 2, 1, 25, 17, '2023-11-08', NULL, NULL, NULL, NULL, NULL, NULL, NULL, 1, NULL, '2022-11-05 03:12:21', '2022-11-05 03:12:21'),
(1088, 2, 1, 25, 17, '2023-11-09', NULL, NULL, NULL, NULL, NULL, NULL, NULL, 1, NULL, '2022-11-05 03:12:21', '2022-11-05 03:12:21'),
(1089, 2, 1, 25, 17, '2023-11-10', NULL, NULL, NULL, NULL, NULL, NULL, NULL, 1, NULL, '2022-11-05 03:12:21', '2022-11-05 03:12:21'),
(1090, 2, 1, 25, 17, '2023-11-11', NULL, NULL, NULL, NULL, NULL, NULL, NULL, 1, NULL, '2022-11-05 03:12:21', '2022-11-05 03:12:21'),
(1091, 2, 1, 25, 17, '2023-11-12', NULL, NULL, NULL, NULL, NULL, NULL, NULL, 1, NULL, '2022-11-05 03:12:21', '2022-11-05 03:12:21'),
(1092, 2, 1, 25, 17, '2023-11-13', NULL, NULL, NULL, NULL, NULL, NULL, NULL, 1, NULL, '2022-11-05 03:12:21', '2022-11-05 03:12:21'),
(1093, 2, 1, 25, 17, '2023-11-14', NULL, NULL, NULL, NULL, NULL, NULL, NULL, 1, NULL, '2022-11-05 03:12:21', '2022-11-05 03:12:21'),
(1094, 2, 1, 25, 17, '2023-11-15', NULL, NULL, NULL, NULL, NULL, NULL, NULL, 1, NULL, '2022-11-05 03:12:21', '2022-11-05 03:12:21'),
(1095, 2, 1, 25, 17, '2023-11-16', NULL, NULL, NULL, NULL, NULL, NULL, NULL, 1, NULL, '2022-11-05 03:12:21', '2022-11-05 03:12:21'),
(1096, 2, 1, 25, 17, '2023-11-17', NULL, NULL, NULL, NULL, NULL, NULL, NULL, 1, NULL, '2022-11-05 03:12:21', '2022-11-05 03:12:21'),
(1097, 2, 1, 25, 17, '2023-11-18', NULL, NULL, NULL, NULL, NULL, NULL, NULL, 1, NULL, '2022-11-05 03:12:21', '2022-11-05 03:12:21'),
(1098, 2, 1, 25, 17, '2023-11-19', NULL, NULL, NULL, NULL, NULL, NULL, NULL, 1, NULL, '2022-11-05 03:12:21', '2022-11-05 03:12:21'),
(1099, 2, 1, 25, 17, '2023-11-20', NULL, NULL, NULL, NULL, NULL, NULL, NULL, 1, NULL, '2022-11-05 03:12:21', '2022-11-05 03:12:21'),
(1100, 2, 1, 25, 17, '2023-11-21', NULL, NULL, NULL, NULL, NULL, NULL, NULL, 1, NULL, '2022-11-05 03:12:21', '2022-11-05 03:12:21'),
(1101, 2, 1, 25, 17, '2023-11-22', NULL, NULL, NULL, NULL, NULL, NULL, NULL, 1, NULL, '2022-11-05 03:12:21', '2022-11-05 03:12:21'),
(1102, 2, 1, 25, 17, '2023-11-23', NULL, NULL, NULL, NULL, NULL, NULL, NULL, 1, NULL, '2022-11-05 03:12:21', '2022-11-05 03:12:21'),
(1103, 2, 1, 25, 17, '2023-11-24', NULL, NULL, NULL, NULL, NULL, NULL, NULL, 1, NULL, '2022-11-05 03:12:21', '2022-11-05 03:12:21'),
(1104, 2, 1, 25, 17, '2023-11-25', NULL, NULL, NULL, NULL, NULL, NULL, NULL, 1, NULL, '2022-11-05 03:12:21', '2022-11-05 03:12:21'),
(1105, 2, 1, 25, 17, '2023-11-26', NULL, NULL, NULL, NULL, NULL, NULL, NULL, 1, NULL, '2022-11-05 03:12:21', '2022-11-05 03:12:21'),
(1106, 2, 1, 25, 17, '2023-11-27', NULL, NULL, NULL, NULL, NULL, NULL, NULL, 1, NULL, '2022-11-05 03:12:21', '2022-11-05 03:12:21'),
(1107, 2, 1, 25, 17, '2023-11-28', NULL, NULL, NULL, NULL, NULL, NULL, NULL, 1, NULL, '2022-11-05 03:12:21', '2022-11-05 03:12:21'),
(1108, 2, 1, 25, 17, '2023-11-29', NULL, NULL, NULL, NULL, NULL, NULL, NULL, 1, NULL, '2022-11-05 03:12:21', '2022-11-05 03:12:21'),
(1109, 2, 1, 25, 17, '2023-11-30', NULL, NULL, NULL, NULL, NULL, NULL, NULL, 1, NULL, '2022-11-05 03:12:21', '2022-11-05 03:12:21'),
(1110, 2, 1, 25, 17, '2023-11-01', NULL, NULL, NULL, NULL, NULL, NULL, NULL, 1, NULL, '2022-11-06 09:42:36', '2022-11-06 09:42:36'),
(1111, 2, 1, 25, 17, '2023-11-02', NULL, NULL, NULL, NULL, NULL, NULL, NULL, 1, NULL, '2022-11-06 09:42:36', '2022-11-06 09:42:36'),
(1112, 2, 1, 25, 17, '2023-11-03', NULL, NULL, NULL, NULL, NULL, NULL, NULL, 1, NULL, '2022-11-06 09:42:36', '2022-11-06 09:42:36'),
(1113, 2, 1, 25, 17, '2023-11-04', NULL, NULL, NULL, NULL, NULL, NULL, NULL, 1, NULL, '2022-11-06 09:42:36', '2022-11-06 09:42:36'),
(1114, 2, 1, 25, 17, '2023-11-05', NULL, NULL, NULL, NULL, NULL, NULL, NULL, 1, NULL, '2022-11-06 09:42:36', '2022-11-06 09:42:36'),
(1115, 2, 1, 25, 17, '2023-11-06', NULL, NULL, NULL, NULL, NULL, NULL, NULL, 1, NULL, '2022-11-06 09:42:36', '2022-11-06 09:42:36'),
(1116, 2, 1, 25, 17, '2023-11-07', NULL, NULL, NULL, NULL, NULL, NULL, NULL, 1, NULL, '2022-11-06 09:42:36', '2022-11-06 09:42:36'),
(1117, 2, 1, 25, 17, '2023-11-08', NULL, NULL, NULL, NULL, NULL, NULL, NULL, 1, NULL, '2022-11-06 09:42:36', '2022-11-06 09:42:36'),
(1118, 2, 1, 25, 17, '2023-11-09', NULL, NULL, NULL, NULL, NULL, NULL, NULL, 1, NULL, '2022-11-06 09:42:36', '2022-11-06 09:42:36'),
(1119, 2, 1, 25, 17, '2023-11-10', NULL, NULL, NULL, NULL, NULL, NULL, NULL, 1, NULL, '2022-11-06 09:42:36', '2022-11-06 09:42:36'),
(1120, 2, 1, 25, 17, '2023-11-11', NULL, NULL, NULL, NULL, NULL, NULL, NULL, 1, NULL, '2022-11-06 09:42:36', '2022-11-06 09:42:36'),
(1121, 2, 1, 25, 17, '2023-11-12', NULL, NULL, NULL, NULL, NULL, NULL, NULL, 1, NULL, '2022-11-06 09:42:36', '2022-11-06 09:42:36'),
(1122, 2, 1, 25, 17, '2023-11-13', NULL, NULL, NULL, NULL, NULL, NULL, NULL, 1, NULL, '2022-11-06 09:42:36', '2022-11-06 09:42:36'),
(1123, 2, 1, 25, 17, '2023-11-14', NULL, NULL, NULL, NULL, NULL, NULL, NULL, 1, NULL, '2022-11-06 09:42:36', '2022-11-06 09:42:36'),
(1124, 2, 1, 25, 17, '2023-11-15', NULL, NULL, NULL, NULL, NULL, NULL, NULL, 1, NULL, '2022-11-06 09:42:36', '2022-11-06 09:42:36'),
(1125, 2, 1, 25, 17, '2023-11-16', NULL, NULL, NULL, NULL, NULL, NULL, NULL, 1, NULL, '2022-11-06 09:42:36', '2022-11-06 09:42:36'),
(1126, 2, 1, 25, 17, '2023-11-17', NULL, NULL, NULL, NULL, NULL, NULL, NULL, 1, NULL, '2022-11-06 09:42:36', '2022-11-06 09:42:36'),
(1127, 2, 1, 25, 17, '2023-11-18', NULL, NULL, NULL, NULL, NULL, NULL, NULL, 1, NULL, '2022-11-06 09:42:36', '2022-11-06 09:42:36'),
(1128, 2, 1, 25, 17, '2023-11-19', NULL, NULL, NULL, NULL, NULL, NULL, NULL, 1, NULL, '2022-11-06 09:42:36', '2022-11-06 09:42:36'),
(1129, 2, 1, 25, 17, '2023-11-20', NULL, NULL, NULL, NULL, NULL, NULL, NULL, 1, NULL, '2022-11-06 09:42:36', '2022-11-06 09:42:36'),
(1130, 2, 1, 25, 17, '2023-11-21', NULL, NULL, NULL, NULL, NULL, NULL, NULL, 1, NULL, '2022-11-06 09:42:36', '2022-11-06 09:42:36'),
(1131, 2, 1, 25, 17, '2023-11-22', NULL, NULL, NULL, NULL, NULL, NULL, NULL, 1, NULL, '2022-11-06 09:42:36', '2022-11-06 09:42:36'),
(1132, 2, 1, 25, 17, '2023-11-23', NULL, NULL, NULL, NULL, NULL, NULL, NULL, 1, NULL, '2022-11-06 09:42:36', '2022-11-06 09:42:36'),
(1133, 2, 1, 25, 17, '2023-11-24', NULL, NULL, NULL, NULL, NULL, NULL, NULL, 1, NULL, '2022-11-06 09:42:36', '2022-11-06 09:42:36'),
(1134, 2, 1, 25, 17, '2023-11-25', NULL, NULL, NULL, NULL, NULL, NULL, NULL, 1, NULL, '2022-11-06 09:42:36', '2022-11-06 09:42:36'),
(1135, 2, 1, 25, 17, '2023-11-26', NULL, NULL, NULL, NULL, NULL, NULL, NULL, 1, NULL, '2022-11-06 09:42:36', '2022-11-06 09:42:36'),
(1136, 2, 1, 25, 17, '2023-11-27', NULL, NULL, NULL, NULL, NULL, NULL, NULL, 1, NULL, '2022-11-06 09:42:36', '2022-11-06 09:42:36'),
(1137, 2, 1, 25, 17, '2023-11-28', NULL, NULL, NULL, NULL, NULL, NULL, NULL, 1, NULL, '2022-11-06 09:42:36', '2022-11-06 09:42:36'),
(1138, 2, 1, 25, 17, '2023-11-29', NULL, NULL, NULL, NULL, NULL, NULL, NULL, 1, NULL, '2022-11-06 09:42:36', '2022-11-06 09:42:36'),
(1139, 2, 1, 25, 17, '2023-11-30', NULL, NULL, NULL, NULL, NULL, NULL, NULL, 1, NULL, '2022-11-06 09:42:36', '2022-11-06 09:42:36'),
(1140, 2, 1, 25, 17, '2023-11-01', NULL, NULL, NULL, NULL, NULL, NULL, NULL, 1, NULL, '2022-11-07 05:43:17', '2022-11-07 05:43:17'),
(1141, 2, 1, 25, 17, '2023-11-02', NULL, NULL, NULL, NULL, NULL, NULL, NULL, 1, NULL, '2022-11-07 05:43:17', '2022-11-07 05:43:17'),
(1142, 2, 1, 25, 17, '2023-11-03', NULL, NULL, NULL, NULL, NULL, NULL, NULL, 1, NULL, '2022-11-07 05:43:17', '2022-11-07 05:43:17'),
(1143, 2, 1, 25, 17, '2023-11-04', NULL, NULL, NULL, NULL, NULL, NULL, NULL, 1, NULL, '2022-11-07 05:43:17', '2022-11-07 05:43:17'),
(1144, 2, 1, 25, 17, '2023-11-05', NULL, NULL, NULL, NULL, NULL, NULL, NULL, 1, NULL, '2022-11-07 05:43:17', '2022-11-07 05:43:17'),
(1145, 2, 1, 25, 17, '2023-11-06', NULL, NULL, NULL, NULL, NULL, NULL, NULL, 1, NULL, '2022-11-07 05:43:17', '2022-11-07 05:43:17'),
(1146, 2, 1, 25, 17, '2023-11-07', NULL, NULL, NULL, NULL, NULL, NULL, NULL, 1, NULL, '2022-11-07 05:43:17', '2022-11-07 05:43:17'),
(1147, 2, 1, 25, 17, '2023-11-08', NULL, NULL, NULL, NULL, NULL, NULL, NULL, 1, NULL, '2022-11-07 05:43:17', '2022-11-07 05:43:17'),
(1148, 2, 1, 25, 17, '2023-11-09', NULL, NULL, NULL, NULL, NULL, NULL, NULL, 1, NULL, '2022-11-07 05:43:17', '2022-11-07 05:43:17'),
(1149, 2, 1, 25, 17, '2023-11-10', NULL, NULL, NULL, NULL, NULL, NULL, NULL, 1, NULL, '2022-11-07 05:43:17', '2022-11-07 05:43:17'),
(1150, 2, 1, 25, 17, '2023-11-11', NULL, NULL, NULL, NULL, NULL, NULL, NULL, 1, NULL, '2022-11-07 05:43:17', '2022-11-07 05:43:17'),
(1151, 2, 1, 25, 17, '2023-11-12', NULL, NULL, NULL, NULL, NULL, NULL, NULL, 1, NULL, '2022-11-07 05:43:17', '2022-11-07 05:43:17'),
(1152, 2, 1, 25, 17, '2023-11-13', NULL, NULL, NULL, NULL, NULL, NULL, NULL, 1, NULL, '2022-11-07 05:43:17', '2022-11-07 05:43:17'),
(1153, 2, 1, 25, 17, '2023-11-14', NULL, NULL, NULL, NULL, NULL, NULL, NULL, 1, NULL, '2022-11-07 05:43:17', '2022-11-07 05:43:17'),
(1154, 2, 1, 25, 17, '2023-11-15', NULL, NULL, NULL, NULL, NULL, NULL, NULL, 1, NULL, '2022-11-07 05:43:17', '2022-11-07 05:43:17'),
(1155, 2, 1, 25, 17, '2023-11-16', NULL, NULL, NULL, NULL, NULL, NULL, NULL, 1, NULL, '2022-11-07 05:43:17', '2022-11-07 05:43:17'),
(1156, 2, 1, 25, 17, '2023-11-17', NULL, NULL, NULL, NULL, NULL, NULL, NULL, 1, NULL, '2022-11-07 05:43:17', '2022-11-07 05:43:17'),
(1157, 2, 1, 25, 17, '2023-11-18', NULL, NULL, NULL, NULL, NULL, NULL, NULL, 1, NULL, '2022-11-07 05:43:17', '2022-11-07 05:43:17'),
(1158, 2, 1, 25, 17, '2023-11-19', NULL, NULL, NULL, NULL, NULL, NULL, NULL, 1, NULL, '2022-11-07 05:43:17', '2022-11-07 05:43:17'),
(1159, 2, 1, 25, 17, '2023-11-20', NULL, NULL, NULL, NULL, NULL, NULL, NULL, 1, NULL, '2022-11-07 05:43:17', '2022-11-07 05:43:17'),
(1160, 2, 1, 25, 17, '2023-11-21', NULL, NULL, NULL, NULL, NULL, NULL, NULL, 1, NULL, '2022-11-07 05:43:17', '2022-11-07 05:43:17'),
(1161, 2, 1, 25, 17, '2023-11-22', NULL, NULL, NULL, NULL, NULL, NULL, NULL, 1, NULL, '2022-11-07 05:43:17', '2022-11-07 05:43:17'),
(1162, 2, 1, 25, 17, '2023-11-23', NULL, NULL, NULL, NULL, NULL, NULL, NULL, 1, NULL, '2022-11-07 05:43:17', '2022-11-07 05:43:17'),
(1163, 2, 1, 25, 17, '2023-11-24', NULL, NULL, NULL, NULL, NULL, NULL, NULL, 1, NULL, '2022-11-07 05:43:17', '2022-11-07 05:43:17'),
(1164, 2, 1, 25, 17, '2023-11-25', NULL, NULL, NULL, NULL, NULL, NULL, NULL, 1, NULL, '2022-11-07 05:43:17', '2022-11-07 05:43:17'),
(1165, 2, 1, 25, 17, '2023-11-26', NULL, NULL, NULL, NULL, NULL, NULL, NULL, 1, NULL, '2022-11-07 05:43:17', '2022-11-07 05:43:17'),
(1166, 2, 1, 25, 17, '2023-11-27', NULL, NULL, NULL, NULL, NULL, NULL, NULL, 1, NULL, '2022-11-07 05:43:17', '2022-11-07 05:43:17'),
(1167, 2, 1, 25, 17, '2023-11-28', NULL, NULL, NULL, NULL, NULL, NULL, NULL, 1, NULL, '2022-11-07 05:43:17', '2022-11-07 05:43:17'),
(1168, 2, 1, 25, 17, '2023-11-29', NULL, NULL, NULL, NULL, NULL, NULL, NULL, 1, NULL, '2022-11-07 05:43:17', '2022-11-07 05:43:17'),
(1169, 2, 1, 25, 17, '2023-11-30', NULL, NULL, NULL, NULL, NULL, NULL, NULL, 1, NULL, '2022-11-07 05:43:17', '2022-11-07 05:43:17'),
(1170, 2, 1, 25, 17, '2023-11-01', NULL, NULL, NULL, NULL, NULL, NULL, NULL, 1, NULL, '2022-11-08 05:18:21', '2022-11-08 05:18:21'),
(1171, 2, 1, 25, 17, '2023-11-02', NULL, NULL, NULL, NULL, NULL, NULL, NULL, 1, NULL, '2022-11-08 05:18:22', '2022-11-08 05:18:22'),
(1172, 2, 1, 25, 17, '2023-11-03', NULL, NULL, NULL, NULL, NULL, NULL, NULL, 1, NULL, '2022-11-08 05:18:22', '2022-11-08 05:18:22'),
(1173, 2, 1, 25, 17, '2023-11-04', NULL, NULL, NULL, NULL, NULL, NULL, NULL, 1, NULL, '2022-11-08 05:18:22', '2022-11-08 05:18:22'),
(1174, 2, 1, 25, 17, '2023-11-05', NULL, NULL, NULL, NULL, NULL, NULL, NULL, 1, NULL, '2022-11-08 05:18:22', '2022-11-08 05:18:22'),
(1175, 2, 1, 25, 17, '2023-11-06', NULL, NULL, NULL, NULL, NULL, NULL, NULL, 1, NULL, '2022-11-08 05:18:22', '2022-11-08 05:18:22'),
(1176, 2, 1, 25, 17, '2023-11-07', NULL, NULL, NULL, NULL, NULL, NULL, NULL, 1, NULL, '2022-11-08 05:18:22', '2022-11-08 05:18:22'),
(1177, 2, 1, 25, 17, '2023-11-08', NULL, NULL, NULL, NULL, NULL, NULL, NULL, 1, NULL, '2022-11-08 05:18:22', '2022-11-08 05:18:22'),
(1178, 2, 1, 25, 17, '2023-11-09', NULL, NULL, NULL, NULL, NULL, NULL, NULL, 1, NULL, '2022-11-08 05:18:22', '2022-11-08 05:18:22'),
(1179, 2, 1, 25, 17, '2023-11-10', NULL, NULL, NULL, NULL, NULL, NULL, NULL, 1, NULL, '2022-11-08 05:18:22', '2022-11-08 05:18:22'),
(1180, 2, 1, 25, 17, '2023-11-11', NULL, NULL, NULL, NULL, NULL, NULL, NULL, 1, NULL, '2022-11-08 05:18:22', '2022-11-08 05:18:22'),
(1181, 2, 1, 25, 17, '2023-11-12', NULL, NULL, NULL, NULL, NULL, NULL, NULL, 1, NULL, '2022-11-08 05:18:22', '2022-11-08 05:18:22');
INSERT INTO `shift_employees` (`id`, `account_type`, `clinic_id`, `employee_id`, `shift_id`, `dateA`, `check_in`, `check_out`, `checkin_another_employee`, `checkout_another_employee`, `attendance_status`, `total_delay_minute`, `total_extra_minute`, `status`, `deleted_at`, `created_at`, `updated_at`) VALUES
(1182, 2, 1, 25, 17, '2023-11-13', NULL, NULL, NULL, NULL, NULL, NULL, NULL, 1, NULL, '2022-11-08 05:18:22', '2022-11-08 05:18:22'),
(1183, 2, 1, 25, 17, '2023-11-14', NULL, NULL, NULL, NULL, NULL, NULL, NULL, 1, NULL, '2022-11-08 05:18:22', '2022-11-08 05:18:22'),
(1184, 2, 1, 25, 17, '2023-11-15', NULL, NULL, NULL, NULL, NULL, NULL, NULL, 1, NULL, '2022-11-08 05:18:22', '2022-11-08 05:18:22'),
(1185, 2, 1, 25, 17, '2023-11-16', NULL, NULL, NULL, NULL, NULL, NULL, NULL, 1, NULL, '2022-11-08 05:18:22', '2022-11-08 05:18:22'),
(1186, 2, 1, 25, 17, '2023-11-17', NULL, NULL, NULL, NULL, NULL, NULL, NULL, 1, NULL, '2022-11-08 05:18:22', '2022-11-08 05:18:22'),
(1187, 2, 1, 25, 17, '2023-11-18', NULL, NULL, NULL, NULL, NULL, NULL, NULL, 1, NULL, '2022-11-08 05:18:22', '2022-11-08 05:18:22'),
(1188, 2, 1, 25, 17, '2023-11-19', NULL, NULL, NULL, NULL, NULL, NULL, NULL, 1, NULL, '2022-11-08 05:18:22', '2022-11-08 05:18:22'),
(1189, 2, 1, 25, 17, '2023-11-20', NULL, NULL, NULL, NULL, NULL, NULL, NULL, 1, NULL, '2022-11-08 05:18:22', '2022-11-08 05:18:22'),
(1190, 2, 1, 25, 17, '2023-11-21', NULL, NULL, NULL, NULL, NULL, NULL, NULL, 1, NULL, '2022-11-08 05:18:22', '2022-11-08 05:18:22'),
(1191, 2, 1, 25, 17, '2023-11-22', NULL, NULL, NULL, NULL, NULL, NULL, NULL, 1, NULL, '2022-11-08 05:18:22', '2022-11-08 05:18:22'),
(1192, 2, 1, 25, 17, '2023-11-23', NULL, NULL, NULL, NULL, NULL, NULL, NULL, 1, NULL, '2022-11-08 05:18:22', '2022-11-08 05:18:22'),
(1193, 2, 1, 25, 17, '2023-11-24', NULL, NULL, NULL, NULL, NULL, NULL, NULL, 1, NULL, '2022-11-08 05:18:22', '2022-11-08 05:18:22'),
(1194, 2, 1, 25, 17, '2023-11-25', NULL, NULL, NULL, NULL, NULL, NULL, NULL, 1, NULL, '2022-11-08 05:18:22', '2022-11-08 05:18:22'),
(1195, 2, 1, 25, 17, '2023-11-26', NULL, NULL, NULL, NULL, NULL, NULL, NULL, 1, NULL, '2022-11-08 05:18:22', '2022-11-08 05:18:22'),
(1196, 2, 1, 25, 17, '2023-11-27', NULL, NULL, NULL, NULL, NULL, NULL, NULL, 1, NULL, '2022-11-08 05:18:22', '2022-11-08 05:18:22'),
(1197, 2, 1, 25, 17, '2023-11-28', NULL, NULL, NULL, NULL, NULL, NULL, NULL, 1, NULL, '2022-11-08 05:18:22', '2022-11-08 05:18:22'),
(1198, 2, 1, 25, 17, '2023-11-29', NULL, NULL, NULL, NULL, NULL, NULL, NULL, 1, NULL, '2022-11-08 05:18:22', '2022-11-08 05:18:22'),
(1199, 2, 1, 25, 17, '2023-11-30', NULL, NULL, NULL, NULL, NULL, NULL, NULL, 1, NULL, '2022-11-08 05:18:22', '2022-11-08 05:18:22'),
(1200, 2, 1, 25, 17, '2023-11-01', NULL, NULL, NULL, NULL, NULL, NULL, NULL, 1, NULL, '2022-11-08 16:24:02', '2022-11-08 16:24:02'),
(1201, 2, 1, 25, 17, '2023-11-02', NULL, NULL, NULL, NULL, NULL, NULL, NULL, 1, NULL, '2022-11-08 16:24:02', '2022-11-08 16:24:02'),
(1202, 2, 1, 25, 17, '2023-11-03', NULL, NULL, NULL, NULL, NULL, NULL, NULL, 1, NULL, '2022-11-08 16:24:02', '2022-11-08 16:24:02'),
(1203, 2, 1, 25, 17, '2023-11-04', NULL, NULL, NULL, NULL, NULL, NULL, NULL, 1, NULL, '2022-11-08 16:24:02', '2022-11-08 16:24:02'),
(1204, 2, 1, 25, 17, '2023-11-05', NULL, NULL, NULL, NULL, NULL, NULL, NULL, 1, NULL, '2022-11-08 16:24:02', '2022-11-08 16:24:02'),
(1205, 2, 1, 25, 17, '2023-11-06', NULL, NULL, NULL, NULL, NULL, NULL, NULL, 1, NULL, '2022-11-08 16:24:02', '2022-11-08 16:24:02'),
(1206, 2, 1, 25, 17, '2023-11-07', NULL, NULL, NULL, NULL, NULL, NULL, NULL, 1, NULL, '2022-11-08 16:24:02', '2022-11-08 16:24:02'),
(1207, 2, 1, 25, 17, '2023-11-08', NULL, NULL, NULL, NULL, NULL, NULL, NULL, 1, NULL, '2022-11-08 16:24:02', '2022-11-08 16:24:02'),
(1208, 2, 1, 25, 17, '2023-11-09', NULL, NULL, NULL, NULL, NULL, NULL, NULL, 1, NULL, '2022-11-08 16:24:02', '2022-11-08 16:24:02'),
(1209, 2, 1, 25, 17, '2023-11-10', NULL, NULL, NULL, NULL, NULL, NULL, NULL, 1, NULL, '2022-11-08 16:24:02', '2022-11-08 16:24:02'),
(1210, 2, 1, 25, 17, '2023-11-11', NULL, NULL, NULL, NULL, NULL, NULL, NULL, 1, NULL, '2022-11-08 16:24:02', '2022-11-08 16:24:02'),
(1211, 2, 1, 25, 17, '2023-11-12', NULL, NULL, NULL, NULL, NULL, NULL, NULL, 1, NULL, '2022-11-08 16:24:02', '2022-11-08 16:24:02'),
(1212, 2, 1, 25, 17, '2023-11-13', NULL, NULL, NULL, NULL, NULL, NULL, NULL, 1, NULL, '2022-11-08 16:24:02', '2022-11-08 16:24:02'),
(1213, 2, 1, 25, 17, '2023-11-14', NULL, NULL, NULL, NULL, NULL, NULL, NULL, 1, NULL, '2022-11-08 16:24:02', '2022-11-08 16:24:02'),
(1214, 2, 1, 25, 17, '2023-11-15', NULL, NULL, NULL, NULL, NULL, NULL, NULL, 1, NULL, '2022-11-08 16:24:02', '2022-11-08 16:24:02'),
(1215, 2, 1, 25, 17, '2023-11-16', NULL, NULL, NULL, NULL, NULL, NULL, NULL, 1, NULL, '2022-11-08 16:24:02', '2022-11-08 16:24:02'),
(1216, 2, 1, 25, 17, '2023-11-17', NULL, NULL, NULL, NULL, NULL, NULL, NULL, 1, NULL, '2022-11-08 16:24:02', '2022-11-08 16:24:02'),
(1217, 2, 1, 25, 17, '2023-11-18', NULL, NULL, NULL, NULL, NULL, NULL, NULL, 1, NULL, '2022-11-08 16:24:02', '2022-11-08 16:24:02'),
(1218, 2, 1, 25, 17, '2023-11-19', NULL, NULL, NULL, NULL, NULL, NULL, NULL, 1, NULL, '2022-11-08 16:24:02', '2022-11-08 16:24:02'),
(1219, 2, 1, 25, 17, '2023-11-20', NULL, NULL, NULL, NULL, NULL, NULL, NULL, 1, NULL, '2022-11-08 16:24:02', '2022-11-08 16:24:02'),
(1220, 2, 1, 25, 17, '2023-11-21', NULL, NULL, NULL, NULL, NULL, NULL, NULL, 1, NULL, '2022-11-08 16:24:02', '2022-11-08 16:24:02'),
(1221, 2, 1, 25, 17, '2023-11-22', NULL, NULL, NULL, NULL, NULL, NULL, NULL, 1, NULL, '2022-11-08 16:24:02', '2022-11-08 16:24:02'),
(1222, 2, 1, 25, 17, '2023-11-23', NULL, NULL, NULL, NULL, NULL, NULL, NULL, 1, NULL, '2022-11-08 16:24:02', '2022-11-08 16:24:02'),
(1223, 2, 1, 25, 17, '2023-11-24', NULL, NULL, NULL, NULL, NULL, NULL, NULL, 1, NULL, '2022-11-08 16:24:02', '2022-11-08 16:24:02'),
(1224, 2, 1, 25, 17, '2023-11-25', NULL, NULL, NULL, NULL, NULL, NULL, NULL, 1, NULL, '2022-11-08 16:24:02', '2022-11-08 16:24:02'),
(1225, 2, 1, 25, 17, '2023-11-26', NULL, NULL, NULL, NULL, NULL, NULL, NULL, 1, NULL, '2022-11-08 16:24:02', '2022-11-08 16:24:02'),
(1226, 2, 1, 25, 17, '2023-11-27', NULL, NULL, NULL, NULL, NULL, NULL, NULL, 1, NULL, '2022-11-08 16:24:02', '2022-11-08 16:24:02'),
(1227, 2, 1, 25, 17, '2023-11-28', NULL, NULL, NULL, NULL, NULL, NULL, NULL, 1, NULL, '2022-11-08 16:24:02', '2022-11-08 16:24:02'),
(1228, 2, 1, 25, 17, '2023-11-29', NULL, NULL, NULL, NULL, NULL, NULL, NULL, 1, NULL, '2022-11-08 16:24:02', '2022-11-08 16:24:02'),
(1229, 2, 1, 25, 17, '2023-11-30', NULL, NULL, NULL, NULL, NULL, NULL, NULL, 1, NULL, '2022-11-08 16:24:02', '2022-11-08 16:24:02'),
(1230, 2, 1, 25, 17, '2023-11-01', NULL, NULL, NULL, NULL, NULL, NULL, NULL, 1, NULL, '2022-11-09 10:11:15', '2022-11-09 10:11:15'),
(1231, 2, 1, 25, 17, '2023-11-02', NULL, NULL, NULL, NULL, NULL, NULL, NULL, 1, NULL, '2022-11-09 10:11:15', '2022-11-09 10:11:15'),
(1232, 2, 1, 25, 17, '2023-11-03', NULL, NULL, NULL, NULL, NULL, NULL, NULL, 1, NULL, '2022-11-09 10:11:15', '2022-11-09 10:11:15'),
(1233, 2, 1, 25, 17, '2023-11-04', NULL, NULL, NULL, NULL, NULL, NULL, NULL, 1, NULL, '2022-11-09 10:11:15', '2022-11-09 10:11:15'),
(1234, 2, 1, 25, 17, '2023-11-05', NULL, NULL, NULL, NULL, NULL, NULL, NULL, 1, NULL, '2022-11-09 10:11:15', '2022-11-09 10:11:15'),
(1235, 2, 1, 25, 17, '2023-11-06', NULL, NULL, NULL, NULL, NULL, NULL, NULL, 1, NULL, '2022-11-09 10:11:15', '2022-11-09 10:11:15'),
(1236, 2, 1, 25, 17, '2023-11-07', NULL, NULL, NULL, NULL, NULL, NULL, NULL, 1, NULL, '2022-11-09 10:11:15', '2022-11-09 10:11:15'),
(1237, 2, 1, 25, 17, '2023-11-08', NULL, NULL, NULL, NULL, NULL, NULL, NULL, 1, NULL, '2022-11-09 10:11:15', '2022-11-09 10:11:15'),
(1238, 2, 1, 25, 17, '2023-11-09', NULL, NULL, NULL, NULL, NULL, NULL, NULL, 1, NULL, '2022-11-09 10:11:15', '2022-11-09 10:11:15'),
(1239, 2, 1, 25, 17, '2023-11-10', NULL, NULL, NULL, NULL, NULL, NULL, NULL, 1, NULL, '2022-11-09 10:11:15', '2022-11-09 10:11:15'),
(1240, 2, 1, 25, 17, '2023-11-11', NULL, NULL, NULL, NULL, NULL, NULL, NULL, 1, NULL, '2022-11-09 10:11:15', '2022-11-09 10:11:15'),
(1241, 2, 1, 25, 17, '2023-11-12', NULL, NULL, NULL, NULL, NULL, NULL, NULL, 1, NULL, '2022-11-09 10:11:15', '2022-11-09 10:11:15'),
(1242, 2, 1, 25, 17, '2023-11-13', NULL, NULL, NULL, NULL, NULL, NULL, NULL, 1, NULL, '2022-11-09 10:11:15', '2022-11-09 10:11:15'),
(1243, 2, 1, 25, 17, '2023-11-14', NULL, NULL, NULL, NULL, NULL, NULL, NULL, 1, NULL, '2022-11-09 10:11:15', '2022-11-09 10:11:15'),
(1244, 2, 1, 25, 17, '2023-11-15', NULL, NULL, NULL, NULL, NULL, NULL, NULL, 1, NULL, '2022-11-09 10:11:15', '2022-11-09 10:11:15'),
(1245, 2, 1, 25, 17, '2023-11-16', NULL, NULL, NULL, NULL, NULL, NULL, NULL, 1, NULL, '2022-11-09 10:11:15', '2022-11-09 10:11:15'),
(1246, 2, 1, 25, 17, '2023-11-17', NULL, NULL, NULL, NULL, NULL, NULL, NULL, 1, NULL, '2022-11-09 10:11:15', '2022-11-09 10:11:15'),
(1247, 2, 1, 25, 17, '2023-11-18', NULL, NULL, NULL, NULL, NULL, NULL, NULL, 1, NULL, '2022-11-09 10:11:15', '2022-11-09 10:11:15'),
(1248, 2, 1, 25, 17, '2023-11-19', NULL, NULL, NULL, NULL, NULL, NULL, NULL, 1, NULL, '2022-11-09 10:11:15', '2022-11-09 10:11:15'),
(1249, 2, 1, 25, 17, '2023-11-20', NULL, NULL, NULL, NULL, NULL, NULL, NULL, 1, NULL, '2022-11-09 10:11:15', '2022-11-09 10:11:15'),
(1250, 2, 1, 25, 17, '2023-11-21', NULL, NULL, NULL, NULL, NULL, NULL, NULL, 1, NULL, '2022-11-09 10:11:15', '2022-11-09 10:11:15'),
(1251, 2, 1, 25, 17, '2023-11-22', NULL, NULL, NULL, NULL, NULL, NULL, NULL, 1, NULL, '2022-11-09 10:11:15', '2022-11-09 10:11:15'),
(1252, 2, 1, 25, 17, '2023-11-23', NULL, NULL, NULL, NULL, NULL, NULL, NULL, 1, NULL, '2022-11-09 10:11:15', '2022-11-09 10:11:15'),
(1253, 2, 1, 25, 17, '2023-11-24', NULL, NULL, NULL, NULL, NULL, NULL, NULL, 1, NULL, '2022-11-09 10:11:15', '2022-11-09 10:11:15'),
(1254, 2, 1, 25, 17, '2023-11-25', NULL, NULL, NULL, NULL, NULL, NULL, NULL, 1, NULL, '2022-11-09 10:11:15', '2022-11-09 10:11:15'),
(1255, 2, 1, 25, 17, '2023-11-26', NULL, NULL, NULL, NULL, NULL, NULL, NULL, 1, NULL, '2022-11-09 10:11:15', '2022-11-09 10:11:15'),
(1256, 2, 1, 25, 17, '2023-11-27', NULL, NULL, NULL, NULL, NULL, NULL, NULL, 1, NULL, '2022-11-09 10:11:15', '2022-11-09 10:11:15'),
(1257, 2, 1, 25, 17, '2023-11-28', NULL, NULL, NULL, NULL, NULL, NULL, NULL, 1, NULL, '2022-11-09 10:11:15', '2022-11-09 10:11:15'),
(1258, 2, 1, 25, 17, '2023-11-29', NULL, NULL, NULL, NULL, NULL, NULL, NULL, 1, NULL, '2022-11-09 10:11:15', '2022-11-09 10:11:15'),
(1259, 2, 1, 25, 17, '2023-11-30', NULL, NULL, NULL, NULL, NULL, NULL, NULL, 1, NULL, '2022-11-09 10:11:15', '2022-11-09 10:11:15'),
(1260, 2, 1, 25, 17, '2023-11-01', NULL, NULL, NULL, NULL, NULL, NULL, NULL, 1, NULL, '2022-11-09 20:35:57', '2022-11-09 20:35:57'),
(1261, 2, 1, 25, 17, '2023-11-02', NULL, NULL, NULL, NULL, NULL, NULL, NULL, 1, NULL, '2022-11-09 20:35:57', '2022-11-09 20:35:57'),
(1262, 2, 1, 25, 17, '2023-11-03', NULL, NULL, NULL, NULL, NULL, NULL, NULL, 1, NULL, '2022-11-09 20:35:57', '2022-11-09 20:35:57'),
(1263, 2, 1, 25, 17, '2023-11-04', NULL, NULL, NULL, NULL, NULL, NULL, NULL, 1, NULL, '2022-11-09 20:35:57', '2022-11-09 20:35:57'),
(1264, 2, 1, 25, 17, '2023-11-05', NULL, NULL, NULL, NULL, NULL, NULL, NULL, 1, NULL, '2022-11-09 20:35:57', '2022-11-09 20:35:57'),
(1265, 2, 1, 25, 17, '2023-11-06', NULL, NULL, NULL, NULL, NULL, NULL, NULL, 1, NULL, '2022-11-09 20:35:57', '2022-11-09 20:35:57'),
(1266, 2, 1, 25, 17, '2023-11-07', NULL, NULL, NULL, NULL, NULL, NULL, NULL, 1, NULL, '2022-11-09 20:35:57', '2022-11-09 20:35:57'),
(1267, 2, 1, 25, 17, '2023-11-08', NULL, NULL, NULL, NULL, NULL, NULL, NULL, 1, NULL, '2022-11-09 20:35:57', '2022-11-09 20:35:57'),
(1268, 2, 1, 25, 17, '2023-11-09', NULL, NULL, NULL, NULL, NULL, NULL, NULL, 1, NULL, '2022-11-09 20:35:57', '2022-11-09 20:35:57'),
(1269, 2, 1, 25, 17, '2023-11-10', NULL, NULL, NULL, NULL, NULL, NULL, NULL, 1, NULL, '2022-11-09 20:35:57', '2022-11-09 20:35:57'),
(1270, 2, 1, 25, 17, '2023-11-11', NULL, NULL, NULL, NULL, NULL, NULL, NULL, 1, NULL, '2022-11-09 20:35:57', '2022-11-09 20:35:57'),
(1271, 2, 1, 25, 17, '2023-11-12', NULL, NULL, NULL, NULL, NULL, NULL, NULL, 1, NULL, '2022-11-09 20:35:57', '2022-11-09 20:35:57'),
(1272, 2, 1, 25, 17, '2023-11-13', NULL, NULL, NULL, NULL, NULL, NULL, NULL, 1, NULL, '2022-11-09 20:35:57', '2022-11-09 20:35:57'),
(1273, 2, 1, 25, 17, '2023-11-14', NULL, NULL, NULL, NULL, NULL, NULL, NULL, 1, NULL, '2022-11-09 20:35:57', '2022-11-09 20:35:57'),
(1274, 2, 1, 25, 17, '2023-11-15', NULL, NULL, NULL, NULL, NULL, NULL, NULL, 1, NULL, '2022-11-09 20:35:57', '2022-11-09 20:35:57'),
(1275, 2, 1, 25, 17, '2023-11-16', NULL, NULL, NULL, NULL, NULL, NULL, NULL, 1, NULL, '2022-11-09 20:35:57', '2022-11-09 20:35:57'),
(1276, 2, 1, 25, 17, '2023-11-17', NULL, NULL, NULL, NULL, NULL, NULL, NULL, 1, NULL, '2022-11-09 20:35:57', '2022-11-09 20:35:57'),
(1277, 2, 1, 25, 17, '2023-11-18', NULL, NULL, NULL, NULL, NULL, NULL, NULL, 1, NULL, '2022-11-09 20:35:57', '2022-11-09 20:35:57'),
(1278, 2, 1, 25, 17, '2023-11-19', NULL, NULL, NULL, NULL, NULL, NULL, NULL, 1, NULL, '2022-11-09 20:35:57', '2022-11-09 20:35:57'),
(1279, 2, 1, 25, 17, '2023-11-20', NULL, NULL, NULL, NULL, NULL, NULL, NULL, 1, NULL, '2022-11-09 20:35:57', '2022-11-09 20:35:57'),
(1280, 2, 1, 25, 17, '2023-11-21', NULL, NULL, NULL, NULL, NULL, NULL, NULL, 1, NULL, '2022-11-09 20:35:57', '2022-11-09 20:35:57'),
(1281, 2, 1, 25, 17, '2023-11-22', NULL, NULL, NULL, NULL, NULL, NULL, NULL, 1, NULL, '2022-11-09 20:35:57', '2022-11-09 20:35:57'),
(1282, 2, 1, 25, 17, '2023-11-23', NULL, NULL, NULL, NULL, NULL, NULL, NULL, 1, NULL, '2022-11-09 20:35:57', '2022-11-09 20:35:57'),
(1283, 2, 1, 25, 17, '2023-11-24', NULL, NULL, NULL, NULL, NULL, NULL, NULL, 1, NULL, '2022-11-09 20:35:57', '2022-11-09 20:35:57'),
(1284, 2, 1, 25, 17, '2023-11-25', NULL, NULL, NULL, NULL, NULL, NULL, NULL, 1, NULL, '2022-11-09 20:35:57', '2022-11-09 20:35:57'),
(1285, 2, 1, 25, 17, '2023-11-26', NULL, NULL, NULL, NULL, NULL, NULL, NULL, 1, NULL, '2022-11-09 20:35:57', '2022-11-09 20:35:57'),
(1286, 2, 1, 25, 17, '2023-11-27', NULL, NULL, NULL, NULL, NULL, NULL, NULL, 1, NULL, '2022-11-09 20:35:57', '2022-11-09 20:35:57'),
(1287, 2, 1, 25, 17, '2023-11-28', NULL, NULL, NULL, NULL, NULL, NULL, NULL, 1, NULL, '2022-11-09 20:35:57', '2022-11-09 20:35:57'),
(1288, 2, 1, 25, 17, '2023-11-29', NULL, NULL, NULL, NULL, NULL, NULL, NULL, 1, NULL, '2022-11-09 20:35:57', '2022-11-09 20:35:57'),
(1289, 2, 1, 25, 17, '2023-11-30', NULL, NULL, NULL, NULL, NULL, NULL, NULL, 1, NULL, '2022-11-09 20:35:57', '2022-11-09 20:35:57'),
(1290, 2, 1, 25, 17, '2023-11-01', NULL, NULL, NULL, NULL, NULL, NULL, NULL, 1, NULL, '2022-11-09 20:35:57', '2022-11-09 20:35:57'),
(1291, 2, 1, 25, 17, '2023-11-02', NULL, NULL, NULL, NULL, NULL, NULL, NULL, 1, NULL, '2022-11-09 20:35:57', '2022-11-09 20:35:57'),
(1292, 2, 1, 25, 17, '2023-11-03', NULL, NULL, NULL, NULL, NULL, NULL, NULL, 1, NULL, '2022-11-09 20:35:57', '2022-11-09 20:35:57'),
(1293, 2, 1, 25, 17, '2023-11-04', NULL, NULL, NULL, NULL, NULL, NULL, NULL, 1, NULL, '2022-11-09 20:35:57', '2022-11-09 20:35:57'),
(1294, 2, 1, 25, 17, '2023-11-05', NULL, NULL, NULL, NULL, NULL, NULL, NULL, 1, NULL, '2022-11-09 20:35:57', '2022-11-09 20:35:57'),
(1295, 2, 1, 25, 17, '2023-11-06', NULL, NULL, NULL, NULL, NULL, NULL, NULL, 1, NULL, '2022-11-09 20:35:57', '2022-11-09 20:35:57'),
(1296, 2, 1, 25, 17, '2023-11-07', NULL, NULL, NULL, NULL, NULL, NULL, NULL, 1, NULL, '2022-11-09 20:35:57', '2022-11-09 20:35:57'),
(1297, 2, 1, 25, 17, '2023-11-08', NULL, NULL, NULL, NULL, NULL, NULL, NULL, 1, NULL, '2022-11-09 20:35:57', '2022-11-09 20:35:57'),
(1298, 2, 1, 25, 17, '2023-11-09', NULL, NULL, NULL, NULL, NULL, NULL, NULL, 1, NULL, '2022-11-09 20:35:57', '2022-11-09 20:35:57'),
(1299, 2, 1, 25, 17, '2023-11-10', NULL, NULL, NULL, NULL, NULL, NULL, NULL, 1, NULL, '2022-11-09 20:35:57', '2022-11-09 20:35:57'),
(1300, 2, 1, 25, 17, '2023-11-11', NULL, NULL, NULL, NULL, NULL, NULL, NULL, 1, NULL, '2022-11-09 20:35:57', '2022-11-09 20:35:57'),
(1301, 2, 1, 25, 17, '2023-11-12', NULL, NULL, NULL, NULL, NULL, NULL, NULL, 1, NULL, '2022-11-09 20:35:57', '2022-11-09 20:35:57'),
(1302, 2, 1, 25, 17, '2023-11-13', NULL, NULL, NULL, NULL, NULL, NULL, NULL, 1, NULL, '2022-11-09 20:35:57', '2022-11-09 20:35:57'),
(1303, 2, 1, 25, 17, '2023-11-14', NULL, NULL, NULL, NULL, NULL, NULL, NULL, 1, NULL, '2022-11-09 20:35:57', '2022-11-09 20:35:57'),
(1304, 2, 1, 25, 17, '2023-11-15', NULL, NULL, NULL, NULL, NULL, NULL, NULL, 1, NULL, '2022-11-09 20:35:57', '2022-11-09 20:35:57'),
(1305, 2, 1, 25, 17, '2023-11-16', NULL, NULL, NULL, NULL, NULL, NULL, NULL, 1, NULL, '2022-11-09 20:35:57', '2022-11-09 20:35:57'),
(1306, 2, 1, 25, 17, '2023-11-17', NULL, NULL, NULL, NULL, NULL, NULL, NULL, 1, NULL, '2022-11-09 20:35:57', '2022-11-09 20:35:57'),
(1307, 2, 1, 25, 17, '2023-11-18', NULL, NULL, NULL, NULL, NULL, NULL, NULL, 1, NULL, '2022-11-09 20:35:57', '2022-11-09 20:35:57'),
(1308, 2, 1, 25, 17, '2023-11-19', NULL, NULL, NULL, NULL, NULL, NULL, NULL, 1, NULL, '2022-11-09 20:35:57', '2022-11-09 20:35:57'),
(1309, 2, 1, 25, 17, '2023-11-20', NULL, NULL, NULL, NULL, NULL, NULL, NULL, 1, NULL, '2022-11-09 20:35:57', '2022-11-09 20:35:57'),
(1310, 2, 1, 25, 17, '2023-11-21', NULL, NULL, NULL, NULL, NULL, NULL, NULL, 1, NULL, '2022-11-09 20:35:57', '2022-11-09 20:35:57'),
(1311, 2, 1, 25, 17, '2023-11-22', NULL, NULL, NULL, NULL, NULL, NULL, NULL, 1, NULL, '2022-11-09 20:35:57', '2022-11-09 20:35:57'),
(1312, 2, 1, 25, 17, '2023-11-23', NULL, NULL, NULL, NULL, NULL, NULL, NULL, 1, NULL, '2022-11-09 20:35:57', '2022-11-09 20:35:57'),
(1313, 2, 1, 25, 17, '2023-11-24', NULL, NULL, NULL, NULL, NULL, NULL, NULL, 1, NULL, '2022-11-09 20:35:57', '2022-11-09 20:35:57'),
(1314, 2, 1, 25, 17, '2023-11-25', NULL, NULL, NULL, NULL, NULL, NULL, NULL, 1, NULL, '2022-11-09 20:35:57', '2022-11-09 20:35:57'),
(1315, 2, 1, 25, 17, '2023-11-26', NULL, NULL, NULL, NULL, NULL, NULL, NULL, 1, NULL, '2022-11-09 20:35:57', '2022-11-09 20:35:57'),
(1316, 2, 1, 25, 17, '2023-11-27', NULL, NULL, NULL, NULL, NULL, NULL, NULL, 1, NULL, '2022-11-09 20:35:57', '2022-11-09 20:35:57'),
(1317, 2, 1, 25, 17, '2023-11-28', NULL, NULL, NULL, NULL, NULL, NULL, NULL, 1, NULL, '2022-11-09 20:35:57', '2022-11-09 20:35:57'),
(1318, 2, 1, 25, 17, '2023-11-29', NULL, NULL, NULL, NULL, NULL, NULL, NULL, 1, NULL, '2022-11-09 20:35:57', '2022-11-09 20:35:57'),
(1319, 2, 1, 25, 17, '2023-11-30', NULL, NULL, NULL, NULL, NULL, NULL, NULL, 1, NULL, '2022-11-09 20:35:57', '2022-11-09 20:35:57'),
(1320, 2, 1, 25, 17, '2023-11-01', NULL, NULL, NULL, NULL, NULL, NULL, NULL, 1, NULL, '2022-11-11 18:11:19', '2022-11-11 18:11:19'),
(1321, 2, 1, 25, 17, '2023-11-02', NULL, NULL, NULL, NULL, NULL, NULL, NULL, 1, NULL, '2022-11-11 18:11:19', '2022-11-11 18:11:19'),
(1322, 2, 1, 25, 17, '2023-11-03', NULL, NULL, NULL, NULL, NULL, NULL, NULL, 1, NULL, '2022-11-11 18:11:19', '2022-11-11 18:11:19'),
(1323, 2, 1, 25, 17, '2023-11-04', NULL, NULL, NULL, NULL, NULL, NULL, NULL, 1, NULL, '2022-11-11 18:11:19', '2022-11-11 18:11:19'),
(1324, 2, 1, 25, 17, '2023-11-05', NULL, NULL, NULL, NULL, NULL, NULL, NULL, 1, NULL, '2022-11-11 18:11:19', '2022-11-11 18:11:19'),
(1325, 2, 1, 25, 17, '2023-11-06', NULL, NULL, NULL, NULL, NULL, NULL, NULL, 1, NULL, '2022-11-11 18:11:19', '2022-11-11 18:11:19'),
(1326, 2, 1, 25, 17, '2023-11-07', NULL, NULL, NULL, NULL, NULL, NULL, NULL, 1, NULL, '2022-11-11 18:11:19', '2022-11-11 18:11:19'),
(1327, 2, 1, 25, 17, '2023-11-08', NULL, NULL, NULL, NULL, NULL, NULL, NULL, 1, NULL, '2022-11-11 18:11:19', '2022-11-11 18:11:19'),
(1328, 2, 1, 25, 17, '2023-11-09', NULL, NULL, NULL, NULL, NULL, NULL, NULL, 1, NULL, '2022-11-11 18:11:19', '2022-11-11 18:11:19'),
(1329, 2, 1, 25, 17, '2023-11-10', NULL, NULL, NULL, NULL, NULL, NULL, NULL, 1, NULL, '2022-11-11 18:11:19', '2022-11-11 18:11:19'),
(1330, 2, 1, 25, 17, '2023-11-11', NULL, NULL, NULL, NULL, NULL, NULL, NULL, 1, NULL, '2022-11-11 18:11:19', '2022-11-11 18:11:19'),
(1331, 2, 1, 25, 17, '2023-11-12', NULL, NULL, NULL, NULL, NULL, NULL, NULL, 1, NULL, '2022-11-11 18:11:19', '2022-11-11 18:11:19'),
(1332, 2, 1, 25, 17, '2023-11-13', NULL, NULL, NULL, NULL, NULL, NULL, NULL, 1, NULL, '2022-11-11 18:11:19', '2022-11-11 18:11:19'),
(1333, 2, 1, 25, 17, '2023-11-14', NULL, NULL, NULL, NULL, NULL, NULL, NULL, 1, NULL, '2022-11-11 18:11:19', '2022-11-11 18:11:19'),
(1334, 2, 1, 25, 17, '2023-11-15', NULL, NULL, NULL, NULL, NULL, NULL, NULL, 1, NULL, '2022-11-11 18:11:19', '2022-11-11 18:11:19'),
(1335, 2, 1, 25, 17, '2023-11-16', NULL, NULL, NULL, NULL, NULL, NULL, NULL, 1, NULL, '2022-11-11 18:11:19', '2022-11-11 18:11:19'),
(1336, 2, 1, 25, 17, '2023-11-17', NULL, NULL, NULL, NULL, NULL, NULL, NULL, 1, NULL, '2022-11-11 18:11:19', '2022-11-11 18:11:19'),
(1337, 2, 1, 25, 17, '2023-11-18', NULL, NULL, NULL, NULL, NULL, NULL, NULL, 1, NULL, '2022-11-11 18:11:19', '2022-11-11 18:11:19'),
(1338, 2, 1, 25, 17, '2023-11-19', NULL, NULL, NULL, NULL, NULL, NULL, NULL, 1, NULL, '2022-11-11 18:11:19', '2022-11-11 18:11:19'),
(1339, 2, 1, 25, 17, '2023-11-20', NULL, NULL, NULL, NULL, NULL, NULL, NULL, 1, NULL, '2022-11-11 18:11:19', '2022-11-11 18:11:19'),
(1340, 2, 1, 25, 17, '2023-11-21', NULL, NULL, NULL, NULL, NULL, NULL, NULL, 1, NULL, '2022-11-11 18:11:19', '2022-11-11 18:11:19'),
(1341, 2, 1, 25, 17, '2023-11-22', NULL, NULL, NULL, NULL, NULL, NULL, NULL, 1, NULL, '2022-11-11 18:11:19', '2022-11-11 18:11:19'),
(1342, 2, 1, 25, 17, '2023-11-23', NULL, NULL, NULL, NULL, NULL, NULL, NULL, 1, NULL, '2022-11-11 18:11:19', '2022-11-11 18:11:19'),
(1343, 2, 1, 25, 17, '2023-11-24', NULL, NULL, NULL, NULL, NULL, NULL, NULL, 1, NULL, '2022-11-11 18:11:19', '2022-11-11 18:11:19'),
(1344, 2, 1, 25, 17, '2023-11-25', NULL, NULL, NULL, NULL, NULL, NULL, NULL, 1, NULL, '2022-11-11 18:11:19', '2022-11-11 18:11:19'),
(1345, 2, 1, 25, 17, '2023-11-26', NULL, NULL, NULL, NULL, NULL, NULL, NULL, 1, NULL, '2022-11-11 18:11:19', '2022-11-11 18:11:19'),
(1346, 2, 1, 25, 17, '2023-11-27', NULL, NULL, NULL, NULL, NULL, NULL, NULL, 1, NULL, '2022-11-11 18:11:19', '2022-11-11 18:11:19'),
(1347, 2, 1, 25, 17, '2023-11-28', NULL, NULL, NULL, NULL, NULL, NULL, NULL, 1, NULL, '2022-11-11 18:11:19', '2022-11-11 18:11:19'),
(1348, 2, 1, 25, 17, '2023-11-29', NULL, NULL, NULL, NULL, NULL, NULL, NULL, 1, NULL, '2022-11-11 18:11:19', '2022-11-11 18:11:19'),
(1349, 2, 1, 25, 17, '2023-11-30', NULL, NULL, NULL, NULL, NULL, NULL, NULL, 1, NULL, '2022-11-11 18:11:19', '2022-11-11 18:11:19'),
(1350, 2, 1, 25, 17, '2023-11-01', NULL, NULL, NULL, NULL, NULL, NULL, NULL, 1, NULL, '2022-11-12 12:42:36', '2022-11-12 12:42:36'),
(1351, 2, 1, 25, 17, '2023-11-02', NULL, NULL, NULL, NULL, NULL, NULL, NULL, 1, NULL, '2022-11-12 12:42:36', '2022-11-12 12:42:36'),
(1352, 2, 1, 25, 17, '2023-11-03', NULL, NULL, NULL, NULL, NULL, NULL, NULL, 1, NULL, '2022-11-12 12:42:36', '2022-11-12 12:42:36'),
(1353, 2, 1, 25, 17, '2023-11-04', NULL, NULL, NULL, NULL, NULL, NULL, NULL, 1, NULL, '2022-11-12 12:42:36', '2022-11-12 12:42:36'),
(1354, 2, 1, 25, 17, '2023-11-05', NULL, NULL, NULL, NULL, NULL, NULL, NULL, 1, NULL, '2022-11-12 12:42:36', '2022-11-12 12:42:36'),
(1355, 2, 1, 25, 17, '2023-11-06', NULL, NULL, NULL, NULL, NULL, NULL, NULL, 1, NULL, '2022-11-12 12:42:36', '2022-11-12 12:42:36'),
(1356, 2, 1, 25, 17, '2023-11-07', NULL, NULL, NULL, NULL, NULL, NULL, NULL, 1, NULL, '2022-11-12 12:42:36', '2022-11-12 12:42:36'),
(1357, 2, 1, 25, 17, '2023-11-08', NULL, NULL, NULL, NULL, NULL, NULL, NULL, 1, NULL, '2022-11-12 12:42:36', '2022-11-12 12:42:36'),
(1358, 2, 1, 25, 17, '2023-11-09', NULL, NULL, NULL, NULL, NULL, NULL, NULL, 1, NULL, '2022-11-12 12:42:36', '2022-11-12 12:42:36'),
(1359, 2, 1, 25, 17, '2023-11-10', NULL, NULL, NULL, NULL, NULL, NULL, NULL, 1, NULL, '2022-11-12 12:42:36', '2022-11-12 12:42:36'),
(1360, 2, 1, 25, 17, '2023-11-11', NULL, NULL, NULL, NULL, NULL, NULL, NULL, 1, NULL, '2022-11-12 12:42:36', '2022-11-12 12:42:36'),
(1361, 2, 1, 25, 17, '2023-11-12', NULL, NULL, NULL, NULL, NULL, NULL, NULL, 1, NULL, '2022-11-12 12:42:36', '2022-11-12 12:42:36'),
(1362, 2, 1, 25, 17, '2023-11-13', NULL, NULL, NULL, NULL, NULL, NULL, NULL, 1, NULL, '2022-11-12 12:42:36', '2022-11-12 12:42:36'),
(1363, 2, 1, 25, 17, '2023-11-14', NULL, NULL, NULL, NULL, NULL, NULL, NULL, 1, NULL, '2022-11-12 12:42:36', '2022-11-12 12:42:36'),
(1364, 2, 1, 25, 17, '2023-11-15', NULL, NULL, NULL, NULL, NULL, NULL, NULL, 1, NULL, '2022-11-12 12:42:36', '2022-11-12 12:42:36'),
(1365, 2, 1, 25, 17, '2023-11-16', NULL, NULL, NULL, NULL, NULL, NULL, NULL, 1, NULL, '2022-11-12 12:42:36', '2022-11-12 12:42:36'),
(1366, 2, 1, 25, 17, '2023-11-17', NULL, NULL, NULL, NULL, NULL, NULL, NULL, 1, NULL, '2022-11-12 12:42:36', '2022-11-12 12:42:36'),
(1367, 2, 1, 25, 17, '2023-11-18', NULL, NULL, NULL, NULL, NULL, NULL, NULL, 1, NULL, '2022-11-12 12:42:36', '2022-11-12 12:42:36'),
(1368, 2, 1, 25, 17, '2023-11-19', NULL, NULL, NULL, NULL, NULL, NULL, NULL, 1, NULL, '2022-11-12 12:42:36', '2022-11-12 12:42:36'),
(1369, 2, 1, 25, 17, '2023-11-20', NULL, NULL, NULL, NULL, NULL, NULL, NULL, 1, NULL, '2022-11-12 12:42:36', '2022-11-12 12:42:36'),
(1370, 2, 1, 25, 17, '2023-11-21', NULL, NULL, NULL, NULL, NULL, NULL, NULL, 1, NULL, '2022-11-12 12:42:36', '2022-11-12 12:42:36'),
(1371, 2, 1, 25, 17, '2023-11-22', NULL, NULL, NULL, NULL, NULL, NULL, NULL, 1, NULL, '2022-11-12 12:42:36', '2022-11-12 12:42:36'),
(1372, 2, 1, 25, 17, '2023-11-23', NULL, NULL, NULL, NULL, NULL, NULL, NULL, 1, NULL, '2022-11-12 12:42:36', '2022-11-12 12:42:36'),
(1373, 2, 1, 25, 17, '2023-11-24', NULL, NULL, NULL, NULL, NULL, NULL, NULL, 1, NULL, '2022-11-12 12:42:36', '2022-11-12 12:42:36'),
(1374, 2, 1, 25, 17, '2023-11-25', NULL, NULL, NULL, NULL, NULL, NULL, NULL, 1, NULL, '2022-11-12 12:42:36', '2022-11-12 12:42:36'),
(1375, 2, 1, 25, 17, '2023-11-26', NULL, NULL, NULL, NULL, NULL, NULL, NULL, 1, NULL, '2022-11-12 12:42:36', '2022-11-12 12:42:36'),
(1376, 2, 1, 25, 17, '2023-11-27', NULL, NULL, NULL, NULL, NULL, NULL, NULL, 1, NULL, '2022-11-12 12:42:36', '2022-11-12 12:42:36'),
(1377, 2, 1, 25, 17, '2023-11-28', NULL, NULL, NULL, NULL, NULL, NULL, NULL, 1, NULL, '2022-11-12 12:42:36', '2022-11-12 12:42:36'),
(1378, 2, 1, 25, 17, '2023-11-29', NULL, NULL, NULL, NULL, NULL, NULL, NULL, 1, NULL, '2022-11-12 12:42:36', '2022-11-12 12:42:36'),
(1379, 2, 1, 25, 17, '2023-11-30', NULL, NULL, NULL, NULL, NULL, NULL, NULL, 1, NULL, '2022-11-12 12:42:36', '2022-11-12 12:42:36'),
(1380, 2, 1, 25, 17, '2023-11-01', NULL, NULL, NULL, NULL, NULL, NULL, NULL, 1, NULL, '2022-11-12 20:01:29', '2022-11-12 20:01:29'),
(1381, 2, 1, 25, 17, '2023-11-02', NULL, NULL, NULL, NULL, NULL, NULL, NULL, 1, NULL, '2022-11-12 20:01:30', '2022-11-12 20:01:30'),
(1382, 2, 1, 25, 17, '2023-11-03', NULL, NULL, NULL, NULL, NULL, NULL, NULL, 1, NULL, '2022-11-12 20:01:30', '2022-11-12 20:01:30'),
(1383, 2, 1, 25, 17, '2023-11-04', NULL, NULL, NULL, NULL, NULL, NULL, NULL, 1, NULL, '2022-11-12 20:01:30', '2022-11-12 20:01:30'),
(1384, 2, 1, 25, 17, '2023-11-05', NULL, NULL, NULL, NULL, NULL, NULL, NULL, 1, NULL, '2022-11-12 20:01:30', '2022-11-12 20:01:30'),
(1385, 2, 1, 25, 17, '2023-11-06', NULL, NULL, NULL, NULL, NULL, NULL, NULL, 1, NULL, '2022-11-12 20:01:30', '2022-11-12 20:01:30'),
(1386, 2, 1, 25, 17, '2023-11-07', NULL, NULL, NULL, NULL, NULL, NULL, NULL, 1, NULL, '2022-11-12 20:01:30', '2022-11-12 20:01:30'),
(1387, 2, 1, 25, 17, '2023-11-08', NULL, NULL, NULL, NULL, NULL, NULL, NULL, 1, NULL, '2022-11-12 20:01:30', '2022-11-12 20:01:30'),
(1388, 2, 1, 25, 17, '2023-11-09', NULL, NULL, NULL, NULL, NULL, NULL, NULL, 1, NULL, '2022-11-12 20:01:30', '2022-11-12 20:01:30'),
(1389, 2, 1, 25, 17, '2023-11-10', NULL, NULL, NULL, NULL, NULL, NULL, NULL, 1, NULL, '2022-11-12 20:01:30', '2022-11-12 20:01:30'),
(1390, 2, 1, 25, 17, '2023-11-11', NULL, NULL, NULL, NULL, NULL, NULL, NULL, 1, NULL, '2022-11-12 20:01:30', '2022-11-12 20:01:30'),
(1391, 2, 1, 25, 17, '2023-11-12', NULL, NULL, NULL, NULL, NULL, NULL, NULL, 1, NULL, '2022-11-12 20:01:30', '2022-11-12 20:01:30'),
(1392, 2, 1, 25, 17, '2023-11-13', NULL, NULL, NULL, NULL, NULL, NULL, NULL, 1, NULL, '2022-11-12 20:01:30', '2022-11-12 20:01:30'),
(1393, 2, 1, 25, 17, '2023-11-14', NULL, NULL, NULL, NULL, NULL, NULL, NULL, 1, NULL, '2022-11-12 20:01:30', '2022-11-12 20:01:30'),
(1394, 2, 1, 25, 17, '2023-11-15', NULL, NULL, NULL, NULL, NULL, NULL, NULL, 1, NULL, '2022-11-12 20:01:30', '2022-11-12 20:01:30'),
(1395, 2, 1, 25, 17, '2023-11-16', NULL, NULL, NULL, NULL, NULL, NULL, NULL, 1, NULL, '2022-11-12 20:01:30', '2022-11-12 20:01:30'),
(1396, 2, 1, 25, 17, '2023-11-17', NULL, NULL, NULL, NULL, NULL, NULL, NULL, 1, NULL, '2022-11-12 20:01:30', '2022-11-12 20:01:30'),
(1397, 2, 1, 25, 17, '2023-11-18', NULL, NULL, NULL, NULL, NULL, NULL, NULL, 1, NULL, '2022-11-12 20:01:30', '2022-11-12 20:01:30'),
(1398, 2, 1, 25, 17, '2023-11-19', NULL, NULL, NULL, NULL, NULL, NULL, NULL, 1, NULL, '2022-11-12 20:01:30', '2022-11-12 20:01:30'),
(1399, 2, 1, 25, 17, '2023-11-20', NULL, NULL, NULL, NULL, NULL, NULL, NULL, 1, NULL, '2022-11-12 20:01:30', '2022-11-12 20:01:30'),
(1400, 2, 1, 25, 17, '2023-11-21', NULL, NULL, NULL, NULL, NULL, NULL, NULL, 1, NULL, '2022-11-12 20:01:30', '2022-11-12 20:01:30'),
(1401, 2, 1, 25, 17, '2023-11-22', NULL, NULL, NULL, NULL, NULL, NULL, NULL, 1, NULL, '2022-11-12 20:01:30', '2022-11-12 20:01:30'),
(1402, 2, 1, 25, 17, '2023-11-23', NULL, NULL, NULL, NULL, NULL, NULL, NULL, 1, NULL, '2022-11-12 20:01:30', '2022-11-12 20:01:30'),
(1403, 2, 1, 25, 17, '2023-11-24', NULL, NULL, NULL, NULL, NULL, NULL, NULL, 1, NULL, '2022-11-12 20:01:30', '2022-11-12 20:01:30'),
(1404, 2, 1, 25, 17, '2023-11-25', NULL, NULL, NULL, NULL, NULL, NULL, NULL, 1, NULL, '2022-11-12 20:01:30', '2022-11-12 20:01:30'),
(1405, 2, 1, 25, 17, '2023-11-26', NULL, NULL, NULL, NULL, NULL, NULL, NULL, 1, NULL, '2022-11-12 20:01:30', '2022-11-12 20:01:30'),
(1406, 2, 1, 25, 17, '2023-11-27', NULL, NULL, NULL, NULL, NULL, NULL, NULL, 1, NULL, '2022-11-12 20:01:30', '2022-11-12 20:01:30'),
(1407, 2, 1, 25, 17, '2023-11-28', NULL, NULL, NULL, NULL, NULL, NULL, NULL, 1, NULL, '2022-11-12 20:01:30', '2022-11-12 20:01:30'),
(1408, 2, 1, 25, 17, '2023-11-29', NULL, NULL, NULL, NULL, NULL, NULL, NULL, 1, NULL, '2022-11-12 20:01:30', '2022-11-12 20:01:30'),
(1409, 2, 1, 25, 17, '2023-11-30', NULL, NULL, NULL, NULL, NULL, NULL, NULL, 1, NULL, '2022-11-12 20:01:30', '2022-11-12 20:01:30'),
(1410, 2, 1, 25, 17, '2023-11-01', NULL, NULL, NULL, NULL, NULL, NULL, NULL, 1, NULL, '2022-11-14 10:33:50', '2022-11-14 10:33:50'),
(1411, 2, 1, 25, 17, '2023-11-02', NULL, NULL, NULL, NULL, NULL, NULL, NULL, 1, NULL, '2022-11-14 10:33:50', '2022-11-14 10:33:50'),
(1412, 2, 1, 25, 17, '2023-11-03', NULL, NULL, NULL, NULL, NULL, NULL, NULL, 1, NULL, '2022-11-14 10:33:50', '2022-11-14 10:33:50'),
(1413, 2, 1, 25, 17, '2023-11-04', NULL, NULL, NULL, NULL, NULL, NULL, NULL, 1, NULL, '2022-11-14 10:33:50', '2022-11-14 10:33:50'),
(1414, 2, 1, 25, 17, '2023-11-05', NULL, NULL, NULL, NULL, NULL, NULL, NULL, 1, NULL, '2022-11-14 10:33:50', '2022-11-14 10:33:50'),
(1415, 2, 1, 25, 17, '2023-11-06', NULL, NULL, NULL, NULL, NULL, NULL, NULL, 1, NULL, '2022-11-14 10:33:50', '2022-11-14 10:33:50'),
(1416, 2, 1, 25, 17, '2023-11-07', NULL, NULL, NULL, NULL, NULL, NULL, NULL, 1, NULL, '2022-11-14 10:33:50', '2022-11-14 10:33:50'),
(1417, 2, 1, 25, 17, '2023-11-08', NULL, NULL, NULL, NULL, NULL, NULL, NULL, 1, NULL, '2022-11-14 10:33:50', '2022-11-14 10:33:50'),
(1418, 2, 1, 25, 17, '2023-11-09', NULL, NULL, NULL, NULL, NULL, NULL, NULL, 1, NULL, '2022-11-14 10:33:50', '2022-11-14 10:33:50'),
(1419, 2, 1, 25, 17, '2023-11-10', NULL, NULL, NULL, NULL, NULL, NULL, NULL, 1, NULL, '2022-11-14 10:33:50', '2022-11-14 10:33:50'),
(1420, 2, 1, 25, 17, '2023-11-11', NULL, NULL, NULL, NULL, NULL, NULL, NULL, 1, NULL, '2022-11-14 10:33:50', '2022-11-14 10:33:50'),
(1421, 2, 1, 25, 17, '2023-11-12', NULL, NULL, NULL, NULL, NULL, NULL, NULL, 1, NULL, '2022-11-14 10:33:50', '2022-11-14 10:33:50'),
(1422, 2, 1, 25, 17, '2023-11-13', NULL, NULL, NULL, NULL, NULL, NULL, NULL, 1, NULL, '2022-11-14 10:33:50', '2022-11-14 10:33:50'),
(1423, 2, 1, 25, 17, '2023-11-14', NULL, NULL, NULL, NULL, NULL, NULL, NULL, 1, NULL, '2022-11-14 10:33:50', '2022-11-14 10:33:50'),
(1424, 2, 1, 25, 17, '2023-11-15', NULL, NULL, NULL, NULL, NULL, NULL, NULL, 1, NULL, '2022-11-14 10:33:50', '2022-11-14 10:33:50'),
(1425, 2, 1, 25, 17, '2023-11-16', NULL, NULL, NULL, NULL, NULL, NULL, NULL, 1, NULL, '2022-11-14 10:33:50', '2022-11-14 10:33:50'),
(1426, 2, 1, 25, 17, '2023-11-17', NULL, NULL, NULL, NULL, NULL, NULL, NULL, 1, NULL, '2022-11-14 10:33:50', '2022-11-14 10:33:50'),
(1427, 2, 1, 25, 17, '2023-11-18', NULL, NULL, NULL, NULL, NULL, NULL, NULL, 1, NULL, '2022-11-14 10:33:50', '2022-11-14 10:33:50'),
(1428, 2, 1, 25, 17, '2023-11-19', NULL, NULL, NULL, NULL, NULL, NULL, NULL, 1, NULL, '2022-11-14 10:33:50', '2022-11-14 10:33:50'),
(1429, 2, 1, 25, 17, '2023-11-20', NULL, NULL, NULL, NULL, NULL, NULL, NULL, 1, NULL, '2022-11-14 10:33:50', '2022-11-14 10:33:50'),
(1430, 2, 1, 25, 17, '2023-11-21', NULL, NULL, NULL, NULL, NULL, NULL, NULL, 1, NULL, '2022-11-14 10:33:50', '2022-11-14 10:33:50'),
(1431, 2, 1, 25, 17, '2023-11-22', NULL, NULL, NULL, NULL, NULL, NULL, NULL, 1, NULL, '2022-11-14 10:33:50', '2022-11-14 10:33:50'),
(1432, 2, 1, 25, 17, '2023-11-23', NULL, NULL, NULL, NULL, NULL, NULL, NULL, 1, NULL, '2022-11-14 10:33:50', '2022-11-14 10:33:50'),
(1433, 2, 1, 25, 17, '2023-11-24', NULL, NULL, NULL, NULL, NULL, NULL, NULL, 1, NULL, '2022-11-14 10:33:50', '2022-11-14 10:33:50'),
(1434, 2, 1, 25, 17, '2023-11-25', NULL, NULL, NULL, NULL, NULL, NULL, NULL, 1, NULL, '2022-11-14 10:33:50', '2022-11-14 10:33:50'),
(1435, 2, 1, 25, 17, '2023-11-26', NULL, NULL, NULL, NULL, NULL, NULL, NULL, 1, NULL, '2022-11-14 10:33:50', '2022-11-14 10:33:50'),
(1436, 2, 1, 25, 17, '2023-11-27', NULL, NULL, NULL, NULL, NULL, NULL, NULL, 1, NULL, '2022-11-14 10:33:50', '2022-11-14 10:33:50'),
(1437, 2, 1, 25, 17, '2023-11-28', NULL, NULL, NULL, NULL, NULL, NULL, NULL, 1, NULL, '2022-11-14 10:33:50', '2022-11-14 10:33:50'),
(1438, 2, 1, 25, 17, '2023-11-29', NULL, NULL, NULL, NULL, NULL, NULL, NULL, 1, NULL, '2022-11-14 10:33:50', '2022-11-14 10:33:50'),
(1439, 2, 1, 25, 17, '2023-11-30', NULL, NULL, NULL, NULL, NULL, NULL, NULL, 1, NULL, '2022-11-14 10:33:50', '2022-11-14 10:33:50'),
(1440, 2, 58, 43, 17, '2023-11-16', NULL, NULL, NULL, NULL, NULL, NULL, NULL, 1, NULL, '2022-10-23 04:44:35', '2022-10-23 04:44:35'),
(1441, 2, 58, 43, 17, '2023-11-17', NULL, NULL, NULL, NULL, NULL, NULL, NULL, 1, NULL, '2022-10-23 04:44:35', '2022-10-23 04:44:35'),
(1442, 2, 58, 43, 17, '2023-11-18', NULL, NULL, NULL, NULL, NULL, NULL, NULL, 1, NULL, '2022-10-23 04:44:35', '2022-10-23 04:44:35'),
(1443, 2, 58, 43, 17, '2023-11-19', NULL, NULL, NULL, NULL, NULL, NULL, NULL, 1, NULL, '2022-10-23 04:44:35', '2022-10-23 04:44:35'),
(1444, 2, 58, 43, 17, '2023-11-20', NULL, NULL, NULL, NULL, NULL, NULL, NULL, 1, NULL, '2022-10-23 04:44:35', '2022-10-23 04:44:35'),
(1445, 2, 58, 43, 17, '2023-11-21', NULL, NULL, NULL, NULL, NULL, NULL, NULL, 1, NULL, '2022-10-23 04:44:35', '2022-10-23 04:44:35'),
(1446, 2, 58, 43, 17, '2023-11-22', NULL, NULL, NULL, NULL, NULL, NULL, NULL, 1, NULL, '2022-10-23 04:44:35', '2022-10-23 04:44:35'),
(1447, 2, 1, 25, 17, '2023-11-01', NULL, NULL, NULL, NULL, NULL, NULL, NULL, 1, NULL, '2022-11-18 06:13:11', '2022-11-18 06:13:11'),
(1448, 2, 1, 25, 17, '2023-11-02', NULL, NULL, NULL, NULL, NULL, NULL, NULL, 1, NULL, '2022-11-18 06:13:11', '2022-11-18 06:13:11'),
(1449, 2, 1, 25, 17, '2023-11-03', NULL, NULL, NULL, NULL, NULL, NULL, NULL, 1, NULL, '2022-11-18 06:13:11', '2022-11-18 06:13:11'),
(1450, 2, 1, 25, 17, '2023-11-04', NULL, NULL, NULL, NULL, NULL, NULL, NULL, 1, NULL, '2022-11-18 06:13:11', '2022-11-18 06:13:11'),
(1451, 2, 1, 25, 17, '2023-11-05', NULL, NULL, NULL, NULL, NULL, NULL, NULL, 1, NULL, '2022-11-18 06:13:11', '2022-11-18 06:13:11'),
(1452, 2, 1, 25, 17, '2023-11-06', NULL, NULL, NULL, NULL, NULL, NULL, NULL, 1, NULL, '2022-11-18 06:13:11', '2022-11-18 06:13:11'),
(1453, 2, 1, 25, 17, '2023-11-07', NULL, NULL, NULL, NULL, NULL, NULL, NULL, 1, NULL, '2022-11-18 06:13:11', '2022-11-18 06:13:11'),
(1454, 2, 1, 25, 17, '2023-11-08', NULL, NULL, NULL, NULL, NULL, NULL, NULL, 1, NULL, '2022-11-18 06:13:11', '2022-11-18 06:13:11'),
(1455, 2, 1, 25, 17, '2023-11-09', NULL, NULL, NULL, NULL, NULL, NULL, NULL, 1, NULL, '2022-11-18 06:13:11', '2022-11-18 06:13:11'),
(1456, 2, 1, 25, 17, '2023-11-10', NULL, NULL, NULL, NULL, NULL, NULL, NULL, 1, NULL, '2022-11-18 06:13:11', '2022-11-18 06:13:11'),
(1457, 2, 1, 25, 17, '2023-11-11', NULL, NULL, NULL, NULL, NULL, NULL, NULL, 1, NULL, '2022-11-18 06:13:11', '2022-11-18 06:13:11'),
(1458, 2, 1, 25, 17, '2023-11-12', NULL, NULL, NULL, NULL, NULL, NULL, NULL, 1, NULL, '2022-11-18 06:13:11', '2022-11-18 06:13:11'),
(1459, 2, 1, 25, 17, '2023-11-13', NULL, NULL, NULL, NULL, NULL, NULL, NULL, 1, NULL, '2022-11-18 06:13:11', '2022-11-18 06:13:11'),
(1460, 2, 1, 25, 17, '2023-11-14', NULL, NULL, NULL, NULL, NULL, NULL, NULL, 1, NULL, '2022-11-18 06:13:11', '2022-11-18 06:13:11'),
(1461, 2, 1, 25, 17, '2023-11-15', NULL, NULL, NULL, NULL, NULL, NULL, NULL, 1, NULL, '2022-11-18 06:13:11', '2022-11-18 06:13:11'),
(1462, 2, 1, 25, 17, '2023-11-16', NULL, NULL, NULL, NULL, NULL, NULL, NULL, 1, NULL, '2022-11-18 06:13:11', '2022-11-18 06:13:11'),
(1463, 2, 1, 25, 17, '2023-11-17', NULL, NULL, NULL, NULL, NULL, NULL, NULL, 1, NULL, '2022-11-18 06:13:11', '2022-11-18 06:13:11'),
(1464, 2, 1, 25, 17, '2023-11-18', NULL, NULL, NULL, NULL, NULL, NULL, NULL, 1, NULL, '2022-11-18 06:13:11', '2022-11-18 06:13:11'),
(1465, 2, 1, 25, 17, '2023-11-19', NULL, NULL, NULL, NULL, NULL, NULL, NULL, 1, NULL, '2022-11-18 06:13:11', '2022-11-18 06:13:11'),
(1466, 2, 1, 25, 17, '2023-11-20', NULL, NULL, NULL, NULL, NULL, NULL, NULL, 1, NULL, '2022-11-18 06:13:11', '2022-11-18 06:13:11'),
(1467, 2, 1, 25, 17, '2023-11-21', NULL, NULL, NULL, NULL, NULL, NULL, NULL, 1, NULL, '2022-11-18 06:13:11', '2022-11-18 06:13:11'),
(1468, 2, 1, 25, 17, '2023-11-22', NULL, NULL, NULL, NULL, NULL, NULL, NULL, 1, NULL, '2022-11-18 06:13:11', '2022-11-18 06:13:11'),
(1469, 2, 1, 25, 17, '2023-11-23', NULL, NULL, NULL, NULL, NULL, NULL, NULL, 1, NULL, '2022-11-18 06:13:11', '2022-11-18 06:13:11'),
(1470, 2, 1, 25, 17, '2023-11-24', NULL, NULL, NULL, NULL, NULL, NULL, NULL, 1, NULL, '2022-11-18 06:13:11', '2022-11-18 06:13:11'),
(1471, 2, 1, 25, 17, '2023-11-25', NULL, NULL, NULL, NULL, NULL, NULL, NULL, 1, NULL, '2022-11-18 06:13:11', '2022-11-18 06:13:11'),
(1472, 2, 1, 25, 17, '2023-11-26', NULL, NULL, NULL, NULL, NULL, NULL, NULL, 1, NULL, '2022-11-18 06:13:11', '2022-11-18 06:13:11'),
(1473, 2, 1, 25, 17, '2023-11-27', NULL, NULL, NULL, NULL, NULL, NULL, NULL, 1, NULL, '2022-11-18 06:13:11', '2022-11-18 06:13:11'),
(1474, 2, 1, 25, 17, '2023-11-28', NULL, NULL, NULL, NULL, NULL, NULL, NULL, 1, NULL, '2022-11-18 06:13:11', '2022-11-18 06:13:11'),
(1475, 2, 1, 25, 17, '2023-11-29', NULL, NULL, NULL, NULL, NULL, NULL, NULL, 1, NULL, '2022-11-18 06:13:11', '2022-11-18 06:13:11'),
(1476, 2, 1, 25, 17, '2023-11-30', NULL, NULL, NULL, NULL, NULL, NULL, NULL, 1, NULL, '2022-11-18 06:13:11', '2022-11-18 06:13:11'),
(1477, 2, 1, 25, 17, '2023-11-01', NULL, NULL, NULL, NULL, NULL, NULL, NULL, 1, NULL, '2022-11-18 06:13:11', '2022-11-18 06:13:11'),
(1478, 2, 1, 25, 17, '2023-11-02', NULL, NULL, NULL, NULL, NULL, NULL, NULL, 1, NULL, '2022-11-18 06:13:11', '2022-11-18 06:13:11'),
(1479, 2, 1, 25, 17, '2023-11-03', NULL, NULL, NULL, NULL, NULL, NULL, NULL, 1, NULL, '2022-11-18 06:13:11', '2022-11-18 06:13:11'),
(1480, 2, 1, 25, 17, '2023-11-04', NULL, NULL, NULL, NULL, NULL, NULL, NULL, 1, NULL, '2022-11-18 06:13:11', '2022-11-18 06:13:11'),
(1481, 2, 1, 25, 17, '2023-11-05', NULL, NULL, NULL, NULL, NULL, NULL, NULL, 1, NULL, '2022-11-18 06:13:11', '2022-11-18 06:13:11'),
(1482, 2, 1, 25, 17, '2023-11-06', NULL, NULL, NULL, NULL, NULL, NULL, NULL, 1, NULL, '2022-11-18 06:13:11', '2022-11-18 06:13:11'),
(1483, 2, 1, 25, 17, '2023-11-07', NULL, NULL, NULL, NULL, NULL, NULL, NULL, 1, NULL, '2022-11-18 06:13:11', '2022-11-18 06:13:11'),
(1484, 2, 1, 25, 17, '2023-11-08', NULL, NULL, NULL, NULL, NULL, NULL, NULL, 1, NULL, '2022-11-18 06:13:11', '2022-11-18 06:13:11'),
(1485, 2, 1, 25, 17, '2023-11-09', NULL, NULL, NULL, NULL, NULL, NULL, NULL, 1, NULL, '2022-11-18 06:13:11', '2022-11-18 06:13:11'),
(1486, 2, 1, 25, 17, '2023-11-10', NULL, NULL, NULL, NULL, NULL, NULL, NULL, 1, NULL, '2022-11-18 06:13:11', '2022-11-18 06:13:11'),
(1487, 2, 1, 25, 17, '2023-11-11', NULL, NULL, NULL, NULL, NULL, NULL, NULL, 1, NULL, '2022-11-18 06:13:11', '2022-11-18 06:13:11'),
(1488, 2, 1, 25, 17, '2023-11-12', NULL, NULL, NULL, NULL, NULL, NULL, NULL, 1, NULL, '2022-11-18 06:13:11', '2022-11-18 06:13:11'),
(1489, 2, 1, 25, 17, '2023-11-13', NULL, NULL, NULL, NULL, NULL, NULL, NULL, 1, NULL, '2022-11-18 06:13:11', '2022-11-18 06:13:11'),
(1490, 2, 1, 25, 17, '2023-11-14', NULL, NULL, NULL, NULL, NULL, NULL, NULL, 1, NULL, '2022-11-18 06:13:11', '2022-11-18 06:13:11'),
(1491, 2, 1, 25, 17, '2023-11-15', NULL, NULL, NULL, NULL, NULL, NULL, NULL, 1, NULL, '2022-11-18 06:13:11', '2022-11-18 06:13:11'),
(1492, 2, 1, 25, 17, '2023-11-16', NULL, NULL, NULL, NULL, NULL, NULL, NULL, 1, NULL, '2022-11-18 06:13:11', '2022-11-18 06:13:11'),
(1493, 2, 1, 25, 17, '2023-11-17', NULL, NULL, NULL, NULL, NULL, NULL, NULL, 1, NULL, '2022-11-18 06:13:11', '2022-11-18 06:13:11'),
(1494, 2, 1, 25, 17, '2023-11-18', NULL, NULL, NULL, NULL, NULL, NULL, NULL, 1, NULL, '2022-11-18 06:13:11', '2022-11-18 06:13:11'),
(1495, 2, 1, 25, 17, '2023-11-19', NULL, NULL, NULL, NULL, NULL, NULL, NULL, 1, NULL, '2022-11-18 06:13:11', '2022-11-18 06:13:11'),
(1496, 2, 1, 25, 17, '2023-11-20', NULL, NULL, NULL, NULL, NULL, NULL, NULL, 1, NULL, '2022-11-18 06:13:11', '2022-11-18 06:13:11'),
(1497, 2, 1, 25, 17, '2023-11-21', NULL, NULL, NULL, NULL, NULL, NULL, NULL, 1, NULL, '2022-11-18 06:13:11', '2022-11-18 06:13:11'),
(1498, 2, 1, 25, 17, '2023-11-22', NULL, NULL, NULL, NULL, NULL, NULL, NULL, 1, NULL, '2022-11-18 06:13:11', '2022-11-18 06:13:11'),
(1499, 2, 1, 25, 17, '2023-11-23', NULL, NULL, NULL, NULL, NULL, NULL, NULL, 1, NULL, '2022-11-18 06:13:11', '2022-11-18 06:13:11'),
(1500, 2, 1, 25, 17, '2023-11-24', NULL, NULL, NULL, NULL, NULL, NULL, NULL, 1, NULL, '2022-11-18 06:13:11', '2022-11-18 06:13:11'),
(1501, 2, 1, 25, 17, '2023-11-25', NULL, NULL, NULL, NULL, NULL, NULL, NULL, 1, NULL, '2022-11-18 06:13:11', '2022-11-18 06:13:11'),
(1502, 2, 1, 25, 17, '2023-11-26', NULL, NULL, NULL, NULL, NULL, NULL, NULL, 1, NULL, '2022-11-18 06:13:11', '2022-11-18 06:13:11'),
(1503, 2, 1, 25, 17, '2023-11-27', NULL, NULL, NULL, NULL, NULL, NULL, NULL, 1, NULL, '2022-11-18 06:13:11', '2022-11-18 06:13:11'),
(1504, 2, 1, 25, 17, '2023-11-28', NULL, NULL, NULL, NULL, NULL, NULL, NULL, 1, NULL, '2022-11-18 06:13:11', '2022-11-18 06:13:11'),
(1505, 2, 1, 25, 17, '2023-11-29', NULL, NULL, NULL, NULL, NULL, NULL, NULL, 1, NULL, '2022-11-18 06:13:11', '2022-11-18 06:13:11'),
(1506, 2, 1, 25, 17, '2023-11-30', NULL, NULL, NULL, NULL, NULL, NULL, NULL, 1, NULL, '2022-11-18 06:13:11', '2022-11-18 06:13:11'),
(1507, 2, 1, 25, 17, '2023-11-01', NULL, NULL, NULL, NULL, NULL, NULL, NULL, 1, NULL, '2022-11-18 06:13:11', '2022-11-18 06:13:11'),
(1508, 2, 1, 25, 17, '2023-11-02', NULL, NULL, NULL, NULL, NULL, NULL, NULL, 1, NULL, '2022-11-18 06:13:11', '2022-11-18 06:13:11'),
(1509, 2, 1, 25, 17, '2023-11-03', NULL, NULL, NULL, NULL, NULL, NULL, NULL, 1, NULL, '2022-11-18 06:13:11', '2022-11-18 06:13:11'),
(1510, 2, 1, 25, 17, '2023-11-04', NULL, NULL, NULL, NULL, NULL, NULL, NULL, 1, NULL, '2022-11-18 06:13:11', '2022-11-18 06:13:11'),
(1511, 2, 1, 25, 17, '2023-11-05', NULL, NULL, NULL, NULL, NULL, NULL, NULL, 1, NULL, '2022-11-18 06:13:11', '2022-11-18 06:13:11'),
(1512, 2, 1, 25, 17, '2023-11-06', NULL, NULL, NULL, NULL, NULL, NULL, NULL, 1, NULL, '2022-11-18 06:13:11', '2022-11-18 06:13:11'),
(1513, 2, 1, 25, 17, '2023-11-07', NULL, NULL, NULL, NULL, NULL, NULL, NULL, 1, NULL, '2022-11-18 06:13:11', '2022-11-18 06:13:11'),
(1514, 2, 1, 25, 17, '2023-11-08', NULL, NULL, NULL, NULL, NULL, NULL, NULL, 1, NULL, '2022-11-18 06:13:11', '2022-11-18 06:13:11'),
(1515, 2, 1, 25, 17, '2023-11-09', NULL, NULL, NULL, NULL, NULL, NULL, NULL, 1, NULL, '2022-11-18 06:13:11', '2022-11-18 06:13:11'),
(1516, 2, 1, 25, 17, '2023-11-10', NULL, NULL, NULL, NULL, NULL, NULL, NULL, 1, NULL, '2022-11-18 06:13:11', '2022-11-18 06:13:11'),
(1517, 2, 1, 25, 17, '2023-11-11', NULL, NULL, NULL, NULL, NULL, NULL, NULL, 1, NULL, '2022-11-18 06:13:11', '2022-11-18 06:13:11'),
(1518, 2, 1, 25, 17, '2023-11-12', NULL, NULL, NULL, NULL, NULL, NULL, NULL, 1, NULL, '2022-11-18 06:13:11', '2022-11-18 06:13:11'),
(1519, 2, 1, 25, 17, '2023-11-13', NULL, NULL, NULL, NULL, NULL, NULL, NULL, 1, NULL, '2022-11-18 06:13:11', '2022-11-18 06:13:11'),
(1520, 2, 1, 25, 17, '2023-11-14', NULL, NULL, NULL, NULL, NULL, NULL, NULL, 1, NULL, '2022-11-18 06:13:11', '2022-11-18 06:13:11'),
(1521, 2, 1, 25, 17, '2023-11-15', NULL, NULL, NULL, NULL, NULL, NULL, NULL, 1, NULL, '2022-11-18 06:13:11', '2022-11-18 06:13:11'),
(1522, 2, 1, 25, 17, '2023-11-16', NULL, NULL, NULL, NULL, NULL, NULL, NULL, 1, NULL, '2022-11-18 06:13:11', '2022-11-18 06:13:11'),
(1523, 2, 1, 25, 17, '2023-11-17', NULL, NULL, NULL, NULL, NULL, NULL, NULL, 1, NULL, '2022-11-18 06:13:11', '2022-11-18 06:13:11'),
(1524, 2, 1, 25, 17, '2023-11-18', NULL, NULL, NULL, NULL, NULL, NULL, NULL, 1, NULL, '2022-11-18 06:13:11', '2022-11-18 06:13:11'),
(1525, 2, 1, 25, 17, '2023-11-19', NULL, NULL, NULL, NULL, NULL, NULL, NULL, 1, NULL, '2022-11-18 06:13:11', '2022-11-18 06:13:11'),
(1526, 2, 1, 25, 17, '2023-11-20', NULL, NULL, NULL, NULL, NULL, NULL, NULL, 1, NULL, '2022-11-18 06:13:11', '2022-11-18 06:13:11'),
(1527, 2, 1, 25, 17, '2023-11-21', NULL, NULL, NULL, NULL, NULL, NULL, NULL, 1, NULL, '2022-11-18 06:13:11', '2022-11-18 06:13:11'),
(1528, 2, 1, 25, 17, '2023-11-22', NULL, NULL, NULL, NULL, NULL, NULL, NULL, 1, NULL, '2022-11-18 06:13:11', '2022-11-18 06:13:11'),
(1529, 2, 1, 25, 17, '2023-11-23', NULL, NULL, NULL, NULL, NULL, NULL, NULL, 1, NULL, '2022-11-18 06:13:11', '2022-11-18 06:13:11'),
(1530, 2, 1, 25, 17, '2023-11-24', NULL, NULL, NULL, NULL, NULL, NULL, NULL, 1, NULL, '2022-11-18 06:13:11', '2022-11-18 06:13:11'),
(1531, 2, 1, 25, 17, '2023-11-25', NULL, NULL, NULL, NULL, NULL, NULL, NULL, 1, NULL, '2022-11-18 06:13:11', '2022-11-18 06:13:11'),
(1532, 2, 1, 25, 17, '2023-11-26', NULL, NULL, NULL, NULL, NULL, NULL, NULL, 1, NULL, '2022-11-18 06:13:11', '2022-11-18 06:13:11'),
(1533, 2, 1, 25, 17, '2023-11-27', NULL, NULL, NULL, NULL, NULL, NULL, NULL, 1, NULL, '2022-11-18 06:13:11', '2022-11-18 06:13:11'),
(1534, 2, 1, 25, 17, '2023-11-28', NULL, NULL, NULL, NULL, NULL, NULL, NULL, 1, NULL, '2022-11-18 06:13:11', '2022-11-18 06:13:11'),
(1535, 2, 1, 25, 17, '2023-11-29', NULL, NULL, NULL, NULL, NULL, NULL, NULL, 1, NULL, '2022-11-18 06:13:11', '2022-11-18 06:13:11'),
(1536, 2, 1, 25, 17, '2023-11-30', NULL, NULL, NULL, NULL, NULL, NULL, NULL, 1, NULL, '2022-11-18 06:13:11', '2022-11-18 06:13:11'),
(1537, 2, 1, 25, 17, '2023-11-01', NULL, NULL, NULL, NULL, NULL, NULL, NULL, 1, NULL, '2022-11-18 22:07:36', '2022-11-18 22:07:36'),
(1538, 2, 1, 25, 17, '2023-11-02', NULL, NULL, NULL, NULL, NULL, NULL, NULL, 1, NULL, '2022-11-18 22:07:36', '2022-11-18 22:07:36'),
(1539, 2, 1, 25, 17, '2023-11-03', NULL, NULL, NULL, NULL, NULL, NULL, NULL, 1, NULL, '2022-11-18 22:07:36', '2022-11-18 22:07:36'),
(1540, 2, 1, 25, 17, '2023-11-04', NULL, NULL, NULL, NULL, NULL, NULL, NULL, 1, NULL, '2022-11-18 22:07:36', '2022-11-18 22:07:36'),
(1541, 2, 1, 25, 17, '2023-11-05', NULL, NULL, NULL, NULL, NULL, NULL, NULL, 1, NULL, '2022-11-18 22:07:36', '2022-11-18 22:07:36'),
(1542, 2, 1, 25, 17, '2023-11-06', NULL, NULL, NULL, NULL, NULL, NULL, NULL, 1, NULL, '2022-11-18 22:07:36', '2022-11-18 22:07:36'),
(1543, 2, 1, 25, 17, '2023-11-07', NULL, NULL, NULL, NULL, NULL, NULL, NULL, 1, NULL, '2022-11-18 22:07:36', '2022-11-18 22:07:36'),
(1544, 2, 1, 25, 17, '2023-11-08', NULL, NULL, NULL, NULL, NULL, NULL, NULL, 1, NULL, '2022-11-18 22:07:36', '2022-11-18 22:07:36'),
(1545, 2, 1, 25, 17, '2023-11-09', NULL, NULL, NULL, NULL, NULL, NULL, NULL, 1, NULL, '2022-11-18 22:07:36', '2022-11-18 22:07:36'),
(1546, 2, 1, 25, 17, '2023-11-10', NULL, NULL, NULL, NULL, NULL, NULL, NULL, 1, NULL, '2022-11-18 22:07:36', '2022-11-18 22:07:36'),
(1547, 2, 1, 25, 17, '2023-11-11', NULL, NULL, NULL, NULL, NULL, NULL, NULL, 1, NULL, '2022-11-18 22:07:36', '2022-11-18 22:07:36'),
(1548, 2, 1, 25, 17, '2023-11-12', NULL, NULL, NULL, NULL, NULL, NULL, NULL, 1, NULL, '2022-11-18 22:07:36', '2022-11-18 22:07:36'),
(1549, 2, 1, 25, 17, '2023-11-13', NULL, NULL, NULL, NULL, NULL, NULL, NULL, 1, NULL, '2022-11-18 22:07:36', '2022-11-18 22:07:36'),
(1550, 2, 1, 25, 17, '2023-11-14', NULL, NULL, NULL, NULL, NULL, NULL, NULL, 1, NULL, '2022-11-18 22:07:36', '2022-11-18 22:07:36'),
(1551, 2, 1, 25, 17, '2023-11-15', NULL, NULL, NULL, NULL, NULL, NULL, NULL, 1, NULL, '2022-11-18 22:07:36', '2022-11-18 22:07:36'),
(1552, 2, 1, 25, 17, '2023-11-16', NULL, NULL, NULL, NULL, NULL, NULL, NULL, 1, NULL, '2022-11-18 22:07:36', '2022-11-18 22:07:36'),
(1553, 2, 1, 25, 17, '2023-11-17', NULL, NULL, NULL, NULL, NULL, NULL, NULL, 1, NULL, '2022-11-18 22:07:36', '2022-11-18 22:07:36'),
(1554, 2, 1, 25, 17, '2023-11-18', NULL, NULL, NULL, NULL, NULL, NULL, NULL, 1, NULL, '2022-11-18 22:07:36', '2022-11-18 22:07:36'),
(1555, 2, 1, 25, 17, '2023-11-19', NULL, NULL, NULL, NULL, NULL, NULL, NULL, 1, NULL, '2022-11-18 22:07:36', '2022-11-18 22:07:36'),
(1556, 2, 1, 25, 17, '2023-11-20', NULL, NULL, NULL, NULL, NULL, NULL, NULL, 1, NULL, '2022-11-18 22:07:36', '2022-11-18 22:07:36'),
(1557, 2, 1, 25, 17, '2023-11-21', NULL, NULL, NULL, NULL, NULL, NULL, NULL, 1, NULL, '2022-11-18 22:07:36', '2022-11-18 22:07:36'),
(1558, 2, 1, 25, 17, '2023-11-22', NULL, NULL, NULL, NULL, NULL, NULL, NULL, 1, NULL, '2022-11-18 22:07:36', '2022-11-18 22:07:36'),
(1559, 2, 1, 25, 17, '2023-11-23', NULL, NULL, NULL, NULL, NULL, NULL, NULL, 1, NULL, '2022-11-18 22:07:36', '2022-11-18 22:07:36'),
(1560, 2, 1, 25, 17, '2023-11-24', NULL, NULL, NULL, NULL, NULL, NULL, NULL, 1, NULL, '2022-11-18 22:07:36', '2022-11-18 22:07:36');
INSERT INTO `shift_employees` (`id`, `account_type`, `clinic_id`, `employee_id`, `shift_id`, `dateA`, `check_in`, `check_out`, `checkin_another_employee`, `checkout_another_employee`, `attendance_status`, `total_delay_minute`, `total_extra_minute`, `status`, `deleted_at`, `created_at`, `updated_at`) VALUES
(1561, 2, 1, 25, 17, '2023-11-25', NULL, NULL, NULL, NULL, NULL, NULL, NULL, 1, NULL, '2022-11-18 22:07:36', '2022-11-18 22:07:36'),
(1562, 2, 1, 25, 17, '2023-11-26', NULL, NULL, NULL, NULL, NULL, NULL, NULL, 1, NULL, '2022-11-18 22:07:36', '2022-11-18 22:07:36'),
(1563, 2, 1, 25, 17, '2023-11-27', NULL, NULL, NULL, NULL, NULL, NULL, NULL, 1, NULL, '2022-11-18 22:07:36', '2022-11-18 22:07:36'),
(1564, 2, 1, 25, 17, '2023-11-28', NULL, NULL, NULL, NULL, NULL, NULL, NULL, 1, NULL, '2022-11-18 22:07:36', '2022-11-18 22:07:36'),
(1565, 2, 1, 25, 17, '2023-11-29', NULL, NULL, NULL, NULL, NULL, NULL, NULL, 1, NULL, '2022-11-18 22:07:36', '2022-11-18 22:07:36'),
(1566, 2, 1, 25, 17, '2023-11-30', NULL, NULL, NULL, NULL, NULL, NULL, NULL, 1, NULL, '2022-11-18 22:07:36', '2022-11-18 22:07:36'),
(1567, 2, 1, 25, 17, '2023-11-01', NULL, NULL, NULL, NULL, NULL, NULL, NULL, 1, NULL, '2022-11-21 23:15:08', '2022-11-21 23:15:08'),
(1568, 2, 1, 25, 17, '2023-11-02', NULL, NULL, NULL, NULL, NULL, NULL, NULL, 1, NULL, '2022-11-21 23:15:08', '2022-11-21 23:15:08'),
(1569, 2, 1, 25, 17, '2023-11-03', NULL, NULL, NULL, NULL, NULL, NULL, NULL, 1, NULL, '2022-11-21 23:15:08', '2022-11-21 23:15:08'),
(1570, 2, 1, 25, 17, '2023-11-04', NULL, NULL, NULL, NULL, NULL, NULL, NULL, 1, NULL, '2022-11-21 23:15:08', '2022-11-21 23:15:08'),
(1571, 2, 1, 25, 17, '2023-11-05', NULL, NULL, NULL, NULL, NULL, NULL, NULL, 1, NULL, '2022-11-21 23:15:08', '2022-11-21 23:15:08'),
(1572, 2, 1, 25, 17, '2023-11-06', NULL, NULL, NULL, NULL, NULL, NULL, NULL, 1, NULL, '2022-11-21 23:15:08', '2022-11-21 23:15:08'),
(1573, 2, 1, 25, 17, '2023-11-07', NULL, NULL, NULL, NULL, NULL, NULL, NULL, 1, NULL, '2022-11-21 23:15:08', '2022-11-21 23:15:08'),
(1574, 2, 1, 25, 17, '2023-11-08', NULL, NULL, NULL, NULL, NULL, NULL, NULL, 1, NULL, '2022-11-21 23:15:08', '2022-11-21 23:15:08'),
(1575, 2, 1, 25, 17, '2023-11-09', NULL, NULL, NULL, NULL, NULL, NULL, NULL, 1, NULL, '2022-11-21 23:15:08', '2022-11-21 23:15:08'),
(1576, 2, 1, 25, 17, '2023-11-10', NULL, NULL, NULL, NULL, NULL, NULL, NULL, 1, NULL, '2022-11-21 23:15:08', '2022-11-21 23:15:08'),
(1577, 2, 1, 25, 17, '2023-11-11', NULL, NULL, NULL, NULL, NULL, NULL, NULL, 1, NULL, '2022-11-21 23:15:08', '2022-11-21 23:15:08'),
(1578, 2, 1, 25, 17, '2023-11-12', NULL, NULL, NULL, NULL, NULL, NULL, NULL, 1, NULL, '2022-11-21 23:15:08', '2022-11-21 23:15:08'),
(1579, 2, 1, 25, 17, '2023-11-13', NULL, NULL, NULL, NULL, NULL, NULL, NULL, 1, NULL, '2022-11-21 23:15:08', '2022-11-21 23:15:08'),
(1580, 2, 1, 25, 17, '2023-11-14', NULL, NULL, NULL, NULL, NULL, NULL, NULL, 1, NULL, '2022-11-21 23:15:08', '2022-11-21 23:15:08'),
(1581, 2, 1, 25, 17, '2023-11-15', NULL, NULL, NULL, NULL, NULL, NULL, NULL, 1, NULL, '2022-11-21 23:15:08', '2022-11-21 23:15:08'),
(1582, 2, 1, 25, 17, '2023-11-16', NULL, NULL, NULL, NULL, NULL, NULL, NULL, 1, NULL, '2022-11-21 23:15:08', '2022-11-21 23:15:08'),
(1583, 2, 1, 25, 17, '2023-11-17', NULL, NULL, NULL, NULL, NULL, NULL, NULL, 1, NULL, '2022-11-21 23:15:08', '2022-11-21 23:15:08'),
(1584, 2, 1, 25, 17, '2023-11-18', NULL, NULL, NULL, NULL, NULL, NULL, NULL, 1, NULL, '2022-11-21 23:15:08', '2022-11-21 23:15:08'),
(1585, 2, 1, 25, 17, '2023-11-19', NULL, NULL, NULL, NULL, NULL, NULL, NULL, 1, NULL, '2022-11-21 23:15:08', '2022-11-21 23:15:08'),
(1586, 2, 1, 25, 17, '2023-11-20', NULL, NULL, NULL, NULL, NULL, NULL, NULL, 1, NULL, '2022-11-21 23:15:08', '2022-11-21 23:15:08'),
(1587, 2, 1, 25, 17, '2023-11-21', NULL, NULL, NULL, NULL, NULL, NULL, NULL, 1, NULL, '2022-11-21 23:15:08', '2022-11-21 23:15:08'),
(1588, 2, 1, 25, 17, '2023-11-22', NULL, NULL, NULL, NULL, NULL, NULL, NULL, 1, NULL, '2022-11-21 23:15:08', '2022-11-21 23:15:08'),
(1589, 2, 1, 25, 17, '2023-11-23', NULL, NULL, NULL, NULL, NULL, NULL, NULL, 1, NULL, '2022-11-21 23:15:08', '2022-11-21 23:15:08'),
(1590, 2, 1, 25, 17, '2023-11-24', NULL, NULL, NULL, NULL, NULL, NULL, NULL, 1, NULL, '2022-11-21 23:15:08', '2022-11-21 23:15:08'),
(1591, 2, 1, 25, 17, '2023-11-25', NULL, NULL, NULL, NULL, NULL, NULL, NULL, 1, NULL, '2022-11-21 23:15:08', '2022-11-21 23:15:08'),
(1592, 2, 1, 25, 17, '2023-11-26', NULL, NULL, NULL, NULL, NULL, NULL, NULL, 1, NULL, '2022-11-21 23:15:08', '2022-11-21 23:15:08'),
(1593, 2, 1, 25, 17, '2023-11-27', NULL, NULL, NULL, NULL, NULL, NULL, NULL, 1, NULL, '2022-11-21 23:15:08', '2022-11-21 23:15:08'),
(1594, 2, 1, 25, 17, '2023-11-28', NULL, NULL, NULL, NULL, NULL, NULL, NULL, 1, NULL, '2022-11-21 23:15:08', '2022-11-21 23:15:08'),
(1595, 2, 1, 25, 17, '2023-11-29', NULL, NULL, NULL, NULL, NULL, NULL, NULL, 1, NULL, '2022-11-21 23:15:08', '2022-11-21 23:15:08'),
(1596, 2, 1, 25, 17, '2023-11-30', NULL, NULL, NULL, NULL, NULL, NULL, NULL, 1, NULL, '2022-11-21 23:15:08', '2022-11-21 23:15:08'),
(1597, 2, 1, 25, 17, '2023-11-01', NULL, NULL, NULL, NULL, NULL, NULL, NULL, 1, NULL, '2022-11-22 14:24:07', '2022-11-22 14:24:07'),
(1598, 2, 1, 25, 17, '2023-11-02', NULL, NULL, NULL, NULL, NULL, NULL, NULL, 1, NULL, '2022-11-22 14:24:07', '2022-11-22 14:24:07'),
(1599, 2, 1, 25, 17, '2023-11-03', NULL, NULL, NULL, NULL, NULL, NULL, NULL, 1, NULL, '2022-11-22 14:24:07', '2022-11-22 14:24:07'),
(1600, 2, 1, 25, 17, '2023-11-04', NULL, NULL, NULL, NULL, NULL, NULL, NULL, 1, NULL, '2022-11-22 14:24:07', '2022-11-22 14:24:07'),
(1601, 2, 1, 25, 17, '2023-11-05', NULL, NULL, NULL, NULL, NULL, NULL, NULL, 1, NULL, '2022-11-22 14:24:07', '2022-11-22 14:24:07'),
(1602, 2, 1, 25, 17, '2023-11-06', NULL, NULL, NULL, NULL, NULL, NULL, NULL, 1, NULL, '2022-11-22 14:24:07', '2022-11-22 14:24:07'),
(1603, 2, 1, 25, 17, '2023-11-07', NULL, NULL, NULL, NULL, NULL, NULL, NULL, 1, NULL, '2022-11-22 14:24:07', '2022-11-22 14:24:07'),
(1604, 2, 1, 25, 17, '2023-11-08', NULL, NULL, NULL, NULL, NULL, NULL, NULL, 1, NULL, '2022-11-22 14:24:07', '2022-11-22 14:24:07'),
(1605, 2, 1, 25, 17, '2023-11-09', NULL, NULL, NULL, NULL, NULL, NULL, NULL, 1, NULL, '2022-11-22 14:24:07', '2022-11-22 14:24:07'),
(1606, 2, 1, 25, 17, '2023-11-10', NULL, NULL, NULL, NULL, NULL, NULL, NULL, 1, NULL, '2022-11-22 14:24:07', '2022-11-22 14:24:07'),
(1607, 2, 1, 25, 17, '2023-11-11', NULL, NULL, NULL, NULL, NULL, NULL, NULL, 1, NULL, '2022-11-22 14:24:07', '2022-11-22 14:24:07'),
(1608, 2, 1, 25, 17, '2023-11-12', NULL, NULL, NULL, NULL, NULL, NULL, NULL, 1, NULL, '2022-11-22 14:24:07', '2022-11-22 14:24:07'),
(1609, 2, 1, 25, 17, '2023-11-13', NULL, NULL, NULL, NULL, NULL, NULL, NULL, 1, NULL, '2022-11-22 14:24:07', '2022-11-22 14:24:07'),
(1610, 2, 1, 25, 17, '2023-11-14', NULL, NULL, NULL, NULL, NULL, NULL, NULL, 1, NULL, '2022-11-22 14:24:07', '2022-11-22 14:24:07'),
(1611, 2, 1, 25, 17, '2023-11-15', NULL, NULL, NULL, NULL, NULL, NULL, NULL, 1, NULL, '2022-11-22 14:24:07', '2022-11-22 14:24:07'),
(1612, 2, 1, 25, 17, '2023-11-16', NULL, NULL, NULL, NULL, NULL, NULL, NULL, 1, NULL, '2022-11-22 14:24:07', '2022-11-22 14:24:07'),
(1613, 2, 1, 25, 17, '2023-11-17', NULL, NULL, NULL, NULL, NULL, NULL, NULL, 1, NULL, '2022-11-22 14:24:07', '2022-11-22 14:24:07'),
(1614, 2, 1, 25, 17, '2023-11-18', NULL, NULL, NULL, NULL, NULL, NULL, NULL, 1, NULL, '2022-11-22 14:24:07', '2022-11-22 14:24:07'),
(1615, 2, 1, 25, 17, '2023-11-19', NULL, NULL, NULL, NULL, NULL, NULL, NULL, 1, NULL, '2022-11-22 14:24:07', '2022-11-22 14:24:07'),
(1616, 2, 1, 25, 17, '2023-11-20', NULL, NULL, NULL, NULL, NULL, NULL, NULL, 1, NULL, '2022-11-22 14:24:07', '2022-11-22 14:24:07'),
(1617, 2, 1, 25, 17, '2023-11-21', NULL, NULL, NULL, NULL, NULL, NULL, NULL, 1, NULL, '2022-11-22 14:24:07', '2022-11-22 14:24:07'),
(1618, 2, 1, 25, 17, '2023-11-22', NULL, NULL, NULL, NULL, NULL, NULL, NULL, 1, NULL, '2022-11-22 14:24:07', '2022-11-22 14:24:07'),
(1619, 2, 1, 25, 17, '2023-11-23', NULL, NULL, NULL, NULL, NULL, NULL, NULL, 1, NULL, '2022-11-22 14:24:07', '2022-11-22 14:24:07'),
(1620, 2, 1, 25, 17, '2023-11-24', NULL, NULL, NULL, NULL, NULL, NULL, NULL, 1, NULL, '2022-11-22 14:24:07', '2022-11-22 14:24:07'),
(1621, 2, 1, 25, 17, '2023-11-25', NULL, NULL, NULL, NULL, NULL, NULL, NULL, 1, NULL, '2022-11-22 14:24:07', '2022-11-22 14:24:07'),
(1622, 2, 1, 25, 17, '2023-11-26', NULL, NULL, NULL, NULL, NULL, NULL, NULL, 1, NULL, '2022-11-22 14:24:07', '2022-11-22 14:24:07'),
(1623, 2, 1, 25, 17, '2023-11-27', NULL, NULL, NULL, NULL, NULL, NULL, NULL, 1, NULL, '2022-11-22 14:24:07', '2022-11-22 14:24:07'),
(1624, 2, 1, 25, 17, '2023-11-28', NULL, NULL, NULL, NULL, NULL, NULL, NULL, 1, NULL, '2022-11-22 14:24:07', '2022-11-22 14:24:07'),
(1625, 2, 1, 25, 17, '2023-11-29', NULL, NULL, NULL, NULL, NULL, NULL, NULL, 1, NULL, '2022-11-22 14:24:07', '2022-11-22 14:24:07'),
(1626, 2, 1, 25, 17, '2023-11-30', NULL, NULL, NULL, NULL, NULL, NULL, NULL, 1, NULL, '2022-11-22 14:24:07', '2022-11-22 14:24:07'),
(1627, 2, 1, 25, 17, '2023-11-01', NULL, NULL, NULL, NULL, NULL, NULL, NULL, 1, NULL, '2022-11-24 20:32:19', '2022-11-24 20:32:19'),
(1628, 2, 1, 25, 17, '2023-11-01', NULL, NULL, NULL, NULL, NULL, NULL, NULL, 1, NULL, '2022-11-24 20:32:19', '2022-11-24 20:32:19'),
(1629, 2, 1, 25, 17, '2023-11-02', NULL, NULL, NULL, NULL, NULL, NULL, NULL, 1, NULL, '2022-11-24 20:32:19', '2022-11-24 20:32:19'),
(1630, 2, 1, 25, 17, '2023-11-03', NULL, NULL, NULL, NULL, NULL, NULL, NULL, 1, NULL, '2022-11-24 20:32:19', '2022-11-24 20:32:19'),
(1631, 2, 1, 25, 17, '2023-11-02', NULL, NULL, NULL, NULL, NULL, NULL, NULL, 1, NULL, '2022-11-24 20:32:19', '2022-11-24 20:32:19'),
(1632, 2, 1, 25, 17, '2023-11-04', NULL, NULL, NULL, NULL, NULL, NULL, NULL, 1, NULL, '2022-11-24 20:32:19', '2022-11-24 20:32:19'),
(1633, 2, 1, 25, 17, '2023-11-03', NULL, NULL, NULL, NULL, NULL, NULL, NULL, 1, NULL, '2022-11-24 20:32:19', '2022-11-24 20:32:19'),
(1634, 2, 1, 25, 17, '2023-11-05', NULL, NULL, NULL, NULL, NULL, NULL, NULL, 1, NULL, '2022-11-24 20:32:19', '2022-11-24 20:32:19'),
(1635, 2, 1, 25, 17, '2023-11-04', NULL, NULL, NULL, NULL, NULL, NULL, NULL, 1, NULL, '2022-11-24 20:32:19', '2022-11-24 20:32:19'),
(1636, 2, 1, 25, 17, '2023-11-06', NULL, NULL, NULL, NULL, NULL, NULL, NULL, 1, NULL, '2022-11-24 20:32:19', '2022-11-24 20:32:19'),
(1637, 2, 1, 25, 17, '2023-11-05', NULL, NULL, NULL, NULL, NULL, NULL, NULL, 1, NULL, '2022-11-24 20:32:19', '2022-11-24 20:32:19'),
(1638, 2, 1, 25, 17, '2023-11-07', NULL, NULL, NULL, NULL, NULL, NULL, NULL, 1, NULL, '2022-11-24 20:32:19', '2022-11-24 20:32:19'),
(1639, 2, 1, 25, 17, '2023-11-06', NULL, NULL, NULL, NULL, NULL, NULL, NULL, 1, NULL, '2022-11-24 20:32:19', '2022-11-24 20:32:19'),
(1640, 2, 1, 25, 17, '2023-11-08', NULL, NULL, NULL, NULL, NULL, NULL, NULL, 1, NULL, '2022-11-24 20:32:19', '2022-11-24 20:32:19'),
(1641, 2, 1, 25, 17, '2023-11-07', NULL, NULL, NULL, NULL, NULL, NULL, NULL, 1, NULL, '2022-11-24 20:32:19', '2022-11-24 20:32:19'),
(1642, 2, 1, 25, 17, '2023-11-09', NULL, NULL, NULL, NULL, NULL, NULL, NULL, 1, NULL, '2022-11-24 20:32:19', '2022-11-24 20:32:19'),
(1643, 2, 1, 25, 17, '2023-11-08', NULL, NULL, NULL, NULL, NULL, NULL, NULL, 1, NULL, '2022-11-24 20:32:19', '2022-11-24 20:32:19'),
(1644, 2, 1, 25, 17, '2023-11-10', NULL, NULL, NULL, NULL, NULL, NULL, NULL, 1, NULL, '2022-11-24 20:32:19', '2022-11-24 20:32:19'),
(1645, 2, 1, 25, 17, '2023-11-09', NULL, NULL, NULL, NULL, NULL, NULL, NULL, 1, NULL, '2022-11-24 20:32:19', '2022-11-24 20:32:19'),
(1646, 2, 1, 25, 17, '2023-11-11', NULL, NULL, NULL, NULL, NULL, NULL, NULL, 1, NULL, '2022-11-24 20:32:19', '2022-11-24 20:32:19'),
(1647, 2, 1, 25, 17, '2023-11-10', NULL, NULL, NULL, NULL, NULL, NULL, NULL, 1, NULL, '2022-11-24 20:32:19', '2022-11-24 20:32:19'),
(1648, 2, 1, 25, 17, '2023-11-12', NULL, NULL, NULL, NULL, NULL, NULL, NULL, 1, NULL, '2022-11-24 20:32:19', '2022-11-24 20:32:19'),
(1649, 2, 1, 25, 17, '2023-11-11', NULL, NULL, NULL, NULL, NULL, NULL, NULL, 1, NULL, '2022-11-24 20:32:19', '2022-11-24 20:32:19'),
(1650, 2, 1, 25, 17, '2023-11-13', NULL, NULL, NULL, NULL, NULL, NULL, NULL, 1, NULL, '2022-11-24 20:32:19', '2022-11-24 20:32:19'),
(1651, 2, 1, 25, 17, '2023-11-12', NULL, NULL, NULL, NULL, NULL, NULL, NULL, 1, NULL, '2022-11-24 20:32:19', '2022-11-24 20:32:19'),
(1652, 2, 1, 25, 17, '2023-11-14', NULL, NULL, NULL, NULL, NULL, NULL, NULL, 1, NULL, '2022-11-24 20:32:19', '2022-11-24 20:32:19'),
(1653, 2, 1, 25, 17, '2023-11-13', NULL, NULL, NULL, NULL, NULL, NULL, NULL, 1, NULL, '2022-11-24 20:32:19', '2022-11-24 20:32:19'),
(1654, 2, 1, 25, 17, '2023-11-15', NULL, NULL, NULL, NULL, NULL, NULL, NULL, 1, NULL, '2022-11-24 20:32:19', '2022-11-24 20:32:19'),
(1655, 2, 1, 25, 17, '2023-11-14', NULL, NULL, NULL, NULL, NULL, NULL, NULL, 1, NULL, '2022-11-24 20:32:19', '2022-11-24 20:32:19'),
(1656, 2, 1, 25, 17, '2023-11-16', NULL, NULL, NULL, NULL, NULL, NULL, NULL, 1, NULL, '2022-11-24 20:32:19', '2022-11-24 20:32:19'),
(1657, 2, 1, 25, 17, '2023-11-15', NULL, NULL, NULL, NULL, NULL, NULL, NULL, 1, NULL, '2022-11-24 20:32:19', '2022-11-24 20:32:19'),
(1658, 2, 1, 25, 17, '2023-11-17', NULL, NULL, NULL, NULL, NULL, NULL, NULL, 1, NULL, '2022-11-24 20:32:19', '2022-11-24 20:32:19'),
(1659, 2, 1, 25, 17, '2023-11-16', NULL, NULL, NULL, NULL, NULL, NULL, NULL, 1, NULL, '2022-11-24 20:32:19', '2022-11-24 20:32:19'),
(1660, 2, 1, 25, 17, '2023-11-18', NULL, NULL, NULL, NULL, NULL, NULL, NULL, 1, NULL, '2022-11-24 20:32:19', '2022-11-24 20:32:19'),
(1661, 2, 1, 25, 17, '2023-11-19', NULL, NULL, NULL, NULL, NULL, NULL, NULL, 1, NULL, '2022-11-24 20:32:19', '2022-11-24 20:32:19'),
(1662, 2, 1, 25, 17, '2023-11-17', NULL, NULL, NULL, NULL, NULL, NULL, NULL, 1, NULL, '2022-11-24 20:32:19', '2022-11-24 20:32:19'),
(1663, 2, 1, 25, 17, '2023-11-20', NULL, NULL, NULL, NULL, NULL, NULL, NULL, 1, NULL, '2022-11-24 20:32:19', '2022-11-24 20:32:19'),
(1664, 2, 1, 25, 17, '2023-11-18', NULL, NULL, NULL, NULL, NULL, NULL, NULL, 1, NULL, '2022-11-24 20:32:19', '2022-11-24 20:32:19'),
(1665, 2, 1, 25, 17, '2023-11-21', NULL, NULL, NULL, NULL, NULL, NULL, NULL, 1, NULL, '2022-11-24 20:32:19', '2022-11-24 20:32:19'),
(1666, 2, 1, 25, 17, '2023-11-19', NULL, NULL, NULL, NULL, NULL, NULL, NULL, 1, NULL, '2022-11-24 20:32:19', '2022-11-24 20:32:19'),
(1667, 2, 1, 25, 17, '2023-11-22', NULL, NULL, NULL, NULL, NULL, NULL, NULL, 1, NULL, '2022-11-24 20:32:19', '2022-11-24 20:32:19'),
(1668, 2, 1, 25, 17, '2023-11-20', NULL, NULL, NULL, NULL, NULL, NULL, NULL, 1, NULL, '2022-11-24 20:32:19', '2022-11-24 20:32:19'),
(1669, 2, 1, 25, 17, '2023-11-23', NULL, NULL, NULL, NULL, NULL, NULL, NULL, 1, NULL, '2022-11-24 20:32:19', '2022-11-24 20:32:19'),
(1670, 2, 1, 25, 17, '2023-11-21', NULL, NULL, NULL, NULL, NULL, NULL, NULL, 1, NULL, '2022-11-24 20:32:19', '2022-11-24 20:32:19'),
(1671, 2, 1, 25, 17, '2023-11-24', NULL, NULL, NULL, NULL, NULL, NULL, NULL, 1, NULL, '2022-11-24 20:32:19', '2022-11-24 20:32:19'),
(1672, 2, 1, 25, 17, '2023-11-22', NULL, NULL, NULL, NULL, NULL, NULL, NULL, 1, NULL, '2022-11-24 20:32:19', '2022-11-24 20:32:19'),
(1673, 2, 1, 25, 17, '2023-11-25', NULL, NULL, NULL, NULL, NULL, NULL, NULL, 1, NULL, '2022-11-24 20:32:19', '2022-11-24 20:32:19'),
(1674, 2, 1, 25, 17, '2023-11-23', NULL, NULL, NULL, NULL, NULL, NULL, NULL, 1, NULL, '2022-11-24 20:32:19', '2022-11-24 20:32:19'),
(1675, 2, 1, 25, 17, '2023-11-26', NULL, NULL, NULL, NULL, NULL, NULL, NULL, 1, NULL, '2022-11-24 20:32:19', '2022-11-24 20:32:19'),
(1676, 2, 1, 25, 17, '2023-11-24', NULL, NULL, NULL, NULL, NULL, NULL, NULL, 1, NULL, '2022-11-24 20:32:19', '2022-11-24 20:32:19'),
(1677, 2, 1, 25, 17, '2023-11-27', NULL, NULL, NULL, NULL, NULL, NULL, NULL, 1, NULL, '2022-11-24 20:32:19', '2022-11-24 20:32:19'),
(1678, 2, 1, 25, 17, '2023-11-25', NULL, NULL, NULL, NULL, NULL, NULL, NULL, 1, NULL, '2022-11-24 20:32:19', '2022-11-24 20:32:19'),
(1679, 2, 1, 25, 17, '2023-11-28', NULL, NULL, NULL, NULL, NULL, NULL, NULL, 1, NULL, '2022-11-24 20:32:19', '2022-11-24 20:32:19'),
(1680, 2, 1, 25, 17, '2023-11-26', NULL, NULL, NULL, NULL, NULL, NULL, NULL, 1, NULL, '2022-11-24 20:32:19', '2022-11-24 20:32:19'),
(1681, 2, 1, 25, 17, '2023-11-29', NULL, NULL, NULL, NULL, NULL, NULL, NULL, 1, NULL, '2022-11-24 20:32:19', '2022-11-24 20:32:19'),
(1682, 2, 1, 25, 17, '2023-11-27', NULL, NULL, NULL, NULL, NULL, NULL, NULL, 1, NULL, '2022-11-24 20:32:19', '2022-11-24 20:32:19'),
(1683, 2, 1, 25, 17, '2023-11-30', NULL, NULL, NULL, NULL, NULL, NULL, NULL, 1, NULL, '2022-11-24 20:32:19', '2022-11-24 20:32:19'),
(1684, 2, 1, 25, 17, '2023-11-28', NULL, NULL, NULL, NULL, NULL, NULL, NULL, 1, NULL, '2022-11-24 20:32:19', '2022-11-24 20:32:19'),
(1685, 2, 1, 25, 17, '2023-11-29', NULL, NULL, NULL, NULL, NULL, NULL, NULL, 1, NULL, '2022-11-24 20:32:19', '2022-11-24 20:32:19'),
(1686, 2, 1, 25, 17, '2023-11-30', NULL, NULL, NULL, NULL, NULL, NULL, NULL, 1, NULL, '2022-11-24 20:32:19', '2022-11-24 20:32:19'),
(1687, 2, 1, 25, 17, '2023-11-01', NULL, NULL, NULL, NULL, NULL, NULL, NULL, 1, NULL, '2022-11-25 00:39:52', '2022-11-25 00:39:52'),
(1688, 2, 1, 25, 17, '2023-11-02', NULL, NULL, NULL, NULL, NULL, NULL, NULL, 1, NULL, '2022-11-25 00:39:52', '2022-11-25 00:39:52'),
(1689, 2, 1, 25, 17, '2023-11-03', NULL, NULL, NULL, NULL, NULL, NULL, NULL, 1, NULL, '2022-11-25 00:39:52', '2022-11-25 00:39:52'),
(1690, 2, 1, 25, 17, '2023-11-04', NULL, NULL, NULL, NULL, NULL, NULL, NULL, 1, NULL, '2022-11-25 00:39:52', '2022-11-25 00:39:52'),
(1691, 2, 1, 25, 17, '2023-11-05', NULL, NULL, NULL, NULL, NULL, NULL, NULL, 1, NULL, '2022-11-25 00:39:52', '2022-11-25 00:39:52'),
(1692, 2, 1, 25, 17, '2023-11-06', NULL, NULL, NULL, NULL, NULL, NULL, NULL, 1, NULL, '2022-11-25 00:39:52', '2022-11-25 00:39:52'),
(1693, 2, 1, 25, 17, '2023-11-07', NULL, NULL, NULL, NULL, NULL, NULL, NULL, 1, NULL, '2022-11-25 00:39:52', '2022-11-25 00:39:52'),
(1694, 2, 1, 25, 17, '2023-11-08', NULL, NULL, NULL, NULL, NULL, NULL, NULL, 1, NULL, '2022-11-25 00:39:52', '2022-11-25 00:39:52'),
(1695, 2, 1, 25, 17, '2023-11-09', NULL, NULL, NULL, NULL, NULL, NULL, NULL, 1, NULL, '2022-11-25 00:39:52', '2022-11-25 00:39:52'),
(1696, 2, 1, 25, 17, '2023-11-10', NULL, NULL, NULL, NULL, NULL, NULL, NULL, 1, NULL, '2022-11-25 00:39:52', '2022-11-25 00:39:52'),
(1697, 2, 1, 25, 17, '2023-11-11', NULL, NULL, NULL, NULL, NULL, NULL, NULL, 1, NULL, '2022-11-25 00:39:52', '2022-11-25 00:39:52'),
(1698, 2, 1, 25, 17, '2023-11-12', NULL, NULL, NULL, NULL, NULL, NULL, NULL, 1, NULL, '2022-11-25 00:39:52', '2022-11-25 00:39:52'),
(1699, 2, 1, 25, 17, '2023-11-13', NULL, NULL, NULL, NULL, NULL, NULL, NULL, 1, NULL, '2022-11-25 00:39:52', '2022-11-25 00:39:52'),
(1700, 2, 1, 25, 17, '2023-11-14', NULL, NULL, NULL, NULL, NULL, NULL, NULL, 1, NULL, '2022-11-25 00:39:52', '2022-11-25 00:39:52'),
(1701, 2, 1, 25, 17, '2023-11-15', NULL, NULL, NULL, NULL, NULL, NULL, NULL, 1, NULL, '2022-11-25 00:39:52', '2022-11-25 00:39:52'),
(1702, 2, 1, 25, 17, '2023-11-16', NULL, NULL, NULL, NULL, NULL, NULL, NULL, 1, NULL, '2022-11-25 00:39:52', '2022-11-25 00:39:52'),
(1703, 2, 1, 25, 17, '2023-11-17', NULL, NULL, NULL, NULL, NULL, NULL, NULL, 1, NULL, '2022-11-25 00:39:52', '2022-11-25 00:39:52'),
(1704, 2, 1, 25, 17, '2023-11-18', NULL, NULL, NULL, NULL, NULL, NULL, NULL, 1, NULL, '2022-11-25 00:39:52', '2022-11-25 00:39:52'),
(1705, 2, 1, 25, 17, '2023-11-19', NULL, NULL, NULL, NULL, NULL, NULL, NULL, 1, NULL, '2022-11-25 00:39:52', '2022-11-25 00:39:52'),
(1706, 2, 1, 25, 17, '2023-11-20', NULL, NULL, NULL, NULL, NULL, NULL, NULL, 1, NULL, '2022-11-25 00:39:52', '2022-11-25 00:39:52'),
(1707, 2, 1, 25, 17, '2023-11-21', NULL, NULL, NULL, NULL, NULL, NULL, NULL, 1, NULL, '2022-11-25 00:39:52', '2022-11-25 00:39:52'),
(1708, 2, 1, 25, 17, '2023-11-22', NULL, NULL, NULL, NULL, NULL, NULL, NULL, 1, NULL, '2022-11-25 00:39:52', '2022-11-25 00:39:52'),
(1709, 2, 1, 25, 17, '2023-11-23', NULL, NULL, NULL, NULL, NULL, NULL, NULL, 1, NULL, '2022-11-25 00:39:52', '2022-11-25 00:39:52'),
(1710, 2, 1, 25, 17, '2023-11-24', NULL, NULL, NULL, NULL, NULL, NULL, NULL, 1, NULL, '2022-11-25 00:39:52', '2022-11-25 00:39:52'),
(1711, 2, 1, 25, 17, '2023-11-25', NULL, NULL, NULL, NULL, NULL, NULL, NULL, 1, NULL, '2022-11-25 00:39:52', '2022-11-25 00:39:52'),
(1712, 2, 1, 25, 17, '2023-11-26', NULL, NULL, NULL, NULL, NULL, NULL, NULL, 1, NULL, '2022-11-25 00:39:52', '2022-11-25 00:39:52'),
(1713, 2, 1, 25, 17, '2023-11-27', NULL, NULL, NULL, NULL, NULL, NULL, NULL, 1, NULL, '2022-11-25 00:39:52', '2022-11-25 00:39:52'),
(1714, 2, 1, 25, 17, '2023-11-28', NULL, NULL, NULL, NULL, NULL, NULL, NULL, 1, NULL, '2022-11-25 00:39:52', '2022-11-25 00:39:52'),
(1715, 2, 1, 25, 17, '2023-11-29', NULL, NULL, NULL, NULL, NULL, NULL, NULL, 1, NULL, '2022-11-25 00:39:52', '2022-11-25 00:39:52'),
(1716, 2, 1, 25, 17, '2023-11-30', NULL, NULL, NULL, NULL, NULL, NULL, NULL, 1, NULL, '2022-11-25 00:39:52', '2022-11-25 00:39:52'),
(1717, 2, 1, 25, 17, '2023-11-01', NULL, NULL, NULL, NULL, NULL, NULL, NULL, 1, NULL, '2022-11-26 01:08:09', '2022-11-26 01:08:09'),
(1718, 2, 1, 25, 17, '2023-11-02', NULL, NULL, NULL, NULL, NULL, NULL, NULL, 1, NULL, '2022-11-26 01:08:09', '2022-11-26 01:08:09'),
(1719, 2, 1, 25, 17, '2023-11-03', NULL, NULL, NULL, NULL, NULL, NULL, NULL, 1, NULL, '2022-11-26 01:08:09', '2022-11-26 01:08:09'),
(1720, 2, 1, 25, 17, '2023-11-04', NULL, NULL, NULL, NULL, NULL, NULL, NULL, 1, NULL, '2022-11-26 01:08:09', '2022-11-26 01:08:09'),
(1721, 2, 1, 25, 17, '2023-11-05', NULL, NULL, NULL, NULL, NULL, NULL, NULL, 1, NULL, '2022-11-26 01:08:09', '2022-11-26 01:08:09'),
(1722, 2, 1, 25, 17, '2023-11-06', NULL, NULL, NULL, NULL, NULL, NULL, NULL, 1, NULL, '2022-11-26 01:08:09', '2022-11-26 01:08:09'),
(1723, 2, 1, 25, 17, '2023-11-07', NULL, NULL, NULL, NULL, NULL, NULL, NULL, 1, NULL, '2022-11-26 01:08:09', '2022-11-26 01:08:09'),
(1724, 2, 1, 25, 17, '2023-11-08', NULL, NULL, NULL, NULL, NULL, NULL, NULL, 1, NULL, '2022-11-26 01:08:09', '2022-11-26 01:08:09'),
(1725, 2, 1, 25, 17, '2023-11-09', NULL, NULL, NULL, NULL, NULL, NULL, NULL, 1, NULL, '2022-11-26 01:08:09', '2022-11-26 01:08:09'),
(1726, 2, 1, 25, 17, '2023-11-10', NULL, NULL, NULL, NULL, NULL, NULL, NULL, 1, NULL, '2022-11-26 01:08:09', '2022-11-26 01:08:09'),
(1727, 2, 1, 25, 17, '2023-11-11', NULL, NULL, NULL, NULL, NULL, NULL, NULL, 1, NULL, '2022-11-26 01:08:09', '2022-11-26 01:08:09'),
(1728, 2, 1, 25, 17, '2023-11-12', NULL, NULL, NULL, NULL, NULL, NULL, NULL, 1, NULL, '2022-11-26 01:08:09', '2022-11-26 01:08:09'),
(1729, 2, 1, 25, 17, '2023-11-13', NULL, NULL, NULL, NULL, NULL, NULL, NULL, 1, NULL, '2022-11-26 01:08:09', '2022-11-26 01:08:09'),
(1730, 2, 1, 25, 17, '2023-11-14', NULL, NULL, NULL, NULL, NULL, NULL, NULL, 1, NULL, '2022-11-26 01:08:09', '2022-11-26 01:08:09'),
(1731, 2, 1, 25, 17, '2023-11-15', NULL, NULL, NULL, NULL, NULL, NULL, NULL, 1, NULL, '2022-11-26 01:08:09', '2022-11-26 01:08:09'),
(1732, 2, 1, 25, 17, '2023-11-16', NULL, NULL, NULL, NULL, NULL, NULL, NULL, 1, NULL, '2022-11-26 01:08:09', '2022-11-26 01:08:09'),
(1733, 2, 1, 25, 17, '2023-11-17', NULL, NULL, NULL, NULL, NULL, NULL, NULL, 1, NULL, '2022-11-26 01:08:09', '2022-11-26 01:08:09'),
(1734, 2, 1, 25, 17, '2023-11-18', NULL, NULL, NULL, NULL, NULL, NULL, NULL, 1, NULL, '2022-11-26 01:08:09', '2022-11-26 01:08:09'),
(1735, 2, 1, 25, 17, '2023-11-19', NULL, NULL, NULL, NULL, NULL, NULL, NULL, 1, NULL, '2022-11-26 01:08:09', '2022-11-26 01:08:09'),
(1736, 2, 1, 25, 17, '2023-11-20', NULL, NULL, NULL, NULL, NULL, NULL, NULL, 1, NULL, '2022-11-26 01:08:09', '2022-11-26 01:08:09'),
(1737, 2, 1, 25, 17, '2023-11-21', NULL, NULL, NULL, NULL, NULL, NULL, NULL, 1, NULL, '2022-11-26 01:08:09', '2022-11-26 01:08:09'),
(1738, 2, 1, 25, 17, '2023-11-22', NULL, NULL, NULL, NULL, NULL, NULL, NULL, 1, NULL, '2022-11-26 01:08:09', '2022-11-26 01:08:09'),
(1739, 2, 1, 25, 17, '2023-11-23', NULL, NULL, NULL, NULL, NULL, NULL, NULL, 1, NULL, '2022-11-26 01:08:09', '2022-11-26 01:08:09'),
(1740, 2, 1, 25, 17, '2023-11-24', NULL, NULL, NULL, NULL, NULL, NULL, NULL, 1, NULL, '2022-11-26 01:08:09', '2022-11-26 01:08:09'),
(1741, 2, 1, 25, 17, '2023-11-25', NULL, NULL, NULL, NULL, NULL, NULL, NULL, 1, NULL, '2022-11-26 01:08:09', '2022-11-26 01:08:09'),
(1742, 2, 1, 25, 17, '2023-11-26', NULL, NULL, NULL, NULL, NULL, NULL, NULL, 1, NULL, '2022-11-26 01:08:09', '2022-11-26 01:08:09'),
(1743, 2, 1, 25, 17, '2023-11-27', NULL, NULL, NULL, NULL, NULL, NULL, NULL, 1, NULL, '2022-11-26 01:08:09', '2022-11-26 01:08:09'),
(1744, 2, 1, 25, 17, '2023-11-28', NULL, NULL, NULL, NULL, NULL, NULL, NULL, 1, NULL, '2022-11-26 01:08:09', '2022-11-26 01:08:09'),
(1745, 2, 1, 25, 17, '2023-11-29', NULL, NULL, NULL, NULL, NULL, NULL, NULL, 1, NULL, '2022-11-26 01:08:09', '2022-11-26 01:08:09'),
(1746, 2, 1, 25, 17, '2023-11-30', NULL, NULL, NULL, NULL, NULL, NULL, NULL, 1, NULL, '2022-11-26 01:08:09', '2022-11-26 01:08:09'),
(1747, 2, 1, 25, 17, '2023-11-01', NULL, NULL, NULL, NULL, NULL, NULL, NULL, 1, NULL, '2022-12-02 20:34:11', '2022-12-02 20:34:11'),
(1748, 2, 1, 25, 17, '2023-11-02', NULL, NULL, NULL, NULL, NULL, NULL, NULL, 1, NULL, '2022-12-02 20:34:11', '2022-12-02 20:34:11'),
(1749, 2, 1, 25, 17, '2023-11-03', NULL, NULL, NULL, NULL, NULL, NULL, NULL, 1, NULL, '2022-12-02 20:34:11', '2022-12-02 20:34:11'),
(1750, 2, 1, 25, 17, '2023-11-04', NULL, NULL, NULL, NULL, NULL, NULL, NULL, 1, NULL, '2022-12-02 20:34:11', '2022-12-02 20:34:11'),
(1751, 2, 1, 25, 17, '2023-11-05', NULL, NULL, NULL, NULL, NULL, NULL, NULL, 1, NULL, '2022-12-02 20:34:11', '2022-12-02 20:34:11'),
(1752, 2, 1, 25, 17, '2023-11-06', NULL, NULL, NULL, NULL, NULL, NULL, NULL, 1, NULL, '2022-12-02 20:34:11', '2022-12-02 20:34:11'),
(1753, 2, 1, 25, 17, '2023-11-07', NULL, NULL, NULL, NULL, NULL, NULL, NULL, 1, NULL, '2022-12-02 20:34:11', '2022-12-02 20:34:11'),
(1754, 2, 1, 25, 17, '2023-11-08', NULL, NULL, NULL, NULL, NULL, NULL, NULL, 1, NULL, '2022-12-02 20:34:11', '2022-12-02 20:34:11'),
(1755, 2, 1, 25, 17, '2023-11-09', NULL, NULL, NULL, NULL, NULL, NULL, NULL, 1, NULL, '2022-12-02 20:34:11', '2022-12-02 20:34:11'),
(1756, 2, 1, 25, 17, '2023-11-10', NULL, NULL, NULL, NULL, NULL, NULL, NULL, 1, NULL, '2022-12-02 20:34:11', '2022-12-02 20:34:11'),
(1757, 2, 1, 25, 17, '2023-11-11', NULL, NULL, NULL, NULL, NULL, NULL, NULL, 1, NULL, '2022-12-02 20:34:11', '2022-12-02 20:34:11'),
(1758, 2, 1, 25, 17, '2023-11-12', NULL, NULL, NULL, NULL, NULL, NULL, NULL, 1, NULL, '2022-12-02 20:34:11', '2022-12-02 20:34:11'),
(1759, 2, 1, 25, 17, '2023-11-13', NULL, NULL, NULL, NULL, NULL, NULL, NULL, 1, NULL, '2022-12-02 20:34:11', '2022-12-02 20:34:11'),
(1760, 2, 1, 25, 17, '2023-11-14', NULL, NULL, NULL, NULL, NULL, NULL, NULL, 1, NULL, '2022-12-02 20:34:11', '2022-12-02 20:34:11'),
(1761, 2, 1, 25, 17, '2023-11-15', NULL, NULL, NULL, NULL, NULL, NULL, NULL, 1, NULL, '2022-12-02 20:34:11', '2022-12-02 20:34:11'),
(1762, 2, 1, 25, 17, '2023-11-16', NULL, NULL, NULL, NULL, NULL, NULL, NULL, 1, NULL, '2022-12-02 20:34:11', '2022-12-02 20:34:11'),
(1763, 2, 1, 25, 17, '2023-11-17', NULL, NULL, NULL, NULL, NULL, NULL, NULL, 1, NULL, '2022-12-02 20:34:11', '2022-12-02 20:34:11'),
(1764, 2, 1, 25, 17, '2023-11-18', NULL, NULL, NULL, NULL, NULL, NULL, NULL, 1, NULL, '2022-12-02 20:34:11', '2022-12-02 20:34:11'),
(1765, 2, 1, 25, 17, '2023-11-19', NULL, NULL, NULL, NULL, NULL, NULL, NULL, 1, NULL, '2022-12-02 20:34:11', '2022-12-02 20:34:11'),
(1766, 2, 1, 25, 17, '2023-11-20', NULL, NULL, NULL, NULL, NULL, NULL, NULL, 1, NULL, '2022-12-02 20:34:11', '2022-12-02 20:34:11'),
(1767, 2, 1, 25, 17, '2023-11-21', NULL, NULL, NULL, NULL, NULL, NULL, NULL, 1, NULL, '2022-12-02 20:34:11', '2022-12-02 20:34:11'),
(1768, 2, 1, 25, 17, '2023-11-22', NULL, NULL, NULL, NULL, NULL, NULL, NULL, 1, NULL, '2022-12-02 20:34:11', '2022-12-02 20:34:11'),
(1769, 2, 1, 25, 17, '2023-11-23', NULL, NULL, NULL, NULL, NULL, NULL, NULL, 1, NULL, '2022-12-02 20:34:11', '2022-12-02 20:34:11'),
(1770, 2, 1, 25, 17, '2023-11-24', NULL, NULL, NULL, NULL, NULL, NULL, NULL, 1, NULL, '2022-12-02 20:34:11', '2022-12-02 20:34:11'),
(1771, 2, 1, 25, 17, '2023-11-25', NULL, NULL, NULL, NULL, NULL, NULL, NULL, 1, NULL, '2022-12-02 20:34:11', '2022-12-02 20:34:11'),
(1772, 2, 1, 25, 17, '2023-11-26', NULL, NULL, NULL, NULL, NULL, NULL, NULL, 1, NULL, '2022-12-02 20:34:11', '2022-12-02 20:34:11'),
(1773, 2, 1, 25, 17, '2023-11-27', NULL, NULL, NULL, NULL, NULL, NULL, NULL, 1, NULL, '2022-12-02 20:34:11', '2022-12-02 20:34:11'),
(1774, 2, 1, 25, 17, '2023-11-28', NULL, NULL, NULL, NULL, NULL, NULL, NULL, 1, NULL, '2022-12-02 20:34:11', '2022-12-02 20:34:11'),
(1775, 2, 1, 25, 17, '2023-11-29', NULL, NULL, NULL, NULL, NULL, NULL, NULL, 1, NULL, '2022-12-02 20:34:11', '2022-12-02 20:34:11'),
(1776, 2, 1, 25, 17, '2023-11-30', NULL, NULL, NULL, NULL, NULL, NULL, NULL, 1, NULL, '2022-12-02 20:34:11', '2022-12-02 20:34:11'),
(1777, 2, 1, 25, 17, '2023-11-01', NULL, NULL, NULL, NULL, NULL, NULL, NULL, 1, NULL, '2022-12-02 20:34:12', '2022-12-02 20:34:12'),
(1778, 2, 1, 25, 17, '2023-11-02', NULL, NULL, NULL, NULL, NULL, NULL, NULL, 1, NULL, '2022-12-02 20:34:12', '2022-12-02 20:34:12'),
(1779, 2, 1, 25, 17, '2023-11-03', NULL, NULL, NULL, NULL, NULL, NULL, NULL, 1, NULL, '2022-12-02 20:34:12', '2022-12-02 20:34:12'),
(1780, 2, 1, 25, 17, '2023-11-04', NULL, NULL, NULL, NULL, NULL, NULL, NULL, 1, NULL, '2022-12-02 20:34:12', '2022-12-02 20:34:12'),
(1781, 2, 1, 25, 17, '2023-11-05', NULL, NULL, NULL, NULL, NULL, NULL, NULL, 1, NULL, '2022-12-02 20:34:12', '2022-12-02 20:34:12'),
(1782, 2, 1, 25, 17, '2023-11-06', NULL, NULL, NULL, NULL, NULL, NULL, NULL, 1, NULL, '2022-12-02 20:34:12', '2022-12-02 20:34:12'),
(1783, 2, 1, 25, 17, '2023-11-07', NULL, NULL, NULL, NULL, NULL, NULL, NULL, 1, NULL, '2022-12-02 20:34:12', '2022-12-02 20:34:12'),
(1784, 2, 1, 25, 17, '2023-11-08', NULL, NULL, NULL, NULL, NULL, NULL, NULL, 1, NULL, '2022-12-02 20:34:12', '2022-12-02 20:34:12'),
(1785, 2, 1, 25, 17, '2023-11-09', NULL, NULL, NULL, NULL, NULL, NULL, NULL, 1, NULL, '2022-12-02 20:34:12', '2022-12-02 20:34:12'),
(1786, 2, 1, 25, 17, '2023-11-10', NULL, NULL, NULL, NULL, NULL, NULL, NULL, 1, NULL, '2022-12-02 20:34:12', '2022-12-02 20:34:12'),
(1787, 2, 1, 25, 17, '2023-11-11', NULL, NULL, NULL, NULL, NULL, NULL, NULL, 1, NULL, '2022-12-02 20:34:12', '2022-12-02 20:34:12'),
(1788, 2, 1, 25, 17, '2023-11-12', NULL, NULL, NULL, NULL, NULL, NULL, NULL, 1, NULL, '2022-12-02 20:34:12', '2022-12-02 20:34:12'),
(1789, 2, 1, 25, 17, '2023-11-13', NULL, NULL, NULL, NULL, NULL, NULL, NULL, 1, NULL, '2022-12-02 20:34:12', '2022-12-02 20:34:12'),
(1790, 2, 1, 25, 17, '2023-11-14', NULL, NULL, NULL, NULL, NULL, NULL, NULL, 1, NULL, '2022-12-02 20:34:12', '2022-12-02 20:34:12'),
(1791, 2, 1, 25, 17, '2023-11-15', NULL, NULL, NULL, NULL, NULL, NULL, NULL, 1, NULL, '2022-12-02 20:34:12', '2022-12-02 20:34:12'),
(1792, 2, 1, 25, 17, '2023-11-16', NULL, NULL, NULL, NULL, NULL, NULL, NULL, 1, NULL, '2022-12-02 20:34:12', '2022-12-02 20:34:12'),
(1793, 2, 1, 25, 17, '2023-11-17', NULL, NULL, NULL, NULL, NULL, NULL, NULL, 1, NULL, '2022-12-02 20:34:12', '2022-12-02 20:34:12'),
(1794, 2, 1, 25, 17, '2023-11-18', NULL, NULL, NULL, NULL, NULL, NULL, NULL, 1, NULL, '2022-12-02 20:34:12', '2022-12-02 20:34:12'),
(1795, 2, 1, 25, 17, '2023-11-19', NULL, NULL, NULL, NULL, NULL, NULL, NULL, 1, NULL, '2022-12-02 20:34:12', '2022-12-02 20:34:12'),
(1796, 2, 1, 25, 17, '2023-11-20', NULL, NULL, NULL, NULL, NULL, NULL, NULL, 1, NULL, '2022-12-02 20:34:12', '2022-12-02 20:34:12'),
(1797, 2, 1, 25, 17, '2023-11-21', NULL, NULL, NULL, NULL, NULL, NULL, NULL, 1, NULL, '2022-12-02 20:34:12', '2022-12-02 20:34:12'),
(1798, 2, 1, 25, 17, '2023-11-22', NULL, NULL, NULL, NULL, NULL, NULL, NULL, 1, NULL, '2022-12-02 20:34:12', '2022-12-02 20:34:12'),
(1799, 2, 1, 25, 17, '2023-11-23', NULL, NULL, NULL, NULL, NULL, NULL, NULL, 1, NULL, '2022-12-02 20:34:12', '2022-12-02 20:34:12'),
(1800, 2, 1, 25, 17, '2023-11-24', NULL, NULL, NULL, NULL, NULL, NULL, NULL, 1, NULL, '2022-12-02 20:34:12', '2022-12-02 20:34:12'),
(1801, 2, 1, 25, 17, '2023-11-25', NULL, NULL, NULL, NULL, NULL, NULL, NULL, 1, NULL, '2022-12-02 20:34:12', '2022-12-02 20:34:12'),
(1802, 2, 1, 25, 17, '2023-11-26', NULL, NULL, NULL, NULL, NULL, NULL, NULL, 1, NULL, '2022-12-02 20:34:12', '2022-12-02 20:34:12'),
(1803, 2, 1, 25, 17, '2023-11-27', NULL, NULL, NULL, NULL, NULL, NULL, NULL, 1, NULL, '2022-12-02 20:34:12', '2022-12-02 20:34:12'),
(1804, 2, 1, 25, 17, '2023-11-28', NULL, NULL, NULL, NULL, NULL, NULL, NULL, 1, NULL, '2022-12-02 20:34:12', '2022-12-02 20:34:12'),
(1805, 2, 1, 25, 17, '2023-11-29', NULL, NULL, NULL, NULL, NULL, NULL, NULL, 1, NULL, '2022-12-02 20:34:12', '2022-12-02 20:34:12'),
(1806, 2, 1, 25, 17, '2023-11-30', NULL, NULL, NULL, NULL, NULL, NULL, NULL, 1, NULL, '2022-12-02 20:34:12', '2022-12-02 20:34:12'),
(1807, 2, 1, 25, 17, '2023-11-01', NULL, NULL, NULL, NULL, NULL, NULL, NULL, 1, NULL, '2022-12-04 21:03:26', '2022-12-04 21:03:26'),
(1808, 2, 1, 25, 17, '2023-11-02', NULL, NULL, NULL, NULL, NULL, NULL, NULL, 1, NULL, '2022-12-04 21:03:26', '2022-12-04 21:03:26'),
(1809, 2, 1, 25, 17, '2023-11-03', NULL, NULL, NULL, NULL, NULL, NULL, NULL, 1, NULL, '2022-12-04 21:03:26', '2022-12-04 21:03:26'),
(1810, 2, 1, 25, 17, '2023-11-04', NULL, NULL, NULL, NULL, NULL, NULL, NULL, 1, NULL, '2022-12-04 21:03:26', '2022-12-04 21:03:26'),
(1811, 2, 1, 25, 17, '2023-11-05', NULL, NULL, NULL, NULL, NULL, NULL, NULL, 1, NULL, '2022-12-04 21:03:26', '2022-12-04 21:03:26'),
(1812, 2, 1, 25, 17, '2023-11-06', NULL, NULL, NULL, NULL, NULL, NULL, NULL, 1, NULL, '2022-12-04 21:03:26', '2022-12-04 21:03:26'),
(1813, 2, 1, 25, 17, '2023-11-07', NULL, NULL, NULL, NULL, NULL, NULL, NULL, 1, NULL, '2022-12-04 21:03:26', '2022-12-04 21:03:26'),
(1814, 2, 1, 25, 17, '2023-11-08', NULL, NULL, NULL, NULL, NULL, NULL, NULL, 1, NULL, '2022-12-04 21:03:26', '2022-12-04 21:03:26'),
(1815, 2, 1, 25, 17, '2023-11-09', NULL, NULL, NULL, NULL, NULL, NULL, NULL, 1, NULL, '2022-12-04 21:03:26', '2022-12-04 21:03:26'),
(1816, 2, 1, 25, 17, '2023-11-10', NULL, NULL, NULL, NULL, NULL, NULL, NULL, 1, NULL, '2022-12-04 21:03:26', '2022-12-04 21:03:26'),
(1817, 2, 1, 25, 17, '2023-11-11', NULL, NULL, NULL, NULL, NULL, NULL, NULL, 1, NULL, '2022-12-04 21:03:26', '2022-12-04 21:03:26'),
(1818, 2, 1, 25, 17, '2023-11-12', NULL, NULL, NULL, NULL, NULL, NULL, NULL, 1, NULL, '2022-12-04 21:03:26', '2022-12-04 21:03:26'),
(1819, 2, 1, 25, 17, '2023-11-13', NULL, NULL, NULL, NULL, NULL, NULL, NULL, 1, NULL, '2022-12-04 21:03:26', '2022-12-04 21:03:26'),
(1820, 2, 1, 25, 17, '2023-11-14', NULL, NULL, NULL, NULL, NULL, NULL, NULL, 1, NULL, '2022-12-04 21:03:26', '2022-12-04 21:03:26'),
(1821, 2, 1, 25, 17, '2023-11-15', NULL, NULL, NULL, NULL, NULL, NULL, NULL, 1, NULL, '2022-12-04 21:03:26', '2022-12-04 21:03:26'),
(1822, 2, 1, 25, 17, '2023-11-16', NULL, NULL, NULL, NULL, NULL, NULL, NULL, 1, NULL, '2022-12-04 21:03:26', '2022-12-04 21:03:26'),
(1823, 2, 1, 25, 17, '2023-11-17', NULL, NULL, NULL, NULL, NULL, NULL, NULL, 1, NULL, '2022-12-04 21:03:26', '2022-12-04 21:03:26'),
(1824, 2, 1, 25, 17, '2023-11-18', NULL, NULL, NULL, NULL, NULL, NULL, NULL, 1, NULL, '2022-12-04 21:03:26', '2022-12-04 21:03:26'),
(1825, 2, 1, 25, 17, '2023-11-19', NULL, NULL, NULL, NULL, NULL, NULL, NULL, 1, NULL, '2022-12-04 21:03:26', '2022-12-04 21:03:26'),
(1826, 2, 1, 25, 17, '2023-11-20', NULL, NULL, NULL, NULL, NULL, NULL, NULL, 1, NULL, '2022-12-04 21:03:26', '2022-12-04 21:03:26'),
(1827, 2, 1, 25, 17, '2023-11-21', NULL, NULL, NULL, NULL, NULL, NULL, NULL, 1, NULL, '2022-12-04 21:03:26', '2022-12-04 21:03:26'),
(1828, 2, 1, 25, 17, '2023-11-22', NULL, NULL, NULL, NULL, NULL, NULL, NULL, 1, NULL, '2022-12-04 21:03:26', '2022-12-04 21:03:26'),
(1829, 2, 1, 25, 17, '2023-11-23', NULL, NULL, NULL, NULL, NULL, NULL, NULL, 1, NULL, '2022-12-04 21:03:26', '2022-12-04 21:03:26'),
(1830, 2, 1, 25, 17, '2023-11-24', NULL, NULL, NULL, NULL, NULL, NULL, NULL, 1, NULL, '2022-12-04 21:03:26', '2022-12-04 21:03:26'),
(1831, 2, 1, 25, 17, '2023-11-25', NULL, NULL, NULL, NULL, NULL, NULL, NULL, 1, NULL, '2022-12-04 21:03:26', '2022-12-04 21:03:26'),
(1832, 2, 1, 25, 17, '2023-11-26', NULL, NULL, NULL, NULL, NULL, NULL, NULL, 1, NULL, '2022-12-04 21:03:26', '2022-12-04 21:03:26'),
(1833, 2, 1, 25, 17, '2023-11-27', NULL, NULL, NULL, NULL, NULL, NULL, NULL, 1, NULL, '2022-12-04 21:03:26', '2022-12-04 21:03:26'),
(1834, 2, 1, 25, 17, '2023-11-28', NULL, NULL, NULL, NULL, NULL, NULL, NULL, 1, NULL, '2022-12-04 21:03:26', '2022-12-04 21:03:26'),
(1835, 2, 1, 25, 17, '2023-11-29', NULL, NULL, NULL, NULL, NULL, NULL, NULL, 1, NULL, '2022-12-04 21:03:26', '2022-12-04 21:03:26'),
(1836, 2, 1, 25, 17, '2023-11-30', NULL, NULL, NULL, NULL, NULL, NULL, NULL, 1, NULL, '2022-12-04 21:03:26', '2022-12-04 21:03:26'),
(1837, 2, 1, 25, 17, '2023-11-01', NULL, NULL, NULL, NULL, NULL, NULL, NULL, 1, NULL, '2022-12-07 13:17:53', '2022-12-07 13:17:53'),
(1838, 2, 1, 25, 17, '2023-11-02', NULL, NULL, NULL, NULL, NULL, NULL, NULL, 1, NULL, '2022-12-07 13:17:53', '2022-12-07 13:17:53'),
(1839, 2, 1, 25, 17, '2023-11-03', NULL, NULL, NULL, NULL, NULL, NULL, NULL, 1, NULL, '2022-12-07 13:17:53', '2022-12-07 13:17:53'),
(1840, 2, 1, 25, 17, '2023-11-04', NULL, NULL, NULL, NULL, NULL, NULL, NULL, 1, NULL, '2022-12-07 13:17:53', '2022-12-07 13:17:53'),
(1841, 2, 1, 25, 17, '2023-11-05', NULL, NULL, NULL, NULL, NULL, NULL, NULL, 1, NULL, '2022-12-07 13:17:53', '2022-12-07 13:17:53'),
(1842, 2, 1, 25, 17, '2023-11-06', NULL, NULL, NULL, NULL, NULL, NULL, NULL, 1, NULL, '2022-12-07 13:17:53', '2022-12-07 13:17:53'),
(1843, 2, 1, 25, 17, '2023-11-07', NULL, NULL, NULL, NULL, NULL, NULL, NULL, 1, NULL, '2022-12-07 13:17:53', '2022-12-07 13:17:53'),
(1844, 2, 1, 25, 17, '2023-11-08', NULL, NULL, NULL, NULL, NULL, NULL, NULL, 1, NULL, '2022-12-07 13:17:53', '2022-12-07 13:17:53'),
(1845, 2, 1, 25, 17, '2023-11-09', NULL, NULL, NULL, NULL, NULL, NULL, NULL, 1, NULL, '2022-12-07 13:17:53', '2022-12-07 13:17:53'),
(1846, 2, 1, 25, 17, '2023-11-10', NULL, NULL, NULL, NULL, NULL, NULL, NULL, 1, NULL, '2022-12-07 13:17:53', '2022-12-07 13:17:53'),
(1847, 2, 1, 25, 17, '2023-11-11', NULL, NULL, NULL, NULL, NULL, NULL, NULL, 1, NULL, '2022-12-07 13:17:53', '2022-12-07 13:17:53'),
(1848, 2, 1, 25, 17, '2023-11-12', NULL, NULL, NULL, NULL, NULL, NULL, NULL, 1, NULL, '2022-12-07 13:17:53', '2022-12-07 13:17:53'),
(1849, 2, 1, 25, 17, '2023-11-13', NULL, NULL, NULL, NULL, NULL, NULL, NULL, 1, NULL, '2022-12-07 13:17:53', '2022-12-07 13:17:53'),
(1850, 2, 1, 25, 17, '2023-11-14', NULL, NULL, NULL, NULL, NULL, NULL, NULL, 1, NULL, '2022-12-07 13:17:53', '2022-12-07 13:17:53'),
(1851, 2, 1, 25, 17, '2023-11-15', NULL, NULL, NULL, NULL, NULL, NULL, NULL, 1, NULL, '2022-12-07 13:17:53', '2022-12-07 13:17:53'),
(1852, 2, 1, 25, 17, '2023-11-16', NULL, NULL, NULL, NULL, NULL, NULL, NULL, 1, NULL, '2022-12-07 13:17:53', '2022-12-07 13:17:53'),
(1853, 2, 1, 25, 17, '2023-11-17', NULL, NULL, NULL, NULL, NULL, NULL, NULL, 1, NULL, '2022-12-07 13:17:53', '2022-12-07 13:17:53'),
(1854, 2, 1, 25, 17, '2023-11-18', NULL, NULL, NULL, NULL, NULL, NULL, NULL, 1, NULL, '2022-12-07 13:17:53', '2022-12-07 13:17:53'),
(1855, 2, 1, 25, 17, '2023-11-19', NULL, NULL, NULL, NULL, NULL, NULL, NULL, 1, NULL, '2022-12-07 13:17:53', '2022-12-07 13:17:53'),
(1856, 2, 1, 25, 17, '2023-11-20', NULL, NULL, NULL, NULL, NULL, NULL, NULL, 1, NULL, '2022-12-07 13:17:53', '2022-12-07 13:17:53'),
(1857, 2, 1, 25, 17, '2023-11-21', NULL, NULL, NULL, NULL, NULL, NULL, NULL, 1, NULL, '2022-12-07 13:17:53', '2022-12-07 13:17:53'),
(1858, 2, 1, 25, 17, '2023-11-22', NULL, NULL, NULL, NULL, NULL, NULL, NULL, 1, NULL, '2022-12-07 13:17:53', '2022-12-07 13:17:53'),
(1859, 2, 1, 25, 17, '2023-11-23', NULL, NULL, NULL, NULL, NULL, NULL, NULL, 1, NULL, '2022-12-07 13:17:53', '2022-12-07 13:17:53'),
(1860, 2, 1, 25, 17, '2023-11-24', NULL, NULL, NULL, NULL, NULL, NULL, NULL, 1, NULL, '2022-12-07 13:17:53', '2022-12-07 13:17:53'),
(1861, 2, 1, 25, 17, '2023-11-25', NULL, NULL, NULL, NULL, NULL, NULL, NULL, 1, NULL, '2022-12-07 13:17:53', '2022-12-07 13:17:53'),
(1862, 2, 1, 25, 17, '2023-11-26', NULL, NULL, NULL, NULL, NULL, NULL, NULL, 1, NULL, '2022-12-07 13:17:53', '2022-12-07 13:17:53'),
(1863, 2, 1, 25, 17, '2023-11-27', NULL, NULL, NULL, NULL, NULL, NULL, NULL, 1, NULL, '2022-12-07 13:17:53', '2022-12-07 13:17:53'),
(1864, 2, 1, 25, 17, '2023-11-28', NULL, NULL, NULL, NULL, NULL, NULL, NULL, 1, NULL, '2022-12-07 13:17:53', '2022-12-07 13:17:53'),
(1865, 2, 1, 25, 17, '2023-11-29', NULL, NULL, NULL, NULL, NULL, NULL, NULL, 1, NULL, '2022-12-07 13:17:53', '2022-12-07 13:17:53'),
(1866, 2, 1, 25, 17, '2023-11-30', NULL, NULL, NULL, NULL, NULL, NULL, NULL, 1, NULL, '2022-12-07 13:17:53', '2022-12-07 13:17:53'),
(1867, 2, 1, 25, 17, '2023-11-01', NULL, NULL, NULL, NULL, NULL, NULL, NULL, 1, NULL, '2022-12-08 19:39:10', '2022-12-08 19:39:10'),
(1868, 2, 1, 25, 17, '2023-11-02', NULL, NULL, NULL, NULL, NULL, NULL, NULL, 1, NULL, '2022-12-08 19:39:10', '2022-12-08 19:39:10'),
(1869, 2, 1, 25, 17, '2023-11-03', NULL, NULL, NULL, NULL, NULL, NULL, NULL, 1, NULL, '2022-12-08 19:39:10', '2022-12-08 19:39:10'),
(1870, 2, 1, 25, 17, '2023-11-04', NULL, NULL, NULL, NULL, NULL, NULL, NULL, 1, NULL, '2022-12-08 19:39:10', '2022-12-08 19:39:10'),
(1871, 2, 1, 25, 17, '2023-11-05', NULL, NULL, NULL, NULL, NULL, NULL, NULL, 1, NULL, '2022-12-08 19:39:10', '2022-12-08 19:39:10'),
(1872, 2, 1, 25, 17, '2023-11-06', NULL, NULL, NULL, NULL, NULL, NULL, NULL, 1, NULL, '2022-12-08 19:39:10', '2022-12-08 19:39:10'),
(1873, 2, 1, 25, 17, '2023-11-07', NULL, NULL, NULL, NULL, NULL, NULL, NULL, 1, NULL, '2022-12-08 19:39:10', '2022-12-08 19:39:10'),
(1874, 2, 1, 25, 17, '2023-11-08', NULL, NULL, NULL, NULL, NULL, NULL, NULL, 1, NULL, '2022-12-08 19:39:10', '2022-12-08 19:39:10'),
(1875, 2, 1, 25, 17, '2023-11-09', NULL, NULL, NULL, NULL, NULL, NULL, NULL, 1, NULL, '2022-12-08 19:39:10', '2022-12-08 19:39:10'),
(1876, 2, 1, 25, 17, '2023-11-10', NULL, NULL, NULL, NULL, NULL, NULL, NULL, 1, NULL, '2022-12-08 19:39:10', '2022-12-08 19:39:10'),
(1877, 2, 1, 25, 17, '2023-11-11', NULL, NULL, NULL, NULL, NULL, NULL, NULL, 1, NULL, '2022-12-08 19:39:10', '2022-12-08 19:39:10'),
(1878, 2, 1, 25, 17, '2023-11-12', NULL, NULL, NULL, NULL, NULL, NULL, NULL, 1, NULL, '2022-12-08 19:39:10', '2022-12-08 19:39:10'),
(1879, 2, 1, 25, 17, '2023-11-13', NULL, NULL, NULL, NULL, NULL, NULL, NULL, 1, NULL, '2022-12-08 19:39:10', '2022-12-08 19:39:10'),
(1880, 2, 1, 25, 17, '2023-11-14', NULL, NULL, NULL, NULL, NULL, NULL, NULL, 1, NULL, '2022-12-08 19:39:10', '2022-12-08 19:39:10'),
(1881, 2, 1, 25, 17, '2023-11-15', NULL, NULL, NULL, NULL, NULL, NULL, NULL, 1, NULL, '2022-12-08 19:39:10', '2022-12-08 19:39:10'),
(1882, 2, 1, 25, 17, '2023-11-16', NULL, NULL, NULL, NULL, NULL, NULL, NULL, 1, NULL, '2022-12-08 19:39:10', '2022-12-08 19:39:10'),
(1883, 2, 1, 25, 17, '2023-11-17', NULL, NULL, NULL, NULL, NULL, NULL, NULL, 1, NULL, '2022-12-08 19:39:10', '2022-12-08 19:39:10'),
(1884, 2, 1, 25, 17, '2023-11-18', NULL, NULL, NULL, NULL, NULL, NULL, NULL, 1, NULL, '2022-12-08 19:39:10', '2022-12-08 19:39:10'),
(1885, 2, 1, 25, 17, '2023-11-19', NULL, NULL, NULL, NULL, NULL, NULL, NULL, 1, NULL, '2022-12-08 19:39:10', '2022-12-08 19:39:10'),
(1886, 2, 1, 25, 17, '2023-11-20', NULL, NULL, NULL, NULL, NULL, NULL, NULL, 1, NULL, '2022-12-08 19:39:10', '2022-12-08 19:39:10'),
(1887, 2, 1, 25, 17, '2023-11-21', NULL, NULL, NULL, NULL, NULL, NULL, NULL, 1, NULL, '2022-12-08 19:39:10', '2022-12-08 19:39:10'),
(1888, 2, 1, 25, 17, '2023-11-22', NULL, NULL, NULL, NULL, NULL, NULL, NULL, 1, NULL, '2022-12-08 19:39:10', '2022-12-08 19:39:10'),
(1889, 2, 1, 25, 17, '2023-11-23', NULL, NULL, NULL, NULL, NULL, NULL, NULL, 1, NULL, '2022-12-08 19:39:10', '2022-12-08 19:39:10'),
(1890, 2, 1, 25, 17, '2023-11-24', NULL, NULL, NULL, NULL, NULL, NULL, NULL, 1, NULL, '2022-12-08 19:39:10', '2022-12-08 19:39:10'),
(1891, 2, 1, 25, 17, '2023-11-25', NULL, NULL, NULL, NULL, NULL, NULL, NULL, 1, NULL, '2022-12-08 19:39:10', '2022-12-08 19:39:10'),
(1892, 2, 1, 25, 17, '2023-11-26', NULL, NULL, NULL, NULL, NULL, NULL, NULL, 1, NULL, '2022-12-08 19:39:10', '2022-12-08 19:39:10'),
(1893, 2, 1, 25, 17, '2023-11-27', NULL, NULL, NULL, NULL, NULL, NULL, NULL, 1, NULL, '2022-12-08 19:39:10', '2022-12-08 19:39:10'),
(1894, 2, 1, 25, 17, '2023-11-28', NULL, NULL, NULL, NULL, NULL, NULL, NULL, 1, NULL, '2022-12-08 19:39:10', '2022-12-08 19:39:10'),
(1895, 2, 1, 25, 17, '2023-11-29', NULL, NULL, NULL, NULL, NULL, NULL, NULL, 1, NULL, '2022-12-08 19:39:10', '2022-12-08 19:39:10'),
(1896, 2, 1, 25, 17, '2023-11-30', NULL, NULL, NULL, NULL, NULL, NULL, NULL, 1, NULL, '2022-12-08 19:39:10', '2022-12-08 19:39:10'),
(1911, 2, 1, 25, 17, '2023-11-01', NULL, NULL, NULL, NULL, NULL, NULL, NULL, 1, NULL, '2022-12-15 09:51:48', '2022-12-15 09:51:48'),
(1912, 2, 1, 25, 17, '2023-11-02', NULL, NULL, NULL, NULL, NULL, NULL, NULL, 1, NULL, '2022-12-15 09:51:48', '2022-12-15 09:51:48'),
(1913, 2, 1, 25, 17, '2023-11-03', NULL, NULL, NULL, NULL, NULL, NULL, NULL, 1, NULL, '2022-12-15 09:51:48', '2022-12-15 09:51:48'),
(1914, 2, 1, 25, 17, '2023-11-04', NULL, NULL, NULL, NULL, NULL, NULL, NULL, 1, NULL, '2022-12-15 09:51:48', '2022-12-15 09:51:48'),
(1915, 2, 1, 25, 17, '2023-11-05', NULL, NULL, NULL, NULL, NULL, NULL, NULL, 1, NULL, '2022-12-15 09:51:48', '2022-12-15 09:51:48'),
(1916, 2, 1, 25, 17, '2023-11-06', NULL, NULL, NULL, NULL, NULL, NULL, NULL, 1, NULL, '2022-12-15 09:51:48', '2022-12-15 09:51:48'),
(1917, 2, 1, 25, 17, '2023-11-07', NULL, NULL, NULL, NULL, NULL, NULL, NULL, 1, NULL, '2022-12-15 09:51:48', '2022-12-15 09:51:48'),
(1918, 2, 1, 25, 17, '2023-11-08', NULL, NULL, NULL, NULL, NULL, NULL, NULL, 1, NULL, '2022-12-15 09:51:48', '2022-12-15 09:51:48'),
(1919, 2, 1, 25, 17, '2023-11-09', NULL, NULL, NULL, NULL, NULL, NULL, NULL, 1, NULL, '2022-12-15 09:51:48', '2022-12-15 09:51:48'),
(1920, 2, 1, 25, 17, '2023-11-10', NULL, NULL, NULL, NULL, NULL, NULL, NULL, 1, NULL, '2022-12-15 09:51:48', '2022-12-15 09:51:48'),
(1921, 2, 1, 25, 17, '2023-11-11', NULL, NULL, NULL, NULL, NULL, NULL, NULL, 1, NULL, '2022-12-15 09:51:48', '2022-12-15 09:51:48'),
(1922, 2, 1, 25, 17, '2023-11-12', NULL, NULL, NULL, NULL, NULL, NULL, NULL, 1, NULL, '2022-12-15 09:51:48', '2022-12-15 09:51:48'),
(1923, 2, 1, 25, 17, '2023-11-13', NULL, NULL, NULL, NULL, NULL, NULL, NULL, 1, NULL, '2022-12-15 09:51:48', '2022-12-15 09:51:48'),
(1924, 2, 1, 25, 17, '2023-11-14', NULL, NULL, NULL, NULL, NULL, NULL, NULL, 1, NULL, '2022-12-15 09:51:48', '2022-12-15 09:51:48'),
(1925, 2, 1, 25, 17, '2023-11-15', NULL, NULL, NULL, NULL, NULL, NULL, NULL, 1, NULL, '2022-12-15 09:51:48', '2022-12-15 09:51:48'),
(1926, 2, 1, 25, 17, '2023-11-16', NULL, NULL, NULL, NULL, NULL, NULL, NULL, 1, NULL, '2022-12-15 09:51:48', '2022-12-15 09:51:48'),
(1927, 2, 1, 25, 17, '2023-11-17', NULL, NULL, NULL, NULL, NULL, NULL, NULL, 1, NULL, '2022-12-15 09:51:48', '2022-12-15 09:51:48'),
(1928, 2, 1, 25, 17, '2023-11-18', NULL, NULL, NULL, NULL, NULL, NULL, NULL, 1, NULL, '2022-12-15 09:51:48', '2022-12-15 09:51:48'),
(1929, 2, 1, 25, 17, '2023-11-19', NULL, NULL, NULL, NULL, NULL, NULL, NULL, 1, NULL, '2022-12-15 09:51:48', '2022-12-15 09:51:48'),
(1930, 2, 1, 25, 17, '2023-11-20', NULL, NULL, NULL, NULL, NULL, NULL, NULL, 1, NULL, '2022-12-15 09:51:48', '2022-12-15 09:51:48'),
(1931, 2, 1, 25, 17, '2023-11-21', NULL, NULL, NULL, NULL, NULL, NULL, NULL, 1, NULL, '2022-12-15 09:51:48', '2022-12-15 09:51:48'),
(1932, 2, 1, 25, 17, '2023-11-22', NULL, NULL, NULL, NULL, NULL, NULL, NULL, 1, NULL, '2022-12-15 09:51:48', '2022-12-15 09:51:48'),
(1933, 2, 1, 25, 17, '2023-11-23', NULL, NULL, NULL, NULL, NULL, NULL, NULL, 1, NULL, '2022-12-15 09:51:48', '2022-12-15 09:51:48'),
(1934, 2, 1, 25, 17, '2023-11-24', NULL, NULL, NULL, NULL, NULL, NULL, NULL, 1, NULL, '2022-12-15 09:51:48', '2022-12-15 09:51:48'),
(1935, 2, 1, 25, 17, '2023-11-25', NULL, NULL, NULL, NULL, NULL, NULL, NULL, 1, NULL, '2022-12-15 09:51:48', '2022-12-15 09:51:48'),
(1936, 2, 1, 25, 17, '2023-11-26', NULL, NULL, NULL, NULL, NULL, NULL, NULL, 1, NULL, '2022-12-15 09:51:48', '2022-12-15 09:51:48'),
(1937, 2, 1, 25, 17, '2023-11-27', NULL, NULL, NULL, NULL, NULL, NULL, NULL, 1, NULL, '2022-12-15 09:51:48', '2022-12-15 09:51:48'),
(1938, 2, 1, 25, 17, '2023-11-28', NULL, NULL, NULL, NULL, NULL, NULL, NULL, 1, NULL, '2022-12-15 09:51:48', '2022-12-15 09:51:48'),
(1939, 2, 1, 25, 17, '2023-11-29', NULL, NULL, NULL, NULL, NULL, NULL, NULL, 1, NULL, '2022-12-15 09:51:48', '2022-12-15 09:51:48'),
(1940, 2, 1, 25, 17, '2023-11-30', NULL, NULL, NULL, NULL, NULL, NULL, NULL, 1, NULL, '2022-12-15 09:51:48', '2022-12-15 09:51:48'),
(1956, 2, 1, 21, 20, '2023-12-20', NULL, NULL, NULL, NULL, NULL, NULL, NULL, 1, NULL, '2022-12-19 05:41:24', '2022-12-19 05:41:24'),
(1957, 2, 1, 21, 20, '2023-12-21', NULL, NULL, NULL, NULL, NULL, NULL, NULL, 1, NULL, '2022-12-19 05:41:24', '2022-12-19 05:41:24'),
(1958, 2, 1, 21, 18, '2023-12-20', NULL, NULL, NULL, NULL, NULL, NULL, NULL, 1, NULL, '2022-12-19 05:42:05', '2022-12-19 05:42:05'),
(1959, 2, 1, 21, 18, '2023-12-21', NULL, NULL, NULL, NULL, NULL, NULL, NULL, 1, NULL, '2022-12-19 05:42:05', '2022-12-19 05:42:05'),
(1960, 2, 1, 21, 20, '2023-12-19', NULL, NULL, NULL, NULL, NULL, NULL, NULL, 1, NULL, '2022-12-19 05:43:20', '2022-12-19 05:43:20'),
(1961, 2, 1, 21, 20, '2023-12-20', NULL, NULL, NULL, NULL, NULL, NULL, NULL, 1, NULL, '2022-12-19 05:43:20', '2022-12-19 05:43:20'),
(1966, 3, 1, 11, 16, '2024-02-19', NULL, NULL, NULL, NULL, NULL, NULL, NULL, 1, NULL, '2022-12-19 06:24:44', '2022-12-19 06:24:44'),
(1967, 3, 1, 11, 16, '2024-02-20', NULL, NULL, NULL, NULL, NULL, NULL, NULL, 1, NULL, '2022-12-19 06:24:44', '2022-12-19 06:24:44'),
(1968, 3, 1, 11, 16, '2024-02-21', NULL, NULL, NULL, NULL, NULL, NULL, NULL, 1, NULL, '2022-12-19 06:24:44', '2022-12-19 06:24:44'),
(1969, 2, 1, 11, 16, '2024-02-22', NULL, NULL, NULL, NULL, NULL, NULL, NULL, 1, NULL, '2022-12-19 06:24:44', '2022-12-19 06:24:44'),
(1980, 4, 1, 12, 4, '2023-07-05', NULL, NULL, NULL, NULL, NULL, NULL, NULL, 1, NULL, '2022-12-19 06:52:24', '2022-12-19 06:52:24'),
(1981, 4, 1, 12, 4, '2023-07-05', NULL, NULL, NULL, NULL, NULL, NULL, NULL, 1, NULL, '2022-12-19 06:52:34', '2022-12-19 06:52:34'),
(1982, 4, 1, 12, 4, '2023-07-05', NULL, NULL, NULL, NULL, NULL, NULL, NULL, 1, NULL, '2022-12-19 06:52:35', '2022-12-19 06:52:35');
INSERT INTO `shift_employees` (`id`, `account_type`, `clinic_id`, `employee_id`, `shift_id`, `dateA`, `check_in`, `check_out`, `checkin_another_employee`, `checkout_another_employee`, `attendance_status`, `total_delay_minute`, `total_extra_minute`, `status`, `deleted_at`, `created_at`, `updated_at`) VALUES
(1983, 2, 1, 4, NULL, '2024-02-23', NULL, NULL, NULL, NULL, NULL, NULL, NULL, 1, NULL, '2022-12-20 01:42:17', '2022-12-20 01:42:17'),
(1984, 2, 1, 4, NULL, '2024-02-24', NULL, NULL, NULL, NULL, NULL, NULL, NULL, 1, NULL, '2022-12-20 01:42:17', '2022-12-20 01:42:17'),
(1985, 2, 1, 4, NULL, '2024-02-25', NULL, NULL, NULL, NULL, NULL, NULL, NULL, 1, NULL, '2022-12-20 01:42:17', '2022-12-20 01:42:17'),
(1986, 2, 1, 4, NULL, '2023-12-30', NULL, NULL, NULL, NULL, NULL, NULL, NULL, 1, NULL, '2022-12-20 01:42:17', '2022-12-20 01:42:17'),
(1987, 2, 1, 4, 14, '2023-12-24', NULL, NULL, NULL, NULL, NULL, NULL, NULL, 1, NULL, '2022-12-20 01:43:32', '2022-12-20 01:43:32'),
(1988, 2, 1, 4, 14, '2023-12-28', NULL, NULL, NULL, NULL, NULL, NULL, NULL, 1, NULL, '2022-12-20 01:43:32', '2022-12-20 01:43:32'),
(1989, 2, 1, 4, 14, '2023-12-29', NULL, NULL, NULL, NULL, NULL, NULL, NULL, 1, NULL, '2022-12-20 01:43:32', '2022-12-20 01:43:32'),
(1992, 2, 1, 21, 17, '2023-07-15', NULL, NULL, NULL, NULL, NULL, NULL, NULL, 1, NULL, '2022-12-22 22:00:09', '2022-12-22 22:00:09'),
(1994, 2, 1, 21, 13, '2023-12-23', NULL, NULL, NULL, NULL, NULL, NULL, NULL, 1, NULL, '2022-12-22 22:01:45', '2022-12-22 22:01:45'),
(1995, 2, 1, 21, 13, '2023-12-26', NULL, NULL, NULL, NULL, NULL, NULL, NULL, 1, NULL, '2022-12-22 22:01:45', '2022-12-22 22:03:35'),
(1997, 5, 1, 49, 12, '2023-05-10', NULL, NULL, NULL, NULL, NULL, NULL, NULL, 1, NULL, '2023-05-06 17:32:10', '2023-05-06 17:32:10'),
(1998, 5, 1, 49, 12, '2023-05-11', NULL, NULL, NULL, NULL, NULL, NULL, NULL, 1, NULL, '2023-05-06 17:32:10', '2023-05-06 17:32:10'),
(1999, 5, 1, 49, 12, '2023-05-12', NULL, NULL, NULL, NULL, NULL, NULL, NULL, 1, NULL, '2023-05-06 17:32:10', '2023-05-06 17:32:10'),
(2000, 5, 1, 49, 12, '2023-05-13', NULL, NULL, NULL, NULL, NULL, NULL, NULL, 1, NULL, '2023-05-06 17:32:10', '2023-05-06 17:32:10'),
(2001, 5, 1, 49, 12, '2023-05-14', NULL, NULL, NULL, NULL, NULL, NULL, NULL, 1, NULL, '2023-05-06 17:32:10', '2023-05-06 17:32:10'),
(2002, 5, 1, 49, 12, '2023-05-22', NULL, NULL, NULL, NULL, NULL, NULL, NULL, 1, NULL, '2023-05-06 18:34:02', '2023-05-06 18:34:02'),
(2003, 5, 1, 49, 12, '2023-05-08', NULL, NULL, NULL, NULL, NULL, NULL, NULL, 1, NULL, '2023-05-06 18:34:02', '2023-05-06 18:34:02'),
(2004, 5, 1, 49, 12, '2023-05-12', NULL, NULL, NULL, NULL, NULL, NULL, NULL, 1, NULL, '2023-05-06 18:34:02', '2023-05-06 18:34:02'),
(2005, 2, 1, 21, 24, '2023-04-17', NULL, NULL, NULL, NULL, NULL, NULL, NULL, 1, NULL, '2023-05-06 18:34:42', '2023-05-06 18:34:42'),
(2006, 2, 1, 21, 24, '2023-04-19', NULL, NULL, NULL, NULL, NULL, NULL, NULL, 1, NULL, '2023-05-06 18:34:42', '2023-05-06 18:34:42'),
(2007, 2, 1, 21, 24, '2023-05-11', NULL, NULL, NULL, NULL, NULL, NULL, NULL, 1, NULL, '2023-05-08 10:31:02', '2023-05-08 10:31:02'),
(2008, 2, 1, 21, 24, '2023-05-24', NULL, NULL, NULL, NULL, NULL, NULL, NULL, 1, NULL, '2023-05-08 10:31:02', '2023-05-08 10:31:02'),
(2009, 2, 1, 21, 24, '2023-05-21', NULL, NULL, NULL, NULL, NULL, NULL, NULL, 1, NULL, '2023-05-08 10:31:02', '2023-05-08 10:31:02'),
(2010, 2, 1, 21, 24, '2023-05-27', NULL, NULL, NULL, NULL, NULL, NULL, NULL, 1, NULL, '2023-05-08 10:31:02', '2023-05-08 10:31:02'),
(2011, 2, 1, 21, 24, '2023-05-09', NULL, NULL, NULL, NULL, NULL, NULL, NULL, 1, NULL, '2023-05-08 10:31:02', '2023-05-08 10:31:02'),
(2012, 2, 1, 21, 24, '2023-05-02', NULL, NULL, NULL, NULL, NULL, NULL, NULL, 1, NULL, '2023-05-08 10:31:02', '2023-05-08 10:31:02'),
(2013, 2, 1, 21, 24, '2023-05-06', NULL, NULL, NULL, NULL, NULL, NULL, NULL, 1, NULL, '2023-05-08 10:31:02', '2023-05-08 10:31:02'),
(2065, 4, 1, 137, 34, '2023-09-17', '11:42:56', '17:14:44', NULL, NULL, NULL, 162, NULL, 1, NULL, '2023-09-17 08:38:46', '2023-09-17 14:14:44'),
(2066, 4, 1, 137, 34, '2023-09-30', NULL, NULL, NULL, NULL, NULL, NULL, NULL, 1, NULL, '2023-09-17 08:38:46', '2023-09-17 08:38:46'),
(2067, 4, 1, 137, 35, '2023-09-17', NULL, NULL, NULL, NULL, NULL, NULL, NULL, 1, NULL, '2023-09-17 08:39:44', '2023-09-17 08:39:44'),
(2068, 4, 1, 137, 35, '2023-09-30', NULL, NULL, NULL, NULL, NULL, NULL, NULL, 1, NULL, '2023-09-17 08:39:44', '2023-09-17 08:39:44'),
(2069, 2, 35, 138, 37, '2023-09-17', '17:49:46', '18:47:20', NULL, NULL, NULL, 49, NULL, 1, NULL, '2023-09-17 14:48:59', '2023-09-17 15:47:20'),
(2070, 2, 35, 138, 37, '2023-09-30', NULL, NULL, NULL, NULL, NULL, NULL, NULL, 1, NULL, '2023-09-17 14:48:59', '2023-09-17 14:48:59'),
(2071, 3, 1, 155, 38, '2023-10-31', NULL, NULL, NULL, NULL, NULL, NULL, NULL, 1, NULL, '2023-10-30 21:24:29', '2023-10-30 21:24:29'),
(2073, 3, 1, 155, 38, '2023-11-01', NULL, NULL, NULL, NULL, NULL, NULL, NULL, 1, NULL, '2023-10-30 21:27:30', '2023-10-30 21:27:30'),
(2074, 3, 1, 155, 39, '2023-11-03', '00:39:40', NULL, NULL, NULL, NULL, NULL, NULL, 1, NULL, '2023-11-02 22:39:04', '2023-11-02 22:39:40'),
(2075, 3, 1, 155, 38, '2023-11-08', NULL, NULL, NULL, NULL, NULL, 16, NULL, 1, NULL, '2023-11-07 23:59:33', '2023-11-08 07:53:31'),
(2076, 3, 1, 155, 27, '2023-11-10', NULL, NULL, NULL, NULL, NULL, NULL, NULL, 0, NULL, '2023-11-07 23:59:43', '2023-11-07 23:59:43'),
(2079, 3, 1, 155, 27, '2023-11-14', NULL, NULL, NULL, NULL, NULL, NULL, NULL, 1, NULL, '2023-11-08 00:02:51', '2023-11-08 00:02:51'),
(2080, 3, 1, 155, 40, '2023-11-10', NULL, NULL, NULL, NULL, NULL, NULL, NULL, 1, NULL, '2023-11-10 01:55:46', '2023-11-10 01:55:46'),
(2081, 3, 1, 155, 40, '2023-11-11', NULL, NULL, NULL, NULL, NULL, NULL, NULL, 1, NULL, '2023-11-10 01:56:03', '2023-11-10 01:56:03'),
(2082, 3, 1, 112, 40, '2023-11-10', NULL, NULL, NULL, NULL, NULL, NULL, NULL, 1, NULL, '2023-11-10 02:21:33', '2023-11-10 02:21:33'),
(2083, 3, 1, 11, 40, '2023-12-16', NULL, NULL, NULL, NULL, NULL, NULL, NULL, 1, NULL, '2023-11-10 02:21:56', '2023-11-10 02:21:56'),
(2087, 3, 1, 11, 44, '2023-12-31', NULL, NULL, NULL, NULL, NULL, NULL, NULL, 1, NULL, '2023-12-17 22:18:48', '2023-12-17 22:18:48'),
(2088, 3, 1, 11, 44, '2024-01-01', NULL, NULL, NULL, NULL, NULL, NULL, NULL, 1, NULL, '2023-12-17 22:18:48', '2023-12-17 22:18:48'),
(2089, 3, 1, 11, 44, '2023-12-02', NULL, NULL, NULL, NULL, NULL, NULL, NULL, 1, NULL, '2023-12-17 22:18:48', '2023-12-17 22:18:48'),
(2090, 5, 1, 13, 45, '2024-01-06', '17:56:06', NULL, NULL, NULL, NULL, NULL, NULL, 1, NULL, '2024-01-06 15:48:52', '2024-01-06 15:56:06'),
(2091, 5, 1, 13, 45, '2024-01-07', NULL, NULL, NULL, NULL, NULL, NULL, NULL, 1, NULL, '2024-01-06 15:48:52', '2024-01-06 15:48:52'),
(2092, 5, 1, 13, 45, '2024-01-09', NULL, NULL, NULL, NULL, NULL, NULL, NULL, 1, NULL, '2024-01-06 15:48:52', '2024-01-06 15:49:20'),
(2093, 3, 1, 11, 46, '2024-01-06', '18:00:15', NULL, NULL, NULL, NULL, 68, NULL, 1, NULL, '2024-01-06 15:52:42', '2024-01-06 16:00:15'),
(2094, 3, 1, 11, 46, '2024-01-07', '18:13:33', NULL, NULL, NULL, NULL, 81, NULL, 1, NULL, '2024-01-06 15:52:42', '2024-01-07 16:13:33'),
(2095, 3, 1, 11, 46, '2024-01-08', NULL, NULL, NULL, NULL, NULL, NULL, NULL, 1, NULL, '2024-01-06 15:52:42', '2024-01-06 15:52:42'),
(2096, 3, 1, 11, 46, '2024-01-09', NULL, NULL, NULL, NULL, NULL, NULL, NULL, 1, NULL, '2024-01-06 15:52:42', '2024-01-06 15:52:42'),
(2097, 3, 1, 11, 46, '2024-01-10', NULL, NULL, NULL, NULL, NULL, NULL, NULL, 1, NULL, '2024-01-06 15:52:42', '2024-01-06 15:52:42'),
(2098, 3, 1, 11, 47, '2024-01-12', NULL, NULL, NULL, NULL, NULL, NULL, NULL, 1, NULL, '2024-01-12 02:57:18', '2024-01-12 02:57:18'),
(2099, 3, 1, 11, 47, '2024-01-13', NULL, NULL, NULL, NULL, NULL, NULL, NULL, 1, NULL, '2024-01-12 02:57:18', '2024-01-12 02:57:18'),
(2100, 3, 1, 11, 47, '2024-01-14', NULL, NULL, NULL, NULL, NULL, NULL, NULL, 1, NULL, '2024-01-12 02:57:18', '2024-01-12 02:57:18'),
(2101, 3, 1, 11, 48, '2024-01-16', '18:24:45', '23:24:45', NULL, NULL, NULL, NULL, NULL, 1, NULL, '2024-01-16 16:24:03', '2024-01-16 16:24:45'),
(2102, 3, 1, 11, 48, '2024-01-17', NULL, NULL, NULL, NULL, NULL, NULL, NULL, 1, NULL, '2024-01-16 16:24:03', '2024-01-16 16:24:03'),
(2103, 3, 1, 11, 48, '2024-01-18', NULL, NULL, NULL, NULL, NULL, NULL, NULL, 1, NULL, '2024-01-16 16:24:03', '2024-01-16 16:24:03'),
(2104, 3, 1, 11, 49, '2024-01-19', NULL, NULL, NULL, NULL, NULL, NULL, NULL, 1, NULL, '2024-01-19 01:30:45', '2024-01-19 01:30:45'),
(2105, 3, 1, 11, 49, '2024-01-20', NULL, NULL, NULL, NULL, NULL, NULL, NULL, 1, NULL, '2024-01-19 01:30:45', '2024-01-19 01:30:45'),
(2106, 3, 1, 11, 49, '2024-01-21', NULL, NULL, NULL, NULL, NULL, NULL, NULL, 1, NULL, '2024-01-19 01:30:45', '2024-01-19 01:30:45'),
(2107, 3, 1, 11, 49, '2024-01-22', NULL, NULL, NULL, NULL, NULL, NULL, NULL, 1, NULL, '2024-01-19 01:30:45', '2024-01-19 01:30:45'),
(2108, 3, 1, 11, 49, '2024-01-23', NULL, NULL, NULL, NULL, NULL, NULL, NULL, 1, NULL, '2024-01-19 01:30:45', '2024-01-19 01:30:45'),
(2109, 3, 1, 11, 50, '2024-01-27', NULL, NULL, NULL, NULL, NULL, NULL, NULL, 1, NULL, '2024-01-26 23:51:29', '2024-01-26 23:51:29'),
(2110, 3, 1, 11, 50, '2024-01-28', NULL, NULL, NULL, NULL, NULL, NULL, NULL, 1, NULL, '2024-01-26 23:51:29', '2024-01-26 23:51:29'),
(2111, 3, 1, 11, 50, '2024-01-29', NULL, NULL, NULL, NULL, NULL, NULL, NULL, 1, NULL, '2024-01-26 23:51:29', '2024-01-26 23:51:29'),
(2112, 3, 1, 11, 50, '2024-01-30', NULL, NULL, NULL, NULL, NULL, NULL, NULL, 1, NULL, '2024-01-26 23:51:29', '2024-01-26 23:51:29'),
(2113, 3, 1, 11, 50, '2024-01-31', NULL, NULL, NULL, NULL, NULL, NULL, NULL, 1, NULL, '2024-01-26 23:51:29', '2024-01-26 23:51:29'),
(2114, 3, 1, 11, 51, '2024-02-26', '15:24:13', NULL, NULL, NULL, NULL, 63, NULL, 1, NULL, '2024-02-26 13:22:38', '2024-02-26 13:24:13'),
(2115, 3, 1, 11, 51, '2024-02-27', NULL, NULL, NULL, NULL, NULL, NULL, NULL, 1, NULL, '2024-02-26 13:22:38', '2024-02-26 13:22:38'),
(2116, 3, 1, 11, 51, '2024-02-28', NULL, NULL, NULL, NULL, NULL, NULL, NULL, 1, NULL, '2024-02-26 13:22:38', '2024-02-26 13:22:38'),
(2117, 3, 1, 11, 51, '2024-02-29', NULL, NULL, NULL, NULL, NULL, NULL, NULL, 1, NULL, '2024-02-26 13:22:38', '2024-02-26 13:22:38'),
(2118, 3, 1, 11, 52, '2024-02-27', NULL, NULL, NULL, NULL, NULL, NULL, NULL, 1, NULL, '2024-02-27 22:35:10', '2024-02-27 22:35:10'),
(2119, 3, 1, 11, 52, '2024-02-28', NULL, NULL, NULL, NULL, NULL, NULL, NULL, 1, NULL, '2024-02-27 22:35:10', '2024-02-27 22:35:10'),
(2120, 3, 1, 11, 52, '2024-03-01', '04:19:30', NULL, NULL, NULL, NULL, NULL, NULL, 1, NULL, '2024-02-27 22:35:10', '2024-03-01 02:19:30'),
(2122, 3, 1, 40, 52, '2024-03-02', NULL, NULL, NULL, NULL, NULL, NULL, NULL, 1, NULL, '2024-03-01 01:40:57', '2024-03-01 01:40:57'),
(2123, 3, 1, 11, 53, '2024-03-29', '03:06:40', NULL, NULL, NULL, NULL, 62, NULL, 1, NULL, '2024-03-09 01:06:08', '2024-03-09 01:06:40'),
(2126, 3, 1, 11, 54, '2024-05-12', NULL, NULL, NULL, NULL, NULL, NULL, NULL, 1, NULL, '2024-05-11 21:33:22', '2024-05-11 21:33:22'),
(2127, 3, 1, 11, 47, '2024-05-13', NULL, NULL, NULL, NULL, NULL, NULL, NULL, 1, NULL, '2024-05-11 21:38:24', '2024-05-11 21:41:40'),
(2128, 3, 1, 11, 25, '2024-05-14', NULL, NULL, NULL, NULL, NULL, NULL, NULL, 1, NULL, '2024-05-11 21:43:26', '2024-05-11 21:43:26'),
(2129, 3, 1, 11, 55, '2024-05-15', NULL, NULL, NULL, NULL, NULL, NULL, NULL, 1, NULL, '2024-05-14 11:31:48', '2024-05-14 11:31:48'),
(2130, 3, 1, 11, 55, '2024-05-16', NULL, NULL, NULL, NULL, NULL, NULL, NULL, 1, NULL, '2024-05-14 11:31:48', '2024-05-14 11:31:48'),
(2131, 3, 1, 11, 55, '2024-05-17', NULL, NULL, NULL, NULL, NULL, NULL, NULL, 1, NULL, '2024-05-14 11:31:48', '2024-05-14 11:31:48'),
(2132, 3, 1, 11, 55, '2024-05-31', NULL, NULL, NULL, NULL, NULL, NULL, NULL, 1, NULL, '2024-05-14 11:31:48', '2024-05-14 11:31:48'),
(2133, 3, 1, 11, 56, '2024-06-01', '02:06:47', NULL, NULL, NULL, NULL, NULL, NULL, 1, NULL, '2024-05-31 23:04:03', '2024-05-31 23:06:47'),
(2134, 3, 1, 11, 57, '2024-06-18', '06:33:51', NULL, NULL, NULL, NULL, NULL, NULL, 1, NULL, '2024-06-18 03:33:07', '2024-06-18 03:33:51'),
(2135, 3, 1, 11, 57, '2024-06-19', NULL, NULL, NULL, NULL, NULL, NULL, NULL, 1, NULL, '2024-06-18 03:33:07', '2024-06-18 03:33:07'),
(2136, 3, 1, 11, 58, '2024-06-22', '21:38:21', NULL, NULL, NULL, NULL, NULL, NULL, 1, NULL, '2024-06-22 18:36:03', '2024-06-22 18:38:21'),
(2137, 3, 1, 11, 58, '2024-06-23', NULL, NULL, NULL, NULL, NULL, NULL, NULL, 1, NULL, '2024-06-22 18:36:03', '2024-06-22 18:36:03'),
(2138, 3, 1, 11, 58, '2024-06-24', NULL, NULL, NULL, NULL, NULL, NULL, NULL, 1, NULL, '2024-06-22 18:36:03', '2024-06-22 18:36:03'),
(2141, 3, 1, 11, 60, '2024-08-16', '18:15:40', NULL, NULL, NULL, NULL, NULL, NULL, 1, NULL, '2024-08-03 15:15:10', '2024-08-03 15:15:40'),
(2142, 3, 1, 11, 60, '2024-08-17', NULL, NULL, NULL, NULL, NULL, NULL, NULL, 1, NULL, '2024-08-03 15:15:10', '2024-08-03 15:15:10'),
(2143, 3, 58, 43, 61, '2024-08-20', NULL, NULL, NULL, NULL, NULL, NULL, NULL, 1, NULL, '2024-08-16 12:03:47', '2024-08-16 12:03:47'),
(2144, 3, 58, 43, 61, '2024-08-16', NULL, NULL, NULL, NULL, NULL, NULL, NULL, 1, NULL, '2024-08-16 12:03:47', '2024-08-16 12:03:47'),
(2145, 3, 58, 43, 61, '2024-08-17', NULL, NULL, NULL, NULL, NULL, NULL, NULL, 1, NULL, '2024-08-16 12:03:47', '2024-08-16 12:03:47'),
(2146, 3, 58, 43, 61, '2024-08-18', NULL, NULL, NULL, NULL, NULL, NULL, NULL, 1, NULL, '2024-08-16 12:03:47', '2024-08-16 12:03:47'),
(2147, 3, 58, 43, 61, '2024-08-19', NULL, NULL, NULL, NULL, NULL, NULL, NULL, 1, NULL, '2024-08-16 12:03:47', '2024-08-16 12:03:47'),
(2148, 3, 1, 11, 62, '2024-08-25', '12:08:35', NULL, NULL, NULL, NULL, NULL, NULL, 1, NULL, '2024-08-25 09:06:33', '2024-08-25 09:08:35'),
(2149, 3, 1, 11, 63, '2024-09-29', NULL, NULL, NULL, NULL, NULL, NULL, NULL, 1, NULL, '2024-09-29 07:32:35', '2024-09-29 07:32:35'),
(2150, 3, 1, 11, 64, '2024-10-05', '01:48:45', NULL, NULL, NULL, NULL, NULL, NULL, 1, NULL, '2024-10-04 22:48:05', '2024-10-04 22:48:45'),
(2151, 3, 1, 11, 65, '2024-10-06', '15:05:41', NULL, NULL, NULL, NULL, NULL, NULL, 1, NULL, '2024-10-06 12:04:23', '2024-10-06 12:05:41'),
(2152, 3, 1, 11, 66, '2024-10-23', '23:34:46', NULL, NULL, NULL, NULL, NULL, NULL, 1, NULL, '2024-10-23 20:32:48', '2024-10-23 20:34:46'),
(2153, 3, 1, 11, 67, '2024-10-26', '14:14:37', NULL, NULL, NULL, NULL, NULL, NULL, 1, NULL, '2024-10-26 11:14:19', '2024-10-26 11:14:37'),
(2154, 3, 1, 11, 68, '2024-10-28', '16:25:36', NULL, NULL, NULL, NULL, NULL, NULL, 1, NULL, '2024-10-28 13:24:19', '2024-10-28 13:25:36'),
(2155, 3, 1, 11, 69, '2024-11-02', '03:32:12', NULL, NULL, NULL, NULL, NULL, NULL, 1, NULL, '2024-11-02 01:30:26', '2024-11-02 01:32:12'),
(2156, 3, 1, 11, 70, '2024-11-28', '00:56:35', NULL, NULL, NULL, NULL, NULL, NULL, 1, NULL, '2024-11-27 22:55:38', '2024-11-27 22:56:35'),
(2157, 3, 1, 11, 70, '2024-11-29', NULL, NULL, NULL, NULL, NULL, NULL, NULL, 1, NULL, '2024-11-27 22:55:38', '2024-11-27 22:55:38'),
(2158, 3, 1, 11, 71, '2025-01-03', '00:52:30', NULL, NULL, NULL, NULL, NULL, NULL, 1, NULL, '2025-01-02 22:51:08', '2025-01-02 22:52:30'),
(2159, 3, 1, 11, 72, '2025-01-04', '16:15:42', NULL, NULL, NULL, NULL, NULL, NULL, 1, NULL, '2025-01-04 14:06:05', '2025-01-04 14:15:42'),
(2160, 3, 1, 11, 72, '2025-02-11', '19:05:09', NULL, NULL, NULL, NULL, 184, NULL, 1, NULL, '2025-02-11 17:03:01', '2025-02-11 17:05:09'),
(2161, 3, 1, 11, 72, '2025-02-11', NULL, NULL, NULL, NULL, NULL, NULL, NULL, 1, NULL, '2025-02-11 17:03:28', '2025-02-11 17:03:28'),
(2162, 3, 1, 11, 73, '2025-02-11', NULL, NULL, NULL, NULL, NULL, NULL, NULL, 1, NULL, '2025-02-11 17:04:46', '2025-02-11 17:04:46'),
(2163, 3, 1, 11, 74, '2025-04-07', '22:13:18', NULL, NULL, NULL, NULL, NULL, NULL, 1, NULL, '2025-04-07 20:01:06', '2025-04-07 20:13:18'),
(2164, 3, 1, 11, 75, '2025-04-13', '21:02:34', NULL, NULL, NULL, NULL, NULL, NULL, 1, NULL, '2025-04-13 19:02:12', '2025-04-13 19:02:34'),
(2165, 3, 1, 11, 76, '2025-04-29', '13:43:20', NULL, NULL, NULL, NULL, NULL, NULL, 1, NULL, '2025-04-29 10:38:55', '2025-04-29 10:43:20'),
(2167, 3, 1, 11, 77, '2025-04-30', '12:59:28', NULL, NULL, NULL, NULL, NULL, NULL, 1, NULL, '2025-04-30 09:58:43', '2025-04-30 09:59:28'),
(2168, 3, 1, 11, 78, '2025-05-01', '19:20:07', NULL, NULL, NULL, NULL, NULL, NULL, 1, NULL, '2025-05-01 16:19:42', '2025-05-01 16:20:07'),
(2169, 3, 1, 11, 79, '2025-05-10', '13:02:37', NULL, NULL, NULL, NULL, NULL, NULL, 1, NULL, '2025-05-10 10:01:31', '2025-05-10 10:02:37'),
(2170, 3, 1, 11, 79, '2025-05-11', NULL, NULL, NULL, NULL, NULL, NULL, NULL, 1, NULL, '2025-05-10 10:01:31', '2025-05-10 10:01:31'),
(2171, 3, 1, 11, 80, '2025-05-10', NULL, NULL, NULL, NULL, NULL, NULL, NULL, 1, NULL, '2025-05-10 10:01:46', '2025-05-10 10:01:46'),
(2172, 3, 1, 11, 80, '2025-05-11', NULL, NULL, NULL, NULL, NULL, NULL, NULL, 1, NULL, '2025-05-10 10:01:46', '2025-05-10 10:01:46'),
(2173, 3, 1, 11, 81, '2025-05-27', '14:19:34', NULL, NULL, NULL, NULL, NULL, NULL, 1, NULL, '2025-05-17 11:18:41', '2025-05-17 11:19:34'),
(2174, 3, 1, 11, 81, '2025-05-28', NULL, NULL, NULL, NULL, NULL, NULL, NULL, 1, NULL, '2025-05-17 11:18:41', '2025-05-17 11:18:41'),
(2175, 3, 1, 11, 81, '2025-05-29', NULL, NULL, NULL, NULL, NULL, NULL, NULL, 1, NULL, '2025-05-17 11:18:41', '2025-05-17 11:18:41'),
(2176, 3, 1, 11, 82, '2025-05-30', '18:10:29', NULL, NULL, NULL, NULL, NULL, NULL, 1, NULL, '2025-05-30 15:04:49', '2025-05-30 15:10:29'),
(2177, 3, 1, 155, 82, '2025-05-30', '18:10:08', NULL, NULL, NULL, NULL, NULL, NULL, 1, NULL, '2025-05-30 15:05:50', '2025-05-30 15:10:08'),
(2178, 3, 1, 11, 83, '2025-06-04', '00:53:43', NULL, NULL, NULL, NULL, NULL, NULL, 1, NULL, '2025-06-03 21:52:46', '2025-06-03 21:53:43'),
(2179, 3, 1, 11, 84, '2025-06-08', '14:55:30', NULL, NULL, NULL, NULL, NULL, NULL, 1, NULL, '2025-06-08 11:55:06', '2025-06-08 11:55:30'),
(2180, 3, 1, 11, 85, '2025-07-18', '17:03:46', NULL, NULL, NULL, NULL, NULL, NULL, 1, NULL, '2025-07-18 14:02:33', '2025-07-18 14:03:46'),
(2187, 3, 1, 11, 90, '2025-10-07', '20:40:04', NULL, NULL, NULL, NULL, NULL, NULL, 1, NULL, '2025-10-07 17:37:06', '2025-10-07 17:40:04'),
(2188, 3, 1, 11, 90, '2025-10-08', NULL, NULL, NULL, NULL, NULL, NULL, NULL, 1, NULL, '2025-10-07 17:37:06', '2025-10-07 17:37:06'),
(2189, 3, 1, 112, 90, '2025-10-07', '20:43:25', NULL, NULL, NULL, NULL, 3, NULL, 1, NULL, '2025-10-07 17:42:34', '2025-10-07 17:43:25'),
(2190, 3, 1, 112, 90, '2025-10-08', NULL, NULL, NULL, NULL, NULL, NULL, NULL, 1, NULL, '2025-10-07 17:42:34', '2025-10-07 17:42:34'),
(2192, 3, 1, 11, 91, '2025-10-25', '17:22:08', NULL, NULL, NULL, NULL, NULL, NULL, 1, NULL, '2025-10-25 14:21:34', '2025-10-25 14:22:08'),
(2193, 3, 1, 11, 92, '2025-11-15', '21:30:29', NULL, NULL, NULL, NULL, NULL, NULL, 1, NULL, '2025-11-15 18:00:50', '2025-11-15 19:30:29'),
(2196, 3, 1, 11, 98, '2025-11-17', NULL, NULL, NULL, NULL, NULL, NULL, NULL, 1, NULL, '2025-11-17 21:13:38', '2025-11-17 21:13:38'),
(2199, 3, 1, 11, 99, '2025-11-18', '10:36:36', NULL, NULL, NULL, NULL, NULL, NULL, 1, NULL, '2025-11-18 08:35:37', '2025-11-18 08:36:36'),
(2200, 3, 1, 11, 100, '2025-11-19', '13:13:39', NULL, NULL, NULL, NULL, NULL, NULL, 1, NULL, '2025-11-19 11:11:09', '2025-11-19 11:13:39'),
(2202, 3, 244, 267, 102, '2025-11-21', '00:27:12', NULL, NULL, NULL, NULL, NULL, NULL, 1, NULL, '2025-11-20 22:24:24', '2025-11-20 22:27:12'),
(2203, 36, 102, 331, 86, '2025-12-01', NULL, NULL, NULL, NULL, NULL, NULL, NULL, 1, NULL, '2025-11-22 17:40:48', '2025-11-22 17:40:48'),
(2204, 36, 102, 331, 86, '2025-12-31', NULL, NULL, NULL, NULL, NULL, NULL, NULL, 1, NULL, '2025-11-22 17:40:48', '2025-11-22 17:40:48'),
(2205, 36, 102, 331, 86, '2025-12-30', NULL, NULL, NULL, NULL, NULL, NULL, NULL, 1, NULL, '2025-11-22 17:40:48', '2025-11-22 17:40:48'),
(2206, 36, 102, 331, 86, '2025-12-02', NULL, NULL, NULL, NULL, NULL, NULL, NULL, 1, NULL, '2025-11-22 17:40:48', '2025-11-22 17:40:48'),
(2207, 36, 102, 331, 86, '2025-12-03', NULL, NULL, NULL, NULL, NULL, NULL, NULL, 1, NULL, '2025-11-22 17:40:48', '2025-11-22 17:40:48'),
(2208, 36, 102, 331, 86, '2025-12-04', NULL, NULL, NULL, NULL, NULL, NULL, NULL, 1, NULL, '2025-11-22 17:40:48', '2025-11-22 17:40:48'),
(2209, 36, 102, 331, 86, '2025-12-06', NULL, NULL, NULL, NULL, NULL, NULL, NULL, 1, NULL, '2025-11-22 17:40:48', '2025-11-22 17:40:48'),
(2210, 36, 102, 331, 86, '2025-12-13', NULL, NULL, NULL, NULL, NULL, NULL, NULL, 1, NULL, '2025-11-22 17:40:48', '2025-11-22 17:40:48'),
(2211, 36, 102, 331, 86, '2025-12-20', NULL, NULL, NULL, NULL, NULL, NULL, NULL, 1, NULL, '2025-11-22 17:40:48', '2025-11-22 17:40:48'),
(2212, 36, 102, 331, 86, '2025-12-27', NULL, NULL, NULL, NULL, NULL, NULL, NULL, 1, NULL, '2025-11-22 17:40:48', '2025-11-22 17:40:48'),
(2213, 36, 102, 331, 86, '2025-12-11', NULL, NULL, NULL, NULL, NULL, NULL, NULL, 1, NULL, '2025-11-22 17:40:48', '2025-11-22 17:40:48'),
(2214, 36, 102, 331, 86, '2025-12-18', NULL, NULL, NULL, NULL, NULL, NULL, NULL, 1, NULL, '2025-11-22 17:40:48', '2025-11-22 17:40:48'),
(2215, 36, 102, 331, 86, '2025-12-25', NULL, NULL, NULL, NULL, NULL, NULL, NULL, 1, NULL, '2025-11-22 17:40:48', '2025-11-22 17:40:48'),
(2216, 36, 102, 331, 86, '2025-12-10', NULL, NULL, NULL, NULL, NULL, NULL, NULL, 1, NULL, '2025-11-22 17:40:48', '2025-11-22 17:40:48'),
(2217, 36, 102, 331, 86, '2025-12-09', NULL, NULL, NULL, NULL, NULL, NULL, NULL, 1, NULL, '2025-11-22 17:40:48', '2025-11-22 17:40:48'),
(2218, 36, 102, 331, 86, '2025-12-08', NULL, NULL, NULL, NULL, NULL, NULL, NULL, 1, NULL, '2025-11-22 17:40:48', '2025-11-22 17:40:48'),
(2219, 36, 102, 331, 86, '2025-12-07', NULL, NULL, NULL, NULL, NULL, NULL, NULL, 1, NULL, '2025-11-22 17:40:48', '2025-11-22 17:40:48'),
(2220, 36, 102, 331, 86, '2025-12-14', NULL, NULL, NULL, NULL, NULL, NULL, NULL, 1, NULL, '2025-11-22 17:40:48', '2025-11-22 17:40:48'),
(2221, 36, 102, 331, 86, '2025-12-15', NULL, NULL, NULL, NULL, NULL, NULL, NULL, 1, NULL, '2025-11-22 17:40:48', '2025-11-22 17:40:48'),
(2222, 36, 102, 331, 86, '2025-12-16', NULL, NULL, NULL, NULL, NULL, NULL, NULL, 1, NULL, '2025-11-22 17:40:48', '2025-11-22 17:40:48'),
(2223, 36, 102, 331, 86, '2025-12-17', NULL, NULL, NULL, NULL, NULL, NULL, NULL, 1, NULL, '2025-11-22 17:40:48', '2025-11-22 17:40:48'),
(2224, 36, 102, 331, 86, '2025-12-24', NULL, NULL, NULL, NULL, NULL, NULL, NULL, 1, NULL, '2025-11-22 17:40:48', '2025-11-22 17:40:48'),
(2225, 36, 102, 331, 86, '2025-12-23', NULL, NULL, NULL, NULL, NULL, NULL, NULL, 1, NULL, '2025-11-22 17:40:48', '2025-11-22 17:40:48'),
(2226, 36, 102, 331, 86, '2025-12-22', NULL, NULL, NULL, NULL, NULL, NULL, NULL, 1, NULL, '2025-11-22 17:40:48', '2025-11-22 17:40:48'),
(2227, 36, 102, 331, 86, '2025-12-21', NULL, NULL, NULL, NULL, NULL, NULL, NULL, 1, NULL, '2025-11-22 17:40:48', '2025-11-22 17:40:48'),
(2228, 36, 102, 331, 86, '2025-12-28', NULL, NULL, NULL, NULL, NULL, NULL, NULL, 1, NULL, '2025-11-22 17:40:48', '2025-11-22 17:40:48'),
(2229, 36, 102, 331, 86, '2025-12-29', NULL, NULL, NULL, NULL, NULL, NULL, NULL, 1, NULL, '2025-11-22 17:40:48', '2025-11-22 17:40:48'),
(2230, 3, 244, 268, 102, '2025-12-01', NULL, NULL, NULL, NULL, NULL, NULL, NULL, 1, NULL, '2025-12-09 13:03:14', '2025-12-09 13:03:14'),
(2231, 3, 244, 268, 102, '2025-12-02', NULL, NULL, NULL, NULL, NULL, NULL, NULL, 1, NULL, '2025-12-09 13:03:14', '2025-12-09 13:03:14'),
(2232, 3, 244, 268, 102, '2025-12-03', NULL, NULL, NULL, NULL, NULL, NULL, NULL, 1, NULL, '2025-12-09 13:03:14', '2025-12-09 13:03:14'),
(2233, 3, 244, 268, 102, '2025-12-04', NULL, NULL, NULL, NULL, NULL, NULL, NULL, 1, NULL, '2025-12-09 13:03:14', '2025-12-09 13:03:14'),
(2234, 3, 244, 268, 102, '2025-12-08', NULL, NULL, NULL, NULL, NULL, NULL, NULL, 1, NULL, '2025-12-09 13:03:44', '2025-12-09 13:03:44'),
(2235, 3, 244, 268, 102, '2025-12-15', NULL, NULL, NULL, NULL, NULL, NULL, NULL, 1, NULL, '2025-12-09 13:03:44', '2025-12-09 13:03:44'),
(2236, 3, 244, 268, 102, '2025-12-22', NULL, NULL, NULL, NULL, NULL, NULL, NULL, 1, NULL, '2025-12-09 13:03:44', '2025-12-09 13:03:44'),
(2237, 3, 244, 268, 102, '2025-12-29', NULL, NULL, NULL, NULL, NULL, NULL, NULL, 1, NULL, '2025-12-09 13:03:44', '2025-12-09 13:03:44'),
(2239, 25, 244, 360, 104, '2025-12-16', NULL, NULL, NULL, NULL, NULL, NULL, NULL, 1, NULL, '2025-12-16 08:52:50', '2025-12-16 08:52:50'),
(2240, 26, 244, 361, 105, '2025-12-16', NULL, NULL, NULL, NULL, NULL, NULL, NULL, 1, NULL, '2025-12-16 12:49:07', '2025-12-16 12:49:07'),
(2241, 3, 241, 362, 106, '2025-12-17', NULL, NULL, NULL, NULL, NULL, NULL, NULL, 1, NULL, '2025-12-17 09:50:22', '2025-12-17 09:50:22'),
(2242, 3, 241, 362, 106, '2025-12-18', NULL, NULL, NULL, NULL, NULL, NULL, NULL, 1, NULL, '2025-12-17 09:53:02', '2025-12-17 09:53:25'),
(2243, 3, 241, 362, 106, '2025-12-19', NULL, NULL, NULL, NULL, NULL, NULL, NULL, 1, NULL, '2025-12-17 09:53:34', '2025-12-17 09:53:44'),
(2244, 2, 241, 363, 107, '2025-12-17', NULL, NULL, NULL, NULL, NULL, NULL, NULL, 1, NULL, '2025-12-17 09:55:37', '2025-12-17 09:55:37'),
(2245, 2, 241, 363, 107, '2025-12-18', NULL, NULL, NULL, NULL, NULL, NULL, NULL, 1, NULL, '2025-12-17 09:55:37', '2025-12-17 09:55:37'),
(2246, 2, 241, 363, 107, '2025-12-19', NULL, NULL, NULL, NULL, NULL, NULL, NULL, 1, NULL, '2025-12-17 09:55:37', '2025-12-17 09:55:37'),
(2247, 26, 241, 364, 108, '2025-12-17', NULL, NULL, NULL, NULL, NULL, NULL, NULL, 1, NULL, '2025-12-17 10:00:25', '2025-12-17 10:00:25'),
(2248, 26, 241, 364, 108, '2025-12-18', NULL, NULL, NULL, NULL, NULL, NULL, NULL, 1, NULL, '2025-12-17 10:00:25', '2025-12-17 10:00:25'),
(2249, 26, 241, 364, 108, '2025-12-19', NULL, NULL, NULL, NULL, NULL, NULL, NULL, 1, NULL, '2025-12-17 10:00:25', '2025-12-17 10:00:25'),
(2250, 25, 241, 365, 109, '2025-12-17', NULL, NULL, NULL, NULL, NULL, NULL, NULL, 1, NULL, '2025-12-17 10:02:36', '2025-12-17 10:02:36'),
(2251, 25, 241, 365, 109, '2025-12-18', NULL, NULL, NULL, NULL, NULL, NULL, NULL, 1, NULL, '2025-12-17 10:02:36', '2025-12-17 10:02:36'),
(2252, 25, 241, 365, 109, '2025-12-19', NULL, NULL, NULL, NULL, NULL, NULL, NULL, 1, NULL, '2025-12-17 10:02:36', '2025-12-17 10:02:36'),
(2253, 10, 241, 367, 111, '2025-12-17', NULL, NULL, NULL, NULL, NULL, NULL, NULL, 1, NULL, '2025-12-17 10:08:54', '2025-12-17 10:08:54'),
(2254, 10, 241, 367, 111, '2025-12-18', NULL, NULL, NULL, NULL, NULL, NULL, NULL, 1, NULL, '2025-12-17 10:08:54', '2025-12-17 10:08:54'),
(2255, 10, 241, 367, 111, '2025-12-19', NULL, NULL, NULL, NULL, NULL, NULL, NULL, 1, NULL, '2025-12-17 10:08:54', '2025-12-17 10:08:54'),
(2256, 9, 241, 368, 112, '2025-12-17', NULL, NULL, NULL, NULL, NULL, NULL, NULL, 1, NULL, '2025-12-17 10:11:22', '2025-12-17 10:11:22'),
(2257, 9, 241, 368, 112, '2025-12-18', NULL, NULL, NULL, NULL, NULL, NULL, NULL, 1, NULL, '2025-12-17 10:11:22', '2025-12-17 10:11:22'),
(2258, 9, 241, 368, 112, '2025-12-19', NULL, NULL, NULL, NULL, NULL, NULL, NULL, 1, NULL, '2025-12-17 10:11:22', '2025-12-17 10:11:22'),
(2259, 8, 241, 369, 113, '2025-12-17', NULL, NULL, NULL, NULL, NULL, NULL, NULL, 1, NULL, '2025-12-17 10:13:41', '2025-12-17 10:13:41'),
(2260, 8, 241, 369, 113, '2025-12-18', NULL, NULL, NULL, NULL, NULL, NULL, NULL, 1, NULL, '2025-12-17 10:13:41', '2025-12-17 10:13:41'),
(2261, 8, 241, 369, 113, '2025-12-19', NULL, NULL, NULL, NULL, NULL, NULL, NULL, 1, NULL, '2025-12-17 10:13:41', '2025-12-17 10:13:41'),
(2268, 9, 2, 375, 119, '2025-12-18', NULL, NULL, NULL, NULL, NULL, NULL, NULL, 1, NULL, '2025-12-18 12:18:10', '2025-12-18 12:18:10'),
(2269, 9, 2, 375, 119, '2025-12-19', NULL, NULL, NULL, NULL, NULL, NULL, NULL, 1, NULL, '2025-12-18 12:18:10', '2025-12-18 12:18:10'),
(2270, 9, 2, 375, 119, '2025-12-20', NULL, NULL, NULL, NULL, NULL, NULL, NULL, 1, NULL, '2025-12-18 12:18:10', '2025-12-18 12:18:10'),
(2274, 8, 2, 377, 121, '2025-12-27', NULL, NULL, NULL, NULL, NULL, NULL, NULL, 1, NULL, '2025-12-27 12:29:31', '2025-12-27 12:29:31'),
(2275, 8, 2, 377, 121, '2025-12-28', NULL, NULL, NULL, NULL, NULL, NULL, NULL, 1, NULL, '2025-12-27 12:29:31', '2025-12-27 12:29:31'),
(2276, 8, 2, 377, 121, '2025-12-29', NULL, NULL, NULL, NULL, NULL, NULL, NULL, 1, NULL, '2025-12-27 12:29:31', '2025-12-27 12:29:31'),
(2277, 10, 2, 378, 122, '2025-12-27', NULL, NULL, NULL, NULL, NULL, NULL, NULL, 1, NULL, '2025-12-27 12:47:51', '2025-12-27 12:47:51'),
(2278, 10, 2, 378, 122, '2025-12-28', NULL, NULL, NULL, NULL, NULL, NULL, NULL, 1, NULL, '2025-12-27 12:47:51', '2025-12-27 12:47:51'),
(2279, 10, 2, 378, 122, '2025-12-29', NULL, NULL, NULL, NULL, NULL, NULL, NULL, 1, NULL, '2025-12-27 12:47:51', '2025-12-27 12:47:51'),
(2307, 3, 2, 447, 114, '2026-01-14', NULL, NULL, NULL, NULL, NULL, NULL, NULL, 1, NULL, '2026-01-14 12:33:17', '2026-01-14 12:33:17'),
(2308, 3, 2, 447, 114, '2026-01-15', NULL, NULL, NULL, NULL, NULL, NULL, NULL, 1, NULL, '2026-01-14 12:33:17', '2026-01-14 12:33:17'),
(2309, 3, 2, 447, 114, '2026-01-17', NULL, NULL, NULL, NULL, NULL, NULL, NULL, 1, NULL, '2026-01-14 12:33:17', '2026-01-14 12:33:17'),
(2310, 3, 2, 446, 114, '2026-01-14', NULL, NULL, NULL, NULL, NULL, NULL, NULL, 1, NULL, '2026-01-14 12:34:01', '2026-01-14 12:34:01'),
(2311, 3, 2, 446, 114, '2026-01-15', NULL, NULL, NULL, NULL, NULL, NULL, NULL, 1, NULL, '2026-01-14 12:34:01', '2026-01-14 12:34:01'),
(2312, 3, 2, 446, 114, '2026-01-17', NULL, NULL, NULL, NULL, NULL, NULL, NULL, 1, NULL, '2026-01-14 12:34:01', '2026-01-14 12:34:01'),
(2313, 2, 2, 371, 115, '2026-01-14', NULL, NULL, NULL, NULL, NULL, NULL, NULL, 1, NULL, '2026-01-14 12:34:32', '2026-01-14 12:34:32'),
(2314, 2, 2, 371, 115, '2026-01-15', NULL, NULL, NULL, NULL, NULL, NULL, NULL, 1, NULL, '2026-01-14 12:34:32', '2026-01-14 12:34:32'),
(2315, 2, 2, 371, 115, '2026-01-17', NULL, NULL, NULL, NULL, NULL, NULL, NULL, 1, NULL, '2026-01-14 12:34:32', '2026-01-14 12:34:32'),
(2316, 3, 2, 445, 114, '2026-01-14', NULL, NULL, NULL, NULL, NULL, NULL, NULL, 1, NULL, '2026-01-14 12:35:07', '2026-01-14 12:35:07'),
(2317, 3, 2, 445, 114, '2026-01-15', NULL, NULL, NULL, NULL, NULL, NULL, NULL, 1, NULL, '2026-01-14 12:35:07', '2026-01-14 12:35:07'),
(2318, 3, 2, 445, 114, '2026-01-17', NULL, NULL, NULL, NULL, NULL, NULL, NULL, 1, NULL, '2026-01-14 12:35:07', '2026-01-14 12:35:07'),
(2319, 3, 2, 444, 114, '2026-01-14', NULL, NULL, NULL, NULL, NULL, NULL, NULL, 1, NULL, '2026-01-14 12:36:01', '2026-01-14 12:36:01'),
(2320, 3, 2, 444, 114, '2026-01-15', NULL, NULL, NULL, NULL, NULL, NULL, NULL, 1, NULL, '2026-01-14 12:36:01', '2026-01-14 12:36:01'),
(2321, 3, 2, 444, 114, '2026-01-17', NULL, NULL, NULL, NULL, NULL, NULL, NULL, 1, NULL, '2026-01-14 12:36:01', '2026-01-14 12:36:01'),
(2322, 3, 2, 443, 114, '2026-01-14', NULL, NULL, NULL, NULL, NULL, NULL, NULL, 1, NULL, '2026-01-14 12:36:17', '2026-01-14 12:36:17'),
(2323, 3, 2, 443, 114, '2026-01-15', NULL, NULL, NULL, NULL, NULL, NULL, NULL, 1, NULL, '2026-01-14 12:36:17', '2026-01-14 12:36:17'),
(2324, 3, 2, 443, 114, '2026-01-17', NULL, NULL, NULL, NULL, NULL, NULL, NULL, 1, NULL, '2026-01-14 12:36:17', '2026-01-14 12:36:17'),
(2325, 3, 2, 442, 114, '2026-01-14', NULL, NULL, NULL, NULL, NULL, NULL, NULL, 1, NULL, '2026-01-14 12:36:42', '2026-01-14 12:36:42'),
(2326, 3, 2, 442, 114, '2026-01-15', NULL, NULL, NULL, NULL, NULL, NULL, NULL, 1, NULL, '2026-01-14 12:36:42', '2026-01-14 12:36:42'),
(2327, 3, 2, 442, 114, '2026-01-17', NULL, NULL, NULL, NULL, NULL, NULL, NULL, 1, NULL, '2026-01-14 12:36:42', '2026-01-14 12:36:42'),
(2328, 3, 2, 441, 114, '2026-01-14', NULL, NULL, NULL, NULL, NULL, NULL, NULL, 1, NULL, '2026-01-14 12:37:05', '2026-01-14 12:37:05'),
(2329, 3, 2, 441, 114, '2026-01-15', NULL, NULL, NULL, NULL, NULL, NULL, NULL, 1, NULL, '2026-01-14 12:37:05', '2026-01-14 12:37:05'),
(2330, 3, 2, 441, 114, '2026-01-17', NULL, NULL, NULL, NULL, NULL, NULL, NULL, 1, NULL, '2026-01-14 12:37:05', '2026-01-14 12:37:05'),
(2331, 3, 2, 440, 114, '2026-01-14', NULL, NULL, NULL, NULL, NULL, NULL, NULL, 1, NULL, '2026-01-14 12:37:56', '2026-01-14 12:37:56'),
(2332, 3, 2, 440, 114, '2026-01-15', NULL, NULL, NULL, NULL, NULL, NULL, NULL, 1, NULL, '2026-01-14 12:37:56', '2026-01-14 12:37:56'),
(2333, 3, 2, 440, 114, '2026-01-17', NULL, NULL, NULL, NULL, NULL, NULL, NULL, 1, NULL, '2026-01-14 12:37:56', '2026-01-14 12:37:56'),
(2334, 3, 2, 440, 114, '2026-01-18', NULL, NULL, NULL, NULL, NULL, NULL, NULL, 1, NULL, '2026-01-14 12:37:56', '2026-01-14 12:37:56'),
(2335, 3, 2, 440, 114, '2026-01-19', NULL, NULL, NULL, NULL, NULL, NULL, NULL, 1, NULL, '2026-01-14 12:37:56', '2026-01-14 12:37:56'),
(2336, 3, 2, 440, 114, '2026-01-20', NULL, NULL, NULL, NULL, NULL, NULL, NULL, 1, NULL, '2026-01-14 12:37:56', '2026-01-14 12:37:56'),
(2337, 3, 2, 440, 114, '2026-01-21', NULL, NULL, NULL, NULL, NULL, NULL, NULL, 1, NULL, '2026-01-14 12:37:56', '2026-01-14 12:37:56'),
(2338, 3, 2, 440, 114, '2026-01-22', NULL, NULL, NULL, NULL, NULL, NULL, NULL, 1, NULL, '2026-01-14 12:37:56', '2026-01-14 12:37:56'),
(2339, 3, 2, 440, 114, '2026-01-24', NULL, NULL, NULL, NULL, NULL, NULL, NULL, 1, NULL, '2026-01-14 12:37:56', '2026-01-14 12:37:56'),
(2340, 3, 2, 440, 114, '2026-01-25', NULL, NULL, NULL, NULL, NULL, NULL, NULL, 1, NULL, '2026-01-14 12:37:56', '2026-01-14 12:37:56'),
(2341, 3, 2, 439, 114, '2026-01-14', NULL, NULL, NULL, NULL, NULL, NULL, NULL, 1, NULL, '2026-01-14 12:38:19', '2026-01-14 12:38:19'),
(2342, 3, 2, 439, 114, '2026-01-15', NULL, NULL, NULL, NULL, NULL, NULL, NULL, 1, NULL, '2026-01-14 12:38:19', '2026-01-14 12:38:19'),
(2343, 3, 2, 439, 114, '2026-01-17', NULL, NULL, NULL, NULL, NULL, NULL, NULL, 1, NULL, '2026-01-14 12:38:19', '2026-01-14 12:38:19'),
(2344, 3, 2, 439, 114, '2026-01-18', NULL, NULL, NULL, NULL, NULL, NULL, NULL, 1, NULL, '2026-01-14 12:38:19', '2026-01-14 12:38:19'),
(2345, 3, 2, 439, 114, '2026-01-19', NULL, NULL, NULL, NULL, NULL, NULL, NULL, 1, NULL, '2026-01-14 12:38:19', '2026-01-14 12:38:19'),
(2346, 3, 2, 439, 114, '2026-01-20', NULL, NULL, NULL, NULL, NULL, NULL, NULL, 1, NULL, '2026-01-14 12:38:19', '2026-01-14 12:38:19'),
(2347, 3, 2, 439, 114, '2026-01-21', NULL, NULL, NULL, NULL, NULL, NULL, NULL, 1, NULL, '2026-01-14 12:38:19', '2026-01-14 12:38:19'),
(2348, 3, 2, 439, 114, '2026-01-22', NULL, NULL, NULL, NULL, NULL, NULL, NULL, 1, NULL, '2026-01-14 12:38:19', '2026-01-14 12:38:19'),
(2349, 3, 2, 439, 114, '2026-01-24', NULL, NULL, NULL, NULL, NULL, NULL, NULL, 1, NULL, '2026-01-14 12:38:19', '2026-01-14 12:38:19'),
(2350, 3, 2, 439, 114, '2026-01-25', NULL, NULL, NULL, NULL, NULL, NULL, NULL, 1, NULL, '2026-01-14 12:38:19', '2026-01-14 12:38:19'),
(2351, 3, 2, 438, 114, '2026-01-14', NULL, NULL, NULL, NULL, NULL, NULL, NULL, 1, NULL, '2026-01-14 12:38:41', '2026-01-14 12:38:41'),
(2352, 3, 2, 438, 114, '2026-01-15', NULL, NULL, NULL, NULL, NULL, NULL, NULL, 1, NULL, '2026-01-14 12:38:41', '2026-01-14 12:38:41'),
(2353, 3, 2, 438, 114, '2026-01-17', NULL, NULL, NULL, NULL, NULL, NULL, NULL, 1, NULL, '2026-01-14 12:38:41', '2026-01-14 12:38:41'),
(2354, 3, 2, 438, 114, '2026-01-18', NULL, NULL, NULL, NULL, NULL, NULL, NULL, 1, NULL, '2026-01-14 12:38:41', '2026-01-14 12:38:41'),
(2355, 3, 2, 438, 114, '2026-01-19', NULL, NULL, NULL, NULL, NULL, NULL, NULL, 1, NULL, '2026-01-14 12:38:41', '2026-01-14 12:38:41'),
(2356, 3, 2, 438, 114, '2026-01-20', NULL, NULL, NULL, NULL, NULL, NULL, NULL, 1, NULL, '2026-01-14 12:38:41', '2026-01-14 12:38:41'),
(2357, 3, 2, 438, 114, '2026-01-21', NULL, NULL, NULL, NULL, NULL, NULL, NULL, 1, NULL, '2026-01-14 12:38:41', '2026-01-14 12:38:41'),
(2358, 3, 2, 438, 114, '2026-01-22', NULL, NULL, NULL, NULL, NULL, NULL, NULL, 1, NULL, '2026-01-14 12:38:41', '2026-01-14 12:38:41'),
(2359, 3, 2, 438, 114, '2026-01-23', NULL, NULL, NULL, NULL, NULL, NULL, NULL, 1, NULL, '2026-01-14 12:38:41', '2026-01-14 12:38:41'),
(2360, 3, 2, 438, 114, '2026-01-24', NULL, NULL, NULL, NULL, NULL, NULL, NULL, 1, NULL, '2026-01-14 12:38:41', '2026-01-14 12:38:41'),
(2361, 3, 2, 438, 114, '2026-01-25', NULL, NULL, NULL, NULL, NULL, NULL, NULL, 1, NULL, '2026-01-14 12:38:41', '2026-01-14 12:38:41'),
(2362, 3, 2, 447, 114, '2026-01-18', NULL, NULL, NULL, NULL, NULL, NULL, NULL, 1, NULL, '2026-01-14 12:39:05', '2026-01-14 12:39:05'),
(2363, 3, 2, 447, 114, '2026-01-19', NULL, NULL, NULL, NULL, NULL, NULL, NULL, 1, NULL, '2026-01-14 12:39:05', '2026-01-14 12:39:05'),
(2364, 3, 2, 447, 114, '2026-01-20', NULL, NULL, NULL, NULL, NULL, NULL, NULL, 1, NULL, '2026-01-14 12:39:05', '2026-01-14 12:39:05'),
(2365, 3, 2, 447, 114, '2026-01-21', NULL, NULL, NULL, NULL, NULL, NULL, NULL, 1, NULL, '2026-01-14 12:39:05', '2026-01-14 12:39:05'),
(2366, 3, 2, 447, 114, '2026-01-22', NULL, NULL, NULL, NULL, NULL, NULL, NULL, 1, NULL, '2026-01-14 12:39:05', '2026-01-14 12:39:05'),
(2367, 3, 2, 447, 114, '2026-01-24', NULL, NULL, NULL, NULL, NULL, NULL, NULL, 1, NULL, '2026-01-14 12:39:05', '2026-01-14 12:39:05'),
(2368, 3, 2, 447, 114, '2026-01-25', NULL, NULL, NULL, NULL, NULL, NULL, NULL, 1, NULL, '2026-01-14 12:39:05', '2026-01-14 12:39:05'),
(2369, 3, 2, 446, 114, '2026-01-18', NULL, NULL, NULL, NULL, NULL, NULL, NULL, 1, NULL, '2026-01-14 12:39:53', '2026-01-14 12:39:53'),
(2370, 3, 2, 446, 114, '2026-01-19', NULL, NULL, NULL, NULL, NULL, NULL, NULL, 1, NULL, '2026-01-14 12:39:53', '2026-01-14 12:39:53'),
(2371, 3, 2, 446, 114, '2026-01-20', NULL, NULL, NULL, NULL, NULL, NULL, NULL, 1, NULL, '2026-01-14 12:39:53', '2026-01-14 12:39:53'),
(2372, 3, 2, 446, 114, '2026-01-21', NULL, NULL, NULL, NULL, NULL, NULL, NULL, 1, NULL, '2026-01-14 12:39:53', '2026-01-14 12:39:53'),
(2373, 3, 2, 446, 114, '2026-01-22', NULL, NULL, NULL, NULL, NULL, NULL, NULL, 1, NULL, '2026-01-14 12:39:53', '2026-01-14 12:39:53'),
(2374, 3, 2, 446, 114, '2026-01-24', NULL, NULL, NULL, NULL, NULL, NULL, NULL, 1, NULL, '2026-01-14 12:39:53', '2026-01-14 12:39:53'),
(2375, 3, 2, 446, 114, '2026-01-25', NULL, NULL, NULL, NULL, NULL, NULL, NULL, 1, NULL, '2026-01-14 12:39:53', '2026-01-14 12:39:53'),
(2376, 3, 2, 445, 114, '2026-01-18', NULL, NULL, NULL, NULL, NULL, NULL, NULL, 1, NULL, '2026-01-14 12:40:13', '2026-01-14 12:40:13'),
(2377, 3, 2, 445, 114, '2026-01-19', NULL, NULL, NULL, NULL, NULL, NULL, NULL, 1, NULL, '2026-01-14 12:40:13', '2026-01-14 12:40:13'),
(2378, 3, 2, 445, 114, '2026-01-20', NULL, NULL, NULL, NULL, NULL, NULL, NULL, 1, NULL, '2026-01-14 12:40:13', '2026-01-14 12:40:13'),
(2379, 3, 2, 445, 114, '2026-01-21', NULL, NULL, NULL, NULL, NULL, NULL, NULL, 1, NULL, '2026-01-14 12:40:13', '2026-01-14 12:40:13'),
(2380, 3, 2, 445, 114, '2026-01-22', NULL, NULL, NULL, NULL, NULL, NULL, NULL, 1, NULL, '2026-01-14 12:40:13', '2026-01-14 12:40:13'),
(2381, 3, 2, 445, 114, '2026-01-24', NULL, NULL, NULL, NULL, NULL, NULL, NULL, 1, NULL, '2026-01-14 12:40:13', '2026-01-14 12:40:13'),
(2382, 3, 2, 445, 114, '2026-01-25', NULL, NULL, NULL, NULL, NULL, NULL, NULL, 1, NULL, '2026-01-14 12:40:13', '2026-01-14 12:40:13'),
(2383, 3, 2, 445, 114, '2026-01-18', NULL, NULL, NULL, NULL, NULL, NULL, NULL, 1, NULL, '2026-01-14 12:40:34', '2026-01-14 12:40:34'),
(2384, 3, 2, 445, 114, '2026-01-19', NULL, NULL, NULL, NULL, NULL, NULL, NULL, 1, NULL, '2026-01-14 12:40:34', '2026-01-14 12:40:34'),
(2385, 3, 2, 445, 114, '2026-01-20', NULL, NULL, NULL, NULL, NULL, NULL, NULL, 1, NULL, '2026-01-14 12:40:34', '2026-01-14 12:40:34'),
(2386, 3, 2, 445, 114, '2026-01-21', NULL, NULL, NULL, NULL, NULL, NULL, NULL, 1, NULL, '2026-01-14 12:40:34', '2026-01-14 12:40:34'),
(2387, 3, 2, 445, 114, '2026-01-22', NULL, NULL, NULL, NULL, NULL, NULL, NULL, 1, NULL, '2026-01-14 12:40:34', '2026-01-14 12:40:34'),
(2388, 3, 2, 445, 114, '2026-01-24', NULL, NULL, NULL, NULL, NULL, NULL, NULL, 1, NULL, '2026-01-14 12:40:34', '2026-01-14 12:40:34'),
(2389, 3, 2, 445, 114, '2026-01-25', NULL, NULL, NULL, NULL, NULL, NULL, NULL, 1, NULL, '2026-01-14 12:40:34', '2026-01-14 12:40:34'),
(2390, 3, 2, 444, 114, '2026-01-18', NULL, NULL, NULL, NULL, NULL, NULL, NULL, 1, NULL, '2026-01-14 12:40:59', '2026-01-14 12:40:59'),
(2391, 3, 2, 444, 114, '2026-01-19', NULL, NULL, NULL, NULL, NULL, NULL, NULL, 1, NULL, '2026-01-14 12:40:59', '2026-01-14 12:40:59'),
(2392, 3, 2, 444, 114, '2026-01-20', NULL, NULL, NULL, NULL, NULL, NULL, NULL, 1, NULL, '2026-01-14 12:40:59', '2026-01-14 12:40:59'),
(2393, 3, 2, 444, 114, '2026-01-21', NULL, NULL, NULL, NULL, NULL, NULL, NULL, 1, NULL, '2026-01-14 12:40:59', '2026-01-14 12:40:59'),
(2394, 3, 2, 444, 114, '2026-01-22', NULL, NULL, NULL, NULL, NULL, NULL, NULL, 1, NULL, '2026-01-14 12:40:59', '2026-01-14 12:40:59'),
(2395, 3, 2, 444, 114, '2026-01-24', NULL, NULL, NULL, NULL, NULL, NULL, NULL, 1, NULL, '2026-01-14 12:40:59', '2026-01-14 12:40:59'),
(2396, 3, 2, 444, 114, '2026-01-25', NULL, NULL, NULL, NULL, NULL, NULL, NULL, 1, NULL, '2026-01-14 12:40:59', '2026-01-14 12:40:59'),
(2397, 3, 2, 443, 114, '2026-01-18', NULL, NULL, NULL, NULL, NULL, NULL, NULL, 1, NULL, '2026-01-14 12:41:16', '2026-01-14 12:41:16'),
(2398, 3, 2, 443, 114, '2026-01-19', NULL, NULL, NULL, NULL, NULL, NULL, NULL, 1, NULL, '2026-01-14 12:41:16', '2026-01-14 12:41:16'),
(2399, 3, 2, 443, 114, '2026-01-20', NULL, NULL, NULL, NULL, NULL, NULL, NULL, 1, NULL, '2026-01-14 12:41:16', '2026-01-14 12:41:16'),
(2400, 3, 2, 443, 114, '2026-01-21', NULL, NULL, NULL, NULL, NULL, NULL, NULL, 1, NULL, '2026-01-14 12:41:16', '2026-01-14 12:41:16'),
(2401, 3, 2, 443, 114, '2026-01-22', NULL, NULL, NULL, NULL, NULL, NULL, NULL, 1, NULL, '2026-01-14 12:41:16', '2026-01-14 12:41:16'),
(2402, 3, 2, 443, 114, '2026-01-24', NULL, NULL, NULL, NULL, NULL, NULL, NULL, 1, NULL, '2026-01-14 12:41:16', '2026-01-14 12:41:16'),
(2403, 3, 2, 443, 114, '2026-01-25', NULL, NULL, NULL, NULL, NULL, NULL, NULL, 1, NULL, '2026-01-14 12:41:16', '2026-01-14 12:41:16'),
(2404, 3, 2, 442, 114, '2026-01-18', NULL, NULL, NULL, NULL, NULL, NULL, NULL, 1, NULL, '2026-01-14 12:41:33', '2026-01-14 12:41:33'),
(2405, 3, 2, 442, 114, '2026-01-19', NULL, NULL, NULL, NULL, NULL, NULL, NULL, 1, NULL, '2026-01-14 12:41:33', '2026-01-14 12:41:33'),
(2406, 3, 2, 442, 114, '2026-01-20', NULL, NULL, NULL, NULL, NULL, NULL, NULL, 1, NULL, '2026-01-14 12:41:33', '2026-01-14 12:41:33'),
(2407, 3, 2, 442, 114, '2026-01-21', NULL, NULL, NULL, NULL, NULL, NULL, NULL, 1, NULL, '2026-01-14 12:41:33', '2026-01-14 12:41:33'),
(2408, 3, 2, 442, 114, '2026-01-22', NULL, NULL, NULL, NULL, NULL, NULL, NULL, 1, NULL, '2026-01-14 12:41:33', '2026-01-14 12:41:33'),
(2409, 3, 2, 442, 114, '2026-01-24', NULL, NULL, NULL, NULL, NULL, NULL, NULL, 1, NULL, '2026-01-14 12:41:33', '2026-01-14 12:41:33'),
(2410, 3, 2, 442, 114, '2026-01-25', NULL, NULL, NULL, NULL, NULL, NULL, NULL, 1, NULL, '2026-01-14 12:41:33', '2026-01-14 12:41:33'),
(2411, 3, 2, 441, 114, '2026-01-18', NULL, NULL, NULL, NULL, NULL, NULL, NULL, 1, NULL, '2026-01-14 12:41:51', '2026-01-14 12:41:51'),
(2412, 3, 2, 441, 114, '2026-01-19', NULL, NULL, NULL, NULL, NULL, NULL, NULL, 1, NULL, '2026-01-14 12:41:51', '2026-01-14 12:41:51'),
(2413, 3, 2, 441, 114, '2026-01-20', NULL, NULL, NULL, NULL, NULL, NULL, NULL, 1, NULL, '2026-01-14 12:41:51', '2026-01-14 12:41:51'),
(2414, 3, 2, 441, 114, '2026-01-21', NULL, NULL, NULL, NULL, NULL, NULL, NULL, 1, NULL, '2026-01-14 12:41:51', '2026-01-14 12:41:51'),
(2415, 3, 2, 441, 114, '2026-01-22', NULL, NULL, NULL, NULL, NULL, NULL, NULL, 1, NULL, '2026-01-14 12:41:51', '2026-01-14 12:41:51'),
(2416, 3, 2, 441, 114, '2026-01-24', NULL, NULL, NULL, NULL, NULL, NULL, NULL, 1, NULL, '2026-01-14 12:41:51', '2026-01-14 12:41:51'),
(2417, 3, 2, 441, 114, '2026-01-25', NULL, NULL, NULL, NULL, NULL, NULL, NULL, 1, NULL, '2026-01-14 12:41:51', '2026-01-14 12:41:51'),
(2418, 3, 2, 426, 114, '2026-01-18', NULL, NULL, NULL, NULL, NULL, NULL, NULL, 1, NULL, '2026-01-14 12:43:00', '2026-01-14 12:43:00'),
(2419, 3, 2, 426, 114, '2026-01-19', NULL, NULL, NULL, NULL, NULL, NULL, NULL, 1, NULL, '2026-01-14 12:43:00', '2026-01-14 12:43:00'),
(2420, 3, 2, 426, 114, '2026-01-20', NULL, NULL, NULL, NULL, NULL, NULL, NULL, 1, NULL, '2026-01-14 12:43:00', '2026-01-14 12:43:00'),
(2421, 3, 2, 426, 114, '2026-01-21', NULL, NULL, NULL, NULL, NULL, NULL, NULL, 1, NULL, '2026-01-14 12:43:00', '2026-01-14 12:43:00'),
(2422, 3, 2, 426, 114, '2026-01-22', NULL, NULL, NULL, NULL, NULL, NULL, NULL, 1, NULL, '2026-01-14 12:43:00', '2026-01-14 12:43:00'),
(2423, 3, 2, 426, 114, '2026-01-24', NULL, NULL, NULL, NULL, NULL, NULL, NULL, 1, NULL, '2026-01-14 12:43:00', '2026-01-14 12:43:00'),
(2424, 3, 2, 426, 114, '2026-01-25', NULL, NULL, NULL, NULL, NULL, NULL, NULL, 1, NULL, '2026-01-14 12:43:00', '2026-01-14 12:43:00'),
(2425, 3, 2, 425, 114, '2026-01-18', NULL, NULL, NULL, NULL, NULL, NULL, NULL, 1, NULL, '2026-01-14 12:43:23', '2026-01-14 12:43:23'),
(2426, 3, 2, 425, 114, '2026-01-19', NULL, NULL, NULL, NULL, NULL, NULL, NULL, 1, NULL, '2026-01-14 12:43:23', '2026-01-14 12:43:23'),
(2427, 3, 2, 425, 114, '2026-01-20', NULL, NULL, NULL, NULL, NULL, NULL, NULL, 1, NULL, '2026-01-14 12:43:23', '2026-01-14 12:43:23'),
(2428, 3, 2, 425, 114, '2026-01-21', NULL, NULL, NULL, NULL, NULL, NULL, NULL, 1, NULL, '2026-01-14 12:43:23', '2026-01-14 12:43:23'),
(2429, 3, 2, 425, 114, '2026-01-22', NULL, NULL, NULL, NULL, NULL, NULL, NULL, 1, NULL, '2026-01-14 12:43:23', '2026-01-14 12:43:23'),
(2430, 3, 2, 425, 114, '2026-01-24', NULL, NULL, NULL, NULL, NULL, NULL, NULL, 1, NULL, '2026-01-14 12:43:23', '2026-01-14 12:43:23'),
(2431, 3, 2, 425, 114, '2026-01-25', NULL, NULL, NULL, NULL, NULL, NULL, NULL, 1, NULL, '2026-01-14 12:43:23', '2026-01-14 12:43:23'),
(2446, 3, 2, 423, 114, '2026-01-14', NULL, NULL, NULL, NULL, NULL, NULL, NULL, 1, NULL, '2026-01-14 12:44:46', '2026-01-14 12:44:46'),
(2447, 3, 2, 423, 114, '2026-01-15', NULL, NULL, NULL, NULL, NULL, NULL, NULL, 1, NULL, '2026-01-14 12:44:46', '2026-01-14 12:44:46'),
(2448, 3, 2, 423, 114, '2026-01-17', NULL, NULL, NULL, NULL, NULL, NULL, NULL, 1, NULL, '2026-01-14 12:44:46', '2026-01-14 12:44:46'),
(2449, 3, 2, 423, 114, '2026-01-18', NULL, NULL, NULL, NULL, NULL, NULL, NULL, 1, NULL, '2026-01-14 12:44:46', '2026-01-14 12:44:46'),
(2450, 3, 2, 423, 114, '2026-01-19', NULL, NULL, NULL, NULL, NULL, NULL, NULL, 1, NULL, '2026-01-14 12:44:46', '2026-01-14 12:44:46'),
(2451, 3, 2, 423, 114, '2026-01-20', NULL, NULL, NULL, NULL, NULL, NULL, NULL, 1, NULL, '2026-01-14 12:44:46', '2026-01-14 12:44:46'),
(2452, 3, 2, 423, 114, '2026-01-21', NULL, NULL, NULL, NULL, NULL, NULL, NULL, 1, NULL, '2026-01-14 12:44:46', '2026-01-14 12:44:46'),
(2453, 3, 2, 423, 114, '2026-01-22', NULL, NULL, NULL, NULL, NULL, NULL, NULL, 1, NULL, '2026-01-14 12:44:46', '2026-01-14 12:44:46'),
(2454, 3, 2, 423, 114, '2026-01-24', NULL, NULL, NULL, NULL, NULL, NULL, NULL, 1, NULL, '2026-01-14 12:44:46', '2026-01-14 12:44:46'),
(2455, 3, 2, 426, 114, '2026-01-14', NULL, NULL, NULL, NULL, NULL, NULL, NULL, 1, NULL, '2026-01-14 12:45:12', '2026-01-14 12:45:12'),
(2456, 3, 2, 426, 114, '2026-01-15', NULL, NULL, NULL, NULL, NULL, NULL, NULL, 1, NULL, '2026-01-14 12:45:12', '2026-01-14 12:45:12'),
(2457, 3, 2, 426, 114, '2026-01-17', NULL, NULL, NULL, NULL, NULL, NULL, NULL, 1, NULL, '2026-01-14 12:45:12', '2026-01-14 12:45:12'),
(2458, 3, 2, 425, 114, '2026-01-14', NULL, NULL, NULL, NULL, NULL, NULL, NULL, 1, NULL, '2026-01-14 12:45:39', '2026-01-14 12:45:39'),
(2459, 3, 2, 425, 114, '2026-01-15', NULL, NULL, NULL, NULL, NULL, NULL, NULL, 1, NULL, '2026-01-14 12:45:39', '2026-01-14 12:45:39'),
(2460, 3, 2, 425, 114, '2026-01-17', NULL, NULL, NULL, NULL, NULL, NULL, NULL, 1, NULL, '2026-01-14 12:45:39', '2026-01-14 12:45:39'),
(2461, 3, 2, 424, 114, '2026-01-14', NULL, NULL, NULL, NULL, NULL, NULL, NULL, 1, NULL, '2026-01-14 12:47:59', '2026-01-14 12:47:59'),
(2462, 3, 2, 424, 114, '2026-01-15', NULL, NULL, NULL, NULL, NULL, NULL, NULL, 1, NULL, '2026-01-14 12:47:59', '2026-01-14 12:47:59'),
(2463, 3, 2, 424, 114, '2026-01-17', NULL, NULL, NULL, NULL, NULL, NULL, NULL, 1, NULL, '2026-01-14 12:47:59', '2026-01-14 12:47:59'),
(2464, 3, 2, 424, 114, '2026-01-18', NULL, NULL, NULL, NULL, NULL, NULL, NULL, 1, NULL, '2026-01-14 12:47:59', '2026-01-14 12:47:59'),
(2465, 3, 2, 424, 114, '2026-01-19', NULL, NULL, NULL, NULL, NULL, NULL, NULL, 1, NULL, '2026-01-14 12:47:59', '2026-01-14 12:47:59'),
(2466, 3, 2, 424, 114, '2026-01-20', NULL, NULL, NULL, NULL, NULL, NULL, NULL, 1, NULL, '2026-01-14 12:47:59', '2026-01-14 12:47:59'),
(2467, 3, 2, 424, 114, '2026-01-21', NULL, NULL, NULL, NULL, NULL, NULL, NULL, 1, NULL, '2026-01-14 12:47:59', '2026-01-14 12:47:59'),
(2468, 3, 2, 424, 114, '2026-01-22', NULL, NULL, NULL, NULL, NULL, NULL, NULL, 1, NULL, '2026-01-14 12:47:59', '2026-01-14 12:47:59'),
(2469, 3, 2, 424, 114, '2026-01-24', NULL, NULL, NULL, NULL, NULL, NULL, NULL, 1, NULL, '2026-01-14 12:47:59', '2026-01-14 12:47:59'),
(2470, 3, 2, 424, 114, '2026-01-25', NULL, NULL, NULL, NULL, NULL, NULL, NULL, 1, NULL, '2026-01-14 12:47:59', '2026-01-14 12:47:59'),
(2471, 3, 2, 422, 114, '2026-01-14', NULL, NULL, NULL, NULL, NULL, NULL, NULL, 1, NULL, '2026-01-14 12:48:41', '2026-01-14 12:48:41'),
(2472, 3, 2, 422, 114, '2026-01-15', NULL, NULL, NULL, NULL, NULL, NULL, NULL, 1, NULL, '2026-01-14 12:48:41', '2026-01-14 12:48:41'),
(2473, 3, 2, 422, 114, '2026-01-17', NULL, NULL, NULL, NULL, NULL, NULL, NULL, 1, NULL, '2026-01-14 12:48:41', '2026-01-14 12:48:41'),
(2474, 3, 2, 422, 114, '2026-01-18', NULL, NULL, NULL, NULL, NULL, NULL, NULL, 1, NULL, '2026-01-14 12:48:41', '2026-01-14 12:48:41'),
(2475, 3, 2, 422, 114, '2026-01-19', NULL, NULL, NULL, NULL, NULL, NULL, NULL, 1, NULL, '2026-01-14 12:48:41', '2026-01-14 12:48:41'),
(2476, 3, 2, 422, 114, '2026-01-20', NULL, NULL, NULL, NULL, NULL, NULL, NULL, 1, NULL, '2026-01-14 12:48:41', '2026-01-14 12:48:41'),
(2477, 3, 2, 422, 114, '2026-01-21', NULL, NULL, NULL, NULL, NULL, NULL, NULL, 1, NULL, '2026-01-14 12:48:41', '2026-01-14 12:48:41'),
(2478, 3, 2, 422, 114, '2026-01-22', NULL, NULL, NULL, NULL, NULL, NULL, NULL, 1, NULL, '2026-01-14 12:48:41', '2026-01-14 12:48:41'),
(2479, 3, 2, 422, 114, '2026-01-24', NULL, NULL, NULL, NULL, NULL, NULL, NULL, 1, NULL, '2026-01-14 12:48:41', '2026-01-14 12:48:41'),
(2480, 3, 2, 422, 114, '2026-01-25', NULL, NULL, NULL, NULL, NULL, NULL, NULL, 1, NULL, '2026-01-14 12:48:41', '2026-01-14 12:48:41'),
(2481, 3, 2, 421, 114, '2026-01-14', NULL, NULL, NULL, NULL, NULL, NULL, NULL, 1, NULL, '2026-01-14 12:49:14', '2026-01-14 12:49:14'),
(2482, 3, 2, 421, 114, '2026-01-15', NULL, NULL, NULL, NULL, NULL, NULL, NULL, 1, NULL, '2026-01-14 12:49:14', '2026-01-14 12:49:14'),
(2483, 3, 2, 421, 114, '2026-01-17', NULL, NULL, NULL, NULL, NULL, NULL, NULL, 1, NULL, '2026-01-14 12:49:14', '2026-01-14 12:49:14'),
(2484, 3, 2, 421, 114, '2026-01-18', NULL, NULL, NULL, NULL, NULL, NULL, NULL, 1, NULL, '2026-01-14 12:49:14', '2026-01-14 12:49:14');
INSERT INTO `shift_employees` (`id`, `account_type`, `clinic_id`, `employee_id`, `shift_id`, `dateA`, `check_in`, `check_out`, `checkin_another_employee`, `checkout_another_employee`, `attendance_status`, `total_delay_minute`, `total_extra_minute`, `status`, `deleted_at`, `created_at`, `updated_at`) VALUES
(2485, 3, 2, 421, 114, '2026-01-19', NULL, NULL, NULL, NULL, NULL, NULL, NULL, 1, NULL, '2026-01-14 12:49:14', '2026-01-14 12:49:14'),
(2486, 3, 2, 421, 114, '2026-01-20', NULL, NULL, NULL, NULL, NULL, NULL, NULL, 1, NULL, '2026-01-14 12:49:14', '2026-01-14 12:49:14'),
(2487, 3, 2, 421, 114, '2026-01-21', NULL, NULL, NULL, NULL, NULL, NULL, NULL, 1, NULL, '2026-01-14 12:49:14', '2026-01-14 12:49:14'),
(2488, 3, 2, 421, 114, '2026-01-22', NULL, NULL, NULL, NULL, NULL, NULL, NULL, 1, NULL, '2026-01-14 12:49:14', '2026-01-14 12:49:14'),
(2489, 3, 2, 421, 114, '2026-01-24', NULL, NULL, NULL, NULL, NULL, NULL, NULL, 1, NULL, '2026-01-14 12:49:14', '2026-01-14 12:49:14'),
(2490, 3, 2, 421, 114, '2026-01-25', NULL, NULL, NULL, NULL, NULL, NULL, NULL, 1, NULL, '2026-01-14 12:49:14', '2026-01-14 12:49:14'),
(2491, 3, 2, 420, 114, '2026-01-14', NULL, NULL, NULL, NULL, NULL, NULL, NULL, 1, NULL, '2026-01-14 12:49:35', '2026-01-14 12:49:35'),
(2492, 3, 2, 420, 114, '2026-01-15', NULL, NULL, NULL, NULL, NULL, NULL, NULL, 1, NULL, '2026-01-14 12:49:35', '2026-01-14 12:49:35'),
(2493, 3, 2, 420, 114, '2026-01-17', NULL, NULL, NULL, NULL, NULL, NULL, NULL, 1, NULL, '2026-01-14 12:49:35', '2026-01-14 12:49:35'),
(2494, 3, 2, 420, 114, '2026-01-18', NULL, NULL, NULL, NULL, NULL, NULL, NULL, 1, NULL, '2026-01-14 12:49:35', '2026-01-14 12:49:35'),
(2495, 3, 2, 420, 114, '2026-01-19', NULL, NULL, NULL, NULL, NULL, NULL, NULL, 1, NULL, '2026-01-14 12:49:35', '2026-01-14 12:49:35'),
(2496, 3, 2, 420, 114, '2026-01-20', NULL, NULL, NULL, NULL, NULL, NULL, NULL, 1, NULL, '2026-01-14 12:49:35', '2026-01-14 12:49:35'),
(2497, 3, 2, 420, 114, '2026-01-21', NULL, NULL, NULL, NULL, NULL, NULL, NULL, 1, NULL, '2026-01-14 12:49:35', '2026-01-14 12:49:35'),
(2498, 3, 2, 420, 114, '2026-01-22', NULL, NULL, NULL, NULL, NULL, NULL, NULL, 1, NULL, '2026-01-14 12:49:35', '2026-01-14 12:49:35'),
(2499, 3, 2, 420, 114, '2026-01-24', NULL, NULL, NULL, NULL, NULL, NULL, NULL, 1, NULL, '2026-01-14 12:49:35', '2026-01-14 12:49:35'),
(2500, 3, 2, 420, 114, '2026-01-25', NULL, NULL, NULL, NULL, NULL, NULL, NULL, 1, NULL, '2026-01-14 12:49:35', '2026-01-14 12:49:35'),
(2501, 3, 2, 419, 114, '2026-01-14', NULL, NULL, NULL, NULL, NULL, NULL, NULL, 1, NULL, '2026-01-14 12:50:04', '2026-01-14 12:50:04'),
(2502, 3, 2, 419, 114, '2026-01-15', NULL, NULL, NULL, NULL, NULL, NULL, NULL, 1, NULL, '2026-01-14 12:50:05', '2026-01-14 12:50:05'),
(2503, 3, 2, 419, 114, '2026-01-17', NULL, NULL, NULL, NULL, NULL, NULL, NULL, 1, NULL, '2026-01-14 12:50:05', '2026-01-14 12:50:05'),
(2504, 3, 2, 419, 114, '2026-01-18', NULL, NULL, NULL, NULL, NULL, NULL, NULL, 1, NULL, '2026-01-14 12:50:05', '2026-01-14 12:50:05'),
(2505, 3, 2, 419, 114, '2026-01-19', NULL, NULL, NULL, NULL, NULL, NULL, NULL, 1, NULL, '2026-01-14 12:50:05', '2026-01-14 12:50:05'),
(2506, 3, 2, 419, 114, '2026-01-20', NULL, NULL, NULL, NULL, NULL, NULL, NULL, 1, NULL, '2026-01-14 12:50:05', '2026-01-14 12:50:05'),
(2507, 3, 2, 419, 114, '2026-01-21', NULL, NULL, NULL, NULL, NULL, NULL, NULL, 1, NULL, '2026-01-14 12:50:05', '2026-01-14 12:50:05'),
(2508, 3, 2, 419, 114, '2026-01-22', NULL, NULL, NULL, NULL, NULL, NULL, NULL, 1, NULL, '2026-01-14 12:50:05', '2026-01-14 12:50:05'),
(2509, 3, 2, 419, 114, '2026-01-24', NULL, NULL, NULL, NULL, NULL, NULL, NULL, 1, NULL, '2026-01-14 12:50:05', '2026-01-14 12:50:05'),
(2510, 3, 2, 419, 114, '2026-01-25', NULL, NULL, NULL, NULL, NULL, NULL, NULL, 1, NULL, '2026-01-14 12:50:05', '2026-01-14 12:50:05'),
(2511, 3, 2, 418, 114, '2026-01-14', NULL, NULL, NULL, NULL, NULL, NULL, NULL, 1, NULL, '2026-01-14 12:50:30', '2026-01-14 12:50:30'),
(2512, 3, 2, 418, 114, '2026-01-15', NULL, NULL, NULL, NULL, NULL, NULL, NULL, 1, NULL, '2026-01-14 12:50:30', '2026-01-14 12:50:30'),
(2513, 3, 2, 418, 114, '2026-01-17', NULL, NULL, NULL, NULL, NULL, NULL, NULL, 1, NULL, '2026-01-14 12:50:30', '2026-01-14 12:50:30'),
(2514, 3, 2, 418, 114, '2026-01-18', NULL, NULL, NULL, NULL, NULL, NULL, NULL, 1, NULL, '2026-01-14 12:50:30', '2026-01-14 12:50:30'),
(2515, 3, 2, 418, 114, '2026-01-19', NULL, NULL, NULL, NULL, NULL, NULL, NULL, 1, NULL, '2026-01-14 12:50:30', '2026-01-14 12:50:30'),
(2516, 3, 2, 418, 114, '2026-01-20', NULL, NULL, NULL, NULL, NULL, NULL, NULL, 1, NULL, '2026-01-14 12:50:30', '2026-01-14 12:50:30'),
(2517, 3, 2, 418, 114, '2026-01-21', NULL, NULL, NULL, NULL, NULL, NULL, NULL, 1, NULL, '2026-01-14 12:50:30', '2026-01-14 12:50:30'),
(2518, 3, 2, 418, 114, '2026-01-22', NULL, NULL, NULL, NULL, NULL, NULL, NULL, 1, NULL, '2026-01-14 12:50:30', '2026-01-14 12:50:30'),
(2519, 3, 2, 418, 114, '2026-01-24', NULL, NULL, NULL, NULL, NULL, NULL, NULL, 1, NULL, '2026-01-14 12:50:30', '2026-01-14 12:50:30'),
(2520, 3, 2, 418, 114, '2026-01-25', NULL, NULL, NULL, NULL, NULL, NULL, NULL, 1, NULL, '2026-01-14 12:50:30', '2026-01-14 12:50:30'),
(2521, 3, 2, 417, 114, '2026-01-14', NULL, NULL, NULL, NULL, NULL, NULL, NULL, 1, NULL, '2026-01-14 12:51:28', '2026-01-14 12:51:28'),
(2522, 3, 2, 417, 114, '2026-01-15', NULL, NULL, NULL, NULL, NULL, NULL, NULL, 1, NULL, '2026-01-14 12:51:28', '2026-01-14 12:51:28'),
(2523, 3, 2, 417, 114, '2026-01-17', NULL, NULL, NULL, NULL, NULL, NULL, NULL, 1, NULL, '2026-01-14 12:51:28', '2026-01-14 12:51:28'),
(2524, 3, 2, 417, 114, '2026-01-18', NULL, NULL, NULL, NULL, NULL, NULL, NULL, 1, NULL, '2026-01-14 12:51:28', '2026-01-14 12:51:28'),
(2525, 3, 2, 417, 114, '2026-01-19', NULL, NULL, NULL, NULL, NULL, NULL, NULL, 1, NULL, '2026-01-14 12:51:28', '2026-01-14 12:51:28'),
(2526, 3, 2, 417, 114, '2026-01-20', NULL, NULL, NULL, NULL, NULL, NULL, NULL, 1, NULL, '2026-01-14 12:51:28', '2026-01-14 12:51:28'),
(2527, 3, 2, 417, 114, '2026-01-21', NULL, NULL, NULL, NULL, NULL, NULL, NULL, 1, NULL, '2026-01-14 12:51:28', '2026-01-14 12:51:28'),
(2528, 3, 2, 417, 114, '2026-01-22', NULL, NULL, NULL, NULL, NULL, NULL, NULL, 1, NULL, '2026-01-14 12:51:28', '2026-01-14 12:51:28'),
(2529, 3, 2, 417, 114, '2026-01-24', NULL, NULL, NULL, NULL, NULL, NULL, NULL, 1, NULL, '2026-01-14 12:51:28', '2026-01-14 12:51:28'),
(2530, 3, 2, 417, 114, '2026-01-25', NULL, NULL, NULL, NULL, NULL, NULL, NULL, 1, NULL, '2026-01-14 12:51:28', '2026-01-14 12:51:28'),
(2531, 3, 2, 386, 114, '2026-01-14', NULL, NULL, NULL, NULL, NULL, NULL, NULL, 1, NULL, '2026-01-14 12:52:06', '2026-01-14 12:52:06'),
(2532, 3, 2, 386, 114, '2026-01-15', NULL, NULL, NULL, NULL, NULL, NULL, NULL, 1, NULL, '2026-01-14 12:52:06', '2026-01-14 12:52:06'),
(2533, 3, 2, 386, 114, '2026-01-17', NULL, NULL, NULL, NULL, NULL, NULL, NULL, 1, NULL, '2026-01-14 12:52:06', '2026-01-14 12:52:06'),
(2534, 3, 2, 386, 114, '2026-01-18', NULL, NULL, NULL, NULL, NULL, NULL, NULL, 1, NULL, '2026-01-14 12:52:06', '2026-01-14 12:52:06'),
(2535, 3, 2, 386, 114, '2026-01-19', NULL, NULL, NULL, NULL, NULL, NULL, NULL, 1, NULL, '2026-01-14 12:52:06', '2026-01-14 12:52:06'),
(2536, 3, 2, 386, 114, '2026-01-20', NULL, NULL, NULL, NULL, NULL, NULL, NULL, 1, NULL, '2026-01-14 12:52:06', '2026-01-14 12:52:06'),
(2537, 3, 2, 386, 114, '2026-01-21', NULL, NULL, NULL, NULL, NULL, NULL, NULL, 1, NULL, '2026-01-14 12:52:06', '2026-01-14 12:52:06'),
(2538, 3, 2, 386, 114, '2026-01-24', NULL, NULL, NULL, NULL, NULL, NULL, NULL, 1, NULL, '2026-01-14 12:52:06', '2026-01-14 12:52:06'),
(2539, 3, 2, 386, 114, '2026-01-25', NULL, NULL, NULL, NULL, NULL, NULL, NULL, 1, NULL, '2026-01-14 12:52:06', '2026-01-14 12:52:06'),
(2540, 3, 2, 385, 114, '2026-01-14', NULL, NULL, NULL, NULL, NULL, NULL, NULL, 1, NULL, '2026-01-14 12:52:28', '2026-01-14 12:52:28'),
(2541, 3, 2, 385, 114, '2026-01-15', NULL, NULL, NULL, NULL, NULL, NULL, NULL, 1, NULL, '2026-01-14 12:52:28', '2026-01-14 12:52:28'),
(2542, 3, 2, 385, 114, '2026-01-17', NULL, NULL, NULL, NULL, NULL, NULL, NULL, 1, NULL, '2026-01-14 12:52:28', '2026-01-14 12:52:28'),
(2543, 3, 2, 385, 114, '2026-01-18', NULL, NULL, NULL, NULL, NULL, NULL, NULL, 1, NULL, '2026-01-14 12:52:28', '2026-01-14 12:52:28'),
(2544, 3, 2, 385, 114, '2026-01-19', NULL, NULL, NULL, NULL, NULL, NULL, NULL, 1, NULL, '2026-01-14 12:52:28', '2026-01-14 12:52:28'),
(2545, 3, 2, 385, 114, '2026-01-20', NULL, NULL, NULL, NULL, NULL, NULL, NULL, 1, NULL, '2026-01-14 12:52:28', '2026-01-14 12:52:28'),
(2546, 3, 2, 385, 114, '2026-01-21', NULL, NULL, NULL, NULL, NULL, NULL, NULL, 1, NULL, '2026-01-14 12:52:28', '2026-01-14 12:52:28'),
(2547, 3, 2, 385, 114, '2026-01-22', NULL, NULL, NULL, NULL, NULL, NULL, NULL, 1, NULL, '2026-01-14 12:52:28', '2026-01-14 12:52:28'),
(2548, 3, 2, 385, 114, '2026-01-24', NULL, NULL, NULL, NULL, NULL, NULL, NULL, 1, NULL, '2026-01-14 12:52:28', '2026-01-14 12:52:28'),
(2549, 3, 2, 385, 114, '2026-01-25', NULL, NULL, NULL, NULL, NULL, NULL, NULL, 1, NULL, '2026-01-14 12:52:28', '2026-01-14 12:52:28'),
(2550, 3, 2, 384, 114, '2026-01-14', NULL, NULL, NULL, NULL, NULL, NULL, NULL, 1, NULL, '2026-01-14 12:52:53', '2026-01-14 12:52:53'),
(2551, 3, 2, 384, 114, '2026-01-15', NULL, NULL, NULL, NULL, NULL, NULL, NULL, 1, NULL, '2026-01-14 12:52:53', '2026-01-14 12:52:53'),
(2552, 3, 2, 384, 114, '2026-01-17', NULL, NULL, NULL, NULL, NULL, NULL, NULL, 1, NULL, '2026-01-14 12:52:53', '2026-01-14 12:52:53'),
(2553, 3, 2, 384, 114, '2026-01-18', NULL, NULL, NULL, NULL, NULL, NULL, NULL, 1, NULL, '2026-01-14 12:52:53', '2026-01-14 12:52:53'),
(2554, 3, 2, 384, 114, '2026-01-19', NULL, NULL, NULL, NULL, NULL, NULL, NULL, 1, NULL, '2026-01-14 12:52:53', '2026-01-14 12:52:53'),
(2555, 3, 2, 384, 114, '2026-01-20', NULL, NULL, NULL, NULL, NULL, NULL, NULL, 1, NULL, '2026-01-14 12:52:53', '2026-01-14 12:52:53'),
(2556, 3, 2, 384, 114, '2026-01-21', NULL, NULL, NULL, NULL, NULL, NULL, NULL, 1, NULL, '2026-01-14 12:52:53', '2026-01-14 12:52:53'),
(2557, 3, 2, 384, 114, '2026-01-22', NULL, NULL, NULL, NULL, NULL, NULL, NULL, 1, NULL, '2026-01-14 12:52:53', '2026-01-14 12:52:53'),
(2558, 3, 2, 384, 114, '2026-01-24', NULL, NULL, NULL, NULL, NULL, NULL, NULL, 1, NULL, '2026-01-14 12:52:53', '2026-01-14 12:52:53'),
(2559, 3, 2, 384, 114, '2026-01-25', NULL, NULL, NULL, NULL, NULL, NULL, NULL, 1, NULL, '2026-01-14 12:52:53', '2026-01-14 12:52:53'),
(2560, 3, 2, 383, 114, '2026-01-14', NULL, NULL, NULL, NULL, NULL, NULL, NULL, 1, NULL, '2026-01-14 12:54:09', '2026-01-14 12:54:09'),
(2561, 3, 2, 383, 114, '2026-01-15', NULL, NULL, NULL, NULL, NULL, NULL, NULL, 1, NULL, '2026-01-14 12:54:09', '2026-01-14 12:54:09'),
(2562, 3, 2, 383, 114, '2026-01-17', NULL, NULL, NULL, NULL, NULL, NULL, NULL, 1, NULL, '2026-01-14 12:54:09', '2026-01-14 12:54:09'),
(2563, 3, 2, 383, 114, '2026-01-18', NULL, NULL, NULL, NULL, NULL, NULL, NULL, 1, NULL, '2026-01-14 12:54:09', '2026-01-14 12:54:09'),
(2564, 3, 2, 383, 114, '2026-01-19', NULL, NULL, NULL, NULL, NULL, NULL, NULL, 1, NULL, '2026-01-14 12:54:09', '2026-01-14 12:54:09'),
(2565, 3, 2, 383, 114, '2026-01-20', NULL, NULL, NULL, NULL, NULL, NULL, NULL, 1, NULL, '2026-01-14 12:54:09', '2026-01-14 12:54:09'),
(2566, 3, 2, 383, 114, '2026-01-21', NULL, NULL, NULL, NULL, NULL, NULL, NULL, 1, NULL, '2026-01-14 12:54:09', '2026-01-14 12:54:09'),
(2567, 3, 2, 383, 114, '2026-01-22', NULL, NULL, NULL, NULL, NULL, NULL, NULL, 1, NULL, '2026-01-14 12:54:09', '2026-01-14 12:54:09'),
(2568, 3, 2, 383, 114, '2026-01-24', NULL, NULL, NULL, NULL, NULL, NULL, NULL, 1, NULL, '2026-01-14 12:54:09', '2026-01-14 12:54:09'),
(2569, 3, 2, 382, 114, '2026-01-14', NULL, NULL, NULL, NULL, NULL, NULL, NULL, 1, NULL, '2026-01-14 12:54:31', '2026-01-14 12:54:31'),
(2570, 3, 2, 382, 114, '2026-01-15', NULL, NULL, NULL, NULL, NULL, NULL, NULL, 1, NULL, '2026-01-14 12:54:31', '2026-01-14 12:54:31'),
(2571, 3, 2, 382, 114, '2026-01-17', NULL, NULL, NULL, NULL, NULL, NULL, NULL, 1, NULL, '2026-01-14 12:54:31', '2026-01-14 12:54:31'),
(2572, 3, 2, 382, 114, '2026-01-18', NULL, NULL, NULL, NULL, NULL, NULL, NULL, 1, NULL, '2026-01-14 12:54:31', '2026-01-14 12:54:31'),
(2573, 3, 2, 382, 114, '2026-01-19', NULL, NULL, NULL, NULL, NULL, NULL, NULL, 1, NULL, '2026-01-14 12:54:31', '2026-01-14 12:54:31'),
(2574, 3, 2, 382, 114, '2026-01-20', NULL, NULL, NULL, NULL, NULL, NULL, NULL, 1, NULL, '2026-01-14 12:54:31', '2026-01-14 12:54:31'),
(2575, 3, 2, 382, 114, '2026-01-21', NULL, NULL, NULL, NULL, NULL, NULL, NULL, 1, NULL, '2026-01-14 12:54:31', '2026-01-14 12:54:31'),
(2576, 3, 2, 382, 114, '2026-01-22', NULL, NULL, NULL, NULL, NULL, NULL, NULL, 1, NULL, '2026-01-14 12:54:31', '2026-01-14 12:54:31'),
(2577, 3, 2, 382, 114, '2026-01-24', NULL, NULL, NULL, NULL, NULL, NULL, NULL, 1, NULL, '2026-01-14 12:54:31', '2026-01-14 12:54:31'),
(2578, 3, 2, 382, 114, '2026-01-25', NULL, NULL, NULL, NULL, NULL, NULL, NULL, 1, NULL, '2026-01-14 12:54:31', '2026-01-14 12:54:31'),
(2579, 3, 2, 381, 114, '2026-01-14', NULL, NULL, NULL, NULL, NULL, NULL, NULL, 1, NULL, '2026-01-14 12:56:17', '2026-01-14 12:56:17'),
(2580, 3, 2, 381, 114, '2026-01-15', NULL, NULL, NULL, NULL, NULL, NULL, NULL, 1, NULL, '2026-01-14 12:56:17', '2026-01-14 12:56:17'),
(2581, 3, 2, 381, 114, '2026-01-17', NULL, NULL, NULL, NULL, NULL, NULL, NULL, 1, NULL, '2026-01-14 12:56:17', '2026-01-14 12:56:17'),
(2582, 3, 2, 381, 114, '2026-01-18', NULL, NULL, NULL, NULL, NULL, NULL, NULL, 1, NULL, '2026-01-14 12:56:17', '2026-01-14 12:56:17'),
(2583, 3, 2, 381, 114, '2026-01-19', NULL, NULL, NULL, NULL, NULL, NULL, NULL, 1, NULL, '2026-01-14 12:56:17', '2026-01-14 12:56:17'),
(2584, 3, 2, 381, 114, '2026-01-20', NULL, NULL, NULL, NULL, NULL, NULL, NULL, 1, NULL, '2026-01-14 12:56:17', '2026-01-14 12:56:17'),
(2585, 3, 2, 381, 114, '2026-01-21', NULL, NULL, NULL, NULL, NULL, NULL, NULL, 1, NULL, '2026-01-14 12:56:17', '2026-01-14 12:56:17'),
(2586, 3, 2, 381, 114, '2026-01-22', NULL, NULL, NULL, NULL, NULL, NULL, NULL, 1, NULL, '2026-01-14 12:56:17', '2026-01-14 12:56:17'),
(2587, 3, 2, 381, 114, '2026-01-24', NULL, NULL, NULL, NULL, NULL, NULL, NULL, 1, NULL, '2026-01-14 12:56:17', '2026-01-14 12:56:17'),
(2588, 3, 2, 381, 114, '2026-01-25', NULL, NULL, NULL, NULL, NULL, NULL, NULL, 1, NULL, '2026-01-14 12:56:17', '2026-01-14 12:56:17'),
(2589, 2, 2, 371, 115, '2026-01-18', NULL, NULL, NULL, NULL, NULL, NULL, NULL, 1, NULL, '2026-01-14 12:57:40', '2026-01-14 12:57:40'),
(2590, 2, 2, 371, 115, '2026-01-19', NULL, NULL, NULL, NULL, NULL, NULL, NULL, 1, NULL, '2026-01-14 12:57:40', '2026-01-14 12:57:40'),
(2591, 2, 2, 371, 115, '2026-01-20', NULL, NULL, NULL, NULL, NULL, NULL, NULL, 1, NULL, '2026-01-14 12:57:40', '2026-01-14 12:57:40'),
(2592, 2, 2, 371, 115, '2026-01-21', NULL, NULL, NULL, NULL, NULL, NULL, NULL, 1, NULL, '2026-01-14 12:57:40', '2026-01-14 12:57:40'),
(2593, 2, 2, 371, 115, '2026-01-22', NULL, NULL, NULL, NULL, NULL, NULL, NULL, 1, NULL, '2026-01-14 12:57:40', '2026-01-14 12:57:40'),
(2594, 2, 2, 371, 115, '2026-01-24', NULL, NULL, NULL, NULL, NULL, NULL, NULL, 1, NULL, '2026-01-14 12:57:40', '2026-01-14 12:57:40'),
(2595, 2, 2, 371, 115, '2026-01-25', NULL, NULL, NULL, NULL, NULL, NULL, NULL, 1, NULL, '2026-01-14 12:57:40', '2026-01-14 12:57:40'),
(2596, 3, 2, 370, 114, '2026-01-14', NULL, NULL, NULL, NULL, NULL, NULL, NULL, 1, NULL, '2026-01-14 12:59:14', '2026-01-14 12:59:14'),
(2597, 3, 2, 370, 114, '2026-01-15', NULL, NULL, NULL, NULL, NULL, NULL, NULL, 1, NULL, '2026-01-14 12:59:14', '2026-01-14 12:59:14'),
(2598, 3, 2, 370, 114, '2026-01-17', NULL, NULL, NULL, NULL, NULL, NULL, NULL, 1, NULL, '2026-01-14 12:59:14', '2026-01-14 12:59:14'),
(2599, 3, 2, 370, 114, '2026-01-18', NULL, NULL, NULL, NULL, NULL, NULL, NULL, 1, NULL, '2026-01-14 12:59:14', '2026-01-14 12:59:14'),
(2600, 3, 2, 370, 114, '2026-01-19', NULL, NULL, NULL, NULL, NULL, NULL, NULL, 1, NULL, '2026-01-14 12:59:14', '2026-01-14 12:59:14'),
(2601, 3, 2, 370, 114, '2026-01-20', NULL, NULL, NULL, NULL, NULL, NULL, NULL, 1, NULL, '2026-01-14 12:59:14', '2026-01-14 12:59:14'),
(2602, 3, 2, 370, 114, '2026-01-21', NULL, NULL, NULL, NULL, NULL, NULL, NULL, 1, NULL, '2026-01-14 12:59:14', '2026-01-14 12:59:14'),
(2603, 3, 2, 370, 114, '2026-01-22', NULL, NULL, NULL, NULL, NULL, NULL, NULL, 1, NULL, '2026-01-14 12:59:14', '2026-01-14 12:59:14'),
(2604, 3, 2, 370, 114, '2026-01-24', NULL, NULL, NULL, NULL, NULL, NULL, NULL, 1, NULL, '2026-01-14 12:59:14', '2026-01-14 12:59:14'),
(2605, 3, 2, 370, 114, '2026-01-25', NULL, NULL, NULL, NULL, NULL, NULL, NULL, 1, NULL, '2026-01-14 12:59:14', '2026-01-14 12:59:14'),
(2606, 3, 2, 406, 114, '2026-01-14', NULL, NULL, NULL, NULL, NULL, NULL, NULL, 1, NULL, '2026-01-14 13:00:21', '2026-01-14 13:00:21'),
(2607, 3, 2, 406, 114, '2026-01-15', NULL, NULL, NULL, NULL, NULL, NULL, NULL, 1, NULL, '2026-01-14 13:00:21', '2026-01-14 13:00:21'),
(2608, 3, 2, 406, 114, '2026-01-17', NULL, NULL, NULL, NULL, NULL, NULL, NULL, 1, NULL, '2026-01-14 13:00:21', '2026-01-14 13:00:21'),
(2609, 3, 2, 406, 114, '2026-01-18', NULL, NULL, NULL, NULL, NULL, NULL, NULL, 1, NULL, '2026-01-14 13:00:21', '2026-01-14 13:00:21'),
(2610, 3, 2, 406, 114, '2026-01-19', NULL, NULL, NULL, NULL, NULL, NULL, NULL, 1, NULL, '2026-01-14 13:00:21', '2026-01-14 13:00:21'),
(2611, 3, 2, 406, 114, '2026-01-20', NULL, NULL, NULL, NULL, NULL, NULL, NULL, 1, NULL, '2026-01-14 13:00:21', '2026-01-14 13:00:21'),
(2612, 3, 2, 406, 114, '2026-01-21', NULL, NULL, NULL, NULL, NULL, NULL, NULL, 1, NULL, '2026-01-14 13:00:21', '2026-01-14 13:00:21'),
(2613, 3, 2, 406, 114, '2026-01-22', NULL, NULL, NULL, NULL, NULL, NULL, NULL, 1, NULL, '2026-01-14 13:00:21', '2026-01-14 13:00:21'),
(2614, 3, 2, 406, 114, '2026-01-24', NULL, NULL, NULL, NULL, NULL, NULL, NULL, 1, NULL, '2026-01-14 13:00:21', '2026-01-14 13:00:21'),
(2615, 3, 2, 406, 114, '2026-01-25', NULL, NULL, NULL, NULL, NULL, NULL, NULL, 1, NULL, '2026-01-14 13:00:21', '2026-01-14 13:00:21'),
(2616, 3, 2, 405, 114, '2026-01-14', NULL, NULL, NULL, NULL, NULL, NULL, NULL, 1, NULL, '2026-01-14 13:00:46', '2026-01-14 13:00:46'),
(2617, 3, 2, 405, 114, '2026-01-15', NULL, NULL, NULL, NULL, NULL, NULL, NULL, 1, NULL, '2026-01-14 13:00:46', '2026-01-14 13:00:46'),
(2618, 3, 2, 405, 114, '2026-01-17', NULL, NULL, NULL, NULL, NULL, NULL, NULL, 1, NULL, '2026-01-14 13:00:46', '2026-01-14 13:00:46'),
(2619, 3, 2, 405, 114, '2026-01-18', NULL, NULL, NULL, NULL, NULL, NULL, NULL, 1, NULL, '2026-01-14 13:00:46', '2026-01-14 13:00:46'),
(2620, 3, 2, 405, 114, '2026-01-19', NULL, NULL, NULL, NULL, NULL, NULL, NULL, 1, NULL, '2026-01-14 13:00:46', '2026-01-14 13:00:46'),
(2621, 3, 2, 405, 114, '2026-01-20', NULL, NULL, NULL, NULL, NULL, NULL, NULL, 1, NULL, '2026-01-14 13:00:46', '2026-01-14 13:00:46'),
(2622, 3, 2, 405, 114, '2026-01-21', NULL, NULL, NULL, NULL, NULL, NULL, NULL, 1, NULL, '2026-01-14 13:00:46', '2026-01-14 13:00:46'),
(2623, 3, 2, 405, 114, '2026-01-22', NULL, NULL, NULL, NULL, NULL, NULL, NULL, 1, NULL, '2026-01-14 13:00:46', '2026-01-14 13:00:46'),
(2624, 3, 2, 405, 114, '2026-01-24', NULL, NULL, NULL, NULL, NULL, NULL, NULL, 1, NULL, '2026-01-14 13:00:46', '2026-01-14 13:00:46'),
(2625, 3, 2, 405, 114, '2026-01-25', NULL, NULL, NULL, NULL, NULL, NULL, NULL, 1, NULL, '2026-01-14 13:00:46', '2026-01-14 13:00:46'),
(2626, 3, 2, 404, 114, '2026-01-14', NULL, NULL, NULL, NULL, NULL, NULL, NULL, 1, NULL, '2026-01-14 13:01:07', '2026-01-14 13:01:07'),
(2627, 3, 2, 404, 114, '2026-01-15', NULL, NULL, NULL, NULL, NULL, NULL, NULL, 1, NULL, '2026-01-14 13:01:07', '2026-01-14 13:01:07'),
(2628, 3, 2, 404, 114, '2026-01-17', NULL, NULL, NULL, NULL, NULL, NULL, NULL, 1, NULL, '2026-01-14 13:01:07', '2026-01-14 13:01:07'),
(2629, 3, 2, 404, 114, '2026-01-18', NULL, NULL, NULL, NULL, NULL, NULL, NULL, 1, NULL, '2026-01-14 13:01:07', '2026-01-14 13:01:07'),
(2630, 3, 2, 404, 114, '2026-01-19', NULL, NULL, NULL, NULL, NULL, NULL, NULL, 1, NULL, '2026-01-14 13:01:07', '2026-01-14 13:01:07'),
(2631, 3, 2, 404, 114, '2026-01-20', NULL, NULL, NULL, NULL, NULL, NULL, NULL, 1, NULL, '2026-01-14 13:01:07', '2026-01-14 13:01:07'),
(2632, 3, 2, 404, 114, '2026-01-21', NULL, NULL, NULL, NULL, NULL, NULL, NULL, 1, NULL, '2026-01-14 13:01:07', '2026-01-14 13:01:07'),
(2633, 3, 2, 404, 114, '2026-01-22', NULL, NULL, NULL, NULL, NULL, NULL, NULL, 1, NULL, '2026-01-14 13:01:07', '2026-01-14 13:01:07'),
(2634, 3, 2, 404, 114, '2026-01-24', NULL, NULL, NULL, NULL, NULL, NULL, NULL, 1, NULL, '2026-01-14 13:01:07', '2026-01-14 13:01:07'),
(2635, 3, 2, 404, 114, '2026-01-25', NULL, NULL, NULL, NULL, NULL, NULL, NULL, 1, NULL, '2026-01-14 13:01:07', '2026-01-14 13:01:07'),
(2636, 3, 2, 403, 114, '2026-01-14', NULL, NULL, NULL, NULL, NULL, NULL, NULL, 1, NULL, '2026-01-14 13:01:29', '2026-01-14 13:01:29'),
(2637, 3, 2, 403, 114, '2026-01-15', NULL, NULL, NULL, NULL, NULL, NULL, NULL, 1, NULL, '2026-01-14 13:01:29', '2026-01-14 13:01:29'),
(2638, 3, 2, 403, 114, '2026-01-17', NULL, NULL, NULL, NULL, NULL, NULL, NULL, 1, NULL, '2026-01-14 13:01:29', '2026-01-14 13:01:29'),
(2639, 3, 2, 403, 114, '2026-01-18', NULL, NULL, NULL, NULL, NULL, NULL, NULL, 1, NULL, '2026-01-14 13:01:29', '2026-01-14 13:01:29'),
(2640, 3, 2, 403, 114, '2026-01-19', NULL, NULL, NULL, NULL, NULL, NULL, NULL, 1, NULL, '2026-01-14 13:01:29', '2026-01-14 13:01:29'),
(2641, 3, 2, 403, 114, '2026-01-20', NULL, NULL, NULL, NULL, NULL, NULL, NULL, 1, NULL, '2026-01-14 13:01:29', '2026-01-14 13:01:29'),
(2642, 3, 2, 403, 114, '2026-01-21', NULL, NULL, NULL, NULL, NULL, NULL, NULL, 1, NULL, '2026-01-14 13:01:29', '2026-01-14 13:01:29'),
(2643, 3, 2, 403, 114, '2026-01-22', NULL, NULL, NULL, NULL, NULL, NULL, NULL, 1, NULL, '2026-01-14 13:01:29', '2026-01-14 13:01:29'),
(2644, 3, 2, 403, 114, '2026-01-24', NULL, NULL, NULL, NULL, NULL, NULL, NULL, 1, NULL, '2026-01-14 13:01:29', '2026-01-14 13:01:29'),
(2645, 3, 2, 403, 114, '2026-01-25', NULL, NULL, NULL, NULL, NULL, NULL, NULL, 1, NULL, '2026-01-14 13:01:29', '2026-01-14 13:01:29'),
(2646, 3, 2, 402, 114, '2026-01-14', NULL, NULL, NULL, NULL, NULL, NULL, NULL, 1, NULL, '2026-01-14 13:01:49', '2026-01-14 13:01:49'),
(2647, 3, 2, 402, 114, '2026-01-15', NULL, NULL, NULL, NULL, NULL, NULL, NULL, 1, NULL, '2026-01-14 13:01:49', '2026-01-14 13:01:49'),
(2648, 3, 2, 402, 114, '2026-01-17', NULL, NULL, NULL, NULL, NULL, NULL, NULL, 1, NULL, '2026-01-14 13:01:49', '2026-01-14 13:01:49'),
(2649, 3, 2, 402, 114, '2026-01-18', NULL, NULL, NULL, NULL, NULL, NULL, NULL, 1, NULL, '2026-01-14 13:01:49', '2026-01-14 13:01:49'),
(2650, 3, 2, 402, 114, '2026-01-19', NULL, NULL, NULL, NULL, NULL, NULL, NULL, 1, NULL, '2026-01-14 13:01:49', '2026-01-14 13:01:49'),
(2651, 3, 2, 402, 114, '2026-01-20', NULL, NULL, NULL, NULL, NULL, NULL, NULL, 1, NULL, '2026-01-14 13:01:49', '2026-01-14 13:01:49'),
(2652, 3, 2, 402, 114, '2026-01-21', NULL, NULL, NULL, NULL, NULL, NULL, NULL, 1, NULL, '2026-01-14 13:01:49', '2026-01-14 13:01:49'),
(2653, 3, 2, 402, 114, '2026-01-22', NULL, NULL, NULL, NULL, NULL, NULL, NULL, 1, NULL, '2026-01-14 13:01:49', '2026-01-14 13:01:49'),
(2654, 3, 2, 402, 114, '2026-01-24', NULL, NULL, NULL, NULL, NULL, NULL, NULL, 1, NULL, '2026-01-14 13:01:49', '2026-01-14 13:01:49'),
(2655, 3, 2, 402, 114, '2026-01-25', NULL, NULL, NULL, NULL, NULL, NULL, NULL, 1, NULL, '2026-01-14 13:01:49', '2026-01-14 13:01:49'),
(2656, 3, 2, 401, 114, '2026-01-14', NULL, NULL, NULL, NULL, NULL, NULL, NULL, 1, NULL, '2026-01-14 13:02:23', '2026-01-14 13:02:23'),
(2657, 3, 2, 401, 114, '2026-01-15', NULL, NULL, NULL, NULL, NULL, NULL, NULL, 1, NULL, '2026-01-14 13:02:23', '2026-01-14 13:02:23'),
(2658, 3, 2, 401, 114, '2026-01-17', NULL, NULL, NULL, NULL, NULL, NULL, NULL, 1, NULL, '2026-01-14 13:02:23', '2026-01-14 13:02:23'),
(2659, 3, 2, 401, 114, '2026-01-18', NULL, NULL, NULL, NULL, NULL, NULL, NULL, 1, NULL, '2026-01-14 13:02:23', '2026-01-14 13:02:23'),
(2660, 3, 2, 401, 114, '2026-01-19', NULL, NULL, NULL, NULL, NULL, NULL, NULL, 1, NULL, '2026-01-14 13:02:23', '2026-01-14 13:02:23'),
(2661, 3, 2, 401, 114, '2026-01-20', NULL, NULL, NULL, NULL, NULL, NULL, NULL, 1, NULL, '2026-01-14 13:02:23', '2026-01-14 13:02:23'),
(2662, 3, 2, 401, 114, '2026-01-21', NULL, NULL, NULL, NULL, NULL, NULL, NULL, 1, NULL, '2026-01-14 13:02:23', '2026-01-14 13:02:23'),
(2663, 3, 2, 401, 114, '2026-01-22', NULL, NULL, NULL, NULL, NULL, NULL, NULL, 1, NULL, '2026-01-14 13:02:23', '2026-01-14 13:02:23'),
(2664, 3, 2, 401, 114, '2026-01-24', NULL, NULL, NULL, NULL, NULL, NULL, NULL, 1, NULL, '2026-01-14 13:02:23', '2026-01-14 13:02:23'),
(2665, 3, 2, 401, 114, '2026-01-25', NULL, NULL, NULL, NULL, NULL, NULL, NULL, 1, NULL, '2026-01-14 13:02:23', '2026-01-14 13:02:23'),
(2666, 3, 2, 400, 114, '2026-01-14', NULL, NULL, NULL, NULL, NULL, NULL, NULL, 1, NULL, '2026-01-14 13:02:50', '2026-01-14 13:02:50'),
(2667, 3, 2, 400, 114, '2026-01-15', NULL, NULL, NULL, NULL, NULL, NULL, NULL, 1, NULL, '2026-01-14 13:02:50', '2026-01-14 13:02:50'),
(2668, 3, 2, 400, 114, '2026-01-17', NULL, NULL, NULL, NULL, NULL, NULL, NULL, 1, NULL, '2026-01-14 13:02:50', '2026-01-14 13:02:50'),
(2669, 3, 2, 400, 114, '2026-01-18', NULL, NULL, NULL, NULL, NULL, NULL, NULL, 1, NULL, '2026-01-14 13:02:50', '2026-01-14 13:02:50'),
(2670, 3, 2, 400, 114, '2026-01-19', NULL, NULL, NULL, NULL, NULL, NULL, NULL, 1, NULL, '2026-01-14 13:02:50', '2026-01-14 13:02:50'),
(2671, 3, 2, 400, 114, '2026-01-20', NULL, NULL, NULL, NULL, NULL, NULL, NULL, 1, NULL, '2026-01-14 13:02:50', '2026-01-14 13:02:50'),
(2672, 3, 2, 400, 114, '2026-01-21', NULL, NULL, NULL, NULL, NULL, NULL, NULL, 1, NULL, '2026-01-14 13:02:50', '2026-01-14 13:02:50'),
(2673, 3, 2, 400, 114, '2026-01-22', NULL, NULL, NULL, NULL, NULL, NULL, NULL, 1, NULL, '2026-01-14 13:02:50', '2026-01-14 13:02:50'),
(2674, 3, 2, 400, 114, '2026-01-24', NULL, NULL, NULL, NULL, NULL, NULL, NULL, 1, NULL, '2026-01-14 13:02:50', '2026-01-14 13:02:50'),
(2675, 3, 2, 400, 114, '2026-01-25', NULL, NULL, NULL, NULL, NULL, NULL, NULL, 1, NULL, '2026-01-14 13:02:50', '2026-01-14 13:02:50'),
(2676, 3, 2, 399, 114, '2026-01-14', NULL, NULL, NULL, NULL, NULL, NULL, NULL, 1, NULL, '2026-01-14 13:03:10', '2026-01-14 13:03:10'),
(2677, 3, 2, 399, 114, '2026-01-15', NULL, NULL, NULL, NULL, NULL, NULL, NULL, 1, NULL, '2026-01-14 13:03:10', '2026-01-14 13:03:10'),
(2678, 3, 2, 399, 114, '2026-01-17', NULL, NULL, NULL, NULL, NULL, NULL, NULL, 1, NULL, '2026-01-14 13:03:10', '2026-01-14 13:03:10'),
(2679, 3, 2, 399, 114, '2026-01-18', NULL, NULL, NULL, NULL, NULL, NULL, NULL, 1, NULL, '2026-01-14 13:03:10', '2026-01-14 13:03:10'),
(2680, 3, 2, 399, 114, '2026-01-19', NULL, NULL, NULL, NULL, NULL, NULL, NULL, 1, NULL, '2026-01-14 13:03:10', '2026-01-14 13:03:10'),
(2681, 3, 2, 399, 114, '2026-01-20', NULL, NULL, NULL, NULL, NULL, NULL, NULL, 1, NULL, '2026-01-14 13:03:10', '2026-01-14 13:03:10'),
(2682, 3, 2, 399, 114, '2026-01-21', NULL, NULL, NULL, NULL, NULL, NULL, NULL, 1, NULL, '2026-01-14 13:03:10', '2026-01-14 13:03:10'),
(2683, 3, 2, 399, 114, '2026-01-22', NULL, NULL, NULL, NULL, NULL, NULL, NULL, 1, NULL, '2026-01-14 13:03:10', '2026-01-14 13:03:10'),
(2684, 3, 2, 399, 114, '2026-01-24', NULL, NULL, NULL, NULL, NULL, NULL, NULL, 1, NULL, '2026-01-14 13:03:10', '2026-01-14 13:03:10'),
(2685, 3, 2, 399, 114, '2026-01-25', NULL, NULL, NULL, NULL, NULL, NULL, NULL, 1, NULL, '2026-01-14 13:03:10', '2026-01-14 13:03:10'),
(2686, 3, 2, 398, 114, '2026-01-14', NULL, NULL, NULL, NULL, NULL, NULL, NULL, 1, NULL, '2026-01-14 13:03:31', '2026-01-14 13:03:31'),
(2687, 3, 2, 398, 114, '2026-01-15', NULL, NULL, NULL, NULL, NULL, NULL, NULL, 1, NULL, '2026-01-14 13:03:31', '2026-01-14 13:03:31'),
(2688, 3, 2, 398, 114, '2026-01-17', NULL, NULL, NULL, NULL, NULL, NULL, NULL, 1, NULL, '2026-01-14 13:03:31', '2026-01-14 13:03:31'),
(2689, 3, 2, 398, 114, '2026-01-18', NULL, NULL, NULL, NULL, NULL, NULL, NULL, 1, NULL, '2026-01-14 13:03:31', '2026-01-14 13:03:31'),
(2690, 3, 2, 398, 114, '2026-01-19', NULL, NULL, NULL, NULL, NULL, NULL, NULL, 1, NULL, '2026-01-14 13:03:31', '2026-01-14 13:03:31'),
(2691, 3, 2, 398, 114, '2026-01-20', NULL, NULL, NULL, NULL, NULL, NULL, NULL, 1, NULL, '2026-01-14 13:03:31', '2026-01-14 13:03:31'),
(2692, 3, 2, 398, 114, '2026-01-21', NULL, NULL, NULL, NULL, NULL, NULL, NULL, 1, NULL, '2026-01-14 13:03:31', '2026-01-14 13:03:31'),
(2693, 3, 2, 398, 114, '2026-01-22', NULL, NULL, NULL, NULL, NULL, NULL, NULL, 1, NULL, '2026-01-14 13:03:31', '2026-01-14 13:03:31'),
(2694, 3, 2, 398, 114, '2026-01-24', NULL, NULL, NULL, NULL, NULL, NULL, NULL, 1, NULL, '2026-01-14 13:03:31', '2026-01-14 13:03:31'),
(2695, 3, 2, 398, 114, '2026-01-25', NULL, NULL, NULL, NULL, NULL, NULL, NULL, 1, NULL, '2026-01-14 13:03:31', '2026-01-14 13:03:31'),
(2696, 3, 2, 397, 114, '2026-01-14', NULL, NULL, NULL, NULL, NULL, NULL, NULL, 1, NULL, '2026-01-14 13:03:56', '2026-01-14 13:03:56'),
(2697, 3, 2, 397, 114, '2026-01-15', NULL, NULL, NULL, NULL, NULL, NULL, NULL, 1, NULL, '2026-01-14 13:03:56', '2026-01-14 13:03:56'),
(2698, 3, 2, 397, 114, '2026-01-17', NULL, NULL, NULL, NULL, NULL, NULL, NULL, 1, NULL, '2026-01-14 13:03:56', '2026-01-14 13:03:56'),
(2699, 3, 2, 397, 114, '2026-01-18', NULL, NULL, NULL, NULL, NULL, NULL, NULL, 1, NULL, '2026-01-14 13:03:56', '2026-01-14 13:03:56'),
(2700, 3, 2, 397, 114, '2026-01-19', NULL, NULL, NULL, NULL, NULL, NULL, NULL, 1, NULL, '2026-01-14 13:03:56', '2026-01-14 13:03:56'),
(2701, 3, 2, 397, 114, '2026-01-20', NULL, NULL, NULL, NULL, NULL, NULL, NULL, 1, NULL, '2026-01-14 13:03:56', '2026-01-14 13:03:56'),
(2702, 3, 2, 397, 114, '2026-01-21', NULL, NULL, NULL, NULL, NULL, NULL, NULL, 1, NULL, '2026-01-14 13:03:56', '2026-01-14 13:03:56'),
(2703, 3, 2, 397, 114, '2026-01-22', NULL, NULL, NULL, NULL, NULL, NULL, NULL, 1, NULL, '2026-01-14 13:03:56', '2026-01-14 13:03:56'),
(2704, 3, 2, 397, 114, '2026-01-24', NULL, NULL, NULL, NULL, NULL, NULL, NULL, 1, NULL, '2026-01-14 13:03:56', '2026-01-14 13:03:56'),
(2705, 3, 2, 397, 114, '2026-01-25', NULL, NULL, NULL, NULL, NULL, NULL, NULL, 1, NULL, '2026-01-14 13:03:56', '2026-01-14 13:03:56'),
(2706, 26, 2, 372, 116, '2026-01-14', NULL, NULL, NULL, NULL, NULL, NULL, NULL, 1, NULL, '2026-01-14 13:04:17', '2026-01-14 13:04:17'),
(2707, 26, 2, 372, 116, '2026-01-15', NULL, NULL, NULL, NULL, NULL, NULL, NULL, 1, NULL, '2026-01-14 13:04:17', '2026-01-14 13:04:17'),
(2708, 26, 2, 372, 116, '2026-01-17', NULL, NULL, NULL, NULL, NULL, NULL, NULL, 1, NULL, '2026-01-14 13:04:17', '2026-01-14 13:04:17'),
(2709, 26, 2, 372, 116, '2026-01-18', NULL, NULL, NULL, NULL, NULL, NULL, NULL, 1, NULL, '2026-01-14 13:04:17', '2026-01-14 13:04:17'),
(2710, 26, 2, 372, 116, '2026-01-19', NULL, NULL, NULL, NULL, NULL, NULL, NULL, 1, NULL, '2026-01-14 13:04:17', '2026-01-14 13:04:17'),
(2711, 26, 2, 372, 116, '2026-01-20', NULL, NULL, NULL, NULL, NULL, NULL, NULL, 1, NULL, '2026-01-14 13:04:17', '2026-01-14 13:04:17'),
(2712, 26, 2, 372, 116, '2026-01-21', NULL, NULL, NULL, NULL, NULL, NULL, NULL, 1, NULL, '2026-01-14 13:04:17', '2026-01-14 13:04:17'),
(2713, 26, 2, 372, 116, '2026-01-22', NULL, NULL, NULL, NULL, NULL, NULL, NULL, 1, NULL, '2026-01-14 13:04:17', '2026-01-14 13:04:17'),
(2714, 26, 2, 372, 116, '2026-01-24', NULL, NULL, NULL, NULL, NULL, NULL, NULL, 1, NULL, '2026-01-14 13:04:17', '2026-01-14 13:04:17'),
(2715, 26, 2, 372, 116, '2026-01-25', NULL, NULL, NULL, NULL, NULL, NULL, NULL, 1, NULL, '2026-01-14 13:04:17', '2026-01-14 13:04:17'),
(2716, 25, 2, 373, 117, '2026-01-14', NULL, NULL, NULL, NULL, NULL, NULL, NULL, 1, NULL, '2026-01-14 13:04:59', '2026-01-14 13:04:59'),
(2717, 25, 2, 373, 117, '2026-01-15', NULL, NULL, NULL, NULL, NULL, NULL, NULL, 1, NULL, '2026-01-14 13:05:00', '2026-01-14 13:05:00'),
(2718, 25, 2, 373, 117, '2026-01-17', NULL, NULL, NULL, NULL, NULL, NULL, NULL, 1, NULL, '2026-01-14 13:05:00', '2026-01-14 13:05:00'),
(2719, 25, 2, 373, 117, '2026-01-18', NULL, NULL, NULL, NULL, NULL, NULL, NULL, 1, NULL, '2026-01-14 13:05:00', '2026-01-14 13:05:00'),
(2720, 25, 2, 373, 117, '2026-01-19', NULL, NULL, NULL, NULL, NULL, NULL, NULL, 1, NULL, '2026-01-14 13:05:00', '2026-01-14 13:05:00'),
(2721, 25, 2, 373, 117, '2026-01-20', NULL, NULL, NULL, NULL, NULL, NULL, NULL, 1, NULL, '2026-01-14 13:05:00', '2026-01-14 13:05:00'),
(2722, 25, 2, 373, 117, '2026-01-21', NULL, NULL, NULL, NULL, NULL, NULL, NULL, 1, NULL, '2026-01-14 13:05:00', '2026-01-14 13:05:00'),
(2723, 25, 2, 373, 117, '2026-01-22', NULL, NULL, NULL, NULL, NULL, NULL, NULL, 1, NULL, '2026-01-14 13:05:00', '2026-01-14 13:05:00'),
(2724, 25, 2, 373, 117, '2026-01-24', NULL, NULL, NULL, NULL, NULL, NULL, NULL, 1, NULL, '2026-01-14 13:05:00', '2026-01-14 13:05:00'),
(2725, 25, 2, 373, 117, '2026-01-25', NULL, NULL, NULL, NULL, NULL, NULL, NULL, 1, NULL, '2026-01-14 13:05:00', '2026-01-14 13:05:00');

-- --------------------------------------------------------

--
-- Table structure for table `sick_leaves`
--

CREATE TABLE `sick_leaves` (
  `id` bigint(20) UNSIGNED NOT NULL,
  `user_id` bigint(20) UNSIGNED NOT NULL,
  `reservation_id` bigint(20) UNSIGNED NOT NULL,
  `works` varchar(255) NOT NULL,
  `Workplace` varchar(255) NOT NULL,
  `sick_days` int(11) NOT NULL DEFAULT 1,
  `from_date` date NOT NULL,
  `to_date` date NOT NULL,
  `medical_company` tinyint(4) NOT NULL DEFAULT 0,
  `impossible_treat` tinyint(4) NOT NULL DEFAULT 0,
  `physician_leave` tinyint(4) NOT NULL DEFAULT 0,
  `Diagnosis` longtext DEFAULT NULL,
  `notes` longtext DEFAULT NULL,
  `directed_to` varchar(255) DEFAULT NULL,
  `letter_no` varchar(255) DEFAULT NULL,
  `letter_date` date NOT NULL,
  `companion_name` varchar(255) DEFAULT NULL,
  `relation_patient` varchar(255) DEFAULT NULL,
  `occupation` varchar(255) DEFAULT NULL,
  `Workplaces` varchar(255) DEFAULT NULL,
  `companion_sick_days` int(11) DEFAULT NULL,
  `companion_from_date` date DEFAULT NULL,
  `companion_to_date` date DEFAULT NULL,
  `type` int(11) NOT NULL DEFAULT 1 COMMENT '1 sick_leave , 2 companion_sick_leave',
  `created_at` timestamp NULL DEFAULT NULL,
  `updated_at` timestamp NULL DEFAULT NULL
) ENGINE=InnoDB DEFAULT CHARSET=utf8mb4 COLLATE=utf8mb4_unicode_ci;

--
-- Dumping data for table `sick_leaves`
--

INSERT INTO `sick_leaves` (`id`, `user_id`, `reservation_id`, `works`, `Workplace`, `sick_days`, `from_date`, `to_date`, `medical_company`, `impossible_treat`, `physician_leave`, `Diagnosis`, `notes`, `directed_to`, `letter_no`, `letter_date`, `companion_name`, `relation_patient`, `occupation`, `Workplaces`, `companion_sick_days`, `companion_from_date`, `companion_to_date`, `type`, `created_at`, `updated_at`) VALUES
(3, 4, 5, 'backend', 'takafol', 1, '2023-12-15', '2023-12-16', 0, 0, 0, 'التشخيص', 'ملاحظات', 'شركة تكافل', '123453333', '2023-12-15', NULL, NULL, NULL, NULL, NULL, NULL, NULL, 1, '2023-12-15 15:10:47', '2023-12-15 15:10:47'),
(5, 4, 4, '15151515', 'النزهة', 1, '2023-12-16', '2023-12-18', 0, 0, 1, 'تشخيص', 'زيارة الطبيب قبل انتهاء الاجازة', 'شركة', '1515515', '2023-12-16', NULL, NULL, NULL, NULL, NULL, NULL, NULL, 1, '2023-12-16 12:37:41', '2023-12-16 12:37:41'),
(6, 65, 132, 'تيست', 'بنك مصر', 1, '2026-01-18', '2026-01-31', 0, 0, 0, 'تيست', 'تيست', 'بنك مصر', '45678', '2026-01-14', NULL, NULL, NULL, NULL, NULL, NULL, NULL, 1, '2026-01-14 15:00:00', '2026-01-14 15:00:00'),
(7, 66, 134, 'تيست', 'بنك مصر', 1, '2026-01-17', '2026-01-24', 0, 0, 0, 'كسر في الكتف', 'تيست', 'بنك مصر', '45678', '2026-01-15', NULL, NULL, NULL, NULL, NULL, NULL, NULL, 1, '2026-01-15 13:31:18', '2026-01-15 13:31:18');

-- --------------------------------------------------------

--
-- Table structure for table `specialties`
--

CREATE TABLE `specialties` (
  `id` bigint(20) UNSIGNED NOT NULL,
  `name_en` varchar(255) NOT NULL,
  `name_ar` varchar(255) NOT NULL,
  `status` tinyint(4) NOT NULL DEFAULT 1,
  `parent_id` bigint(20) UNSIGNED DEFAULT NULL,
  `created_by` bigint(20) UNSIGNED DEFAULT NULL,
  `deleted_at` timestamp NULL DEFAULT NULL,
  `created_at` timestamp NULL DEFAULT NULL,
  `updated_at` timestamp NULL DEFAULT NULL
) ENGINE=InnoDB DEFAULT CHARSET=utf8mb4 COLLATE=utf8mb4_unicode_ci;

--
-- Dumping data for table `specialties`
--

INSERT INTO `specialties` (`id`, `name_en`, `name_ar`, `status`, `parent_id`, `created_by`, `deleted_at`, `created_at`, `updated_at`) VALUES
(1, 'Dentist', 'الأسنان', 1, NULL, 272, NULL, '2022-07-13 14:44:45', '2026-01-10 13:15:27'),
(2, 'Cardiologist', 'أمراض القلب', 1, NULL, 272, NULL, '2022-07-13 14:44:45', '2026-01-10 13:51:15'),
(3, 'Neurology', 'الأعصاب', 1, NULL, 272, NULL, '2022-07-13 14:44:45', '2026-01-10 13:22:15'),
(4, 'Obstetrics & Gynecology', 'النساء والتوليد', 1, NULL, 272, NULL, '2022-07-13 14:44:45', '2026-01-10 16:18:27'),
(5, 'orthodontics', 'تقويم الأسنان', 1, 1, 272, NULL, '2022-07-13 17:44:45', '2026-01-10 13:15:47'),
(6, 'Cardiologist', 'أمراض قلب', 1, 2, 272, NULL, '2022-07-13 17:44:45', '2026-01-10 13:51:03'),
(7, 'Pediatric Neurologist', 'مخ وأعصاب أطفال', 1, 3, 272, NULL, '2022-07-13 17:44:45', '2026-01-10 13:22:44'),
(8, 'Obstetrician & Gynecologist (OB/GYN)', 'نساء وتوليد', 1, 4, 272, NULL, '2022-07-13 17:44:45', '2026-01-10 13:10:22'),
(10, 'new specialist 2', 'تخصص جديد 2', 0, 3, 272, '2024-12-19 14:34:43', '2024-12-19 14:34:28', '2024-12-19 14:34:43'),
(11, 'gggggggg', 'ggggggg', 1, NULL, 272, '2024-12-19 14:59:46', '2024-12-19 14:58:47', '2024-12-19 14:59:46'),
(12, 'Internal', 'باطنة', 1, NULL, 272, '2024-12-21 21:28:42', '2024-12-21 21:28:16', '2024-12-21 21:28:42'),
(13, 'Internal', 'باطنة', 1, NULL, 272, NULL, '2024-12-21 21:29:06', '2026-01-10 13:01:57'),
(14, 'new specialist', 'تخصص جديد', 1, 13, 272, '2025-07-04 22:16:39', '2025-07-04 22:16:34', '2025-07-04 22:16:39'),
(15, 'Pulmonologist', 'أمراض الصدر', 1, NULL, 272, '2026-01-10 13:01:26', '2026-01-10 12:55:58', '2026-01-10 13:01:26'),
(16, 'Gastroenterologist & Hepatologist', 'الجهاز الهضمي والكبد', 1, NULL, 272, '2026-01-10 13:01:24', '2026-01-10 12:56:17', '2026-01-10 13:01:24'),
(17, 'Nephrologist', 'أمراض الكلى', 1, NULL, 272, '2026-01-10 13:01:22', '2026-01-10 12:56:28', '2026-01-10 13:01:22'),
(18, 'Endocrinologist', 'الغدد الصماء والسكر', 1, NULL, 272, '2026-01-10 13:01:19', '2026-01-10 12:56:42', '2026-01-10 13:01:19'),
(19, 'Hematologist', 'أمراض الدم', 1, NULL, 272, '2026-01-10 13:01:16', '2026-01-10 12:58:25', '2026-01-10 13:01:16'),
(20, 'Rheumatologist & Immunologist', 'روماتيزم ومناعة', 1, NULL, 272, '2026-01-10 13:01:14', '2026-01-10 12:58:39', '2026-01-10 13:01:14'),
(21, 'Internal Medicine', 'باطنة عامة', 1, 13, 272, NULL, '2026-01-10 13:02:19', '2026-01-10 13:02:19'),
(22, 'Cardiologist', 'أمراض القلب', 1, 13, 272, NULL, '2026-01-10 13:02:42', '2026-01-10 13:02:42'),
(23, 'Pulmonologist', 'أمراض الصدر', 1, 13, 272, NULL, '2026-01-10 13:02:56', '2026-01-10 13:02:56'),
(24, 'Gastroenterologist & Hepatologist', 'الجهاز الهضمي والكبد', 1, 13, 272, NULL, '2026-01-10 13:03:09', '2026-01-10 13:03:09'),
(25, 'Nephrologist', 'أمراض الكلى', 1, 13, 272, NULL, '2026-01-10 13:03:24', '2026-01-10 13:03:24'),
(26, 'Endocrinologist', 'الغدد الصماء والسكر', 1, 13, 272, NULL, '2026-01-10 13:03:36', '2026-01-10 13:03:36'),
(27, 'Hematologist', 'أمراض الدم', 1, 13, 272, NULL, '2026-01-10 13:04:06', '2026-01-10 13:04:06'),
(28, 'Rheumatologist & Immunologist', 'روماتيزم ومناعة', 1, 13, 272, NULL, '2026-01-10 13:04:24', '2026-01-10 13:04:24'),
(29, 'Surgeon', 'الجراحة', 1, NULL, 272, NULL, '2026-01-10 13:05:47', '2026-01-10 13:05:47'),
(30, 'General Surgeon', 'جراحة عامة', 1, 29, 272, NULL, '2026-01-10 13:06:13', '2026-01-10 13:06:13'),
(31, 'Orthopedic Surgeon', 'جراحة عظام', 1, 29, 272, NULL, '2026-01-10 13:06:43', '2026-01-10 13:06:43'),
(32, 'Neurosurgeon', 'جراحة مخ وأعصاب', 1, 29, 272, NULL, '2026-01-10 13:07:36', '2026-01-10 13:07:36'),
(33, 'Plastic Surgeon', 'جراحة تجميل', 1, 29, 272, NULL, '2026-01-10 13:07:44', '2026-01-10 13:07:44'),
(34, 'Cardiothoracic Surgeon', 'جراحة قلب وصدر', 1, 29, 272, NULL, '2026-01-10 13:07:57', '2026-01-10 13:07:57'),
(35, 'Vascular Surgeon', 'جراحة أوعية دموية', 1, 29, 272, NULL, '2026-01-10 13:08:09', '2026-01-10 13:08:09'),
(36, 'Urologist', 'جراحة مسالك بولية', 1, 29, 272, NULL, '2026-01-10 13:08:20', '2026-01-10 13:08:20'),
(37, 'Pediatric Surgeon', 'جراحة أطفال', 1, 29, 272, NULL, '2026-01-10 13:08:31', '2026-01-10 13:08:31'),
(38, 'Infertility Specialist', 'عقم وتأخر إنجاب', 1, 4, 272, NULL, '2026-01-10 13:10:34', '2026-01-10 13:10:34'),
(39, 'Cosmetic Gynecology', 'طب النساء التجملي', 1, 4, 272, NULL, '2026-01-10 13:10:45', '2026-01-10 16:18:50'),
(40, 'Oral & Maxillofacial Surgeon', 'جراحة فم وأسنان', 1, 1, 272, NULL, '2026-01-10 13:16:00', '2026-01-10 13:16:00'),
(41, 'General Dentist', 'أسنان عام', 1, 1, 272, NULL, '2026-01-10 13:16:11', '2026-01-10 13:16:11'),
(42, 'Dental Implantologist', 'زراعة أسنان', 1, 1, 272, NULL, '2026-01-10 13:16:23', '2026-01-10 13:16:23'),
(43, 'Endodontist', 'حشو عصب', 1, 1, 272, NULL, '2026-01-10 13:16:35', '2026-01-10 13:16:35'),
(44, 'Cosmetic Dentist', 'تجميل أسنان', 1, 1, 272, NULL, '2026-01-10 13:16:46', '2026-01-10 13:16:46'),
(45, 'Dermatologist', 'الجلدية والتجميل', 1, NULL, 272, NULL, '2026-01-10 13:17:53', '2026-01-10 13:17:53'),
(46, 'Dermatologist', 'جلدية العامه', 1, 45, 272, NULL, '2026-01-10 13:18:16', '2026-01-10 16:07:05'),
(47, 'Aesthetic & Laser Specialist', 'تجميل وليزر', 1, 45, 272, NULL, '2026-01-10 13:18:30', '2026-01-10 13:18:30'),
(48, 'Neurologist', 'مخ وأعصاب', 1, 3, 272, NULL, '2026-01-10 13:22:56', '2026-01-10 13:22:56'),
(49, 'Epileptologist', 'صرع', 1, 3, 272, NULL, '2026-01-10 13:23:08', '2026-01-10 13:23:08'),
(50, 'Movement Disorders Specialist', 'اضطرابات الحركة (شلل رعاش)', 1, 3, 272, NULL, '2026-01-10 13:23:29', '2026-01-10 13:23:29'),
(51, 'Neuromuscular Specialist', 'أمراض العضلات والأعصاب', 1, 3, 272, NULL, '2026-01-10 13:23:51', '2026-01-10 13:23:51'),
(52, 'Stroke Specialist', 'جلطات المخ', 1, 3, 272, NULL, '2026-01-10 13:24:05', '2026-01-10 13:24:05'),
(53, 'Ophthalmology', 'العيون', 1, NULL, 272, NULL, '2026-01-10 13:24:47', '2026-01-10 13:24:47'),
(54, 'Ophthalmologist', 'عيون', 1, 53, 272, NULL, '2026-01-10 13:25:06', '2026-01-10 13:25:06'),
(55, 'Pediatric Ophthalmologist', 'عيون أطفال', 1, 53, 272, NULL, '2026-01-10 13:25:16', '2026-01-10 13:25:16'),
(56, 'Refractive Surgeon (LASIK)', 'جراحة تصحيح الإبصار (ليزك)', 1, 53, 272, NULL, '2026-01-10 13:25:33', '2026-01-10 13:25:33'),
(57, 'Retina Specialist', 'شبكية وجسم زجاجي', 1, 53, 272, NULL, '2026-01-10 13:25:43', '2026-01-10 13:25:43'),
(58, 'Glaucoma Specialist', 'جلوكوما (مياه زرقاء)', 1, 53, 272, NULL, '2026-01-10 13:25:57', '2026-01-10 13:25:57'),
(59, 'Cornea Specialist', 'قرنية', 1, 53, 272, NULL, '2026-01-10 13:26:08', '2026-01-10 13:26:08'),
(60, 'Oculoplastic Surgeon', 'تجميل عيون', 1, 53, 272, NULL, '2026-01-10 13:26:19', '2026-01-10 13:26:19'),
(61, 'Optometrist', 'فحص نظر', 1, 53, 272, NULL, '2026-01-10 13:26:29', '2026-01-10 13:26:29'),
(62, 'ENT', 'الأنف والأذن والحنجرة', 1, NULL, 272, NULL, '2026-01-10 13:26:51', '2026-01-10 13:26:51'),
(63, 'ENT Specialist (Otolaryngologist)', 'أنف وأذن وحنجرة', 1, 62, 272, NULL, '2026-01-10 13:27:46', '2026-01-10 13:27:46'),
(64, 'Pediatric ENT Specialist', 'أنف وأذن وحنجرة أطفال', 1, 62, 272, NULL, '2026-01-10 13:28:00', '2026-01-10 13:28:00'),
(65, 'Audiologist', 'سمعيات', 1, 62, 272, NULL, '2026-01-10 13:28:10', '2026-01-10 13:28:10'),
(66, 'Vestibular Disorders Specialist', 'اضطرابات الاتزان والدوخة', 1, 62, 272, NULL, '2026-01-10 13:28:25', '2026-01-10 13:28:25'),
(67, 'Speech & Language Therapist', 'تخاطب واضطرابات النطق', 1, 62, 272, NULL, '2026-01-10 13:28:37', '2026-01-10 13:28:37'),
(68, 'ENT Surgeon', 'جراحة أنف وأذن وحنجرة', 1, 62, 272, NULL, '2026-01-10 13:28:49', '2026-01-10 13:28:49'),
(69, 'Nutritionist', 'التغذية', 1, NULL, 272, NULL, '2026-01-10 13:30:26', '2026-01-10 13:30:26'),
(70, 'Clinical Nutritionist', 'تغذية علاجية', 1, 69, 272, NULL, '2026-01-10 13:30:48', '2026-01-10 13:30:48'),
(71, 'Weight Loss Nutritionist', 'تغذية لإنقاص الوزن', 1, 69, 272, NULL, '2026-01-10 13:31:03', '2026-01-10 13:31:03'),
(72, 'Weight Gain Nutritionist', 'تغذية لزيادة الوزن', 1, 69, 272, NULL, '2026-01-10 13:31:36', '2026-01-10 13:31:36'),
(73, 'Pediatric Nutritionist', 'تغذية الأطفال', 1, 69, 272, NULL, '2026-01-10 13:31:46', '2026-01-10 13:31:46'),
(74, 'Maternal Nutritionist', 'تغذية الحوامل والمرضعات', 1, 69, 272, NULL, '2026-01-10 13:31:59', '2026-01-10 13:31:59'),
(75, 'Diabetes Nutrition Specialist', 'تغذية مرضى السكر', 1, 69, 272, NULL, '2026-01-10 13:32:12', '2026-01-10 13:32:12'),
(76, 'Gastrointestinal Nutritionist', 'تغذية أمراض الجهاز الهضمي', 1, 69, 272, NULL, '2026-01-10 13:32:25', '2026-01-10 13:32:25'),
(77, 'Cardiac Nutritionist', 'تغذية مرضى القلب', 1, 69, 272, NULL, '2026-01-10 13:32:38', '2026-01-10 13:32:38'),
(78, 'Renal Nutritionist', 'تغذية مرضى الكلى', 1, 69, 272, NULL, '2026-01-10 13:32:54', '2026-01-10 13:32:54'),
(79, 'Thyroid Nutrition Specialist', 'تغذية أمراض الغدة الدرقية', 1, 69, 272, NULL, '2026-01-10 13:33:20', '2026-01-10 13:33:20'),
(80, 'Oncology Nutritionist', 'تغذية مرضى السرطان', 1, 69, 272, NULL, '2026-01-10 13:33:33', '2026-01-10 13:33:33'),
(81, 'Obesity Management Nutritionist', 'تغذية علاج السمنة', 1, 69, 272, NULL, '2026-01-10 13:33:44', '2026-01-10 13:33:44'),
(82, 'Sports Nutritionist', 'تغذية رياضية', 1, 69, 272, NULL, '2026-01-10 13:34:01', '2026-01-10 13:34:01'),
(83, 'IBS Nutrition Specialist', 'تغذية لمرضى القولون العصبي', 1, 69, 272, NULL, '2026-01-10 13:34:11', '2026-01-10 13:34:11'),
(84, 'Eating Disorders Nutritionist', 'تغذية علاج اضطرابات الأكل', 1, 69, 272, NULL, '2026-01-10 13:34:23', '2026-01-10 13:34:23'),
(85, 'Psychiatrist', 'الطب النفسي', 1, NULL, 272, NULL, '2026-01-10 13:35:35', '2026-01-10 13:35:35'),
(86, 'General Psychiatrist', 'نفسي عام', 1, 85, 272, NULL, '2026-01-10 13:35:50', '2026-01-10 13:35:50'),
(87, 'Child & Adolescent Psychiatrist', 'الطب النفسي للأطفال والمراهقين', 1, 85, 272, NULL, '2026-01-10 13:36:05', '2026-01-10 13:36:05'),
(88, 'Addiction Psychiatrist', 'علاج الإدمان', 1, 85, 272, NULL, '2026-01-10 13:36:41', '2026-01-10 13:36:41'),
(89, 'Geriatric Psychiatrist', 'الطب النفسي للمسنين', 1, 85, 272, NULL, '2026-01-10 13:36:54', '2026-01-10 13:36:54'),
(90, 'Forensic Psychiatrist', 'الطب النفسي الشرعي', 1, 85, 272, NULL, '2026-01-10 13:37:07', '2026-01-10 13:37:07'),
(91, 'Neuropsychiatrist', 'الطب النفسي العصبي', 1, 85, 272, NULL, '2026-01-10 13:37:19', '2026-01-10 13:37:19'),
(92, 'Community Psychiatrist', 'الطب النفسي المجتمعي', 1, 85, 272, NULL, '2026-01-10 13:37:37', '2026-01-10 13:37:37'),
(93, 'Orthopedics', 'العظام', 1, NULL, 272, NULL, '2026-01-10 13:40:41', '2026-01-10 13:40:41'),
(94, 'Orthopedic Specialist', 'دكتور عظام', 1, 93, 272, NULL, '2026-01-10 13:41:45', '2026-01-10 13:41:45'),
(95, 'Pediatric Orthopedic Specialist', 'عظام أطفال', 1, 93, 272, NULL, '2026-01-10 13:41:56', '2026-01-10 13:41:56'),
(96, 'Joint Replacement Specialist', 'مفاصل', 1, 93, 272, NULL, '2026-01-10 13:42:17', '2026-01-10 13:42:17'),
(97, 'Arthroscopic Surgeon', 'مناظير مفاصل', 1, 93, 272, NULL, '2026-01-10 13:42:30', '2026-01-10 13:42:30'),
(98, 'Spine Surgeon', 'العمود الفقري', 1, 93, 272, NULL, '2026-01-10 13:42:41', '2026-01-10 13:42:41'),
(99, 'Deformity Correction Specialist', 'تشوهات عظام', 1, 93, 272, NULL, '2026-01-10 13:42:53', '2026-01-10 13:42:53'),
(100, 'Osteoporosis Specialist', 'هشاشة العظام', 1, 93, 272, NULL, '2026-01-10 13:43:11', '2026-01-10 13:43:11'),
(101, 'Orthopedic Oncologist', 'أورام العظام', 1, 93, 272, NULL, '2026-01-10 13:43:23', '2026-01-10 13:43:23'),
(102, 'Oncology', 'الأورام', 1, NULL, 272, '2026-01-10 13:44:49', '2026-01-10 13:44:24', '2026-01-10 13:44:49'),
(103, 'Oncology', 'الأورام', 1, NULL, 272, NULL, '2026-01-10 13:45:03', '2026-01-10 13:45:03'),
(104, 'Medical Oncologist', 'دكتور أورام', 1, 103, 272, NULL, '2026-01-10 13:45:40', '2026-01-10 13:45:40'),
(105, 'Radiation Oncologist', 'أورام إشعاعية', 1, 103, 272, NULL, '2026-01-10 13:45:57', '2026-01-10 13:45:57'),
(106, 'Surgical Oncologist', 'جراحة أورام', 1, 103, 272, NULL, '2026-01-10 13:46:08', '2026-01-10 13:46:08'),
(107, 'Hematologic Oncologist', 'أورام دم', 1, 103, 272, NULL, '2026-01-10 13:46:24', '2026-01-10 13:46:24'),
(108, 'Pediatric Oncologist', 'أورام أطفال', 1, 103, 272, NULL, '2026-01-10 13:46:35', '2026-01-10 13:46:35'),
(109, 'Breast Cancer Specialist', 'أورام ثدي', 1, 103, 272, NULL, '2026-01-10 13:46:52', '2026-01-10 13:46:52'),
(110, 'Gastrointestinal Oncologist', 'أورام الجهاز الهضمي', 1, 103, 272, NULL, '2026-01-10 13:47:04', '2026-01-10 13:47:04'),
(111, 'Thoracic / Lung Cancer Specialist', 'أورام الرئة', 1, 103, 272, NULL, '2026-01-10 13:47:15', '2026-01-10 13:47:15'),
(112, 'Hepatobiliary & Pancreatic Oncologist', 'أورام الكبد والبنكرياس', 1, 103, 272, NULL, '2026-01-10 13:47:28', '2026-01-10 13:47:28'),
(113, 'Colorectal Cancer Specialist', 'أورام القولون والمستقيم', 1, 103, 272, NULL, '2026-01-10 13:47:39', '2026-01-10 13:47:39'),
(114, 'Urologic Oncologist', 'أورام المسالك البولية', 1, 103, 272, NULL, '2026-01-10 13:47:50', '2026-01-10 13:47:50'),
(115, 'Gynecologic Oncologist', 'أورام نساء', 1, 103, 272, NULL, '2026-01-10 13:48:06', '2026-01-10 13:48:06'),
(116, 'Head & Neck Oncologist', 'أورام الرأس والرقبة', 1, 103, 272, NULL, '2026-01-10 13:48:17', '2026-01-10 13:48:17'),
(117, 'Dermato-Oncologist', 'أورام الجلد', 1, 103, 272, NULL, '2026-01-10 13:48:30', '2026-01-10 13:48:30'),
(118, 'Musculoskeletal / Bone Cancer Oncologist', 'أورام العظام والأنسجة الرخوة', 1, 103, 272, NULL, '2026-01-10 13:48:44', '2026-01-10 13:48:44'),
(119, 'Endocrine Oncologist', 'أورام الغدد الصماء', 1, 103, 272, NULL, '2026-01-10 13:49:09', '2026-01-10 13:49:09'),
(120, 'Neuro-Oncologist', 'أورام الجهاز العصبي', 1, 103, 272, NULL, '2026-01-10 13:49:23', '2026-01-10 13:49:23'),
(121, 'Pediatric Cardiologist', 'قلب أطفال', 1, 2, 272, NULL, '2026-01-10 13:51:37', '2026-01-10 13:51:37'),
(122, 'Interventional Cardiologist', 'قسطرة قلبية', 1, 2, 272, NULL, '2026-01-10 13:51:50', '2026-01-10 13:51:50'),
(123, 'Electrophysiologist', 'كهربية القلب', 1, 2, 272, NULL, '2026-01-10 13:52:02', '2026-01-10 13:52:02'),
(124, 'Heart Failure Specialist', 'قصور عضلة القلب', 1, 2, 272, NULL, '2026-01-10 13:52:14', '2026-01-10 13:52:14'),
(125, 'Valvular Heart Disease Specialist', 'صمامات القلب', 1, 2, 272, NULL, '2026-01-10 13:53:55', '2026-01-10 13:53:55'),
(126, 'Coronary Artery Disease Specialist', 'أمراض الشرايين التاجية', 1, 2, 272, NULL, '2026-01-10 13:54:10', '2026-01-10 13:54:10'),
(127, 'Hypertension Specialist', 'ضغط الدم', 1, 2, 272, NULL, '2026-01-10 13:54:23', '2026-01-10 13:54:23'),
(128, 'Cardiac Rehabilitation Specialist', 'تأهيل القلب', 1, 2, 272, NULL, '2026-01-10 13:54:39', '2026-01-10 13:54:39'),
(129, 'Preventive Cardiologist', 'طب القلب الوقائي', 1, 2, 272, NULL, '2026-01-10 13:54:51', '2026-01-10 13:54:51'),
(130, 'Arrhythmia Specialist', 'عدم انتظام ضربات القلب', 1, 2, 272, NULL, '2026-01-10 13:55:10', '2026-01-10 13:55:10'),
(131, 'Pediatric Dermatology', 'طب الجلد للأطفال', 1, 45, 272, NULL, '2026-01-10 16:05:46', '2026-01-10 16:05:46'),
(132, 'Skin surgery', 'جراحة الجلد', 1, 45, 272, NULL, '2026-01-10 16:06:42', '2026-01-10 16:06:42'),
(133, 'Dermatoimmunology', 'الأمراض الجلدية المناعية', 1, 45, 272, NULL, '2026-01-10 16:07:36', '2026-01-10 16:07:36'),
(134, 'Gynecologic Laparoscopy', 'مناظير نساء', 1, 4, 272, NULL, '2026-01-10 16:19:05', '2026-01-10 16:19:05'),
(135, 'Pediatrics & Neonatology', 'الأطفال وحديثي الولادة', 1, NULL, 272, NULL, '2026-01-10 16:19:25', '2026-01-10 16:19:25'),
(136, 'General Pediatrician', 'أطفال عام', 1, 135, 272, NULL, '2026-01-10 16:19:55', '2026-01-10 16:19:55'),
(137, 'حديثي الولادة', 'حديثي الولادة', 1, 135, 272, NULL, '2026-01-10 16:20:04', '2026-01-10 16:20:04'),
(138, 'Pediatric Gastroenterologist', 'أمراض جهاز هضمي للأطفال', 1, 135, 272, NULL, '2026-01-10 16:20:18', '2026-01-10 16:20:18'),
(139, 'Pediatric Hematologist', 'أمراض الدم للأطفال', 1, 135, 272, NULL, '2026-01-10 16:20:53', '2026-01-10 16:20:53');

-- --------------------------------------------------------

--
-- Table structure for table `statuses`
--

CREATE TABLE `statuses` (
  `id` bigint(20) UNSIGNED NOT NULL,
  `name_en` varchar(255) NOT NULL,
  `name_ar` varchar(255) NOT NULL,
  `status` tinyint(4) NOT NULL DEFAULT 1,
  `deleted_at` timestamp NULL DEFAULT NULL,
  `created_at` timestamp NULL DEFAULT NULL,
  `updated_at` timestamp NULL DEFAULT NULL
) ENGINE=InnoDB DEFAULT CHARSET=utf8mb4 COLLATE=utf8mb4_unicode_ci;

--
-- Dumping data for table `statuses`
--

INSERT INTO `statuses` (`id`, `name_en`, `name_ar`, `status`, `deleted_at`, `created_at`, `updated_at`) VALUES
(1, 'New', 'جديد', 1, NULL, '2022-11-04 18:23:57', '2022-11-04 18:23:57'),
(2, 'Confirm', 'تاكيد', 1, NULL, '2022-11-04 18:23:57', '2022-11-04 18:23:57'),
(3, 'Cancel by doctor', 'إلغاء من قبل الطبيب', 1, NULL, '2022-11-04 18:23:57', '2022-11-04 18:23:57'),
(4, 'Cancel by reception', 'إلغاء من قبل الاستقبال', 1, NULL, '2022-11-04 18:23:57', '2022-11-04 18:23:57'),
(5, 'Cancel by user', 'إلغاء من قبل المستخدم', 1, NULL, '2022-11-04 18:23:57', '2022-11-04 18:23:57'),
(6, 'Done', 'منتهى', 1, NULL, '2022-11-04 18:23:57', '2022-11-04 18:23:57');

-- --------------------------------------------------------

--
-- Table structure for table `status_conversions`
--

CREATE TABLE `status_conversions` (
  `id` bigint(20) UNSIGNED NOT NULL,
  `user_id` bigint(20) UNSIGNED NOT NULL,
  `doctor_id` bigint(20) UNSIGNED DEFAULT NULL,
  `reservation_id` bigint(20) UNSIGNED DEFAULT NULL,
  `reception_id` bigint(20) UNSIGNED DEFAULT NULL,
  `notes` longtext DEFAULT NULL,
  `image` varchar(255) DEFAULT NULL,
  `type` int(11) NOT NULL DEFAULT 1 COMMENT '4 attachment',
  `status` tinyint(4) NOT NULL DEFAULT 0,
  `created_at` timestamp NULL DEFAULT NULL,
  `updated_at` timestamp NULL DEFAULT NULL
) ENGINE=InnoDB DEFAULT CHARSET=utf8mb4 COLLATE=utf8mb4_unicode_ci;

--
-- Dumping data for table `status_conversions`
--

INSERT INTO `status_conversions` (`id`, `user_id`, `doctor_id`, `reservation_id`, `reception_id`, `notes`, `image`, `type`, `status`, `created_at`, `updated_at`) VALUES
(1, 2, 11, 1, NULL, 'سوف يتم تحويلك الى دكتور محمود', NULL, 1, 0, '2023-10-26 03:48:56', '2023-10-26 03:48:56'),
(2, 2, 11, 1, NULL, NULL, '16983051743726.jpg', 3, 0, '2023-10-26 05:26:14', '2023-10-26 05:26:14'),
(3, 2, 11, 1, NULL, 'welcome', '16985302701871.jpg', 4, 0, '2023-10-28 20:57:50', '2023-10-28 20:57:50'),
(4, 2, 11, 1, NULL, 'asdddd', '16985308434716.pdf', 4, 0, '2023-10-28 21:07:23', '2023-10-28 21:07:23'),
(6, 2, 112, 1, NULL, 'السلام عليكم \r\nسيتم تحويل مريض لك فى خلال اسبوع', '16990891644594.png', 2, 0, '2023-11-04 08:12:44', '2023-11-04 08:12:44'),
(7, 2, 112, 1, NULL, 'شكرا جزيلا لحضرتك', '16990891644594.png', 2, 0, '2023-11-04 08:30:44', '2023-11-04 08:12:44'),
(8, 2, 40, 1, NULL, 'bbb', NULL, 1, 0, '2023-11-06 04:42:10', '2023-11-06 04:42:10'),
(9, 4, 11, 1, NULL, 'مرفقات جديدة', '16997211917602.webp', 4, 0, '2023-11-11 15:46:31', '2023-11-11 15:46:31'),
(13, 2, 112, 25, NULL, 'فحص استشارة طبية  موجه الى \r\n\r\n\r\nالدكتور محمد علي \r\n \r\nبخصوص امكانية عمل اشاعه للحامل في االشهر التاسع \r\n\r\n\r\nشكرا', NULL, 2, 0, '2024-05-06 07:52:12', '2024-05-06 07:52:12'),
(14, 29, 263, 119, NULL, 'test', NULL, 1, 0, '2025-12-31 11:55:10', '2025-12-31 11:55:10'),
(15, 29, 257, 119, NULL, 'test', NULL, 2, 0, '2025-12-31 11:56:18', '2025-12-31 11:56:18'),
(16, 65, 384, 132, NULL, 'فحص ع الرحم', NULL, 1, 0, '2026-01-14 14:57:32', '2026-01-14 14:57:32'),
(17, 65, 384, 132, NULL, 'فحص ع الرحم', '17684033981905.jpg', 2, 0, '2026-01-14 15:09:58', '2026-01-14 15:09:58'),
(18, 65, 384, 132, NULL, 'فحص', '17684037504557.jpg', 2, 0, '2026-01-14 15:15:50', '2026-01-14 15:15:50'),
(19, 66, 406, 134, NULL, 'تيست', '17684837709650.png', 4, 0, '2026-01-15 13:29:30', '2026-01-15 13:29:30'),
(20, 103, 400, 141, NULL, 'تيست', '17686557901539.jpg', 2, 0, '2026-01-17 13:16:30', '2026-01-17 13:16:30');

-- --------------------------------------------------------

--
-- Table structure for table `subscriptions_package_clinics`
--

CREATE TABLE `subscriptions_package_clinics` (
  `id` bigint(20) UNSIGNED NOT NULL,
  `clinic_id` bigint(20) UNSIGNED NOT NULL,
  `package_id` bigint(20) UNSIGNED NOT NULL,
  `start_date` date NOT NULL,
  `end_date` date NOT NULL,
  `status` tinyint(1) NOT NULL DEFAULT 1,
  `created_at` timestamp NULL DEFAULT NULL,
  `updated_at` timestamp NULL DEFAULT NULL
) ENGINE=InnoDB DEFAULT CHARSET=utf8mb4 COLLATE=utf8mb4_unicode_ci;

--
-- Dumping data for table `subscriptions_package_clinics`
--

INSERT INTO `subscriptions_package_clinics` (`id`, `clinic_id`, `package_id`, `start_date`, `end_date`, `status`, `created_at`, `updated_at`) VALUES
(2, 196, 1, '2026-02-15', '2026-06-15', 1, '2026-02-15 07:57:20', '2026-02-15 07:57:20');

-- --------------------------------------------------------

--
-- Table structure for table `subscriptions_package_users`
--

CREATE TABLE `subscriptions_package_users` (
  `id` bigint(20) UNSIGNED NOT NULL,
  `package_id` bigint(20) UNSIGNED NOT NULL,
  `user_id` bigint(20) UNSIGNED NOT NULL,
  `price` varchar(100) NOT NULL,
  `invoice_number` varchar(255) DEFAULT NULL,
  `expired_date` datetime NOT NULL,
  `status` tinyint(4) NOT NULL DEFAULT 1,
  `info_payment` text DEFAULT NULL,
  `deleted_at` timestamp NULL DEFAULT NULL,
  `created_at` timestamp NULL DEFAULT NULL,
  `updated_at` timestamp NULL DEFAULT NULL
) ENGINE=InnoDB DEFAULT CHARSET=utf8mb4 COLLATE=utf8mb4_unicode_ci;

--
-- Dumping data for table `subscriptions_package_users`
--

INSERT INTO `subscriptions_package_users` (`id`, `package_id`, `user_id`, `price`, `invoice_number`, `expired_date`, `status`, `info_payment`, `deleted_at`, `created_at`, `updated_at`) VALUES
(3, 4, 2, '0', NULL, '2022-09-18 18:38:21', 1, NULL, NULL, '2022-09-18 16:38:21', '2022-09-18 16:38:21'),
(4, 1, 15, '120', NULL, '2023-03-28 18:51:55', 1, NULL, NULL, '2022-11-29 01:51:55', '2022-11-29 01:51:55'),
(5, 4, 15, '0', NULL, '2022-12-29 14:20:50', 1, NULL, NULL, '2022-12-29 21:20:50', '2022-12-29 21:20:50'),
(6, 4, 2, '0', NULL, '2022-12-29 15:14:14', 1, NULL, NULL, '2022-12-29 22:14:14', '2022-12-29 22:14:14'),
(7, 1, 2, '120', NULL, '2023-04-28 15:21:31', 1, NULL, NULL, '2022-12-29 22:21:31', '2022-12-29 22:21:31'),
(8, 2, 2, '500', NULL, '2024-12-18 15:23:44', 1, NULL, NULL, '2022-12-29 22:23:44', '2022-12-29 22:23:44'),
(9, 4, 2, '0', NULL, '2022-12-29 23:02:25', 1, NULL, NULL, '2022-12-30 06:02:25', '2022-12-30 06:02:25'),
(10, 1, 2, '120', NULL, '2023-04-28 23:02:58', 1, NULL, NULL, '2022-12-30 06:02:58', '2022-12-30 06:02:58'),
(11, 1, 2, '120', NULL, '2023-04-30 18:38:03', 1, NULL, NULL, '2023-01-01 01:38:03', '2023-01-01 01:38:03'),
(12, 2, 2, '500', NULL, '2024-12-21 18:30:44', 1, NULL, NULL, '2023-01-02 01:30:44', '2023-01-02 01:30:44'),
(13, 4, 15, '0', NULL, '2023-01-02 17:04:52', 1, NULL, NULL, '2023-01-03 00:04:52', '2023-01-03 00:04:52'),
(14, 3, 2, '300', NULL, '2024-01-02 17:09:43', 1, NULL, NULL, '2023-01-03 00:09:43', '2023-01-03 00:09:43'),
(15, 3, 2, '300', NULL, '2024-01-02 17:09:59', 1, NULL, NULL, '2023-01-03 00:09:59', '2023-01-03 00:09:59'),
(16, 1, 2, '120', NULL, '2023-05-02 17:10:42', 1, NULL, NULL, '2023-01-03 00:10:42', '2023-01-03 00:10:42'),
(17, 3, 2, '300', NULL, '2024-01-02 17:17:06', 1, NULL, NULL, '2023-01-03 00:17:06', '2023-01-03 00:17:06'),
(18, 3, 2, '300', NULL, '2024-01-02 17:17:36', 1, NULL, NULL, '2023-01-03 00:17:36', '2023-01-03 00:17:36'),
(19, 3, 2, '300', NULL, '2024-01-02 17:18:09', 1, NULL, NULL, '2023-01-03 00:18:09', '2023-01-03 00:18:09'),
(20, 1, 15, '120', NULL, '2023-05-03 06:10:54', 1, NULL, NULL, '2023-01-03 13:10:54', '2023-01-03 13:10:54'),
(21, 4, 2, '0', NULL, '2023-01-03 06:28:04', 1, NULL, NULL, '2023-01-03 13:28:04', '2023-01-03 13:28:04'),
(22, 4, 2, '0', NULL, '2023-01-03 06:28:39', 1, NULL, NULL, '2023-01-03 13:28:39', '2023-01-03 13:28:39'),
(23, 3, 2, '300', NULL, '2024-01-03 06:29:25', 1, NULL, NULL, '2023-01-03 13:29:25', '2023-01-03 13:29:25'),
(24, 3, 2, '300', NULL, '2024-01-03 06:29:46', 1, NULL, NULL, '2023-01-03 13:29:46', '2023-01-03 13:29:46'),
(25, 3, 2, '300', NULL, '2024-01-03 06:29:54', 1, NULL, NULL, '2023-01-03 13:29:54', '2023-01-03 13:29:54'),
(26, 1, 2, '120', NULL, '2023-05-03 06:30:12', 1, NULL, NULL, '2023-01-03 13:30:12', '2023-01-03 13:30:12'),
(27, 2, 2, '500', NULL, '2024-12-23 06:31:13', 1, NULL, NULL, '2023-01-03 13:31:13', '2023-01-03 13:31:13'),
(28, 3, 2, '300', NULL, '2024-01-03 06:31:55', 1, NULL, NULL, '2023-01-03 13:31:55', '2023-01-03 13:31:55'),
(29, 4, 2, '0', NULL, '2023-01-03 06:32:20', 1, NULL, NULL, '2023-01-03 13:32:20', '2023-01-03 13:32:20'),
(30, 2, 2, '500', NULL, '2024-12-23 06:43:22', 1, NULL, NULL, '2023-01-03 13:43:22', '2023-01-03 13:43:22'),
(31, 1, 2, '120', NULL, '2023-05-03 06:45:50', 1, NULL, NULL, '2023-01-03 13:45:50', '2023-01-03 13:45:50'),
(32, 3, 2, '300', NULL, '2024-01-03 06:46:47', 1, NULL, NULL, '2023-01-03 13:46:47', '2023-01-03 13:46:47'),
(33, 4, 2, '0', NULL, '2023-01-03 06:55:26', 1, NULL, NULL, '2023-01-03 13:55:26', '2023-01-03 13:55:26'),
(34, 4, 10, '0', NULL, '2023-01-03 07:19:11', 1, NULL, NULL, '2023-01-03 14:19:11', '2023-01-03 14:19:11'),
(35, 4, 10, '0', NULL, '2023-01-03 07:22:45', 1, NULL, NULL, '2023-01-03 14:22:45', '2023-01-03 14:22:45'),
(36, 4, 10, '0', NULL, '2023-01-03 07:23:11', 1, NULL, NULL, '2023-01-03 14:23:11', '2023-01-03 14:23:11'),
(37, 1, 10, '120', NULL, '2023-05-03 07:24:32', 1, NULL, NULL, '2023-01-03 14:24:32', '2023-01-03 14:24:32'),
(38, 3, 10, '300', NULL, '2024-01-03 07:24:48', 1, NULL, NULL, '2023-01-03 14:24:48', '2023-01-03 14:24:48'),
(39, 2, 10, '500', NULL, '2024-12-23 07:25:23', 1, NULL, NULL, '2023-01-03 14:25:23', '2023-01-03 14:25:23'),
(40, 2, 10, '500', NULL, '2024-12-23 07:26:33', 1, NULL, NULL, '2023-01-03 14:26:33', '2023-01-03 14:26:33'),
(44, 3, 2, '300', NULL, '2024-01-10 00:00:00', 1, NULL, NULL, '2023-01-03 16:34:40', '2023-01-03 16:34:40'),
(45, 3, 15, '300', NULL, '2024-05-02 00:00:00', 1, NULL, NULL, '2023-01-03 16:55:05', '2023-01-03 16:55:05'),
(46, 4, 3, '0', NULL, '2023-01-10 09:57:43', 1, NULL, NULL, '2023-01-03 16:57:43', '2023-01-03 16:57:43'),
(47, 1, 10, '120', NULL, '2025-04-22 00:00:00', 1, NULL, NULL, '2023-01-03 23:12:55', '2023-01-03 23:12:55'),
(48, 3, 10, '300', NULL, '2026-04-22 00:00:00', 1, NULL, NULL, '2023-01-03 23:13:42', '2023-01-03 23:13:42'),
(49, 1, 2, '120', NULL, '2024-05-09 00:00:00', 1, NULL, NULL, '2023-02-14 16:27:15', '2023-02-14 16:27:15'),
(50, 3, 2, '300', NULL, '2025-05-09 00:00:00', 1, NULL, NULL, '2023-02-14 18:43:28', '2023-02-14 18:43:28'),
(51, 3, 2, '300', NULL, '2026-05-09 00:00:00', 1, NULL, NULL, '2023-02-14 18:48:48', '2023-02-14 18:48:48'),
(52, 1, 2, '120', NULL, '2026-09-06 00:00:00', 1, NULL, NULL, '2023-02-15 12:01:52', '2023-02-15 12:01:52'),
(53, 4, 4, '0', NULL, '2023-03-26 19:00:49', 1, NULL, NULL, '2023-03-19 17:00:49', '2023-03-19 17:00:49'),
(54, 2, 10, '500', NULL, '2028-04-11 00:00:00', 1, NULL, NULL, '2023-04-17 02:42:25', '2023-04-17 02:42:25'),
(55, 1, 2, '120', NULL, '2027-01-04 00:00:00', 1, NULL, NULL, '2023-05-05 18:39:06', '2023-05-05 18:39:06'),
(58, 1, 2, '120', '18153550', '2027-12-30 00:00:00', 1, '{InvoiceId: 18153550, InvoiceStatus: Paid, InvoiceReference: 2023000002, CustomerReference: null, CreatedDate: 2023-05-30T16:36:51.407, ExpiryDate: June 2, 2023, InvoiceValue: 0.1, Comments: null, CustomerName: Anonymous, CustomerMobile: +966, CustomerEmail: null, UserDefinedField: null, InvoiceDisplayValue: 0.100 SR, InvoiceItems: [], InvoiceTransactions: [{TransactionDate: 2023-05-30T16:38:45.1233333, PaymentGateway: VISA/MASTER, ReferenceId: 315013091761, TrackId: 30-05-2023_17793385, TransactionId: 91761, PaymentId: 0808181535501779338583, AuthorizationId: 620621, TransactionStatus: Succss, TransationValue: 0.100, CustomerServiceCharge: 0.000, DueValue: 0.100, PaidCurrency: SR, PaidCurrencyValue: 0.100, Currency: SR, Error: null, CardNumber: 447527xxxxxx3793, ErrorCode: }], Suppliers: [], RecurringId: }', NULL, '2023-05-30 10:44:27', '2023-05-30 10:44:27'),
(59, 3, 2, '300', '18154169', '2028-12-29 00:00:00', 1, '{InvoiceId: 18154169, InvoiceStatus: Paid, InvoiceReference: 2023000008, CustomerReference: null, CreatedDate: 2023-05-30T16:55:51.293, ExpiryDate: June 2, 2023, InvoiceValue: 0.1, Comments: null, CustomerName: Anonymous, CustomerMobile: +966, CustomerEmail: null, UserDefinedField: null, InvoiceDisplayValue: 0.100 SR, InvoiceItems: [], InvoiceTransactions: [{TransactionDate: 2023-05-30T16:57:49.2566667, PaymentGateway: VISA/MASTER, ReferenceId: 315013095875, TrackId: 30-05-2023_17793921, TransactionId: 95875, PaymentId: 0808181541691779392184, AuthorizationId: 001012, TransactionStatus: Succss, TransationValue: 0.100, CustomerServiceCharge: 0.000, DueValue: 0.100, PaidCurrency: SR, PaidCurrencyValue: 0.100, Currency: SR, Error: null, CardNumber: 458830xxxxxx8168, ErrorCode: }], Suppliers: [], RecurringId: }', NULL, '2023-05-30 10:58:33', '2023-05-30 10:58:33'),
(60, 3, 10, '300', '18162467', '2029-04-11 00:00:00', 1, '{InvoiceId: 18162467, InvoiceStatus: Paid, InvoiceReference: 2023000011, CustomerReference: null, CreatedDate: 2023-05-30T20:46:20.66, ExpiryDate: June 2, 2023, InvoiceValue: 0.1, Comments: null, CustomerName: Anonymous, CustomerMobile: +966, CustomerEmail: null, UserDefinedField: null, InvoiceDisplayValue: 0.100 SR, InvoiceItems: [], InvoiceTransactions: [{TransactionDate: 2023-05-30T20:48:09.8833333, PaymentGateway: MADA, ReferenceId: 315017201615, TrackId: 30-05-2023_17801604, TransactionId: 201615, PaymentId: 0808181624671780160483, AuthorizationId: 395979, TransactionStatus: Succss, TransationValue: 0.100, CustomerServiceCharge: 0.000, DueValue: 0.100, PaidCurrency: SR, PaidCurrencyValue: 0.100, Currency: SR, Error: null, CardNumber: 529415xxxxxx3398, ErrorCode: }], Suppliers: [], RecurringId: }', NULL, '2023-05-30 14:48:45', '2023-05-30 14:48:45');

-- --------------------------------------------------------

--
-- Table structure for table `suppliers`
--

CREATE TABLE `suppliers` (
  `id` bigint(20) UNSIGNED NOT NULL,
  `name` varchar(255) NOT NULL,
  `phone` varchar(255) NOT NULL,
  `address` varchar(255) NOT NULL,
  `clinic_id` bigint(20) UNSIGNED DEFAULT NULL,
  `pharmacy_id` bigint(20) UNSIGNED NOT NULL,
  `fax` varchar(255) DEFAULT NULL,
  `email` varchar(255) DEFAULT NULL,
  `website` varchar(255) DEFAULT NULL,
  `representative_name` varchar(255) DEFAULT NULL,
  `representative_phone` varchar(255) DEFAULT NULL,
  `tax_id_number` varchar(255) DEFAULT NULL,
  `note` varchar(255) DEFAULT NULL,
  `created_at` timestamp NULL DEFAULT NULL,
  `updated_at` timestamp NULL DEFAULT NULL,
  `deleted_at` timestamp NULL DEFAULT NULL
) ENGINE=InnoDB DEFAULT CHARSET=utf8mb4 COLLATE=utf8mb4_unicode_ci;

-- --------------------------------------------------------

--
-- Table structure for table `takafoul_discounts`
--

CREATE TABLE `takafoul_discounts` (
  `id` bigint(20) UNSIGNED NOT NULL,
  `discount` int(11) NOT NULL DEFAULT 0,
  `created_at` timestamp NULL DEFAULT NULL,
  `updated_at` timestamp NULL DEFAULT NULL
) ENGINE=InnoDB DEFAULT CHARSET=utf8mb4 COLLATE=utf8mb4_unicode_ci;

--
-- Dumping data for table `takafoul_discounts`
--

INSERT INTO `takafoul_discounts` (`id`, `discount`, `created_at`, `updated_at`) VALUES
(1, 50, '2024-04-06 14:57:25', '2024-04-06 14:57:25');

-- --------------------------------------------------------

--
-- Table structure for table `test_results`
--

CREATE TABLE `test_results` (
  `id` bigint(20) UNSIGNED NOT NULL,
  `user_id` bigint(20) UNSIGNED NOT NULL,
  `doctor_id` bigint(20) UNSIGNED NOT NULL,
  `clinic_id` bigint(20) UNSIGNED NOT NULL,
  `deleted_at` timestamp NULL DEFAULT NULL,
  `created_at` timestamp NULL DEFAULT NULL,
  `updated_at` timestamp NULL DEFAULT NULL
) ENGINE=InnoDB DEFAULT CHARSET=utf8mb4 COLLATE=utf8mb4_unicode_ci;

--
-- Dumping data for table `test_results`
--

INSERT INTO `test_results` (`id`, `user_id`, `doctor_id`, `clinic_id`, `deleted_at`, `created_at`, `updated_at`) VALUES
(1, 2, 4, 1, NULL, '2022-11-04 11:31:14', '2022-11-04 11:31:14');

-- --------------------------------------------------------

--
-- Table structure for table `users`
--

CREATE TABLE `users` (
  `id` bigint(20) UNSIGNED NOT NULL,
  `name` varchar(255) NOT NULL,
  `email` varchar(255) DEFAULT NULL,
  `phone` varchar(255) DEFAULT NULL,
  `password` varchar(255) DEFAULT NULL,
  `image` varchar(191) DEFAULT NULL,
  `ID_Number` varchar(255) DEFAULT NULL,
  `referral_code` varchar(255) DEFAULT NULL,
  `nationality_id` bigint(20) UNSIGNED DEFAULT NULL,
  `country_id` bigint(20) UNSIGNED DEFAULT NULL,
  `gover_id` bigint(20) UNSIGNED DEFAULT NULL,
  `city_id` bigint(20) UNSIGNED DEFAULT NULL,
  `region_id` bigint(20) UNSIGNED DEFAULT NULL,
  `address_1` varchar(255) DEFAULT NULL,
  `address_2` varchar(255) DEFAULT NULL,
  `postal_code` varchar(50) DEFAULT NULL,
  `mobile_number` varchar(20) DEFAULT NULL,
  `national_id` varchar(20) DEFAULT NULL,
  `file_number` varchar(20) DEFAULT NULL,
  `bill_number` varchar(255) DEFAULT NULL COMMENT 'رقم البوليصة',
  `insurance_card_number` varchar(255) DEFAULT NULL COMMENT 'رقم بطاقة التامين',
  `card_expiry_date` date DEFAULT NULL COMMENT 'تاريخ انتهاء البطاقة',
  `company_id` bigint(20) UNSIGNED DEFAULT NULL,
  `class_id` bigint(20) UNSIGNED DEFAULT NULL,
  `reception_id` bigint(20) UNSIGNED DEFAULT NULL,
  `dob` date DEFAULT NULL,
  `lat` double DEFAULT 0,
  `lng` double DEFAULT 0,
  `address` varchar(191) DEFAULT NULL,
  `gender` int(11) DEFAULT 1 COMMENT '1 male, 2 female ,3 other',
  `parent_id` bigint(20) UNSIGNED DEFAULT NULL,
  `active` int(11) NOT NULL DEFAULT 0,
  `status` tinyint(4) NOT NULL DEFAULT 1,
  `platform` tinyint(4) NOT NULL DEFAULT 1 COMMENT '1 android ,2 ios, 3 reception',
  `device_token` varchar(255) DEFAULT NULL,
  `jwt_token` varchar(255) NOT NULL,
  `info` longtext DEFAULT NULL,
  `package_id` bigint(20) UNSIGNED DEFAULT NULL,
  `expired_date` date DEFAULT NULL,
  `firebase_token` longtext DEFAULT NULL,
  `remember_token` varchar(100) DEFAULT NULL,
  `created_at` timestamp NULL DEFAULT NULL,
  `updated_at` timestamp NULL DEFAULT NULL,
  `deleted_at` timestamp NULL DEFAULT NULL
) ENGINE=InnoDB DEFAULT CHARSET=utf8mb4 COLLATE=utf8mb4_unicode_ci;

--
-- Dumping data for table `users`
--

INSERT INTO `users` (`id`, `name`, `email`, `phone`, `password`, `image`, `ID_Number`, `referral_code`, `nationality_id`, `country_id`, `gover_id`, `city_id`, `region_id`, `address_1`, `address_2`, `postal_code`, `mobile_number`, `national_id`, `file_number`, `bill_number`, `insurance_card_number`, `card_expiry_date`, `company_id`, `class_id`, `reception_id`, `dob`, `lat`, `lng`, `address`, `gender`, `parent_id`, `active`, `status`, `platform`, `device_token`, `jwt_token`, `info`, `package_id`, `expired_date`, `firebase_token`, `remember_token`, `created_at`, `updated_at`, `deleted_at`) VALUES
(1, 'Muhammed Ahmed', 'muhammed@gmail.com', '546411356', '$10$ApjSEBzmqXf.Hr7vStlp/ewJPgBpd.ClQPhYdgULwJP0NuJ5OZ232', NULL, '32652145', NULL, 1, 1, NULL, 1, NULL, NULL, NULL, NULL, NULL, NULL, NULL, NULL, NULL, NULL, NULL, NULL, NULL, '1991-01-01', 0, 0, NULL, 1, NULL, 1, 1, 1, NULL, '', NULL, 3, '2025-01-19', NULL, NULL, '2022-07-12 12:22:53', '2022-07-12 12:22:53', NULL),
(2, 'amgad2', 'user@gmail.com', '+201221274710', '$2y$10$9ITVrEfOsDcphTxjxVQY0.pz9hTa0hYP0cWUKoEriQwJzLnH/m9QW', '16640387789419.png', '324615378', 'amgad', 1, 1, NULL, 1, NULL, NULL, NULL, NULL, NULL, NULL, NULL, NULL, NULL, NULL, NULL, NULL, NULL, '2012-11-11', 30.1620953, 31.4323931, 'egypt-masr elswdan', 1, NULL, 1, 1, 1, 'device token', 'NDoc9Qq4iOsUfaqfBKa9JI1IZZbSi82bhPT9VfB4aTmVKg1tiY1676472138', NULL, 3, '2028-12-29', 'fticlgS8TDaLkacmfbXLZh:APA91bGYMCumkQPV3ovL9B2DUbXZmHxukCGQSnnPkhXFfR8RV7FQBYrJIVLK0ZpXCAbXPt8rG9BJdxrrcfUA3rxk2FCks8ObnCrIH5qeDZbuQ2dD5RoM5iM', NULL, '2022-09-24 23:59:38', '2026-01-09 19:43:30', NULL),
(3, 'amgad78', 'user4@gmail.com', '01221274765', '$2y$10$z09kI8a4oLk6/f1Wm5ja.usiBgB68W501XyddyzTWbaRwgsHvQzKK', '16641878538032.png', '1123444544', 'user1234', 1, 1, NULL, 1, NULL, NULL, NULL, NULL, NULL, '20006jdbd', NULL, NULL, NULL, NULL, NULL, NULL, NULL, '2005-06-28', 12.0999889, 13.018833, 'egypt-masr elswdan', 2, NULL, 1, 1, 1, 'device token', 'dhOfmFcLSJS1JgvINWhsryDxhlbRGMQ7lIxgMw6jN0Im20ebkY1672749896', NULL, 3, '2025-01-10', 'c0suwkrdQ3Sl2Ln9wqWT04:APA91bG7AdMy4KXgUzbkJ-5JvA_1ZMFmKrH1i8qqga3wSoHCEQtkf1qnrBE072cm8UABxmZ4A8zVInOzRxuXP-YddtU750QWNz3rC7c-M_W_b8RBK9bAp04', NULL, '2022-09-26 17:24:13', '2025-12-31 11:40:03', NULL),
(4, 'amgad', 'user2@gmail.com', '+201234567890', '$2y$10$YXDGXztr2l2Jinc.J2ef5uFLETqYfTL2ip1RKgvUwwD7kRLLWSkPm', '16655259507426.png', '11234445443', 'user1234', 1, 1, NULL, 1, NULL, NULL, NULL, NULL, NULL, NULL, NULL, NULL, NULL, NULL, NULL, NULL, NULL, '2005-06-28', 12.0999889, 13.018833, 'egypt-masr elswdan', 1, NULL, 1, 1, 1, 'device token', 'rVyUPwZrFMYvQ4PF7TjoEHQEZwJDK7RBLINMRQU5AZ0AbVUSds1676442704', NULL, 3, '2024-03-26', 'cpkQChebReWWHqsVC1gMFy:APA91bGw1YXnWWRpLKhXiqLvcsTYfXw1va6jEtySZNMcPJWlLwYgLBVTKI3NX6cOgcqlRGOXdiSnnMxnjJl0KDHubN_4gB1iSNjgMH_a3HoftVCVgq7OFEQ', NULL, '2022-10-12 05:05:50', '2026-01-13 12:17:36', NULL),
(5, 'amgad', 'user3@gmail.com', '+2012345678900', '$2y$10$.z9aoCNmfnzb.7eXRbA.zuCI6j5iQdhSyQilaf2xdRP3Orxze4Bu6', '16656356539751.png', '11234445449', 'user1234', 1, 1, NULL, 3, NULL, NULL, NULL, NULL, NULL, NULL, NULL, NULL, NULL, NULL, NULL, NULL, NULL, '2005-06-28', 12.0999889, 13.018833, 'egypt-masr elswdan', 1, NULL, 1, 1, 1, 'device token', 'NNbQfwBWAZWg6cfffbeuNL0sx9wjqsubG0BlPjU6el5Bxwhore1675862189', NULL, NULL, '2024-03-26', 'eNnvtCidSIKU3o_5fpVUAA:APA91bHL40xnvdbVD2i2mcnXb9Qbgd2c5wiRRZkpZ5REJU1aN6WZ5I4x3C7Y2QDmYNXHB6G9JorpeSzVorZc2T2-0-X60fOC_0_C7pV_8FK0RMFBi928etA', NULL, '2022-10-13 11:34:13', '2026-01-02 09:23:43', NULL),
(6, 'eslam mohamed', 'eslam.smaz@gmail.com', '+201122334455', '$2y$10$Wytakkffz9ah9gMWFQfBweTJ5UTtemssG2Yad3C021FBj7r8mPTeC', '16656368755948.jpg', '6120672521', '123456', 1, 1, NULL, 2, NULL, NULL, NULL, NULL, NULL, NULL, NULL, NULL, NULL, NULL, NULL, NULL, NULL, '1993-11-01', 29.9669637, 31.2611865, '12 El-Salam, Ezbet Nafie, Maadi, Cairo Governorate 4230004, Egypt', 1, NULL, 1, 1, 1, NULL, 'pIDZeMCv6KfX4nKsqCQWofTnsaenufHcgJ5Cnpb5516goGpazF1665636923', NULL, NULL, NULL, 'firebase', NULL, '2022-10-13 11:54:35', '2022-10-13 11:55:23', NULL),
(7, 'eslam mohamed', 'eslam3@gmail.com', '+201122334466', '$2y$10$OO8nHxX/9iNn8l2PsfsIle.RvtXJCPXMUM3XqUTihyguajH.3HlUW', '16656791852473.jpg', '11223344', '1234', 1, 1, NULL, 2, NULL, NULL, NULL, NULL, NULL, NULL, NULL, NULL, NULL, NULL, NULL, NULL, NULL, '2012-01-01', 29.9670153, 31.2608792, 'صلاح سالم، البساتين، محافظة القاهرة‬،، X786+R92, Ezbet Nafie, El Basatin, Cairo Governorate 4230010, Egypt', 1, NULL, 1, 1, 1, NULL, 'Z96U2mcktxzORbiYx4ZFaD49HVY3dAMnqdjrgPLLiab1MbpuE61667911729', NULL, NULL, NULL, 'dcuddLXjTA6K63AlymuNPm:APA91bHRSdUBOiVOxMowAJ4Gk6PnDzT0uQdLz6HeoMEmZPgKZ4qsTT4Nyn03Uww_55nvI1VHmF4CR2Fz6EATKSveWzI-640hdr9a43myDa61YA-Hs0hadmWVQ78rx3OkHVRDTASTIGEU', NULL, '2022-10-13 23:39:45', '2022-11-08 19:48:49', NULL),
(8, 'eslam mohamed', 'eslam4@gmail.com', '+201122334477', '$2y$10$0ZyfB1sQlC0bjIKWPsCfgufdSOMFaW7/vcTUXEz8Rk7oKR8RcDq6G', '16656796498705.jpg', '1122334455', '124566', 1, 1, NULL, 1, NULL, NULL, NULL, NULL, NULL, NULL, NULL, NULL, NULL, NULL, NULL, NULL, NULL, '2012-01-01', 29.9670153, 31.2608792, 'صلاح سالم، البساتين، محافظة القاهرة‬،، X786+R92, Ezbet Nafie, El Basatin, Cairo Governorate 4230010, Egypt', 1, NULL, 1, 1, 1, NULL, 'NG8W7nmrX00fjbVb21sPrPB9VErzTxdZqeTOlkhTspUubVVzds1665679669', NULL, NULL, NULL, 'ckoroCusSIKgFfztiWeA66:APA91bEbq9KcCevWxlyQFE8epJ4ROxqVzsJmK02Uc247pplD7YuSlBZp12Zny3YJyGvwSibECOJGoCfGTCL_Z4kflisPxP2ZMxPTVwsHPhgFLOWf7xsTr1NASb_CR6K_Yxw502p7bv0r', NULL, '2022-10-13 23:47:29', '2022-10-13 23:47:49', NULL),
(9, 'eslam mohamed', 'eslam5@gmail.com', '+201122334488', '$2y$10$ddgcnKEw46BMSho3cbxZtOliAsg6EAfgOtVXB2LQoZZwd92E5O5we', '16656799968193.png', '1234560', '123456', 1, 1, NULL, 2, NULL, NULL, NULL, NULL, NULL, NULL, NULL, NULL, NULL, NULL, NULL, NULL, NULL, '1996-12-10', 29.9670153, 31.2608792, 'صلاح سالم، البساتين، محافظة القاهرة‬،، X786+R92, Ezbet Nafie, El Basatin, Cairo Governorate 4230010, Egypt', 1, NULL, 1, 1, 1, NULL, 'LL9RJg0P6Rke8LOu8d423G54UHOl3OkL65G8v8n1Mwx79JTt2r1665680014', NULL, NULL, NULL, 'ckoroCusSIKgFfztiWeA66:APA91bEbq9KcCevWxlyQFE8epJ4ROxqVzsJmK02Uc247pplD7YuSlBZp12Zny3YJyGvwSibECOJGoCfGTCL_Z4kflisPxP2ZMxPTVwsHPhgFLOWf7xsTr1NASb_CR6K_Yxw502p7bv0r', NULL, '2022-10-13 23:53:16', '2022-10-13 23:53:34', NULL),
(10, 'a', 'dr_aymankmk@hotmail.com', '+966547872256', '$2y$10$8Gaevy2dr5thb4cjULiXheOa3C/7tGawbOJXwv.vqHVcPPR2O6NRm', '16656867955727.jpg', '201609', '1', 1, 1, NULL, 3, NULL, NULL, NULL, NULL, NULL, NULL, NULL, NULL, NULL, NULL, NULL, NULL, NULL, '1984-01-13', 24.448693, 39.5001123, '8731-8755 يحيى بن اسماعيل المهاجر، As Sikkah Al Hadid, Medina 42377, Saudi Arabia', 1, NULL, 1, 1, 1, NULL, 'eiIXSn349CslLpSvf1yZAql4Kv2BLBTJpDepRyxEFd604AVUiy1675000228', NULL, 3, '2029-04-11', 'duU2P8hCR4invjARw4JAdL:APA91bFuhF3J4lLg4hBytsw5J4xs2LLHL8sLXOdQBBDX_aJZxP6bN1DTw_tBdyQmcWg0Voduq-THYfnqJi66MOWuHKOv5sokOCP2lev98mi_oe-dGvNueeq00S11IdzBj5_rNEyBCsdv', NULL, '2022-10-14 01:46:35', '2024-05-06 07:22:23', NULL),
(11, 'amgad782', 'amgad@gmail.com', '012212747651', '$2y$10$TAhULM5jyPaOKtvvgTREyu98pSoYeniInSs5qzQU40pg37LGWDT6a', '16659379559444.png', '1123444544', 'user1234', 1, 1, NULL, 1, NULL, NULL, NULL, NULL, NULL, NULL, NULL, NULL, NULL, NULL, NULL, NULL, NULL, '2005-06-28', 12.0999889, 13.018833, 'egypt-masr elswdan', 1, NULL, 1, 1, 1, 'device token', 'OhKCAHofUqmSphPIfh9iByZoqEOn5gt47IXZVbI8rZbIVmh6yQ1667914443', NULL, NULL, NULL, 'firebase', NULL, '2022-10-16 23:32:35', '2022-11-08 20:34:03', NULL),
(12, 'eslam mohamed', 'eslam7@gmail.com', '+201122334499', '$2y$10$NqCCkFCyYdcEBaHz0DT5Xems32i375ftg5XQdO.hHYB4qNWn8ysKu', '16660235905110.jpg', '12345', NULL, 1, 1, NULL, 2, NULL, NULL, NULL, NULL, NULL, NULL, NULL, NULL, NULL, NULL, NULL, NULL, NULL, '2012-01-01', 29.9670153, 31.2608792, 'صلاح سالم، البساتين، محافظة القاهرة‬،، X786+R92, Ezbet Nafie, El Basatin, Cairo Governorate 4230010, Egypt', 1, NULL, 1, 1, 1, NULL, 'g14MAqn2Ii7sxItAQpt66AOAeCFtogaSCCgmoz7QWO46zgaVoK3ZinvSCjdXJq7XAUkGTuJesUk', NULL, NULL, NULL, 'dcuddLXjTA6K63AlymuNPm:APA91bHRSdUBOiVOxMowAJ4Gk6PnDzT0uQdLz6HeoMEmZPgKZ4qsTT4Nyn03Uww_55nvI1VHmF4CR2Fz6EATKSveWzI-640hdr9a43myDa61YA-Hs0hadmWVQ78rx3OkHVRDTASTIGEU', NULL, '2022-10-17 23:19:50', '2022-10-17 23:19:50', NULL),
(13, 'esllam', 'eslam8@gmail.com', '+201122334400', '$2y$10$NR5WRyIqNImJ5Tng2Ff4B.R4nTzlwyA5e5/KwPrSv44t3QO/uAtZm', '16660238569526.jpg', '123456', NULL, 1, 1, NULL, 1, NULL, NULL, NULL, NULL, NULL, NULL, NULL, NULL, NULL, NULL, NULL, NULL, NULL, '2012-01-01', 29.9670153, 31.2608792, 'صلاح سالم، البساتين، محافظة القاهرة‬،، X786+R92, Ezbet Nafie, El Basatin, Cairo Governorate 4230010, Egypt', 1, NULL, 1, 1, 1, NULL, 'iezQFTvt9PD9ZtrMoLW2n8x3gJ89xBIk8lBHLMKtXvpwXdt3SzEzVhC3BEpmqwKLlVG8AWHDqqT', NULL, NULL, NULL, 'dcuddLXjTA6K63AlymuNPm:APA91bHRSdUBOiVOxMowAJ4Gk6PnDzT0uQdLz6HeoMEmZPgKZ4qsTT4Nyn03Uww_55nvI1VHmF4CR2Fz6EATKSveWzI-640hdr9a43myDa61YA-Hs0hadmWVQ78rx3OkHVRDTASTIGEU', NULL, '2022-10-17 23:24:16', '2022-10-17 23:24:16', NULL),
(14, 'Eslam Mohamed', 'eslam9@gmail.com', '+201122223344', '$2y$10$Q1bNd7Fdgy1FpcD9BzDWIuQHNUjhEPd20GyLbTkhiUBHRFYmFdk/.', '16660249264634.jpg', '123458', NULL, 1, 1, NULL, 2, NULL, NULL, NULL, NULL, NULL, NULL, NULL, NULL, NULL, NULL, NULL, NULL, NULL, '2011-12-01', 29.9669637, 31.2611865, '12 El-Salam, Ezbet Nafie, Maadi, Cairo Governorate 4230004, Egypt', 1, NULL, 1, 1, 1, NULL, 'xsMz7v160ii6n8ymejwRLfAOdvp2xziwrUy0OHDWcyh2Bj3aZC1666024946', NULL, NULL, NULL, 'dcuddLXjTA6K63AlymuNPm:APA91bHRSdUBOiVOxMowAJ4Gk6PnDzT0uQdLz6HeoMEmZPgKZ4qsTT4Nyn03Uww_55nvI1VHmF4CR2Fz6EATKSveWzI-640hdr9a43myDa61YA-Hs0hadmWVQ78rx3OkHVRDTASTIGEU', NULL, '2022-10-17 23:42:06', '2022-10-17 23:42:26', NULL),
(15, 'shaimaa', 'shaimaa.farouk27@gmail.com', '+201227198697', '$2y$10$pr4rZ5w5QQa1V.bJJrSqhebqlOsd5RzrtZxxQ7M8sOZNl3bGrTQfe', '16660305363099.heic', '51567855', NULL, 1, 1, NULL, 1, NULL, NULL, NULL, NULL, NULL, NULL, NULL, NULL, NULL, NULL, NULL, NULL, NULL, '1985-06-29', 30.1620953, 31.4323931, '5C6J+RWQ, El-Nahda, Second Al Salam, Cairo Governorate 4650110, Egypt', 2, NULL, 1, 1, 1, NULL, '8kar4CeTffjeR8S9BYXC56Poi3ha9rSCfKrMU7EY15BsTolyly1672739684', NULL, 3, '2024-05-02', 'dItsitqDRNi89CelvzfV3i:APA91bHA649eJoMTyd3TiMVFZ7vE1DzF80be2R-Jvazph-a7_ojEGNVMDgIvxiALN5ypAyHtulkprSVmlngFJECyq0tChv5R-zwompPUY7Y8JCJy4KGmimFbvALbkFVLYCef1rsVs7qy', NULL, '2022-10-18 01:15:36', '2023-07-11 19:08:38', NULL),
(16, 'shaimaa', 'shaimaa@gmail.com', '+201152389776', '$2y$10$FCNTrbhP9WuZsIVwvXNU/udWpxT3C772.emCL3FfkNM0wpkND0rFW', '16660314416557.heic', '5634567', '', 1, 1, NULL, 1, NULL, NULL, NULL, NULL, NULL, NULL, NULL, NULL, NULL, NULL, NULL, NULL, NULL, '1985-06-29', 30.1620953, 31.4323931, '5C6J+RWQ, El-Nahda, Second Al Salam, Cairo Governorate 4650110, Egypt', 2, NULL, 1, 1, 1, NULL, 'pNbedRGifpGSMGnJbgcCwHft21sgPxco5BJLuvdOFpzrly10eW1669187564', NULL, NULL, NULL, 'e1rYT-bFRRSdI8qE5XS-za:APA91bEZ10Al0I8pR-S8vUF-kZsvtFiiyBCPb5SS_4mx_w19uEU-GnsQBwsxvqzYOfO4xg-AgUDjkmrBDrjrvbjGSuTuxBbqWYrKK50e9s8olP6EKPAtohIlZ5K9EAJ8oBeDcWdFy1wf', NULL, '2022-10-18 01:30:41', '2022-11-23 14:12:44', NULL),
(22, 'asora', NULL, '0123568656885', '$2y$10$jKqau6KIik2KCXtDpJRVROO4kLDLHvM4DKI1M8tLOUVctmfYsm0h6', '16685846851632.jpg', '436397157', NULL, 1, 1, NULL, 2, NULL, NULL, NULL, NULL, NULL, NULL, NULL, NULL, NULL, NULL, NULL, NULL, NULL, '2012-11-18', 28.8988662, 76.6245967, '1265, Sector 3 Ln, Sector 3, Rohtak, Haryana 124001, India', 1, 15, 1, 1, 1, NULL, '14K6f1os7m9qLkobeGpEf6vgAFh8lZzK8WIhmuMG9Kml3riukxokBzElAPSNVQLVWtklPoCMNii', NULL, NULL, NULL, NULL, NULL, '2022-11-16 14:44:45', '2022-11-16 14:44:45', NULL),
(29, 'خليل', 'user1@gmail.com', NULL, '$2y$10$39yTWsQxgfy9T0byKl.Rx.E.AXWVCY.i9CIa5vcIyos7YXVsaB4rK', NULL, '684216668', NULL, 1, 1, NULL, 5, NULL, NULL, NULL, NULL, NULL, NULL, NULL, NULL, NULL, NULL, NULL, NULL, NULL, '2016-07-14', 24.448693, 39.5001123, '8731-8755 يحيى بن اسماعيل المهاجر، As Sikkah Al Hadid, Medina 42377, Saudi Arabia', 1, 10, 1, 1, 1, NULL, 'sn9TsxetMM5zHMzXU4uEs6XPU2GcobAnw5CWi91bkUc9kjuwIN4zxcWn2l2ZOkjZLKMZSPWnGnz', NULL, NULL, NULL, 'eWkOKvhMR8yZaX1tXA04MU:APA91bG-uN1FKxIIO6wM8lYvtQ51k98AYrAXmkdmVNiI4RmGmpLGgr4RIXaByfBsBUu3Q8IC0DzXRtxFvAHSfdbPZsgW6CaDF6En9-gDToZmu5vFnKYJgFc', NULL, '2023-03-16 16:57:15', '2026-01-13 13:40:37', NULL),
(30, 'خليل', 'user5@gmail.com', NULL, '$2y$10$39yTWsQxgfy9T0byKl.Rx.E.AXWVCY.i9CIa5vcIyos7YXVsaB4rK', NULL, '624182963', NULL, 1, 1, NULL, 5, NULL, NULL, NULL, NULL, NULL, NULL, NULL, NULL, NULL, NULL, NULL, NULL, NULL, '2023-03-15', 24.448693, 39.5001123, '8731-8755 يحيى بن اسماعيل المهاجر، As Sikkah Al Hadid, Medina 42377, Saudi Arabia', 1, 10, 1, 1, 1, NULL, 'Um712elmfn39j7l1XY9O3knwG5wfdJLcnTeRsmsbE3h0Ki0lVuaZZJZE42lBoKOr3ekZS6LgurM', NULL, NULL, NULL, 'cpkQChebReWWHqsVC1gMFy:APA91bGw1YXnWWRpLKhXiqLvcsTYfXw1va6jEtySZNMcPJWlLwYgLBVTKI3NX6cOgcqlRGOXdiSnnMxnjJl0KDHubN_4gB1iSNjgMH_a3HoftVCVgq7OFEQ', NULL, '2023-03-16 16:57:35', '2025-12-20 14:02:00', NULL),
(31, 'خليل', 'user6@gmail.com', NULL, '$2y$10$39yTWsQxgfy9T0byKl.Rx.E.AXWVCY.i9CIa5vcIyos7YXVsaB4rK', NULL, '614369550', NULL, 1, 1, NULL, 5, NULL, NULL, NULL, NULL, NULL, NULL, NULL, NULL, NULL, NULL, NULL, NULL, NULL, '2023-03-04', 24.448693, 39.5001123, '8731-8755 يحيى بن اسماعيل المهاجر، As Sikkah Al Hadid, Medina 42377, Saudi Arabia', 1, 10, 1, 1, 1, NULL, 'u0CMTmRBApBlbGpDjUWKbqy7c5xv3ZLfGOXzEsBtHatEkrjJM010bHFDWi9c2Xaj6TYW8NFAyfq', NULL, NULL, NULL, NULL, NULL, '2023-03-16 16:57:45', '2023-03-16 16:57:45', NULL),
(32, 'seif', NULL, NULL, '$2y$10$YXDGXztr2l2Jinc.J2ef5uFLETqYfTL2ip1RKgvUwwD7kRLLWSkPm', '16792523546452.heic', '981710925', NULL, 1, 1, NULL, 1, NULL, NULL, NULL, NULL, NULL, NULL, NULL, NULL, NULL, NULL, NULL, NULL, NULL, '2014-11-03', 12.0999889, 13.018833, 'egypt-masr elswdan', 1, 4, 1, 1, 1, NULL, 'oHsR9VK1jalLqL2yCMD8i8laSdwN8rEwJOxJOP521wwSSTD1xP3FXJEGMjPCUSieengLUfs96pF', NULL, NULL, NULL, NULL, NULL, '2023-03-19 16:59:14', '2023-03-19 16:59:14', NULL),
(33, 'seif', NULL, NULL, '$2y$10$YXDGXztr2l2Jinc.J2ef5uFLETqYfTL2ip1RKgvUwwD7kRLLWSkPm', NULL, '695341624', NULL, 1, 1, NULL, 1, NULL, NULL, NULL, NULL, NULL, NULL, NULL, NULL, NULL, NULL, NULL, NULL, NULL, '2014-11-03', 12.0999889, 13.018833, 'egypt-masr elswdan', 2, 4, 1, 1, 1, NULL, 'DX3BY7OLhYUJbDwYN6eDbSFmtJWYH2oiZnr4YEopuMctcB8xhBUupMVc9qXfWp5CQeAy7AQv92m', NULL, NULL, NULL, NULL, NULL, '2023-03-19 16:59:31', '2023-03-19 16:59:31', NULL),
(34, 'seif', NULL, NULL, '$2y$10$YXDGXztr2l2Jinc.J2ef5uFLETqYfTL2ip1RKgvUwwD7kRLLWSkPm', NULL, '507645351', NULL, 1, 1, NULL, 1, NULL, NULL, NULL, NULL, NULL, NULL, NULL, NULL, NULL, NULL, NULL, NULL, NULL, '2014-11-03', 12.0999889, 13.018833, 'egypt-masr elswdan', 1, 4, 1, 1, 1, NULL, 'zPt6iapBBI9I0wLcoi3HL6XiGgGBVkkk3mOwdFzvsdqr7YD80qCmZsNYReXEdxwQNAyC5ENlSDE', NULL, NULL, NULL, NULL, NULL, '2023-03-29 16:53:45', '2023-03-29 16:53:45', NULL),
(35, 'اسلام', NULL, NULL, '$2y$10$CXQCS0s8yDgtasxcmMJLwu6JpXP8x4DsLkoYRAN4rMtavVm6caLfi', '16801190121141.jpg', '996963035', NULL, 1, 1, NULL, 1, NULL, NULL, NULL, NULL, NULL, NULL, NULL, NULL, NULL, NULL, NULL, NULL, NULL, '2023-03-29', 30.1620953, 31.4323931, 'egypt-masr elswdan', 1, 2, 1, 1, 1, NULL, 'K8XIJ4tPC3KDAKjnoCaQ7VKsyxxha3hutxY12np1wI6yn2XxydGvmXta1EKpeC6IqfUNOIjsBsm', NULL, NULL, NULL, NULL, NULL, '2023-03-29 17:43:32', '2023-03-30 02:30:37', NULL),
(40, 'ايمان', 'imaneriyade1@gmail.com', '+966560452425', '$2y$10$MKFQq8RpxrLZWDjRG4y3tewrwfFXITy0ue2dZKg6sjTZYRoaAK7YW', '16874806624538.jpg', '2007985555', NULL, 1, 1, NULL, 5, NULL, NULL, NULL, NULL, NULL, NULL, NULL, NULL, NULL, NULL, NULL, NULL, NULL, '1987-04-05', 24.4229469, 39.5770271, 'القصواء, المدينة المنورة, محافظة المدينة المنورة, منطقة المدينة المنورة, 42318, السعودية', 2, NULL, 1, 1, 1, NULL, '9xphV3b0C1M4q56TRPg0PYMSK9uiXdIk8mRya0qaqHooklwtBsTjfFdB0mBOeKJj1Vi0BtYPdTj', NULL, NULL, NULL, 'eUmn9UpXTvuB4GlzMR2N4E:APA91bE66btNSdXh1nr9YOsjJdd1kEB6FxegWmTynLSjLztvOhbN4abdd02bqSLxl7F6Nma9u9o79Bjvvoi3KhIV9c4X7BEefVxispLGKKUO2-D_1AH53ZsZZRRIOplxtnWYttH2l8fO', NULL, '2023-06-22 21:37:42', '2023-06-22 21:42:00', NULL),
(42, 'امجد-نعيم-بطرس-جرجس', 'amgad.naim@innovito.com', '012212542412', NULL, '17079648909337.png', 'va7uA21Ul2', NULL, 1, NULL, NULL, 5, 29, 'asd', 'assssssss', '12322', '012212542412', NULL, '1435555', '12322', '34322', '0000-00-00', 1, 3, 4, '1996-12-10', 0, 0, NULL, 1, NULL, 1, 1, 3, NULL, 'LYbcwynTvFvABC2RyaESdmuuubYZdHdKlEIhJj4pkMNwvIzC7WwIkpwBLEtm0OIp04k4DoNuOBI', NULL, NULL, '2024-02-09', NULL, NULL, '2024-02-15 02:41:30', '2024-02-15 02:41:30', NULL),
(44, 'aser-aser-alaa-alaa', 'alaa2@gmail.com', '01023702414', NULL, NULL, 'p8qqZMGNSh', NULL, 1, NULL, NULL, 2, 11, 'السعودية', 'السعودية 2', '303', '01023702414', NULL, '2123456', '10', '123456', '2024-02-27', 1, 2, 4, '2024-02-01', 0, 0, NULL, 2, NULL, 1, 1, 3, NULL, 'kv8z2GTff0mKBwUmFKYZ4Dsh4qgIjS3cp6xFbOHxYRa2tHzGljZSEtkoYkFcBsEZ0nlrNhYwdmM', NULL, NULL, NULL, NULL, NULL, '2024-02-27 22:43:12', '2024-02-27 22:43:12', NULL),
(45, 'حمزة-ايمن-خليل-ابو فول', 'hamza@gmail.com', '0547872256', NULL, NULL, 'Jf0j666yW6', NULL, 1, NULL, NULL, 3, 15, 'القصواء', 'لا يوجد', '1', '0547872256', NULL, '111', '0', '11', '2024-05-22', NULL, NULL, 4, '2020-03-03', 0, 0, NULL, 1, NULL, 1, 1, 3, NULL, 'C5DLMwPZZN6irhkE61AicxwguQZ3H7pT6FazE5sSX3cgj6h8UJLXxx7tv0ZIX9gQHr3LHZCk4nQ', NULL, NULL, NULL, NULL, NULL, '2024-05-07 07:05:35', '2024-05-07 07:05:35', NULL),
(46, 'عمر-ايمن-خليل-ابو', 'omar@gmail.com', '0547872255', NULL, NULL, 'nhNw2cWgvC', NULL, 1, NULL, NULL, 3, 19, 'القصواء', 'لا يوجد', '1', '0547872255', NULL, '1111', '11', '111', '2024-06-07', 2, 4, 4, '2016-12-01', 0, 0, NULL, 1, NULL, 1, 1, 3, NULL, 'Mk17buaJN1W9kJQp5b3lBybRrMNxZS2PdXT8HUCjEWsN4RN9V0BszcDacURlNkiBjRZZcQLQYUH', NULL, NULL, '2025-04-30', NULL, NULL, '2024-05-07 07:13:26', '2025-07-13 17:56:44', NULL),
(47, 'خليل-ايمن-خليل-ابو', 'khalil@gmail.com', '0547872254', NULL, NULL, 'cH3ggFOCen', NULL, 1, NULL, NULL, 2, 14, 'القصواء', 'لا يوجد', '1', '0547872254', NULL, '122', '0', '22', '2024-06-06', 2, 3, 4, '2015-07-14', 0, 0, NULL, 1, NULL, 1, 1, 3, NULL, 'NQewoNlpJV7tszAsvI9uhy4kY1YLP2gd8Yh2XdUzUQsdA7eHe0gZR8Y84FY95Tk8hjWKp83PBS9', NULL, NULL, NULL, NULL, NULL, '2024-05-07 07:29:11', '2025-12-16 18:53:30', NULL),
(48, 'زغلول-النجار-زغلول-الزغلول', NULL, '0556734569', NULL, NULL, 'I4tUKN7uQZ', NULL, NULL, NULL, NULL, 3, NULL, 'المدينة المنورة', NULL, NULL, NULL, NULL, NULL, NULL, NULL, NULL, NULL, NULL, NULL, NULL, 0, 0, NULL, 1, NULL, 1, 1, 3, NULL, '5i47ljxUopm6EdvPJ5hF77rd0nj4yxzYid9ikDgw0y1cEolRXinVmayHqfpQsJgDODljsyO81SA', NULL, NULL, NULL, NULL, NULL, '2024-05-12 12:06:14', '2024-05-12 12:06:14', NULL),
(49, 'alaa-test--', 'alaa@gmail.com', NULL, '$2y$10$CXQCS0s8yDgtasxcmMJLwu6JpXP8x4DsLkoYRAN4rMtavVm6caLfi', '17528477171932.png', '832244758', NULL, NULL, NULL, NULL, 1, NULL, NULL, NULL, NULL, NULL, '123456', '123456', NULL, NULL, NULL, NULL, NULL, NULL, '2024-07-10', 30.1620953, 31.4323931, 'egypt-masr elswdan', 1, 2, 1, 1, 1, NULL, 'VqB4uA34lYSMsVpGFWY20BiHl00WyyRizzgJh6zdcGzF0djgYdfBS6ns3wU1UQTCxveLCVDrP39', NULL, NULL, '2025-12-12', NULL, NULL, '2024-07-19 12:37:22', '2025-08-04 10:14:03', NULL),
(50, 'تيست-تيست-تيست-تيست', 'test@gmail.com', '01020685285', NULL, NULL, 'Z9mSDTUd9p', NULL, 1, NULL, NULL, 2, 14, 'تيست', 'تيست', '11311', '01020685289', NULL, '2125455', '0', '1254552', '2026-06-30', 2, 4, 10, '1999-05-11', 0, 0, NULL, 2, NULL, 0, 1, 3, NULL, 'FwoMORXDG6NLb0PjT6Pc2XyYOUzeDAisRzAI3cxQqGLrc91RwHxk2thKcMvg0FeY4u5VxeM85C1', NULL, NULL, NULL, NULL, NULL, '2025-11-15 09:29:10', '2025-11-15 09:30:57', NULL),
(51, 'مروه بدوي علي', NULL, NULL, '$2y$10$9ITVrEfOsDcphTxjxVQY0.pz9hTa0hYP0cWUKoEriQwJzLnH/m9QW', '17658014422916.jpg', '893934569', NULL, NULL, NULL, NULL, 1, NULL, NULL, NULL, NULL, NULL, '29220105511422', '1020685285', NULL, NULL, NULL, NULL, NULL, NULL, '2007-12-14', 30.1620953, 31.4323931, 'egypt-masr elswdan', 2, 2, 0, 1, 1, NULL, 'D3AiQBYPzRxFtqkZ5dDDl33MnlSbfn37zC2Uozyx26ZwoqQCuocwwNITe45f9yVggciayj9kFSH', NULL, NULL, NULL, NULL, NULL, '2025-12-15 12:24:02', '2025-12-15 12:24:02', NULL),
(52, 'زين-عبدالرحمن-حلمي-سيد', 'zaun@gmail.com', '54 787 2256', NULL, NULL, 'AU1fXHdP6g', NULL, 1, NULL, NULL, 1, 7, 'الرياض شارع الجامع', '15 شارع الرحمن', '11311', '996', NULL, '1515', '0', '515', '2031-12-26', 1, 2, 371, '2021-12-03', 0, 0, NULL, 1, NULL, 0, 1, 3, NULL, 'vDFHYJfpqcRKekfv3IAcYnKZBB0edz0QGGciuNUGGXP0lRKP8FXDyai9oz0IEGGXNN7H9xaLIA7', NULL, NULL, NULL, NULL, NULL, '2025-12-18 08:43:07', '2025-12-18 08:43:07', NULL),
(53, 'ساجده-وليد-زينهم-حافظ', 'sagda@gmail.com', '54 777 2256', NULL, NULL, 'RjzRpBhvXJ', NULL, 1, NULL, NULL, 1, 7, 'الرياض شارع الجامع', '15 شارع الرحمن', '898', '966', NULL, '257534', '1', '57534', '2031-11-27', 2, 4, 371, '2018-06-12', 0, 0, NULL, 2, NULL, 0, 1, 3, NULL, 'lOgvK36G4Rwi9fUBpkkYcQKYFO0UR9a3G9qSvv5kH1oci63xGGCenCPLKKrA5weEtyxfxU16SR5', NULL, NULL, NULL, NULL, NULL, '2025-12-18 08:46:53', '2025-12-18 08:46:53', NULL),
(54, 'تاليا-احمد-عبدالسلام-محمد', 'talia@gmail.com', '54 787 2257', NULL, NULL, 'oO11ipcrgU', NULL, 1, NULL, NULL, 1, 7, 'الرياض شارع الجامع', '15 شارع الرحمن', '54696', '966', NULL, '257654', '3', '57654', '2031-08-15', 2, 3, 371, '2022-07-19', 0, 0, NULL, 2, NULL, 0, 1, 3, NULL, 'myUhtuCKgidZZ1oHZbgumGAPhjKdrdeI6S8Q74t8Gi2M7UfRUC2Pn7fK0kxfXCLVoIBzajgjqIa', NULL, NULL, NULL, NULL, NULL, '2025-12-18 08:50:19', '2025-12-18 08:50:19', NULL),
(55, 'يونس محمد', NULL, NULL, '$2y$10$39yTWsQxgfy9T0byKl.Rx.E.AXWVCY.i9CIa5vcIyos7YXVsaB4rK', '17662413996147.jpg', '690950089', NULL, NULL, NULL, NULL, 5, NULL, NULL, NULL, NULL, NULL, '544558', '55558', NULL, NULL, NULL, NULL, NULL, NULL, '2007-12-19', 24.448693, 39.5001123, '8731-8755 يحيى بن اسماعيل المهاجر، As Sikkah Al Hadid, Medina 42377, Saudi Arabia', 2, 30, 0, 1, 1, NULL, '2EjRWJmLDivkEIwnTVvDBzjxuQanWu2HYhvphrKWRR6wxadVP7s7VGz3tpO1AEZVEwXOLrzk4Na', NULL, NULL, NULL, NULL, NULL, '2025-12-20 14:36:39', '2025-12-20 14:36:39', NULL),
(56, 'يونس محمد', NULL, NULL, '$2y$10$39yTWsQxgfy9T0byKl.Rx.E.AXWVCY.i9CIa5vcIyos7YXVsaB4rK', '17662416689068.jpg', '622472979', NULL, NULL, NULL, NULL, 5, NULL, NULL, NULL, NULL, NULL, '554585', '254458', NULL, NULL, NULL, NULL, NULL, NULL, '2007-12-26', 24.448693, 39.5001123, '8731-8755 يحيى بن اسماعيل المهاجر، As Sikkah Al Hadid, Medina 42377, Saudi Arabia', 1, 30, 0, 1, 1, NULL, 'Vz5EZaMYYh13qvopEFHSbIuno9utS2Gmoged9BJySmbOAvpSUl4iR8hThNL1oeRde6draC4UMOp', NULL, NULL, NULL, NULL, NULL, '2025-12-20 14:41:08', '2025-12-20 14:41:08', NULL),
(57, 'يونس', NULL, NULL, '$2y$10$39yTWsQxgfy9T0byKl.Rx.E.AXWVCY.i9CIa5vcIyos7YXVsaB4rK', '17662433551237.jpg', '266196547', NULL, NULL, NULL, NULL, 5, NULL, NULL, NULL, NULL, NULL, '5545', '5448', NULL, NULL, NULL, NULL, NULL, NULL, '2007-12-19', 24.448693, 39.5001123, '8731-8755 يحيى بن اسماعيل المهاجر، As Sikkah Al Hadid, Medina 42377, Saudi Arabia', 1, 30, 0, 1, 1, NULL, 'itLPsvjQVrAhzamvTXIVoWoWPEreaHQZf7OOOYwnC69DgCYom2HUm4isStfdmscohCK7roSVkKO', NULL, NULL, NULL, NULL, NULL, '2025-12-20 15:09:15', '2025-12-20 15:09:15', NULL),
(58, 'زين-عبدالرحمن-حلمي-محمد', NULL, '046589686', NULL, NULL, '6IwYENSThx', NULL, NULL, NULL, NULL, 1, NULL, 'الرياض شارع الجامع', NULL, NULL, NULL, NULL, NULL, NULL, NULL, NULL, NULL, NULL, NULL, NULL, 0, 0, NULL, 1, NULL, 0, 1, 3, NULL, 'yibsK6cpWvNcDALSPhwh2ueBVS58igeseTE8QmhJcChLSaBxaJJHeILxYTBPlnY7EkJklF8u3U5', NULL, NULL, NULL, NULL, NULL, '2025-12-27 12:42:45', '2025-12-27 12:42:45', NULL),
(59, 'مروه', NULL, NULL, '$2y$10$39yTWsQxgfy9T0byKl.Rx.E.AXWVCY.i9CIa5vcIyos7YXVsaB4rK', '17677105436393.jpg', '406481349', NULL, NULL, NULL, NULL, 5, NULL, NULL, NULL, NULL, NULL, '1020685285', '55448', NULL, NULL, NULL, NULL, NULL, NULL, '2008-01-16', 24.448693, 39.5001123, '8731-8755 يحيى بن اسماعيل المهاجر، As Sikkah Al Hadid, Medina 42377, Saudi Arabia', 2, 29, 0, 1, 1, NULL, 'HPOPkUyU916JpahqNszqdCrnQSiRXCp3ZV93kLltgzog68AhY6qsVNbrRYCkpr6aityUohjENm4', NULL, NULL, NULL, NULL, NULL, '2026-01-06 14:42:23', '2026-01-06 14:42:23', NULL),
(60, 'أحمد-محمد-عبد الله-العتيبي', 'ahmad1@mail.com', '0114567890', NULL, NULL, '2qK6hg3LoH', NULL, 1, NULL, NULL, 1, 7, 'الرياض – حي النرجس', 'الرياض – حي النرجس', '13321', '0551234567', NULL, '1INS5001', 'POL1001', 'INS5001', '2027-03-15', 2, 4, 371, '1999-05-12', 0, 0, NULL, 1, NULL, 0, 1, 3, NULL, 'rhOOedZnKuhlpalBe7Y81mj50fMpsuzTiqupu4EjL4wBBVywkXgSICsVfS9BPUmTZxjBwHqNHEs', NULL, NULL, NULL, NULL, NULL, '2026-01-12 08:15:40', '2026-01-12 08:15:40', NULL),
(61, 'فاطمة-علي-حسن-القحطاني', 'fatima2@mail.com', '0126543210', NULL, NULL, 'BR4dPnwEA6', NULL, 1, NULL, NULL, 7, 42, 'جدة – حي السلامة', 'جدة – حي السلامة', '23436', '0562345678', NULL, '2INS5002', 'POL1002', 'INS5002', '2027-11-01', 1, 2, 371, '1995-12-08', 0, 0, NULL, 2, NULL, 0, 1, 3, NULL, 'gcIMbekWl3KLq4GH7hUYU8G8GfdXDSWiKDPker25Ht9LnspLZjmOqQZ2dBJfJ4KYTqi2FWPlpgg', NULL, NULL, NULL, NULL, NULL, '2026-01-12 08:18:49', '2026-01-12 08:18:49', NULL),
(62, 'خالد-عبد الرحمن-صالح-المطيري', 'khaled3@mail.com', '0138765432', NULL, NULL, 'DqotaH9c8S', NULL, 1, NULL, NULL, 6, 35, 'الدمام – حي الفيصلية', 'الدمام – حي الفيصلية', '32271', '0543456789', NULL, '1INS5003', 'POL1003', 'INS5003', '2028-07-30', 1, 1, 371, '1987-03-02', 0, 0, NULL, 1, NULL, 0, 1, 3, NULL, 'rDUooJ2XmQzA2zhHveLKm70uLrryvOJgrc04y1x2QWJJMHK4rx54LdEp3SP9jTJW0MThsxXEmhB', NULL, NULL, NULL, NULL, NULL, '2026-01-12 08:22:05', '2026-01-12 08:22:05', NULL),
(63, 'نورة-سعد-محمد-الدوسري', 'nora4@mail.com', '0115678901', NULL, NULL, '8fGK4R9LvO', NULL, NULL, NULL, NULL, 4, 25, 'الرياض – حي الياسمين', 'الرياض – حي الياسمين', '13326', '0574567890', NULL, '2INS5004', 'POL1004', 'INS5004', '2029-12-18', 1, 1, 371, '2000-12-10', 0, 0, NULL, 2, NULL, 0, 1, 3, NULL, 'pZ8auc7JVtENC5vEZFV4vT0FDQEi2Ww8Ir9QAiUzaNJ8dTh0kgWe96lt0rtFCNfnsh32aBxnAGg', NULL, NULL, NULL, NULL, NULL, '2026-01-12 08:26:16', '2026-01-12 08:26:16', NULL),
(64, 'يوسف-أحمد-عبد العزيز-الزهراني', 'yousef5@mail.com', '0173456789', NULL, NULL, 'naQ8lKv3HP', NULL, 1, NULL, NULL, 2, 13, 'أبها – حي المنهل', 'أبها – حي المنهل', '62521', '0505678901', NULL, '1INS5005', 'POL1005', 'INS5005', '2026-05-10', 2, 3, 371, '1995-01-25', 0, 0, NULL, 1, NULL, 0, 1, 3, NULL, 'mgW7TnOLqh5T0WsLrlx5KFfxVi8qHjlxgU6gSgMbm38PkdOJBGbjmm26OCJE4PXQQIIcnURUWoa', NULL, NULL, NULL, NULL, NULL, '2026-01-12 08:29:26', '2026-01-12 08:29:26', NULL),
(65, 'سارة-إبراهيم-يوسف-الغامدي', 'sara6@mail.com', '0127890123', NULL, NULL, 'IpGqtlON2K', NULL, 1, NULL, NULL, 4, 24, 'الطائف – حي شهار', 'الطائف – حي شهار', '26514', '0536789012', NULL, '2INS5006', 'POL1006', 'INS5006', '2030-09-22', 2, 4, 371, '1998-09-07', 0, 0, NULL, 2, NULL, 0, 1, 3, NULL, 'jBnr9Viv9zePzhvcHYXImIrgWvXx58ufuoCN1sEjzYy0L4gdTHcYRtzOgZcdMYK3x1RDRY5HlQ8', NULL, NULL, NULL, NULL, NULL, '2026-01-12 08:32:47', '2026-01-12 08:32:47', NULL),
(66, 'عبد الله-صالح-ناصر-الحربي', 'abdullah7@mail.com', '0145671234', NULL, NULL, '7oJs7uXsYb', NULL, 1, NULL, NULL, 3, 18, 'المدينة – حي العريض', 'المدينة – حي العريض', '42316', '0597890123', NULL, '1INS5007', 'POL1007', 'INS5007', '2027-01-05', 2, 4, 371, '1985-11-30', 0, 0, NULL, 1, NULL, 0, 1, 3, NULL, 'UxmuJfOmXlO1zsmUydL6VgtFLvKiov7diAZ59jcKeOR1S17xNYUUarnmPAG1Pn39LF8yZBsPf5N', NULL, NULL, NULL, NULL, NULL, '2026-01-12 08:35:23', '2026-01-12 08:35:23', NULL),
(67, 'ريم-فهد-عبد الله-الشمري', 'reem8@mail.com', '0165432109', NULL, NULL, 'mY8DxpgP36', NULL, 1, NULL, NULL, 7, 39, 'حائل – حي الزبارة', 'حائل – حي الزبارة', '81411', '0588901234', NULL, '2INS5008', 'POL1008', 'INS5008', '2026-10-30', 2, 4, 371, '2002-03-17', 0, 0, NULL, 2, NULL, 0, 1, 3, NULL, 'W3LGSJ9LG4nQo68GSyjtf7D8phmGWE5X0MYz02RUY8LPCspg5q8QY88tuWmTIXe354OLKV9MaYr', NULL, NULL, NULL, NULL, NULL, '2026-01-12 08:38:21', '2026-01-12 08:38:21', NULL),
(68, 'ماجد-سليمان-عبد الرحمن-السبيعي', 'majed9@mail.com', '0163456789', NULL, NULL, 'lKtW5ScIkI', NULL, 1, NULL, NULL, 5, 28, 'بريدة – حي الريان', 'بريدة – حي الريان', '52384', '0569012345', NULL, '1INS5009', 'POL1009', 'INS5009', '2026-08-12', 7, NULL, 371, '1991-06-04', 0, 0, NULL, 1, NULL, 0, 1, 3, NULL, 'S0lKMswaMbRWqK4t3oBbRK0QiDiQdmGwsUiViBixUsAMvOcLqrAssfjrUDmSxSIqLJN3pQONQki', NULL, NULL, NULL, NULL, NULL, '2026-01-12 08:40:07', '2026-01-12 08:40:07', NULL),
(69, 'هدى-عبد الله-حسن-البلوي', 'huda10@mail.com', '0142345678', NULL, NULL, 'MHZp6dRvl7', NULL, 1, NULL, NULL, 4, 22, 'تبوك – حي المروج', 'تبوك – حي المروج', '47912', '0550123456', NULL, '2INS5010', 'POL1010', 'INS5010', '2027-06-20', NULL, NULL, 371, '1997-08-09', 0, 0, NULL, 2, NULL, 0, 1, 3, NULL, 'niSeQwDQ9nholKkvyuEpAmfp2rh5Uk5p4FTrGyRU52yaYbLO9TncPVO4L48eXMcLLo5guLm9qmJ', NULL, NULL, NULL, NULL, NULL, '2026-01-12 08:41:57', '2026-01-12 08:41:57', NULL),
(70, 'محمد-عبد الله-صالح-العنزي', 'mohammed11@mail.com', '0113456789', NULL, NULL, 'WwyUAoy4HW', NULL, 1, NULL, NULL, 1, 2, 'الرياض – حي الروضة', 'الرياض – حي الروضة', '13213', '0501239876', NULL, '1INS5011', 'POL1011', 'INS5011', '2028-02-10', 1, 1, 371, '1989-04-18', 0, 0, NULL, 1, NULL, 0, 1, 3, NULL, 'gWXUUXQlESuJ7Y3pUclyXBIHJQgYrzIYglMtj8LqtuhSNk6a6uHaEeaKTpzTMFoqRYzGocsF4Xt', NULL, NULL, NULL, NULL, NULL, '2026-01-12 08:44:50', '2026-01-12 08:44:50', NULL),
(71, 'لينا-خالد-عبد الرحمن-الحازمي', 'lina12@mail.com', '0124567890', NULL, NULL, 'QAn8RkYaci', NULL, 1, NULL, NULL, 2, 13, 'مكة – حي العزيزية', 'مكة – حي العزيزية', '24243', '0552349876', NULL, '2INS5012', 'POL1012', 'INS5012', '2029-08-19', 1, 2, 371, '2001-02-12', 0, 0, NULL, 2, NULL, 0, 1, 3, NULL, '7cvK2bTIAS90PwmOuUKvJZa7t3KULWpkx9jgZ95p4rJMCCEjHRkYwZ5YTShoXlhhh1AhyAkyrE1', NULL, NULL, NULL, NULL, NULL, '2026-01-12 08:47:12', '2026-01-12 08:47:12', NULL),
(72, 'بدر-حسين-محمد-الهاجري', 'bader13@gmail.com', '0135678901', NULL, NULL, 'X44tYptz2Q', NULL, 1, NULL, NULL, 5, 27, 'الأحساء – حي المزروعية', 'الأحساء – حي المزروعية', '31982', '0563459876', NULL, '1INS5013', 'POL1013', 'INS5013', '2028-04-27', 1, 1, 371, '1993-07-21', 0, 0, NULL, 1, NULL, 0, 1, 3, NULL, 'fEb2pPyG25Bd34aTmOS01gG4YTSP9zqmSM8UrDgUJ9wbtp6HZONOY6y2BafPsafCLWSfMbMwMO8', NULL, NULL, NULL, NULL, NULL, '2026-01-12 12:14:10', '2026-01-12 12:14:10', NULL),
(73, 'منى-عبد العزيز-فهد-الشهري', 'mona14@mail.com', '0172345678', NULL, NULL, 'LjSKnY4sEg', NULL, 1, NULL, NULL, 6, 32, 'خميس مشيط – حي الرصراص', 'خميس مشيط – حي الرصراص', '62435', '0544569876', NULL, '2INS5014', 'POL1014', 'INS5014', '2026-12-31', 2, 4, 371, '1999-09-01', 0, 0, NULL, 2, NULL, 0, 1, 3, NULL, 'KRRQPx29nl07BZdKSBqxt5X8B68YXaMySTFwymrz0Vuy341eOVTor6j2HxmzkM8kxdRdgjm6jM7', NULL, NULL, NULL, NULL, NULL, '2026-01-12 12:16:17', '2026-01-12 12:16:17', NULL),
(74, 'تركي-ناصر-عبد الله-العسيري', 'turki15@mail.com', '0173456123', NULL, NULL, 'bh0CzBBTZO', NULL, 1, NULL, NULL, 4, 22, 'أبها – حي الموظفين', 'أبها – حي الموظفين', '62512', '0535679876', NULL, '1INS5015', 'POL1015', 'INS5015', '2029-06-15', 2, 3, 371, '1986-05-30', 0, 0, NULL, 1, NULL, 0, 1, 3, NULL, '1du65EW4REznrEEiJTOBGE93tDCtOqicRkV32LRuQ8pRAdEQPjfHXZHFpWV0o0IaQVayl4GXX7P', NULL, NULL, NULL, NULL, NULL, '2026-01-12 12:20:24', '2026-01-12 12:20:24', NULL),
(75, 'دانا-سعد-إبراهيم-السهلي', 'dana16@mail.com', '0116543210', NULL, NULL, 'nYWHSTaxfj', NULL, 1, NULL, NULL, 1, 4, 'الرياض – حي الملقا', 'الرياض – حي الملقا', '13524', '0596789876', NULL, 'INS5016', 'POL1016', 'INS5016', '2030-07-07', 1, 1, 371, '2003-08-11', 0, 0, NULL, 1, NULL, 0, 1, 3, NULL, 'Imn6rKTKXkpsQERMNEzkPr0dHJZjACCisVWD4koWWNmOrmJtRJBP5EKg2OwPiOCPzC4pvYs1UZp', NULL, NULL, NULL, NULL, NULL, '2026-01-12 12:28:17', '2026-01-12 12:28:17', NULL),
(76, 'ريان-فيصل-محمد-القرني', 'rayan17@mail.com', '0127896543', NULL, NULL, 'aq47vm79ap', NULL, 1, NULL, NULL, 2, 8, 'جدة – حي الصفا', 'جدة – حي الصفا', '23454', '0507899876', NULL, '1INS5017', 'POL1017', 'INS5017', '2028-09-01', 2, 4, 371, '1994-02-26', 0, 0, NULL, 1, NULL, 0, 1, 3, NULL, 'PgF9Bbm8h7t74aFqu8NEK1WCbNlxiNZgKr4q2NOfhGKT4Fjk6p9C88vCBAlS2lcLbw08mrXugWz', NULL, NULL, NULL, NULL, NULL, '2026-01-12 12:32:56', '2026-01-12 12:32:56', NULL),
(77, 'هاجر-عبد الرحمن-علي-السلمي', 'hajar18@mail.com', '0145678910', NULL, NULL, 'xlwADyogRK', NULL, 1, NULL, NULL, 3, 15, 'المدينة – حي الخالدية', 'المدينة – حي الخالدية', '42385', '0518909876', NULL, '2INS5018', 'POL1018', 'INS5018', '2027-10-10', 2, 3, 371, '1996-06-15', 0, 0, NULL, 2, NULL, 0, 1, 3, NULL, 'abKYiAC1USDuidJZniI182soOgypGveGc4gd3nX23T2xmlMb33CqgtZrpH3eN4TecTbTbx93t4d', NULL, NULL, NULL, NULL, NULL, '2026-01-12 12:34:32', '2026-01-12 12:34:32', NULL),
(78, 'سلمان-فهد-عبد العزيز-الروقي', 'salman19@mail.com', '0123459876', NULL, NULL, 'anSZcmEcnT', NULL, 1, NULL, NULL, 2, 9, 'الطائف – حي الوسام', 'الطائف – حي الوسام', '26576', '0529019876', NULL, '1INS5019', 'POL1019', 'INS5019', '2029-01-28', 1, 1, 371, '1984-05-11', 0, 0, NULL, 1, NULL, 0, 1, 3, NULL, '3R2XoiSAC9wXspBqmZhNfFF0Juh60H5DmTsrTF95yQXSpA0qzTRb3C196umPzq1mJXTpMRzMimf', NULL, NULL, NULL, NULL, NULL, '2026-01-12 12:37:07', '2026-01-12 12:37:07', NULL),
(79, 'جود-مازن-صالح-العوفي', 'joud20@mail.com', '0141234567', NULL, NULL, '0BhUys0xzb', NULL, 1, NULL, NULL, 3, 15, 'ينبع – حي النخيل', 'ينبع – حي النخيل', '46423', '0580129876', NULL, '2INS5020', 'POL1020', 'INS5020', '2028-05-03', 2, 3, 371, '2003-03-19', 0, 0, NULL, 2, NULL, 0, 1, 3, NULL, 'NslzTU26eQKA8cx9giZkEALx59UiZ7Fr4BZHVO5XV7tzFlPF0bY8KCC2C9x7U2zovBasYbVGt64', NULL, NULL, NULL, NULL, NULL, '2026-01-12 12:39:30', '2026-01-12 12:39:30', NULL),
(80, 'فهد-عبد الله-ناصر-السهيمي', 'fahad21@mail.com', '0119876543', NULL, NULL, 'iy150fB6Ip', NULL, 1, NULL, NULL, 1, 2, 'الرياض – حي الشفا', 'الرياض – حي الشفا', '14716', '0502348765', NULL, 'INS5021', 'POL1021', 'INS5021', '2029-07-21', NULL, NULL, 371, '1990-09-07', 0, 0, NULL, 1, NULL, 0, 1, 3, NULL, '1Oyb0sEzw6wgThIghUazjTngng4Z8sffTRKkQAzwVjhQlLhJlsDmdHL4jqXrbKJu139R9xEzUv8', NULL, NULL, NULL, NULL, NULL, '2026-01-12 12:42:20', '2026-01-12 12:42:20', NULL),
(81, 'بيان-يوسف-عبد الرحمن-المطرفي', 'bayan22@mail.com', '0128765432', NULL, NULL, '7Hkx5Q7rs9', NULL, 1, NULL, NULL, 2, 8, 'جدة – حي الأندلس', 'جدة – حي الأندلس', '23326', '0553458765', NULL, 'INS5022', 'POL1022', 'INS5022', '2027-11-29', 2, 3, 371, '2004-03-01', 0, 0, NULL, 1, NULL, 0, 1, 3, NULL, 'xPx2rhAqteqAA4SZXYusXepCbowq5qmqpYvPHm8vbc9wJBCpUoEuT7YwdDMaLmIAvyGZR4rKRa1', NULL, NULL, NULL, NULL, NULL, '2026-01-12 12:44:21', '2026-01-12 12:44:21', NULL),
(82, 'نايف-خالد-سعد-الزبيدي', 'naif23@mail.com', '0134567891', NULL, NULL, '5Y0yikHC0M', NULL, 1, NULL, NULL, 3, 16, 'حفر الباطن – حي الفيصلية', 'حفر الباطن – حي الفيصلية', '39921', '0564568765', NULL, 'INS5023', 'POL1023', 'INS5023', '2030-03-09', 2, 3, 371, '1988-02-06', 0, 0, NULL, 1, NULL, 0, 1, 3, NULL, 'wLwVLUIEX2tATZ4LbCIbf8GxtquzktBxYahoSWECEGHrisxfmqimTubgLb0MQxv9W4fKdxEUqJ2', NULL, NULL, NULL, NULL, NULL, '2026-01-12 12:46:45', '2026-01-12 12:46:45', NULL),
(83, 'عمر-أحمد-عبد الرحمن-التميمي', 'omar25@mail.com', '0162345678', NULL, NULL, 'bkwS05lUcN', NULL, 1, NULL, NULL, 5, 29, 'القصيم – حي المنتزه', 'القصيم – حي المنتزه', '52367', '0586788765', NULL, 'INS5025', 'POL1025', 'INS5025', '2026-12-12', 1, 2, 371, '1985-08-04', 0, 0, NULL, 1, NULL, 0, 1, 3, NULL, 'm2mweNwHCcAv3y4ST4sVhdjjD9INx7cXJfdyYk1RwvJMqYiGZFASUbsf8hdP2HOS1amtaCNHjVF', NULL, NULL, NULL, NULL, NULL, '2026-01-12 12:51:04', '2026-01-12 12:51:04', NULL),
(84, 'شهد-عبد الله-محمد-الفيفي', 'shahad24@mail.com', '0179876543', NULL, NULL, 'WJwyYR2nqH', NULL, 1, NULL, NULL, 4, 22, 'جازان – حي السويس', 'جازان – حي السويس', '45142', '0575678765', NULL, '2INS5024', 'POL1024', 'INS5024', '2026-09-17', 1, 2, 371, '2000-10-25', 0, 0, NULL, 2, NULL, 0, 1, 3, NULL, 'cBHJif9QiPBGsrQIj3ZljjENnjXEUZ6WRK37KGf1NfFu4eM96AbSfrYk2rjUcOoejGJW0JtY9XH', NULL, NULL, NULL, NULL, NULL, '2026-01-12 12:54:34', '2026-01-12 12:54:34', NULL),
(85, 'أمل-إبراهيم-ناصر-الخثعمي', 'amal26@mail.com', '0174567890', NULL, NULL, '1yUizf0EvB', NULL, 1, NULL, NULL, 5, 28, 'الباحة – حي الظفير', 'الباحة – حي الظفير', '65541', '0507898765', NULL, '2INS5026', 'POL1026', 'INS5026', '2028-06-26', 2, 4, 371, '1997-12-17', 0, 0, NULL, 2, NULL, 0, 1, 3, NULL, '821LmXLP41e6PHreCMONkgvTPduU4xCyjNuMIoA9mUhm8Dz1tqsJTGsmSIekKnWTqGMPapNsrb3', NULL, NULL, NULL, NULL, NULL, '2026-01-12 12:57:55', '2026-01-12 12:57:55', NULL),
(86, 'رنا-خالد-فهد-العمري', 'rana28@mail.com', '0116789123', NULL, NULL, 'idzXAA8Qm5', NULL, 1, NULL, NULL, 1, 4, 'الرياض – حي الندى', 'الرياض – حي الندى', '13425', '0529018765', NULL, '2INS5028', 'POL1028', 'INS5028', '2026-10-02', 1, 1, 371, '2000-06-07', 0, 0, NULL, 2, NULL, 0, 1, 3, NULL, 'iVSI51CElKv4BR6WTHjl7ZMerF6p5zCvF5AGyaymNu0ATp6tUALLmOUJC1wqisCD7Yf1D14uneh', NULL, NULL, NULL, NULL, NULL, '2026-01-12 13:05:09', '2026-01-12 13:05:09', NULL),
(87, 'حسين-صالح-عبد الله-المولد', 'hussein29@mail.com', '0127893214', NULL, NULL, 'A8hb9kKwN9', NULL, 1, NULL, NULL, 2, 8, 'جدة – حي بني مالك', 'جدة – حي بني مالك', '23235', '0530128765', NULL, '1INS5029', 'POL1029', 'INS5029', '2027-04-19', 2, 4, 371, '1987-12-22', 0, 0, NULL, 1, NULL, 0, 1, 3, NULL, 'VR6ylUQP5DWBnZpacUVD3PlrI12y0ICWH2kPl6Gj9cvxzfWcLvPW16rg8hoX8ndWZzN97phe8I6', NULL, NULL, NULL, NULL, NULL, '2026-01-12 13:10:08', '2026-01-12 13:10:08', NULL),
(88, 'تالا-نواف-محمد-السعيد', 'tala30@mail.com', '0132345678', NULL, NULL, 'iQT3UxrLmU', NULL, 1, NULL, NULL, 4, 24, 'الخبر – حي العقربية', 'الخبر – حي العقربية', '31952', '0541238765', NULL, '2INS5030', 'POL1030', 'INS5030', '2026-12-12', 2, 3, 371, '2005-09-15', 0, 0, NULL, 2, NULL, 0, 1, 3, NULL, '6SykZObITWHYxAS7vh2uXoyNMfjMjlYdkPGtitbYic2OIptwOWGbcFbXbMGwGBh9YfYj2T05Lb3', NULL, NULL, NULL, NULL, NULL, '2026-01-12 13:12:54', '2026-01-12 13:12:54', NULL),
(89, 'عبد-الرحمن-علي-صالح', 'ab31@mail.com', '0173456781', NULL, NULL, 'KWinS40AFq', NULL, 1, NULL, NULL, 5, 28, 'نجران – حي الفهد', 'نجران – حي الفهد', '66218', '0552348765', NULL, '1INS5031', 'POL1031', 'INS5031', '2026-08-01', 1, 1, 371, '1992-11-21', 0, 0, NULL, 1, NULL, 0, 1, 3, NULL, 'lrEy6eKCOzvbA9jq1O4BwjBPrkBk5ez8f6OzyEhGINX2rSW2VxmRXBEJq03cAwFXNUfG8SHGJhp', NULL, NULL, NULL, NULL, NULL, '2026-01-12 13:15:01', '2026-01-12 13:22:20', NULL),
(90, 'مريم-حسن-عبد العزيز-الشرفي', 'maryam32@mail.com', '0125678909', NULL, NULL, 'I4m5s5GUAh', NULL, 1, NULL, NULL, 2, 12, 'مكة – حي الزاهر', 'مكة – حي الزاهر', '24351', '0563458765', NULL, '2INS5032', 'POL1032', 'INS5032', '2026-07-18', 2, 3, 371, '1999-03-08', 0, 0, NULL, 2, NULL, 0, 1, 3, NULL, 'Rcl9Uq94NNQZDVA8sIWsNCJOXNtPf6fYJLXqaZ51w04nmAja9sltglcAul7BHDTWSKATyaKBlr6', NULL, NULL, NULL, NULL, NULL, '2026-01-12 13:19:02', '2026-01-12 13:19:02', NULL),
(91, 'يزيد-فهد-ناصر-الدليمي', 'yazid33@mail.com', '0113459876', NULL, NULL, 'Q7KZTHm4g2', NULL, 1, NULL, NULL, 1, 3, 'الرياض – حي طويق', 'الرياض – حي طويق', '14921', '0574568765', NULL, '1INS5033', 'POL1033', 'INS5033', '2027-02-22', 2, 3, 371, '1985-12-12', 0, 0, NULL, 1, NULL, 0, 1, 3, NULL, '9Fk56KNYVuY6YaCto2k8rgjxmokeC1Tmwb9fackwEmUHOr03SKGU5I466uwM2l5PmaTqGhk8EuC', NULL, NULL, NULL, NULL, NULL, '2026-01-12 13:21:45', '2026-01-12 13:21:45', NULL),
(92, 'سلوى-ماجد-عبد الله-العبدلي', 'salwa34@mail.com', '0136789012', NULL, NULL, 'QxOVflser7', NULL, 1, NULL, NULL, 6, 31, 'الجبيل – حي الدفي', 'الجبيل – حي الدفي', '35814', '0585678765', NULL, '2INS5034', 'POL1034', 'INS5034', '2029-09-09', 2, 3, 371, '1996-05-16', 0, 0, NULL, 2, NULL, 0, 1, 3, NULL, 'kcqgQQcXqyRSskOE36WMr8O8pklQ9g6msuwjwIcqyreDTxRTEheafCfE7mG9faf3GdpAfpzt21f', NULL, NULL, NULL, NULL, NULL, '2026-01-12 13:25:03', '2026-01-12 13:25:03', NULL),
(93, 'زياد-عبد العزيز-صالح-العوفي', 'ziyad49@mail.com', '0146789023', NULL, NULL, 'DLyMwcn29S', NULL, 1, NULL, NULL, 2, 14, 'ينبع – حي الصريف', 'ينبع – حي الصريف', '46452', '0550128765', NULL, '1INS5049', 'POL1049', 'INS5049', '2029-02-18', 1, 1, 371, '1980-03-06', 0, 0, NULL, 1, NULL, 0, 1, 3, NULL, '6hsLS7WvNRbgndTdhnu7lV9VfIRbhvHs2EaeZf2FgvmpbBLYHinst3z9mPjGK7XQUomUsYGMyIr', NULL, NULL, NULL, NULL, NULL, '2026-01-12 13:28:13', '2026-01-12 13:28:13', NULL),
(94, 'نور-فهد-عبد الرحمن-القريشي', 'noor48@mail.com', '0145678902', NULL, NULL, 'qlsQOArIPn', NULL, 1, NULL, NULL, 2, 14, 'المدينة – حي الهجرة', 'المدينة – حي الهجرة', '42511', '0549018765', NULL, 'INS5048', 'POL1048', 'INS5048', '2030-11-15', 2, 4, 371, '1970-09-09', 0, 0, NULL, 1, NULL, 0, 1, 3, NULL, 'XyWWsSz57AbYH2G5TFQ8MFQLTau8sMCZrmwlfWoJXV299N4oA7OBgyPgR5orP2I3y8nGpmm6s7s', NULL, NULL, NULL, NULL, NULL, '2026-01-12 13:30:43', '2026-01-12 13:30:43', NULL),
(95, 'عيسى-خالد-ناصر-الهذلي', 'essa47@mail.com', '0124567812', NULL, NULL, 'I5rSwKp0zT', NULL, 1, NULL, NULL, 2, 13, 'مكة – حي الشوقية', 'مكة – حي الشوقية', '24362', '0538908765', NULL, '1INS5047', 'POL1047', 'INS5047', '2028-04-06', 2, 3, 371, '1988-10-10', 0, 0, NULL, 1, NULL, 0, 1, 3, NULL, '8c7ZrohstDqh9gJrSHO9Y1sGXDeOj78xZ0b2oO3rV4jrf5t8o0YBLGFGRQ8xisfRrSrUkAedwlr', NULL, NULL, NULL, NULL, NULL, '2026-01-12 13:32:50', '2026-01-12 13:32:50', NULL),
(96, 'يارا-عبد الله-صالح-العتيق', 'yara46@mail.com', '0115678345', NULL, NULL, 'JLqUxkZ8D5', NULL, NULL, NULL, NULL, 1, 5, 'الرياض – حي اشبيلية', 'الرياض – حي اشبيلية', '13247', '0527898765', NULL, 'INS5046', 'POL1046', 'INS5046', '2029-08-01', 2, 4, 371, '1971-05-05', 0, 0, NULL, 1, NULL, 0, 1, 3, NULL, 'TGTXBrFlOGM3NQSsjVceg0hNxxrp1sSw7uL8cBuPCbDsbNJOnjEc7GkTlQTIx5KJhXzSPOE2bw3', NULL, NULL, NULL, NULL, NULL, '2026-01-12 13:35:00', '2026-01-12 13:35:00', NULL),
(97, 'سامر-طلال-محمد-الكعبي', 'samer45@mail.com', '0133456789', NULL, NULL, '2xVCnB6NbW', NULL, 1, NULL, NULL, 6, 33, 'الخبر – حي الراكة', 'الخبر – حي الراكة', '34216', '0516788765', NULL, '1INS5045', 'POL1045', 'INS5045', '2026-09-26', 2, 4, 371, '1975-11-11', 0, 0, NULL, 1, NULL, 0, 1, 3, NULL, 'EUyFKG1eFeFbZKOfu30fD4YF7Jwn5MSMRzkakwdUzxKUqpMjtQV1fdnFOgK8JqTFtUG7tlfaiA6', NULL, NULL, NULL, NULL, NULL, '2026-01-12 13:37:29', '2026-01-12 13:37:29', NULL),
(98, 'بسمة-ناصر-حسين-الرفاعي', 'basma44@mail.com', '0127896541', NULL, NULL, 'AvO1ClZXgp', NULL, 1, NULL, NULL, 2, 8, 'جدة – حي النسيم', 'جدة – حي النسيم', '23241', '0505678765', NULL, '2INS5044', 'POL1044', 'INS5044', '2028-06-14', 1, 2, 371, '1977-05-07', 0, 0, NULL, 2, NULL, 0, 1, 3, NULL, 'cYhlq07behUluYk6dyzEDFzKd2KWeuPIm3YM8eSaZvbdf2bYZQdKBCpPe8FbJPnPdP1MYhqLO8J', NULL, NULL, NULL, NULL, NULL, '2026-01-12 13:39:53', '2026-01-12 13:39:53', NULL),
(99, 'رائد-سعد-عبد العزيز-البلوي', 'raed43@mail.com', '0142345987', NULL, NULL, '3tENZ3B7UB', NULL, 1, NULL, NULL, 4, 23, 'تبوك – حي الورود', 'تبوك – حي الورود', '47933', '0584568765', NULL, 'INS5043', 'POL1043', 'INS5043', '2027-12-01', 1, 1, 371, '1974-04-04', 0, 0, NULL, 1, NULL, 0, 1, 3, NULL, '10BQqWu1DovGtTQZwo4Ca0nFTYTuk1FXsk2cq5CDCOj5dfa2MVnV1KCvCY21Xx17Zxi6HNqlA3O', NULL, NULL, NULL, NULL, NULL, '2026-01-12 13:42:17', '2026-01-12 13:42:17', NULL),
(100, 'شيماء-خالد-عبد الرحمن-الشمري', 'shaimaa42@mail.com', '0165432198', NULL, NULL, 'dDRKPB9rs4', NULL, 1, NULL, NULL, 7, 37, 'حائل – حي النقرة', 'حائل – حي النقرة', '81452', '0573458765', NULL, 'INS5042', 'POL1042', 'INS5042', '2030-10-21', 2, 4, 371, '1988-02-02', 0, 0, NULL, 1, NULL, 0, 1, 3, NULL, '95KJGNaOeyJKujTXpgQe0JdAvgaCj7l2AwY95YGoYmQNMqxaHp6LxhmpV2aV0ZGSsQLuTcecEf6', NULL, NULL, NULL, NULL, NULL, '2026-01-12 13:44:22', '2026-01-12 13:44:22', NULL),
(101, 'وليد-عبد الله-صالح-المري', 'waleed41@mail.com', '0114567812', NULL, NULL, 'fet70EJPLf', NULL, 1, NULL, NULL, 1, 3, 'الرياض – حي العقيق', 'الرياض – حي العقيق', '13511', '0562348765', NULL, '1INS5041', 'POL1041', 'INS5041', '2029-07-04', 2, 3, 371, '1975-09-09', 0, 0, NULL, 1, NULL, 0, 1, 3, NULL, 'tZrDYZD1UZAIrroTVZimY2dgv1WZZJg8wTQcRwb2XZ74kvE3CWg1Pk0bPk3iF4cGHErzifswXm4', NULL, NULL, NULL, NULL, NULL, '2026-01-12 13:46:57', '2026-01-12 13:46:57', NULL),
(102, 'نجلاء-إبراهيم-محمد-السلمي', 'najla40@mail.com', '0146789012', NULL, NULL, '3cf5URTCC7', NULL, 1, NULL, NULL, 3, 18, 'سكاكا – حي الربوة', 'سكاكا – حي الربوة', '72341', '0551238765', NULL, '2INS5040', 'POL1040', 'INS5040', '2026-12-27', 1, 1, 371, '1979-06-06', 0, 0, NULL, 2, NULL, 0, 1, 3, NULL, 'FDSlxZgOWgxDqrXvtsmuwEKJ46YtJnVkupc9ASZ21lZJsCmW35NhvkwahQRsjYXi0qyRh01hHx2', NULL, NULL, NULL, NULL, NULL, '2026-01-12 13:49:31', '2026-01-12 13:49:31', NULL),
(103, 'عادل-فواز-عبد الله-الصقري', 'adel39@mail.com', '0167890123', NULL, NULL, 'suges88pbs', NULL, 1, NULL, NULL, 3, 17, 'عنيزة – حي الفاخرية', 'عنيزة – حي الفاخرية', '51911', '0540128765', NULL, '1INS5039', 'POL1039', 'INS5039', '2028-03-30', 2, 3, 371, '1973-10-02', 0, 0, NULL, 1, NULL, 0, 1, 3, NULL, 'wYbDsG9qMdMj5iH8kkrXuPFV28q8qMrfSZPgk9k2gpUb9e7CqlC5vB6NiZFJSD1ffMREGiBmsmY', NULL, NULL, NULL, NULL, NULL, '2026-01-12 13:51:22', '2026-01-12 13:51:22', NULL),
(104, 'ليان-سعد-ناصر-العبدالله', 'layan38@mail.com', '0119876123', NULL, NULL, 'cGtzQsUAf5', NULL, 1, NULL, NULL, 1, 1, 'الرياض – حي الصحافة', 'الرياض – حي الصحافة', '13315', '0539018765', NULL, 'INS5038', 'POL1038', 'INS5038', '2028-08-06', NULL, NULL, 371, '1976-04-01', 0, 0, NULL, 1, NULL, 0, 1, 3, NULL, '7Sn7NssPBgJA9cjUyxkZRHJ7r32KkN0JrpCGdHNxSmRXK0jwhe8hAtM8qCVhLJZ0A8trSMAzpx9', NULL, NULL, NULL, NULL, NULL, '2026-01-12 13:53:23', '2026-01-12 13:53:23', NULL),
(105, 'مازن-يوسف-إبراهيم-البقمي', 'mazen37@mail.com', '0123456712', NULL, NULL, 'fwu3U1uuBF', NULL, 1, NULL, NULL, 7, 40, 'الطائف – حي الشرقية', 'الطائف – حي الشرقية', '26541', '0528908765', NULL, '1INS5037', 'POL1037', 'INS5037', '2026-11-11', 2, 4, 371, '1978-12-07', 0, 0, NULL, 1, NULL, 0, 1, 3, NULL, 'PKkOSwPp7F80KSCLwAMDYuXRv0PMGiuebIN2gwXHNNqva5ptawMbiFl15KxVM90kym1uU3gBGHr', NULL, NULL, NULL, NULL, NULL, '2026-01-12 13:55:37', '2026-01-12 13:55:37', NULL),
(106, 'أنس-طارق-محمد-الحربي', 'anas35@mail.com', '0142345679', NULL, NULL, 'pxfpSOKYOg', NULL, 1, NULL, NULL, 3, 17, 'المدينة – حي القبلتين', 'المدينة – حي القبلتين', '42523', '0142345679', NULL, '1INS5035', 'POL1035', 'INS5035', '2027-01-16', 2, 4, 371, '1975-01-11', 0, 0, NULL, 1, NULL, 0, 1, 3, NULL, 'O3e7xTrX37CRyrZEXUGynFq7y9SpDuw5cgPPzCbx08ffcJDhPNjFbJSBXd3ZOKbSIoehzWiBFkV', NULL, NULL, NULL, NULL, NULL, '2026-01-12 13:57:36', '2026-01-12 13:57:36', NULL),
(107, 'ttt-ttt-tttt-ttt', NULL, 'tt', NULL, NULL, 'eYomoJSeUv', NULL, NULL, NULL, NULL, 2, NULL, 'tttt', NULL, NULL, NULL, NULL, NULL, NULL, NULL, NULL, NULL, NULL, NULL, NULL, 0, 0, NULL, 1, NULL, 0, 1, 3, NULL, 'oGcIXLq6RnNELViBp811sQJcjGRU94FNv9NJjR5jGenMjl7BWVKyjeYURMKZle5yYP5Vm4WbA7m', NULL, NULL, NULL, NULL, NULL, '2026-03-26 11:37:32', '2026-03-26 11:37:32', NULL);

-- --------------------------------------------------------

--
-- Table structure for table `users_members`
--

CREATE TABLE `users_members` (
  `id` bigint(20) UNSIGNED NOT NULL,
  `ID_Number` int(11) DEFAULT NULL,
  `user_id` bigint(20) UNSIGNED NOT NULL,
  `name` varchar(255) NOT NULL,
  `phone` varchar(255) DEFAULT NULL,
  `image` varchar(191) DEFAULT NULL,
  `dob` date DEFAULT NULL,
  `gender` int(11) DEFAULT 1 COMMENT '1 male, 2 female ,3 other',
  `created_at` timestamp NULL DEFAULT NULL,
  `updated_at` timestamp NULL DEFAULT NULL
) ENGINE=InnoDB DEFAULT CHARSET=utf8mb4 COLLATE=utf8mb4_unicode_ci;

--
-- Dumping data for table `users_members`
--

INSERT INTO `users_members` (`id`, `ID_Number`, `user_id`, `name`, `phone`, `image`, `dob`, `gender`, `created_at`, `updated_at`) VALUES
(1, NULL, 2, 'ahmed', '012212747102', '16635303647492.png', '2022-06-28', 1, '2022-09-18 17:46:04', '2022-09-18 17:46:04'),
(2, NULL, 2, 'ahmed', '0122127471021', NULL, '2022-06-28', 1, '2022-09-25 00:17:43', '2022-09-25 00:17:43'),
(3, NULL, 7, 'ahmed', '01221274710216', '16676642497263.png', '2022-06-28', 1, '2022-11-05 23:04:09', '2022-11-05 23:04:09'),
(4, NULL, 2, 'ahmed', '012212747102160', '16676753589558.png', '2022-06-28', 1, '2022-11-06 02:09:18', '2022-11-06 02:09:18'),
(5, NULL, 7, 'Eslam test', '01234567890', '16676762083477.png', '2012-11-06', 1, '2022-11-06 02:23:28', '2022-11-06 02:23:28'),
(6, 288155252, 2, 'ahmed6', '+201237198697', '16679203046040.jpg', '2022-06-28', 1, '2022-11-08 22:11:44', '2022-11-08 22:11:44'),
(7, 746410254, 2, 'ahmed', '012212747101', NULL, '2012-11-11', 1, '2022-11-11 00:02:34', '2022-11-11 00:02:34');

-- --------------------------------------------------------

--
-- Table structure for table `user_points`
--

CREATE TABLE `user_points` (
  `id` bigint(20) UNSIGNED NOT NULL,
  `user_id` bigint(20) UNSIGNED NOT NULL,
  `clinic_id` bigint(20) UNSIGNED DEFAULT NULL,
  `content_ar` varchar(255) NOT NULL,
  `content_en` varchar(255) NOT NULL,
  `point` int(11) NOT NULL,
  `status` int(11) NOT NULL DEFAULT 1,
  `created_at` timestamp NULL DEFAULT NULL,
  `updated_at` timestamp NULL DEFAULT NULL
) ENGINE=InnoDB DEFAULT CHARSET=utf8mb4 COLLATE=utf8mb4_unicode_ci;

--
-- Dumping data for table `user_points`
--

INSERT INTO `user_points` (`id`, `user_id`, `clinic_id`, `content_ar`, `content_en`, `point`, `status`, `created_at`, `updated_at`) VALUES
(1, 2, 1, 'testint', 'testint', 5, 1, '2024-06-28 19:40:34', '2024-06-28 19:40:34');

-- --------------------------------------------------------

--
-- Table structure for table `verification_codes`
--

CREATE TABLE `verification_codes` (
  `id` bigint(20) UNSIGNED NOT NULL,
  `user_id` bigint(20) UNSIGNED DEFAULT NULL,
  `type_verify` enum('active','reset_password','update_profile') NOT NULL,
  `phone` varchar(30) DEFAULT NULL,
  `code` int(11) NOT NULL DEFAULT 111111,
  `expired_at` datetime DEFAULT NULL,
  `status` tinyint(4) NOT NULL DEFAULT 0,
  `created_at` timestamp NULL DEFAULT NULL,
  `updated_at` timestamp NULL DEFAULT NULL
) ENGINE=InnoDB DEFAULT CHARSET=utf8mb4 COLLATE=utf8mb4_unicode_ci;

--
-- Dumping data for table `verification_codes`
--

INSERT INTO `verification_codes` (`id`, `user_id`, `type_verify`, `phone`, `code`, `expired_at`, `status`, `created_at`, `updated_at`) VALUES
(2, NULL, 'active', '547872256', 971081, NULL, 1, NULL, '2025-10-04 08:07:59'),
(6, NULL, 'active', '547872256', 391969, '2025-12-25 01:48:59', 0, NULL, NULL);

-- --------------------------------------------------------

--
-- Table structure for table `vital_signs`
--

CREATE TABLE `vital_signs` (
  `id` bigint(20) UNSIGNED NOT NULL,
  `user_id` bigint(20) UNSIGNED DEFAULT NULL,
  `reservation_id` bigint(20) UNSIGNED DEFAULT NULL,
  `clinic_id` bigint(20) UNSIGNED DEFAULT NULL,
  `doctor_id` bigint(20) UNSIGNED DEFAULT NULL,
  `emergency_id` bigint(20) UNSIGNED DEFAULT NULL,
  `heat` varchar(20) NOT NULL,
  `weight` varchar(20) NOT NULL,
  `pulse` varchar(20) NOT NULL,
  `height` varchar(20) NOT NULL,
  `breathing` varchar(20) DEFAULT NULL,
  `pregnant` tinyint(4) DEFAULT 0,
  `blood_pressure` varchar(20) NOT NULL,
  `sports_habits` varchar(150) DEFAULT NULL,
  `FBS` varchar(50) DEFAULT NULL,
  `RBS` varchar(50) DEFAULT NULL,
  `pain_rate` varchar(50) DEFAULT NULL,
  `body_mass_rate` varchar(50) DEFAULT NULL,
  `oxygen_ratio` varchar(50) DEFAULT NULL,
  `notes` varchar(50) DEFAULT NULL,
  `created_at` timestamp NULL DEFAULT NULL,
  `updated_at` timestamp NULL DEFAULT NULL
) ENGINE=InnoDB DEFAULT CHARSET=utf8mb4 COLLATE=utf8mb4_unicode_ci;

--
-- Dumping data for table `vital_signs`
--

INSERT INTO `vital_signs` (`id`, `user_id`, `reservation_id`, `clinic_id`, `doctor_id`, `emergency_id`, `heat`, `weight`, `pulse`, `height`, `breathing`, `pregnant`, `blood_pressure`, `sports_habits`, `FBS`, `RBS`, `pain_rate`, `body_mass_rate`, `oxygen_ratio`, `notes`, `created_at`, `updated_at`) VALUES
(1, NULL, 29, NULL, NULL, NULL, '37', '80', '90', '160', '70', 0, '120/80', NULL, NULL, NULL, NULL, NULL, NULL, 'no\r\n\r\ntest\r\n\r\nno need', '2024-05-12 11:19:43', '2024-05-12 11:19:43'),
(2, NULL, 44, NULL, NULL, NULL, '37', '65', '100', '160', '90', 0, '120', NULL, NULL, NULL, NULL, NULL, NULL, NULL, '2024-07-19 11:30:46', '2024-07-19 11:30:46'),
(3, NULL, 65, NULL, NULL, NULL, '22', '22', '22', '22', NULL, 0, '2', NULL, NULL, NULL, NULL, NULL, NULL, '222', '2025-04-11 10:14:01', '2025-04-11 10:14:01'),
(5, 2, NULL, 1, NULL, 3, '30', '65', 'ت', '150', '100', 0, '120', NULL, 'ت', 'ع', 'ن', '50', '100', NULL, '2025-05-21 20:03:03', '2025-05-21 20:03:03'),
(6, NULL, 96, NULL, NULL, NULL, '35', '70', '100', '160', '100', 0, '120', NULL, NULL, NULL, NULL, NULL, NULL, NULL, '2025-10-06 21:33:00', '2025-10-06 21:33:00'),
(7, 2, NULL, 1, NULL, 4, '36', '60', '70', '150', '18', 0, '120/80', NULL, '120', '120', '2', '30', '98', NULL, '2025-11-14 12:48:04', '2025-11-14 12:48:04'),
(8, 1, NULL, 1, NULL, 5, '37.4 °C', '74 KG', '82 BPM', '168 CM', '18 FVC', 0, '120/80 MMHG', NULL, '98 mg/dL', '132 mg/dL', '3 DL', '26.2 KG/M²', '97%', NULL, '2025-11-16 09:15:57', '2025-11-16 09:15:57'),
(9, 1, NULL, 1, NULL, 6, '37.4 °C', '74 KG', '82 BPM', '168 CM', '18 FVC', 0, '120/80 MMHG', NULL, '98 mg/dL', '132 mg/dL', '3 DL', '26.2 KG/M²', '97%', NULL, '2025-11-16 09:17:47', '2025-11-16 09:17:47'),
(10, NULL, 103, NULL, NULL, NULL, '37.4 °C', '74 KG', '82 BPM', '168 CM', '18 FVC', 0, '80', NULL, NULL, NULL, NULL, NULL, NULL, 'تيست تيست', '2025-12-17 10:53:11', '2025-12-17 10:53:11'),
(11, NULL, 105, NULL, NULL, NULL, '37.4 °C', '74 KG', '82 BPM', '168 CM', '18 FVC', 0, '80', NULL, NULL, NULL, NULL, NULL, NULL, 'تيست', '2025-12-17 12:36:08', '2025-12-17 12:36:08'),
(12, NULL, 106, NULL, NULL, NULL, '37.4 °C', '74 KG', '82 BPM', '168 CM', '18 FVC', 0, '120/80 MMHG', NULL, NULL, NULL, NULL, NULL, NULL, 'تيست', '2025-12-17 12:39:02', '2025-12-17 12:39:02'),
(13, NULL, 111, NULL, NULL, NULL, '37.4 °C', '74 KG', '82 BPM', '168 CM', '18 FVC', 0, '80', NULL, NULL, NULL, NULL, NULL, NULL, 'تيست', '2025-12-18 13:43:33', '2025-12-18 13:43:33'),
(14, NULL, 115, NULL, NULL, NULL, '37.4 °C', '74 KG', '82 BPM', '168 CM', '18 FVC', 0, '80', NULL, NULL, NULL, NULL, NULL, NULL, 'تيست', '2025-12-20 14:53:47', '2025-12-20 14:53:47'),
(15, NULL, 116, NULL, NULL, NULL, '37.4 °C', '74 KG', '82 BPM', '168 CM', '18 FVC', 0, '80', NULL, NULL, NULL, NULL, NULL, NULL, 'تيست', '2025-12-20 14:58:55', '2025-12-20 14:58:55'),
(16, 52, NULL, 1, NULL, 7, '37.4 °C', '74 KG', '82 BPM', '168 CM', '18 FVC', 0, '80', NULL, '98 mg/dL', '132 mg/dL', '3 DL', '26.2 KG/M²', '97%', NULL, '2025-12-27 12:40:21', '2025-12-27 12:40:21'),
(17, 52, NULL, 1, NULL, 8, '37.4 °C', '74 KG', '82 BPM', '168 CM', '18 FVC', 0, '80', NULL, '98 mg/dL', '132 mg/dL', '3 DL', '26.2 KG/M²', '97%', NULL, '2025-12-27 12:43:28', '2025-12-27 12:43:28'),
(18, NULL, 128, NULL, NULL, NULL, '37.4 °C', '74 KG', '82 BPM', '168 CM', '18 FVC', 0, '80', NULL, NULL, NULL, NULL, NULL, NULL, 'تيست', '2026-01-14 13:23:24', '2026-01-14 13:23:24'),
(19, NULL, 131, NULL, NULL, NULL, '37.4 °C', '74 KG', '82 BPM', '168 CM', '18 FVC', 0, '80', NULL, NULL, NULL, NULL, NULL, NULL, NULL, '2026-01-14 14:39:00', '2026-01-14 14:39:00'),
(20, NULL, 136, NULL, NULL, NULL, '37.4 °C', '74 KG', '82 BPM', '168 CM', '18 FVC', 0, '120/80 MMHG', NULL, NULL, NULL, NULL, NULL, NULL, 'قطره كل خمس ساعات', '2026-01-15 14:55:28', '2026-01-15 14:55:28'),
(21, NULL, 141, NULL, NULL, NULL, '37.4 °C', '74 KG', '82 BPM', '168 CM', '18 FVC', 0, '80', NULL, NULL, NULL, NULL, NULL, NULL, NULL, '2026-01-17 13:26:52', '2026-01-17 13:26:52'),
(22, NULL, 143, NULL, NULL, NULL, '37.4 °C', '74 KG', '82 BPM', '168 CM', '18 FVC', 0, '80', NULL, NULL, NULL, NULL, NULL, NULL, NULL, '2026-01-17 13:29:05', '2026-01-17 13:29:05'),
(23, NULL, 140, NULL, NULL, NULL, '37.4 °C', '74 KG', '82 BPM', '168 CM', '18 FVC', 0, '80', NULL, NULL, NULL, NULL, NULL, NULL, NULL, '2026-01-17 13:31:43', '2026-01-17 13:31:43'),
(24, 2, NULL, 1, NULL, 9, '22', '22', '22', '222', '22', 0, '22', NULL, '3', '3', '22', '3', '22', NULL, '2026-03-26 09:58:48', '2026-03-26 09:58:48'),
(25, 2, NULL, 1, NULL, 10, '22', '22', '22', '222', '22', 0, '22', NULL, '3', '3', '22', '3', '22', NULL, '2026-03-26 10:16:04', '2026-03-26 10:16:04'),
(26, 2, NULL, 1, NULL, 11, '22', '22', '22', '222', '22', 0, '22', NULL, '3', '3', '22', '3', '22', NULL, '2026-03-26 10:17:01', '2026-03-26 10:17:01'),
(27, 2, NULL, 1, NULL, 12, '22', '22', '22', '222', '22', 0, '22', NULL, '3', '3', '22', '3', '22', NULL, '2026-03-26 10:17:15', '2026-03-26 10:17:15');

-- --------------------------------------------------------

--
-- Table structure for table `working_days`
--

CREATE TABLE `working_days` (
  `id` bigint(20) UNSIGNED NOT NULL,
  `day_id` bigint(20) UNSIGNED NOT NULL,
  `pharmacist_id` bigint(20) UNSIGNED NOT NULL,
  `check_in_date` time DEFAULT NULL,
  `check_out_date` time DEFAULT NULL,
  `status` tinyint(4) NOT NULL DEFAULT 1,
  `deleted_at` timestamp NULL DEFAULT NULL,
  `created_at` timestamp NULL DEFAULT NULL,
  `updated_at` timestamp NULL DEFAULT NULL
) ENGINE=InnoDB DEFAULT CHARSET=utf8mb4 COLLATE=utf8mb4_unicode_ci;

--
-- Dumping data for table `working_days`
--

INSERT INTO `working_days` (`id`, `day_id`, `pharmacist_id`, `check_in_date`, `check_out_date`, `status`, `deleted_at`, `created_at`, `updated_at`) VALUES
(8, 1, 13, '12:00:00', '20:30:00', 1, NULL, '2022-08-10 16:33:11', '2022-08-10 16:33:11'),
(9, 2, 13, '12:00:00', '20:30:00', 1, NULL, '2022-08-10 16:33:11', '2022-08-10 16:33:11'),
(10, 3, 13, '12:00:00', '20:30:00', 1, NULL, '2022-08-10 16:33:11', '2022-08-10 16:33:11'),
(11, 4, 13, '12:00:00', '20:30:00', 1, NULL, '2022-08-10 16:33:11', '2022-08-10 16:33:11'),
(12, 5, 13, '12:00:00', '20:30:00', 1, NULL, '2022-08-10 16:33:11', '2022-08-10 16:33:11'),
(13, 6, 13, '12:00:00', '20:30:00', 1, NULL, '2022-08-10 16:33:11', '2022-08-10 16:33:11'),
(14, 7, 13, '12:00:00', '20:30:00', 1, NULL, '2022-08-10 16:33:11', '2022-08-10 16:33:11');

--
-- Indexes for dumped tables
--

--
-- Indexes for table `admins`
--
ALTER TABLE `admins`
  ADD PRIMARY KEY (`id`),
  ADD UNIQUE KEY `admins_email_unique` (`email`),
  ADD UNIQUE KEY `admins_phone_unique` (`phone`);

--
-- Indexes for table `age_categories`
--
ALTER TABLE `age_categories`
  ADD PRIMARY KEY (`id`);

--
-- Indexes for table `all_permissions`
--
ALTER TABLE `all_permissions`
  ADD PRIMARY KEY (`id`),
  ADD KEY `all_permissions_parent_id_foreign` (`parent_id`);

--
-- Indexes for table `app_types`
--
ALTER TABLE `app_types`
  ADD PRIMARY KEY (`id`),
  ADD KEY `app_types_clinic_id_foreign` (`clinic_id`);

--
-- Indexes for table `attendances`
--
ALTER TABLE `attendances`
  ADD PRIMARY KEY (`id`),
  ADD KEY `attendances_account_type_foreign` (`account_type`),
  ADD KEY `attendances_clinic_id_foreign` (`clinic_id`),
  ADD KEY `attendances_day_id_foreign` (`day_id`),
  ADD KEY `attendances_another_employee_foreign` (`another_employee`);

--
-- Indexes for table `attendance_settings`
--
ALTER TABLE `attendance_settings`
  ADD PRIMARY KEY (`id`),
  ADD KEY `attendance_settings_clinic_id_foreign` (`clinic_id`);

--
-- Indexes for table `bonds`
--
ALTER TABLE `bonds`
  ADD PRIMARY KEY (`id`),
  ADD KEY `bonds_user_id_foreign` (`user_id`),
  ADD KEY `bonds_reception_id_foreign` (`reception_id`);

--
-- Indexes for table `cities`
--
ALTER TABLE `cities`
  ADD PRIMARY KEY (`id`),
  ADD KEY `cities_country_id_foreign` (`country_id`),
  ADD KEY `cities_created_by_foreign` (`created_by`);

--
-- Indexes for table `clinics`
--
ALTER TABLE `clinics`
  ADD PRIMARY KEY (`id`),
  ADD UNIQUE KEY `clinics_email_unique` (`email`),
  ADD UNIQUE KEY `clinics_jwt_token_unique` (`jwt_token`),
  ADD UNIQUE KEY `clinics_phone_unique` (`phone`),
  ADD KEY `clinics_app_type_foreign` (`app_type`),
  ADD KEY `clinics_parent_id_foreign` (`parent_id`),
  ADD KEY `clinics_city_id_foreign` (`city_id`),
  ADD KEY `clinics_nursing_point_id_foreign` (`nursing_point_id`);

--
-- Indexes for table `clinics_permissions`
--
ALTER TABLE `clinics_permissions`
  ADD PRIMARY KEY (`id`),
  ADD KEY `clinics_permissions_admin_id_foreign` (`admin_id`),
  ADD KEY `clinics_permissions_parent_id_foreign` (`parent_id`),
  ADD KEY `clinics_permissions_child_id_foreign` (`child_id`);

--
-- Indexes for table `clinic_device_tokens`
--
ALTER TABLE `clinic_device_tokens`
  ADD PRIMARY KEY (`id`),
  ADD KEY `clinic_device_tokens_clinic_id_foreign` (`clinic_id`);

--
-- Indexes for table `clinic_offers`
--
ALTER TABLE `clinic_offers`
  ADD PRIMARY KEY (`id`),
  ADD KEY `clinic_offers_clinic_id_foreign` (`clinic_id`);

--
-- Indexes for table `clinic_points`
--
ALTER TABLE `clinic_points`
  ADD PRIMARY KEY (`id`),
  ADD KEY `clinic_points_clinic_id_foreign` (`clinic_id`);

--
-- Indexes for table `clinic_point_nursings`
--
ALTER TABLE `clinic_point_nursings`
  ADD PRIMARY KEY (`id`),
  ADD KEY `clinic_point_nursings_clinic_id_foreign` (`clinic_id`);

--
-- Indexes for table `clinic_posts_counts`
--
ALTER TABLE `clinic_posts_counts`
  ADD PRIMARY KEY (`id`);

--
-- Indexes for table `clinic_ratings`
--
ALTER TABLE `clinic_ratings`
  ADD PRIMARY KEY (`id`),
  ADD KEY `clinic_ratings_clinic_id_foreign` (`clinic_id`),
  ADD KEY `clinic_ratings_user_id_foreign` (`user_id`),
  ADD KEY `clinic_ratings_rating_id_foreign` (`rating_id`);

--
-- Indexes for table `clinic_services`
--
ALTER TABLE `clinic_services`
  ADD PRIMARY KEY (`id`),
  ADD KEY `clinic_services_clinic_id_foreign` (`clinic_id`),
  ADD KEY `clinic_services_service_id_foreign` (`service_id`),
  ADD KEY `clinic_services_created_by_foreign` (`created_by`);

--
-- Indexes for table `clinic_specialists`
--
ALTER TABLE `clinic_specialists`
  ADD PRIMARY KEY (`id`),
  ADD KEY `clinic_specialists_specialty_id_foreign` (`specialty_id`),
  ADD KEY `clinic_specialists_clinic_id_foreign` (`clinic_id`);

--
-- Indexes for table `complaint_boxes`
--
ALTER TABLE `complaint_boxes`
  ADD PRIMARY KEY (`id`),
  ADD KEY `complaint_boxes_user_id_foreign` (`user_id`),
  ADD KEY `complaint_boxes_clinic_id_foreign` (`clinic_id`);

--
-- Indexes for table `countries`
--
ALTER TABLE `countries`
  ADD PRIMARY KEY (`id`),
  ADD UNIQUE KEY `countries_code_unique` (`code`);

--
-- Indexes for table `coupons`
--
ALTER TABLE `coupons`
  ADD PRIMARY KEY (`id`),
  ADD KEY `coupons_city_id_foreign` (`city_id`),
  ADD KEY `coupons_clinic_id_foreign` (`clinic_id`);

--
-- Indexes for table `customers`
--
ALTER TABLE `customers`
  ADD PRIMARY KEY (`id`),
  ADD KEY `customers_clinic_id_index` (`clinic_id`),
  ADD KEY `customers_pharmacy_id_index` (`pharmacy_id`);

--
-- Indexes for table `days`
--
ALTER TABLE `days`
  ADD PRIMARY KEY (`id`);

--
-- Indexes for table `departments`
--
ALTER TABLE `departments`
  ADD PRIMARY KEY (`id`),
  ADD KEY `departments_clinic_id_foreign` (`clinic_id`);

--
-- Indexes for table `doctor_appointments`
--
ALTER TABLE `doctor_appointments`
  ADD PRIMARY KEY (`id`),
  ADD KEY `doctor_appointments_day_id_foreign` (`day_id`),
  ADD KEY `doctor_appointments_doctor_id_foreign` (`doctor_id`);

--
-- Indexes for table `doctor_conditions`
--
ALTER TABLE `doctor_conditions`
  ADD PRIMARY KEY (`id`),
  ADD KEY `doctor_conditions_doctor_id_foreign` (`doctor_id`);

--
-- Indexes for table `doctor_degrees`
--
ALTER TABLE `doctor_degrees`
  ADD PRIMARY KEY (`id`);

--
-- Indexes for table `doctor_emergencies`
--
ALTER TABLE `doctor_emergencies`
  ADD PRIMARY KEY (`id`),
  ADD KEY `doctor_emergencies_emergency_id_foreign` (`emergency_id`),
  ADD KEY `doctor_emergencies_doctor_id_foreign` (`doctor_id`);

--
-- Indexes for table `drugs`
--
ALTER TABLE `drugs`
  ADD PRIMARY KEY (`id`),
  ADD KEY `drugs_doctor_id_foreign` (`doctor_id`),
  ADD KEY `drugs_parent_id_foreign` (`parent_id`),
  ADD KEY `drugs_type_index` (`type`),
  ADD KEY `drugs_alternative_id_index` (`alternative_id`),
  ADD KEY `drugs_clinic_id_index` (`clinic_id`),
  ADD KEY `drugs_pharmacy_id_index` (`pharmacy_id`);

--
-- Indexes for table `drugs_emergencies`
--
ALTER TABLE `drugs_emergencies`
  ADD PRIMARY KEY (`id`),
  ADD KEY `drugs_emergencies_emergency_id_foreign` (`emergency_id`),
  ADD KEY `drugs_emergencies_drugs_id_foreign` (`drugs_id`);

--
-- Indexes for table `drug_clinics_taxes`
--
ALTER TABLE `drug_clinics_taxes`
  ADD PRIMARY KEY (`id`),
  ADD KEY `drug_clinics_taxes_clinic_id_index` (`clinic_id`),
  ADD KEY `drug_clinics_taxes_pharmacy_id_index` (`pharmacy_id`),
  ADD KEY `drug_clinics_taxes_drug_id_index` (`drug_id`);

--
-- Indexes for table `drug_sections`
--
ALTER TABLE `drug_sections`
  ADD PRIMARY KEY (`id`),
  ADD KEY `drug_sections_grand_unit_id_foreign` (`grand_unit_id`),
  ADD KEY `drug_sections_micro_unit_id_foreign` (`micro_unit_id`),
  ADD KEY `drug_sections_clinic_id_index` (`clinic_id`),
  ADD KEY `drug_sections_pharmacy_id_index` (`pharmacy_id`),
  ADD KEY `drug_sections_drug_id_index` (`drug_id`),
  ADD KEY `drug_sections_supplier_id_index` (`supplier_id`),
  ADD KEY `drug_sections_category_id_foreign` (`category_id`);

--
-- Indexes for table `electronic_payments`
--
ALTER TABLE `electronic_payments`
  ADD PRIMARY KEY (`id`),
  ADD KEY `electronic_payments_user_id_foreign` (`user_id`),
  ADD KEY `electronic_payments_clinic_id_foreign` (`clinic_id`),
  ADD KEY `electronic_payments_doctor_id_foreign` (`doctor_id`);

--
-- Indexes for table `emergencies`
--
ALTER TABLE `emergencies`
  ADD PRIMARY KEY (`id`),
  ADD KEY `emergencies_clinic_id_foreign` (`clinic_id`),
  ADD KEY `emergencies_user_id_foreign` (`user_id`),
  ADD KEY `emergencies_nurse_id_foreign` (`nurse_id`);

--
-- Indexes for table `failed_jobs`
--
ALTER TABLE `failed_jobs`
  ADD PRIMARY KEY (`id`),
  ADD UNIQUE KEY `failed_jobs_uuid_unique` (`uuid`);

--
-- Indexes for table `insurances_companies_services`
--
ALTER TABLE `insurances_companies_services`
  ADD PRIMARY KEY (`id`),
  ADD KEY `insurances_companies_services_clinic_id_foreign` (`clinic_id`),
  ADD KEY `insurances_companies_services_clinic_service_id_foreign` (`clinic_service_id`),
  ADD KEY `insurances_companies_services_insurance_id_foreign` (`insurance_id`),
  ADD KEY `insurances_companies_services_company_id_foreign` (`company_id`),
  ADD KEY `insurances_companies_services_class_id_foreign` (`class_id`),
  ADD KEY `insurances_companies_services_drug_section_id_foreign` (`drug_section_id`);

--
-- Indexes for table `insurance_classes`
--
ALTER TABLE `insurance_classes`
  ADD PRIMARY KEY (`id`),
  ADD KEY `insurance_classes_company_id_foreign` (`company_id`),
  ADD KEY `insurance_classes_insurance_id_foreign` (`insurance_id`),
  ADD KEY `insurance_classes_clinic_id_foreign` (`clinic_id`);

--
-- Indexes for table `insurance_companies`
--
ALTER TABLE `insurance_companies`
  ADD PRIMARY KEY (`id`),
  ADD KEY `insurance_companies_insurance_id_foreign` (`insurance_id`),
  ADD KEY `insurance_companies_clinic_id_foreign` (`clinic_id`),
  ADD KEY `insurance_companies_insurance_company_id_foreign` (`insurance_company_id`);

--
-- Indexes for table `insurance_policies`
--
ALTER TABLE `insurance_policies`
  ADD PRIMARY KEY (`id`),
  ADD KEY `insurance_policies_clinic_id_foreign` (`clinic_id`),
  ADD KEY `insurance_policies_company_id_foreign` (`company_id`),
  ADD KEY `insurance_policies_class_id_foreign` (`class_id`);

--
-- Indexes for table `invoices`
--
ALTER TABLE `invoices`
  ADD PRIMARY KEY (`id`),
  ADD KEY `invoices_user_id_foreign` (`user_id`),
  ADD KEY `invoices_reception_id_foreign` (`reception_id`),
  ADD KEY `invoices_doctor_id_foreign` (`doctor_id`),
  ADD KEY `invoices_reservation_id_foreign` (`reservation_id`),
  ADD KEY `invoices_payment_method_foreign` (`payment_method`),
  ADD KEY `invoices_company_id_foreign` (`company_id`);

--
-- Indexes for table `item_units`
--
ALTER TABLE `item_units`
  ADD PRIMARY KEY (`id`),
  ADD KEY `item_units_clinic_id_index` (`clinic_id`),
  ADD KEY `item_units_pharmacy_id_index` (`pharmacy_id`);

--
-- Indexes for table `languages`
--
ALTER TABLE `languages`
  ADD PRIMARY KEY (`id`);

--
-- Indexes for table `medical_reports`
--
ALTER TABLE `medical_reports`
  ADD PRIMARY KEY (`id`),
  ADD KEY `medical_reports_parent_id_foreign` (`parent_id`);

--
-- Indexes for table `migrations`
--
ALTER TABLE `migrations`
  ADD PRIMARY KEY (`id`);

--
-- Indexes for table `model_has_permissions`
--
ALTER TABLE `model_has_permissions`
  ADD PRIMARY KEY (`permission_id`,`model_id`,`model_type`),
  ADD KEY `model_has_permissions_model_id_model_type_index` (`model_id`,`model_type`);

--
-- Indexes for table `model_has_roles`
--
ALTER TABLE `model_has_roles`
  ADD PRIMARY KEY (`role_id`,`model_id`,`model_type`),
  ADD KEY `model_has_roles_model_id_model_type_index` (`model_id`,`model_type`);

--
-- Indexes for table `notifications`
--
ALTER TABLE `notifications`
  ADD PRIMARY KEY (`id`),
  ADD KEY `notifications_admin_id_foreign` (`admin_id`),
  ADD KEY `notifications_clinic_id_foreign` (`clinic_id`),
  ADD KEY `notifications_user_id_foreign` (`user_id`);

--
-- Indexes for table `nurse_emergencies`
--
ALTER TABLE `nurse_emergencies`
  ADD PRIMARY KEY (`id`),
  ADD KEY `nurse_emergencies_emergency_id_foreign` (`emergency_id`),
  ADD KEY `nurse_emergencies_nurse_id_foreign` (`nurse_id`);

--
-- Indexes for table `packages`
--
ALTER TABLE `packages`
  ADD PRIMARY KEY (`id`);

--
-- Indexes for table `password_resets`
--
ALTER TABLE `password_resets`
  ADD KEY `password_resets_email_index` (`email`);

--
-- Indexes for table `patient_medical_reports`
--
ALTER TABLE `patient_medical_reports`
  ADD PRIMARY KEY (`id`),
  ADD KEY `patient_medical_reports_user_id_foreign` (`user_id`),
  ADD KEY `patient_medical_reports_report_id_foreign` (`report_id`),
  ADD KEY `patient_medical_reports_answer_id_foreign` (`answer_id`),
  ADD KEY `patient_medical_reports_parent_id_foreign` (`parent_id`);

--
-- Indexes for table `patient_services`
--
ALTER TABLE `patient_services`
  ADD PRIMARY KEY (`id`),
  ADD KEY `patient_services_service_id_foreign` (`service_id`),
  ADD KEY `patient_services_user_id_foreign` (`user_id`),
  ADD KEY `patient_services_doctor_id_foreign` (`doctor_id`),
  ADD KEY `patient_services_reservation_id_foreign` (`reservation_id`),
  ADD KEY `patient_services_invoice_id_foreign` (`invoice_id`),
  ADD KEY `patient_services_clinic_id_foreign` (`clinic_id`),
  ADD KEY `patient_services_point_id_foreign` (`point_id`),
  ADD KEY `patient_services_nurse_id_foreign` (`nurse_id`);

--
-- Indexes for table `payment_methods`
--
ALTER TABLE `payment_methods`
  ADD PRIMARY KEY (`id`),
  ADD KEY `payment_methods_clinic_id_foreign` (`clinic_id`);

--
-- Indexes for table `permissions`
--
ALTER TABLE `permissions`
  ADD PRIMARY KEY (`id`),
  ADD UNIQUE KEY `permissions_name_guard_name_unique` (`permission`,`guard_name`) USING BTREE,
  ADD KEY `permissions_parent_id_foreign` (`parent_id`);

--
-- Indexes for table `permissions_requests`
--
ALTER TABLE `permissions_requests`
  ADD PRIMARY KEY (`id`),
  ADD KEY `permissions_requests_permission_owner_foreign` (`permission_owner`),
  ADD KEY `permissions_requests_clinic_id_foreign` (`clinic_id`),
  ADD KEY `permissions_requests_permission_type_foreign` (`permission_type`);

--
-- Indexes for table `permissions_types`
--
ALTER TABLE `permissions_types`
  ADD PRIMARY KEY (`id`);

--
-- Indexes for table `personal_access_tokens`
--
ALTER TABLE `personal_access_tokens`
  ADD PRIMARY KEY (`id`),
  ADD UNIQUE KEY `personal_access_tokens_token_unique` (`token`),
  ADD KEY `personal_access_tokens_tokenable_type_tokenable_id_index` (`tokenable_type`,`tokenable_id`);

--
-- Indexes for table `pharmacy_prescriptions`
--
ALTER TABLE `pharmacy_prescriptions`
  ADD PRIMARY KEY (`id`),
  ADD KEY `pharmacy_prescriptions_user_id_foreign` (`user_id`),
  ADD KEY `pharmacy_prescriptions_doctor_id_foreign` (`doctor_id`),
  ADD KEY `pharmacy_prescriptions_clinic_id_foreign` (`clinic_id`);

--
-- Indexes for table `posts`
--
ALTER TABLE `posts`
  ADD PRIMARY KEY (`id`),
  ADD KEY `posts_clinic_id_foreign` (`clinic_id`);

--
-- Indexes for table `posts_settings`
--
ALTER TABLE `posts_settings`
  ADD PRIMARY KEY (`id`);

--
-- Indexes for table `ratings`
--
ALTER TABLE `ratings`
  ADD PRIMARY KEY (`id`);

--
-- Indexes for table `regions`
--
ALTER TABLE `regions`
  ADD PRIMARY KEY (`id`),
  ADD KEY `regions_city_id_foreign` (`city_id`);

--
-- Indexes for table `reservations`
--
ALTER TABLE `reservations`
  ADD PRIMARY KEY (`id`),
  ADD KEY `reservations_user_id_foreign` (`user_id`),
  ADD KEY `reservations_doctor_id_foreign` (`doctor_id`),
  ADD KEY `reservations_clinic_id_foreign` (`clinic_id`),
  ADD KEY `reservations_reception_id_foreign` (`reception_id`),
  ADD KEY `reservations_status_id_foreign` (`status_id`),
  ADD KEY `reservations_parent_id_foreign` (`parent_id`);

--
-- Indexes for table `reservation_chats`
--
ALTER TABLE `reservation_chats`
  ADD PRIMARY KEY (`id`),
  ADD KEY `reservation_chats_user_id_foreign` (`user_id`),
  ADD KEY `reservation_chats_sender_id_foreign` (`sender_id`),
  ADD KEY `reservation_chats_receiver_id_foreign` (`receiver_id`),
  ADD KEY `reservation_chats_reservation_id_foreign` (`reservation_id`);

--
-- Indexes for table `reservation_drugs`
--
ALTER TABLE `reservation_drugs`
  ADD PRIMARY KEY (`id`),
  ADD KEY `reservation_drugs_reservation_id_foreign` (`reservation_id`),
  ADD KEY `reservation_drugs_doctor_id_foreign` (`doctor_id`),
  ADD KEY `reservation_drugs_user_id_foreign` (`user_id`),
  ADD KEY `reservation_drugs_drug_id_foreign` (`drug_id`);

--
-- Indexes for table `reservation_vital_signs`
--
ALTER TABLE `reservation_vital_signs`
  ADD PRIMARY KEY (`id`),
  ADD KEY `reservation_vital_signs_reservation_id_foreign` (`reservation_id`);

--
-- Indexes for table `result_manuals`
--
ALTER TABLE `result_manuals`
  ADD PRIMARY KEY (`id`),
  ADD KEY `result_manuals_patient_service_id_foreign` (`patient_service_id`);

--
-- Indexes for table `roles`
--
ALTER TABLE `roles`
  ADD PRIMARY KEY (`id`),
  ADD UNIQUE KEY `roles_name_guard_name_unique` (`name`,`guard_name`);

--
-- Indexes for table `role_has_permissions`
--
ALTER TABLE `role_has_permissions`
  ADD PRIMARY KEY (`permission_id`,`role_id`),
  ADD KEY `role_has_permissions_role_id_foreign` (`role_id`);

--
-- Indexes for table `services`
--
ALTER TABLE `services`
  ADD PRIMARY KEY (`id`),
  ADD KEY `services_category_id_foreign` (`category_id`),
  ADD KEY `services_specialty_id_foreign` (`specialty_id`),
  ADD KEY `services_clinic_id_foreign` (`clinic_id`),
  ADD KEY `services_created_by_foreign` (`created_by`);

--
-- Indexes for table `services_categories`
--
ALTER TABLE `services_categories`
  ADD PRIMARY KEY (`id`),
  ADD KEY `services_categories_clinic_id_foreign` (`clinic_id`);

--
-- Indexes for table `service_analysis_attributes`
--
ALTER TABLE `service_analysis_attributes`
  ADD PRIMARY KEY (`id`),
  ADD KEY `service_analysis_attributes_service_id_foreign` (`service_id`),
  ADD KEY `service_analysis_attributes_age_id_foreign` (`age_id`),
  ADD KEY `service_analysis_attributes_parent_id_foreign` (`parent_id`);

--
-- Indexes for table `settings`
--
ALTER TABLE `settings`
  ADD PRIMARY KEY (`id`),
  ADD KEY `settings_app_type_foreign` (`app_type`);

--
-- Indexes for table `shifts`
--
ALTER TABLE `shifts`
  ADD PRIMARY KEY (`id`),
  ADD KEY `shifts_account_type_foreign` (`account_type`),
  ADD KEY `shifts_clinic_id_foreign` (`clinic_id`);

--
-- Indexes for table `shift_employees`
--
ALTER TABLE `shift_employees`
  ADD PRIMARY KEY (`id`),
  ADD KEY `shift_employees_account_type_foreign` (`account_type`),
  ADD KEY `shift_employees_clinic_id_foreign` (`clinic_id`),
  ADD KEY `shift_employees_employee_id_foreign` (`employee_id`),
  ADD KEY `shift_employees_shift_id_foreign` (`shift_id`),
  ADD KEY `shift_employees_checkin_another_employee_foreign` (`checkin_another_employee`),
  ADD KEY `shift_employees_checkout_another_employee_foreign` (`checkout_another_employee`);

--
-- Indexes for table `sick_leaves`
--
ALTER TABLE `sick_leaves`
  ADD PRIMARY KEY (`id`),
  ADD KEY `sick_leaves_user_id_foreign` (`user_id`),
  ADD KEY `sick_leaves_reservation_id_foreign` (`reservation_id`);

--
-- Indexes for table `specialties`
--
ALTER TABLE `specialties`
  ADD PRIMARY KEY (`id`),
  ADD KEY `specialties_parent_id_foreign` (`parent_id`),
  ADD KEY `specialties_created_by_foreign` (`created_by`);

--
-- Indexes for table `statuses`
--
ALTER TABLE `statuses`
  ADD PRIMARY KEY (`id`);

--
-- Indexes for table `status_conversions`
--
ALTER TABLE `status_conversions`
  ADD PRIMARY KEY (`id`),
  ADD KEY `status_conversions_user_id_foreign` (`user_id`),
  ADD KEY `status_conversions_doctor_id_foreign` (`doctor_id`),
  ADD KEY `status_conversions_reception_id_foreign` (`reception_id`),
  ADD KEY `status_conversions_reservation_id_foreign` (`reservation_id`);

--
-- Indexes for table `subscriptions_package_clinics`
--
ALTER TABLE `subscriptions_package_clinics`
  ADD PRIMARY KEY (`id`),
  ADD KEY `subscriptions_package_clinics_clinic_id_foreign` (`clinic_id`),
  ADD KEY `subscriptions_package_clinics_package_id_foreign` (`package_id`);

--
-- Indexes for table `subscriptions_package_users`
--
ALTER TABLE `subscriptions_package_users`
  ADD PRIMARY KEY (`id`),
  ADD KEY `subscriptions_package_users_package_id_foreign` (`package_id`),
  ADD KEY `subscriptions_package_users_user_id_foreign` (`user_id`);

--
-- Indexes for table `suppliers`
--
ALTER TABLE `suppliers`
  ADD PRIMARY KEY (`id`),
  ADD KEY `suppliers_clinic_id_index` (`clinic_id`),
  ADD KEY `suppliers_pharmacy_id_index` (`pharmacy_id`);

--
-- Indexes for table `takafoul_discounts`
--
ALTER TABLE `takafoul_discounts`
  ADD PRIMARY KEY (`id`);

--
-- Indexes for table `test_results`
--
ALTER TABLE `test_results`
  ADD PRIMARY KEY (`id`),
  ADD KEY `test_results_user_id_foreign` (`user_id`),
  ADD KEY `test_results_doctor_id_foreign` (`doctor_id`),
  ADD KEY `test_results_clinic_id_foreign` (`clinic_id`);

--
-- Indexes for table `users`
--
ALTER TABLE `users`
  ADD PRIMARY KEY (`id`),
  ADD UNIQUE KEY `users_jwt_token_unique` (`jwt_token`),
  ADD UNIQUE KEY `users_email_unique` (`email`),
  ADD UNIQUE KEY `users_phone_unique` (`phone`),
  ADD KEY `users_city_id_foreign` (`city_id`),
  ADD KEY `users_parent_id_foreign` (`parent_id`),
  ADD KEY `users_nationality_id_foreign` (`nationality_id`),
  ADD KEY `users_country_id_foreign` (`country_id`),
  ADD KEY `users_gover_id_foreign` (`gover_id`),
  ADD KEY `users_company_id_foreign` (`company_id`),
  ADD KEY `users_class_id_foreign` (`class_id`),
  ADD KEY `users_reception_id_foreign` (`reception_id`),
  ADD KEY `users_region_id_foreign` (`region_id`);

--
-- Indexes for table `users_members`
--
ALTER TABLE `users_members`
  ADD PRIMARY KEY (`id`),
  ADD UNIQUE KEY `users_members_phone_unique` (`phone`),
  ADD KEY `users_members_user_id_foreign` (`user_id`);

--
-- Indexes for table `user_points`
--
ALTER TABLE `user_points`
  ADD PRIMARY KEY (`id`),
  ADD KEY `user_points_user_id_foreign` (`user_id`),
  ADD KEY `user_points_clinic_id_foreign` (`clinic_id`);

--
-- Indexes for table `verification_codes`
--
ALTER TABLE `verification_codes`
  ADD PRIMARY KEY (`id`),
  ADD KEY `verification_codes_user_id_foreign` (`user_id`);

--
-- Indexes for table `vital_signs`
--
ALTER TABLE `vital_signs`
  ADD PRIMARY KEY (`id`),
  ADD KEY `vital_signs_user_id_foreign` (`user_id`),
  ADD KEY `vital_signs_doctor_id_foreign` (`doctor_id`),
  ADD KEY `vital_signs_clinic_id_foreign` (`clinic_id`),
  ADD KEY `vital_signs_emergency_id_foreign` (`emergency_id`),
  ADD KEY `vital_signs_reservation_id_foreign` (`reservation_id`);

--
-- Indexes for table `working_days`
--
ALTER TABLE `working_days`
  ADD PRIMARY KEY (`id`),
  ADD KEY `working_days_day_id_foreign` (`day_id`),
  ADD KEY `working_days_pharmacist_id_foreign` (`pharmacist_id`);

--
-- AUTO_INCREMENT for dumped tables
--

--
-- AUTO_INCREMENT for table `admins`
--
ALTER TABLE `admins`
  MODIFY `id` bigint(20) UNSIGNED NOT NULL AUTO_INCREMENT, AUTO_INCREMENT=2;

--
-- AUTO_INCREMENT for table `age_categories`
--
ALTER TABLE `age_categories`
  MODIFY `id` bigint(20) UNSIGNED NOT NULL AUTO_INCREMENT, AUTO_INCREMENT=6;

--
-- AUTO_INCREMENT for table `all_permissions`
--
ALTER TABLE `all_permissions`
  MODIFY `id` bigint(20) UNSIGNED NOT NULL AUTO_INCREMENT, AUTO_INCREMENT=43;

--
-- AUTO_INCREMENT for table `app_types`
--
ALTER TABLE `app_types`
  MODIFY `id` bigint(20) UNSIGNED NOT NULL AUTO_INCREMENT, AUTO_INCREMENT=43;

--
-- AUTO_INCREMENT for table `attendances`
--
ALTER TABLE `attendances`
  MODIFY `id` bigint(20) UNSIGNED NOT NULL AUTO_INCREMENT;

--
-- AUTO_INCREMENT for table `attendance_settings`
--
ALTER TABLE `attendance_settings`
  MODIFY `id` bigint(20) UNSIGNED NOT NULL AUTO_INCREMENT, AUTO_INCREMENT=5;

--
-- AUTO_INCREMENT for table `bonds`
--
ALTER TABLE `bonds`
  MODIFY `id` bigint(20) UNSIGNED NOT NULL AUTO_INCREMENT, AUTO_INCREMENT=15;

--
-- AUTO_INCREMENT for table `cities`
--
ALTER TABLE `cities`
  MODIFY `id` bigint(20) UNSIGNED NOT NULL AUTO_INCREMENT, AUTO_INCREMENT=13;

--
-- AUTO_INCREMENT for table `clinics`
--
ALTER TABLE `clinics`
  MODIFY `id` bigint(20) UNSIGNED NOT NULL AUTO_INCREMENT, AUTO_INCREMENT=450;

--
-- AUTO_INCREMENT for table `clinics_permissions`
--
ALTER TABLE `clinics_permissions`
  MODIFY `id` bigint(20) UNSIGNED NOT NULL AUTO_INCREMENT;

--
-- AUTO_INCREMENT for table `clinic_device_tokens`
--
ALTER TABLE `clinic_device_tokens`
  MODIFY `id` bigint(20) UNSIGNED NOT NULL AUTO_INCREMENT;

--
-- AUTO_INCREMENT for table `clinic_offers`
--
ALTER TABLE `clinic_offers`
  MODIFY `id` bigint(20) UNSIGNED NOT NULL AUTO_INCREMENT, AUTO_INCREMENT=59;

--
-- AUTO_INCREMENT for table `clinic_points`
--
ALTER TABLE `clinic_points`
  MODIFY `id` bigint(20) UNSIGNED NOT NULL AUTO_INCREMENT, AUTO_INCREMENT=24;

--
-- AUTO_INCREMENT for table `clinic_point_nursings`
--
ALTER TABLE `clinic_point_nursings`
  MODIFY `id` bigint(20) UNSIGNED NOT NULL AUTO_INCREMENT, AUTO_INCREMENT=5;

--
-- AUTO_INCREMENT for table `clinic_posts_counts`
--
ALTER TABLE `clinic_posts_counts`
  MODIFY `id` bigint(20) UNSIGNED NOT NULL AUTO_INCREMENT, AUTO_INCREMENT=4;

--
-- AUTO_INCREMENT for table `clinic_ratings`
--
ALTER TABLE `clinic_ratings`
  MODIFY `id` bigint(20) UNSIGNED NOT NULL AUTO_INCREMENT, AUTO_INCREMENT=20;

--
-- AUTO_INCREMENT for table `clinic_services`
--
ALTER TABLE `clinic_services`
  MODIFY `id` bigint(20) UNSIGNED NOT NULL AUTO_INCREMENT, AUTO_INCREMENT=348;

--
-- AUTO_INCREMENT for table `clinic_specialists`
--
ALTER TABLE `clinic_specialists`
  MODIFY `id` bigint(20) UNSIGNED NOT NULL AUTO_INCREMENT, AUTO_INCREMENT=513;

--
-- AUTO_INCREMENT for table `complaint_boxes`
--
ALTER TABLE `complaint_boxes`
  MODIFY `id` bigint(20) UNSIGNED NOT NULL AUTO_INCREMENT, AUTO_INCREMENT=83;

--
-- AUTO_INCREMENT for table `countries`
--
ALTER TABLE `countries`
  MODIFY `id` bigint(20) UNSIGNED NOT NULL AUTO_INCREMENT, AUTO_INCREMENT=2;

--
-- AUTO_INCREMENT for table `coupons`
--
ALTER TABLE `coupons`
  MODIFY `id` bigint(20) UNSIGNED NOT NULL AUTO_INCREMENT, AUTO_INCREMENT=2;

--
-- AUTO_INCREMENT for table `customers`
--
ALTER TABLE `customers`
  MODIFY `id` bigint(20) UNSIGNED NOT NULL AUTO_INCREMENT, AUTO_INCREMENT=5;

--
-- AUTO_INCREMENT for table `days`
--
ALTER TABLE `days`
  MODIFY `id` bigint(20) UNSIGNED NOT NULL AUTO_INCREMENT, AUTO_INCREMENT=8;

--
-- AUTO_INCREMENT for table `departments`
--
ALTER TABLE `departments`
  MODIFY `id` bigint(20) UNSIGNED NOT NULL AUTO_INCREMENT;

--
-- AUTO_INCREMENT for table `doctor_appointments`
--
ALTER TABLE `doctor_appointments`
  MODIFY `id` bigint(20) UNSIGNED NOT NULL AUTO_INCREMENT, AUTO_INCREMENT=16;

--
-- AUTO_INCREMENT for table `doctor_conditions`
--
ALTER TABLE `doctor_conditions`
  MODIFY `id` bigint(20) UNSIGNED NOT NULL AUTO_INCREMENT, AUTO_INCREMENT=3;

--
-- AUTO_INCREMENT for table `doctor_degrees`
--
ALTER TABLE `doctor_degrees`
  MODIFY `id` bigint(20) UNSIGNED NOT NULL AUTO_INCREMENT, AUTO_INCREMENT=3;

--
-- AUTO_INCREMENT for table `doctor_emergencies`
--
ALTER TABLE `doctor_emergencies`
  MODIFY `id` bigint(20) UNSIGNED NOT NULL AUTO_INCREMENT, AUTO_INCREMENT=9;

--
-- AUTO_INCREMENT for table `drugs`
--
ALTER TABLE `drugs`
  MODIFY `id` bigint(20) UNSIGNED NOT NULL AUTO_INCREMENT, AUTO_INCREMENT=45;

--
-- AUTO_INCREMENT for table `drugs_emergencies`
--
ALTER TABLE `drugs_emergencies`
  MODIFY `id` bigint(20) UNSIGNED NOT NULL AUTO_INCREMENT, AUTO_INCREMENT=6;

--
-- AUTO_INCREMENT for table `drug_clinics_taxes`
--
ALTER TABLE `drug_clinics_taxes`
  MODIFY `id` bigint(20) UNSIGNED NOT NULL AUTO_INCREMENT, AUTO_INCREMENT=15;

--
-- AUTO_INCREMENT for table `drug_sections`
--
ALTER TABLE `drug_sections`
  MODIFY `id` bigint(20) UNSIGNED NOT NULL AUTO_INCREMENT, AUTO_INCREMENT=15;

--
-- AUTO_INCREMENT for table `electronic_payments`
--
ALTER TABLE `electronic_payments`
  MODIFY `id` bigint(20) UNSIGNED NOT NULL AUTO_INCREMENT, AUTO_INCREMENT=2;

--
-- AUTO_INCREMENT for table `emergencies`
--
ALTER TABLE `emergencies`
  MODIFY `id` bigint(20) UNSIGNED NOT NULL AUTO_INCREMENT, AUTO_INCREMENT=13;

--
-- AUTO_INCREMENT for table `failed_jobs`
--
ALTER TABLE `failed_jobs`
  MODIFY `id` bigint(20) UNSIGNED NOT NULL AUTO_INCREMENT;

--
-- AUTO_INCREMENT for table `insurances_companies_services`
--
ALTER TABLE `insurances_companies_services`
  MODIFY `id` bigint(20) UNSIGNED NOT NULL AUTO_INCREMENT, AUTO_INCREMENT=10;

--
-- AUTO_INCREMENT for table `insurance_classes`
--
ALTER TABLE `insurance_classes`
  MODIFY `id` bigint(20) UNSIGNED NOT NULL AUTO_INCREMENT, AUTO_INCREMENT=13;

--
-- AUTO_INCREMENT for table `insurance_companies`
--
ALTER TABLE `insurance_companies`
  MODIFY `id` bigint(20) UNSIGNED NOT NULL AUTO_INCREMENT, AUTO_INCREMENT=18;

--
-- AUTO_INCREMENT for table `insurance_policies`
--
ALTER TABLE `insurance_policies`
  MODIFY `id` bigint(20) UNSIGNED NOT NULL AUTO_INCREMENT, AUTO_INCREMENT=5;

--
-- AUTO_INCREMENT for table `invoices`
--
ALTER TABLE `invoices`
  MODIFY `id` bigint(20) UNSIGNED NOT NULL AUTO_INCREMENT, AUTO_INCREMENT=111;

--
-- AUTO_INCREMENT for table `item_units`
--
ALTER TABLE `item_units`
  MODIFY `id` bigint(20) UNSIGNED NOT NULL AUTO_INCREMENT, AUTO_INCREMENT=22;

--
-- AUTO_INCREMENT for table `languages`
--
ALTER TABLE `languages`
  MODIFY `id` bigint(20) UNSIGNED NOT NULL AUTO_INCREMENT, AUTO_INCREMENT=3;

--
-- AUTO_INCREMENT for table `medical_reports`
--
ALTER TABLE `medical_reports`
  MODIFY `id` bigint(20) UNSIGNED NOT NULL AUTO_INCREMENT, AUTO_INCREMENT=16;

--
-- AUTO_INCREMENT for table `migrations`
--
ALTER TABLE `migrations`
  MODIFY `id` int(10) UNSIGNED NOT NULL AUTO_INCREMENT, AUTO_INCREMENT=136;

--
-- AUTO_INCREMENT for table `notifications`
--
ALTER TABLE `notifications`
  MODIFY `id` bigint(20) UNSIGNED NOT NULL AUTO_INCREMENT, AUTO_INCREMENT=6;

--
-- AUTO_INCREMENT for table `nurse_emergencies`
--
ALTER TABLE `nurse_emergencies`
  MODIFY `id` bigint(20) UNSIGNED NOT NULL AUTO_INCREMENT, AUTO_INCREMENT=6;

--
-- AUTO_INCREMENT for table `packages`
--
ALTER TABLE `packages`
  MODIFY `id` bigint(20) UNSIGNED NOT NULL AUTO_INCREMENT, AUTO_INCREMENT=7;

--
-- AUTO_INCREMENT for table `patient_medical_reports`
--
ALTER TABLE `patient_medical_reports`
  MODIFY `id` bigint(20) UNSIGNED NOT NULL AUTO_INCREMENT, AUTO_INCREMENT=211;

--
-- AUTO_INCREMENT for table `patient_services`
--
ALTER TABLE `patient_services`
  MODIFY `id` bigint(20) UNSIGNED NOT NULL AUTO_INCREMENT, AUTO_INCREMENT=137;

--
-- AUTO_INCREMENT for table `payment_methods`
--
ALTER TABLE `payment_methods`
  MODIFY `id` bigint(20) UNSIGNED NOT NULL AUTO_INCREMENT, AUTO_INCREMENT=3;

--
-- AUTO_INCREMENT for table `permissions`
--
ALTER TABLE `permissions`
  MODIFY `id` bigint(20) UNSIGNED NOT NULL AUTO_INCREMENT, AUTO_INCREMENT=113;

--
-- AUTO_INCREMENT for table `permissions_requests`
--
ALTER TABLE `permissions_requests`
  MODIFY `id` bigint(20) UNSIGNED NOT NULL AUTO_INCREMENT, AUTO_INCREMENT=62;

--
-- AUTO_INCREMENT for table `permissions_types`
--
ALTER TABLE `permissions_types`
  MODIFY `id` bigint(20) UNSIGNED NOT NULL AUTO_INCREMENT, AUTO_INCREMENT=5;

--
-- AUTO_INCREMENT for table `personal_access_tokens`
--
ALTER TABLE `personal_access_tokens`
  MODIFY `id` bigint(20) UNSIGNED NOT NULL AUTO_INCREMENT;

--
-- AUTO_INCREMENT for table `pharmacy_prescriptions`
--
ALTER TABLE `pharmacy_prescriptions`
  MODIFY `id` bigint(20) UNSIGNED NOT NULL AUTO_INCREMENT, AUTO_INCREMENT=2;

--
-- AUTO_INCREMENT for table `posts`
--
ALTER TABLE `posts`
  MODIFY `id` bigint(20) UNSIGNED NOT NULL AUTO_INCREMENT, AUTO_INCREMENT=42;

--
-- AUTO_INCREMENT for table `posts_settings`
--
ALTER TABLE `posts_settings`
  MODIFY `id` bigint(20) UNSIGNED NOT NULL AUTO_INCREMENT, AUTO_INCREMENT=4;

--
-- AUTO_INCREMENT for table `ratings`
--
ALTER TABLE `ratings`
  MODIFY `id` bigint(20) UNSIGNED NOT NULL AUTO_INCREMENT, AUTO_INCREMENT=3;

--
-- AUTO_INCREMENT for table `regions`
--
ALTER TABLE `regions`
  MODIFY `id` bigint(20) UNSIGNED NOT NULL AUTO_INCREMENT, AUTO_INCREMENT=43;

--
-- AUTO_INCREMENT for table `reservations`
--
ALTER TABLE `reservations`
  MODIFY `id` bigint(20) UNSIGNED NOT NULL AUTO_INCREMENT, AUTO_INCREMENT=146;

--
-- AUTO_INCREMENT for table `reservation_chats`
--
ALTER TABLE `reservation_chats`
  MODIFY `id` bigint(20) UNSIGNED NOT NULL AUTO_INCREMENT, AUTO_INCREMENT=24;

--
-- AUTO_INCREMENT for table `reservation_drugs`
--
ALTER TABLE `reservation_drugs`
  MODIFY `id` bigint(20) UNSIGNED NOT NULL AUTO_INCREMENT, AUTO_INCREMENT=14;

--
-- AUTO_INCREMENT for table `reservation_vital_signs`
--
ALTER TABLE `reservation_vital_signs`
  MODIFY `id` bigint(20) UNSIGNED NOT NULL AUTO_INCREMENT, AUTO_INCREMENT=6;

--
-- AUTO_INCREMENT for table `result_manuals`
--
ALTER TABLE `result_manuals`
  MODIFY `id` bigint(20) UNSIGNED NOT NULL AUTO_INCREMENT, AUTO_INCREMENT=52;

--
-- AUTO_INCREMENT for table `roles`
--
ALTER TABLE `roles`
  MODIFY `id` bigint(20) UNSIGNED NOT NULL AUTO_INCREMENT, AUTO_INCREMENT=5;

--
-- AUTO_INCREMENT for table `services`
--
ALTER TABLE `services`
  MODIFY `id` bigint(20) UNSIGNED NOT NULL AUTO_INCREMENT, AUTO_INCREMENT=427;

--
-- AUTO_INCREMENT for table `services_categories`
--
ALTER TABLE `services_categories`
  MODIFY `id` bigint(20) UNSIGNED NOT NULL AUTO_INCREMENT, AUTO_INCREMENT=47;

--
-- AUTO_INCREMENT for table `service_analysis_attributes`
--
ALTER TABLE `service_analysis_attributes`
  MODIFY `id` bigint(20) UNSIGNED NOT NULL AUTO_INCREMENT, AUTO_INCREMENT=436;

--
-- AUTO_INCREMENT for table `settings`
--
ALTER TABLE `settings`
  MODIFY `id` bigint(20) UNSIGNED NOT NULL AUTO_INCREMENT, AUTO_INCREMENT=19;

--
-- AUTO_INCREMENT for table `shifts`
--
ALTER TABLE `shifts`
  MODIFY `id` bigint(20) UNSIGNED NOT NULL AUTO_INCREMENT, AUTO_INCREMENT=124;

--
-- AUTO_INCREMENT for table `shift_employees`
--
ALTER TABLE `shift_employees`
  MODIFY `id` bigint(20) UNSIGNED NOT NULL AUTO_INCREMENT, AUTO_INCREMENT=2726;

--
-- AUTO_INCREMENT for table `sick_leaves`
--
ALTER TABLE `sick_leaves`
  MODIFY `id` bigint(20) UNSIGNED NOT NULL AUTO_INCREMENT, AUTO_INCREMENT=8;

--
-- AUTO_INCREMENT for table `specialties`
--
ALTER TABLE `specialties`
  MODIFY `id` bigint(20) UNSIGNED NOT NULL AUTO_INCREMENT, AUTO_INCREMENT=140;

--
-- AUTO_INCREMENT for table `statuses`
--
ALTER TABLE `statuses`
  MODIFY `id` bigint(20) UNSIGNED NOT NULL AUTO_INCREMENT, AUTO_INCREMENT=7;

--
-- AUTO_INCREMENT for table `status_conversions`
--
ALTER TABLE `status_conversions`
  MODIFY `id` bigint(20) UNSIGNED NOT NULL AUTO_INCREMENT, AUTO_INCREMENT=21;

--
-- AUTO_INCREMENT for table `subscriptions_package_clinics`
--
ALTER TABLE `subscriptions_package_clinics`
  MODIFY `id` bigint(20) UNSIGNED NOT NULL AUTO_INCREMENT, AUTO_INCREMENT=3;

--
-- AUTO_INCREMENT for table `subscriptions_package_users`
--
ALTER TABLE `subscriptions_package_users`
  MODIFY `id` bigint(20) UNSIGNED NOT NULL AUTO_INCREMENT, AUTO_INCREMENT=61;

--
-- AUTO_INCREMENT for table `suppliers`
--
ALTER TABLE `suppliers`
  MODIFY `id` bigint(20) UNSIGNED NOT NULL AUTO_INCREMENT, AUTO_INCREMENT=9;

--
-- AUTO_INCREMENT for table `takafoul_discounts`
--
ALTER TABLE `takafoul_discounts`
  MODIFY `id` bigint(20) UNSIGNED NOT NULL AUTO_INCREMENT, AUTO_INCREMENT=2;

--
-- AUTO_INCREMENT for table `test_results`
--
ALTER TABLE `test_results`
  MODIFY `id` bigint(20) UNSIGNED NOT NULL AUTO_INCREMENT, AUTO_INCREMENT=2;

--
-- AUTO_INCREMENT for table `users`
--
ALTER TABLE `users`
  MODIFY `id` bigint(20) UNSIGNED NOT NULL AUTO_INCREMENT, AUTO_INCREMENT=108;

--
-- AUTO_INCREMENT for table `users_members`
--
ALTER TABLE `users_members`
  MODIFY `id` bigint(20) UNSIGNED NOT NULL AUTO_INCREMENT, AUTO_INCREMENT=8;

--
-- AUTO_INCREMENT for table `user_points`
--
ALTER TABLE `user_points`
  MODIFY `id` bigint(20) UNSIGNED NOT NULL AUTO_INCREMENT, AUTO_INCREMENT=2;

--
-- AUTO_INCREMENT for table `verification_codes`
--
ALTER TABLE `verification_codes`
  MODIFY `id` bigint(20) UNSIGNED NOT NULL AUTO_INCREMENT, AUTO_INCREMENT=7;

--
-- AUTO_INCREMENT for table `vital_signs`
--
ALTER TABLE `vital_signs`
  MODIFY `id` bigint(20) UNSIGNED NOT NULL AUTO_INCREMENT, AUTO_INCREMENT=28;

--
-- AUTO_INCREMENT for table `working_days`
--
ALTER TABLE `working_days`
  MODIFY `id` bigint(20) UNSIGNED NOT NULL AUTO_INCREMENT, AUTO_INCREMENT=15;

--
-- Constraints for dumped tables
--

--
-- Constraints for table `all_permissions`
--
ALTER TABLE `all_permissions`
  ADD CONSTRAINT `all_permissions_parent_id_foreign` FOREIGN KEY (`parent_id`) REFERENCES `all_permissions` (`id`) ON DELETE CASCADE ON UPDATE CASCADE;

--
-- Constraints for table `attendances`
--
ALTER TABLE `attendances`
  ADD CONSTRAINT `attendances_account_type_foreign` FOREIGN KEY (`account_type`) REFERENCES `clinics` (`id`) ON DELETE CASCADE ON UPDATE CASCADE,
  ADD CONSTRAINT `attendances_another_employee_foreign` FOREIGN KEY (`another_employee`) REFERENCES `clinics` (`id`) ON DELETE CASCADE ON UPDATE CASCADE,
  ADD CONSTRAINT `attendances_clinic_id_foreign` FOREIGN KEY (`clinic_id`) REFERENCES `clinics` (`id`) ON DELETE CASCADE ON UPDATE CASCADE,
  ADD CONSTRAINT `attendances_day_id_foreign` FOREIGN KEY (`day_id`) REFERENCES `days` (`id`) ON DELETE CASCADE ON UPDATE CASCADE;

--
-- Constraints for table `attendance_settings`
--
ALTER TABLE `attendance_settings`
  ADD CONSTRAINT `attendance_settings_clinic_id_foreign` FOREIGN KEY (`clinic_id`) REFERENCES `clinics` (`id`) ON DELETE CASCADE ON UPDATE CASCADE;

--
-- Constraints for table `bonds`
--
ALTER TABLE `bonds`
  ADD CONSTRAINT `bonds_reception_id_foreign` FOREIGN KEY (`reception_id`) REFERENCES `clinics` (`id`) ON DELETE CASCADE ON UPDATE CASCADE,
  ADD CONSTRAINT `bonds_user_id_foreign` FOREIGN KEY (`user_id`) REFERENCES `users` (`id`) ON DELETE CASCADE ON UPDATE CASCADE;

--
-- Constraints for table `cities`
--
ALTER TABLE `cities`
  ADD CONSTRAINT `cities_country_id_foreign` FOREIGN KEY (`country_id`) REFERENCES `countries` (`id`) ON DELETE CASCADE ON UPDATE CASCADE,
  ADD CONSTRAINT `cities_created_by_foreign` FOREIGN KEY (`created_by`) REFERENCES `clinics` (`id`) ON DELETE CASCADE ON UPDATE CASCADE;

--
-- Constraints for table `clinics`
--
ALTER TABLE `clinics`
  ADD CONSTRAINT `clinics_app_type_foreign` FOREIGN KEY (`app_type`) REFERENCES `app_types` (`id`) ON DELETE CASCADE ON UPDATE CASCADE,
  ADD CONSTRAINT `clinics_city_id_foreign` FOREIGN KEY (`city_id`) REFERENCES `cities` (`id`) ON DELETE CASCADE ON UPDATE CASCADE,
  ADD CONSTRAINT `clinics_nursing_point_id_foreign` FOREIGN KEY (`nursing_point_id`) REFERENCES `clinic_point_nursings` (`id`) ON DELETE CASCADE ON UPDATE CASCADE,
  ADD CONSTRAINT `clinics_parent_id_foreign` FOREIGN KEY (`parent_id`) REFERENCES `clinics` (`id`) ON DELETE CASCADE ON UPDATE CASCADE;

--
-- Constraints for table `clinics_permissions`
--
ALTER TABLE `clinics_permissions`
  ADD CONSTRAINT `clinics_permissions_admin_id_foreign` FOREIGN KEY (`admin_id`) REFERENCES `clinics` (`id`) ON DELETE CASCADE ON UPDATE CASCADE,
  ADD CONSTRAINT `clinics_permissions_child_id_foreign` FOREIGN KEY (`child_id`) REFERENCES `all_permissions` (`id`) ON DELETE CASCADE ON UPDATE CASCADE,
  ADD CONSTRAINT `clinics_permissions_parent_id_foreign` FOREIGN KEY (`parent_id`) REFERENCES `all_permissions` (`id`) ON DELETE CASCADE ON UPDATE CASCADE;

--
-- Constraints for table `clinic_device_tokens`
--
ALTER TABLE `clinic_device_tokens`
  ADD CONSTRAINT `clinic_device_tokens_clinic_id_foreign` FOREIGN KEY (`clinic_id`) REFERENCES `clinics` (`id`) ON DELETE CASCADE ON UPDATE CASCADE;

--
-- Constraints for table `clinic_offers`
--
ALTER TABLE `clinic_offers`
  ADD CONSTRAINT `clinic_offers_clinic_id_foreign` FOREIGN KEY (`clinic_id`) REFERENCES `clinics` (`id`) ON DELETE CASCADE ON UPDATE CASCADE;

--
-- Constraints for table `clinic_points`
--
ALTER TABLE `clinic_points`
  ADD CONSTRAINT `clinic_points_clinic_id_foreign` FOREIGN KEY (`clinic_id`) REFERENCES `clinics` (`id`) ON DELETE CASCADE ON UPDATE CASCADE;

--
-- Constraints for table `clinic_point_nursings`
--
ALTER TABLE `clinic_point_nursings`
  ADD CONSTRAINT `clinic_point_nursings_clinic_id_foreign` FOREIGN KEY (`clinic_id`) REFERENCES `clinics` (`id`) ON DELETE CASCADE ON UPDATE CASCADE;

--
-- Constraints for table `clinic_ratings`
--
ALTER TABLE `clinic_ratings`
  ADD CONSTRAINT `clinic_ratings_clinic_id_foreign` FOREIGN KEY (`clinic_id`) REFERENCES `clinics` (`id`) ON DELETE CASCADE ON UPDATE CASCADE,
  ADD CONSTRAINT `clinic_ratings_rating_id_foreign` FOREIGN KEY (`rating_id`) REFERENCES `ratings` (`id`) ON DELETE CASCADE ON UPDATE CASCADE,
  ADD CONSTRAINT `clinic_ratings_user_id_foreign` FOREIGN KEY (`user_id`) REFERENCES `users` (`id`) ON DELETE CASCADE ON UPDATE CASCADE;

--
-- Constraints for table `clinic_services`
--
ALTER TABLE `clinic_services`
  ADD CONSTRAINT `clinic_services_clinic_id_foreign` FOREIGN KEY (`clinic_id`) REFERENCES `clinics` (`id`) ON DELETE CASCADE ON UPDATE CASCADE,
  ADD CONSTRAINT `clinic_services_created_by_foreign` FOREIGN KEY (`created_by`) REFERENCES `clinics` (`id`) ON DELETE CASCADE ON UPDATE CASCADE,
  ADD CONSTRAINT `clinic_services_service_id_foreign` FOREIGN KEY (`service_id`) REFERENCES `services` (`id`) ON DELETE CASCADE ON UPDATE CASCADE;

--
-- Constraints for table `clinic_specialists`
--
ALTER TABLE `clinic_specialists`
  ADD CONSTRAINT `clinic_specialists_clinic_id_foreign` FOREIGN KEY (`clinic_id`) REFERENCES `clinics` (`id`) ON DELETE CASCADE ON UPDATE CASCADE,
  ADD CONSTRAINT `clinic_specialists_specialty_id_foreign` FOREIGN KEY (`specialty_id`) REFERENCES `specialties` (`id`) ON DELETE CASCADE ON UPDATE CASCADE;

--
-- Constraints for table `complaint_boxes`
--
ALTER TABLE `complaint_boxes`
  ADD CONSTRAINT `complaint_boxes_clinic_id_foreign` FOREIGN KEY (`clinic_id`) REFERENCES `clinics` (`id`) ON DELETE CASCADE ON UPDATE CASCADE,
  ADD CONSTRAINT `complaint_boxes_user_id_foreign` FOREIGN KEY (`user_id`) REFERENCES `users` (`id`) ON DELETE CASCADE ON UPDATE CASCADE;

--
-- Constraints for table `coupons`
--
ALTER TABLE `coupons`
  ADD CONSTRAINT `coupons_city_id_foreign` FOREIGN KEY (`city_id`) REFERENCES `cities` (`id`) ON DELETE CASCADE ON UPDATE CASCADE,
  ADD CONSTRAINT `coupons_clinic_id_foreign` FOREIGN KEY (`clinic_id`) REFERENCES `clinics` (`id`) ON DELETE CASCADE ON UPDATE CASCADE;

--
-- Constraints for table `customers`
--
ALTER TABLE `customers`
  ADD CONSTRAINT `customers_clinic_id_foreign` FOREIGN KEY (`clinic_id`) REFERENCES `clinics` (`parent_id`) ON DELETE CASCADE ON UPDATE CASCADE,
  ADD CONSTRAINT `customers_pharmacy_id_foreign` FOREIGN KEY (`pharmacy_id`) REFERENCES `clinics` (`id`) ON DELETE CASCADE ON UPDATE CASCADE;

--
-- Constraints for table `departments`
--
ALTER TABLE `departments`
  ADD CONSTRAINT `departments_clinic_id_foreign` FOREIGN KEY (`clinic_id`) REFERENCES `clinics` (`id`) ON DELETE CASCADE ON UPDATE CASCADE;

--
-- Constraints for table `doctor_appointments`
--
ALTER TABLE `doctor_appointments`
  ADD CONSTRAINT `doctor_appointments_day_id_foreign` FOREIGN KEY (`day_id`) REFERENCES `days` (`id`) ON DELETE CASCADE ON UPDATE CASCADE,
  ADD CONSTRAINT `doctor_appointments_doctor_id_foreign` FOREIGN KEY (`doctor_id`) REFERENCES `clinics` (`id`) ON DELETE CASCADE ON UPDATE CASCADE;

--
-- Constraints for table `doctor_conditions`
--
ALTER TABLE `doctor_conditions`
  ADD CONSTRAINT `doctor_conditions_doctor_id_foreign` FOREIGN KEY (`doctor_id`) REFERENCES `clinics` (`id`) ON DELETE CASCADE ON UPDATE CASCADE;

--
-- Constraints for table `doctor_emergencies`
--
ALTER TABLE `doctor_emergencies`
  ADD CONSTRAINT `doctor_emergencies_doctor_id_foreign` FOREIGN KEY (`doctor_id`) REFERENCES `clinics` (`id`) ON DELETE CASCADE ON UPDATE CASCADE,
  ADD CONSTRAINT `doctor_emergencies_emergency_id_foreign` FOREIGN KEY (`emergency_id`) REFERENCES `emergencies` (`id`) ON DELETE CASCADE ON UPDATE CASCADE;

--
-- Constraints for table `drugs`
--
ALTER TABLE `drugs`
  ADD CONSTRAINT `drugs_alternative_id_foreign` FOREIGN KEY (`alternative_id`) REFERENCES `drugs` (`id`) ON DELETE CASCADE ON UPDATE CASCADE,
  ADD CONSTRAINT `drugs_clinic_id_foreign` FOREIGN KEY (`clinic_id`) REFERENCES `clinics` (`parent_id`) ON DELETE CASCADE ON UPDATE CASCADE,
  ADD CONSTRAINT `drugs_doctor_id_foreign` FOREIGN KEY (`doctor_id`) REFERENCES `clinics` (`id`) ON DELETE CASCADE ON UPDATE CASCADE,
  ADD CONSTRAINT `drugs_parent_id_foreign` FOREIGN KEY (`parent_id`) REFERENCES `drugs` (`id`) ON DELETE CASCADE ON UPDATE CASCADE,
  ADD CONSTRAINT `drugs_pharmacy_id_foreign` FOREIGN KEY (`pharmacy_id`) REFERENCES `clinics` (`id`) ON DELETE CASCADE ON UPDATE CASCADE;

--
-- Constraints for table `drugs_emergencies`
--
ALTER TABLE `drugs_emergencies`
  ADD CONSTRAINT `drugs_emergencies_drugs_id_foreign` FOREIGN KEY (`drugs_id`) REFERENCES `drugs` (`id`) ON DELETE CASCADE ON UPDATE CASCADE,
  ADD CONSTRAINT `drugs_emergencies_emergency_id_foreign` FOREIGN KEY (`emergency_id`) REFERENCES `emergencies` (`id`) ON DELETE CASCADE ON UPDATE CASCADE;

--
-- Constraints for table `drug_clinics_taxes`
--
ALTER TABLE `drug_clinics_taxes`
  ADD CONSTRAINT `drug_clinics_taxes_clinic_id_foreign` FOREIGN KEY (`clinic_id`) REFERENCES `clinics` (`parent_id`) ON DELETE CASCADE ON UPDATE CASCADE,
  ADD CONSTRAINT `drug_clinics_taxes_drug_id_foreign` FOREIGN KEY (`drug_id`) REFERENCES `drugs` (`id`) ON DELETE CASCADE ON UPDATE CASCADE,
  ADD CONSTRAINT `drug_clinics_taxes_pharmacy_id_foreign` FOREIGN KEY (`pharmacy_id`) REFERENCES `clinics` (`id`) ON DELETE CASCADE ON UPDATE CASCADE;

--
-- Constraints for table `drug_sections`
--
ALTER TABLE `drug_sections`
  ADD CONSTRAINT `drug_sections_category_id_foreign` FOREIGN KEY (`category_id`) REFERENCES `drugs` (`id`) ON DELETE CASCADE ON UPDATE CASCADE,
  ADD CONSTRAINT `drug_sections_clinic_id_foreign` FOREIGN KEY (`clinic_id`) REFERENCES `clinics` (`parent_id`) ON DELETE CASCADE ON UPDATE CASCADE,
  ADD CONSTRAINT `drug_sections_drug_id_foreign` FOREIGN KEY (`drug_id`) REFERENCES `drugs` (`id`) ON DELETE CASCADE ON UPDATE CASCADE,
  ADD CONSTRAINT `drug_sections_grand_unit_id_foreign` FOREIGN KEY (`grand_unit_id`) REFERENCES `item_units` (`id`) ON DELETE CASCADE ON UPDATE CASCADE,
  ADD CONSTRAINT `drug_sections_micro_unit_id_foreign` FOREIGN KEY (`micro_unit_id`) REFERENCES `item_units` (`id`) ON DELETE CASCADE ON UPDATE CASCADE,
  ADD CONSTRAINT `drug_sections_pharmacy_id_foreign` FOREIGN KEY (`pharmacy_id`) REFERENCES `clinics` (`id`) ON DELETE CASCADE ON UPDATE CASCADE;

--
-- Constraints for table `electronic_payments`
--
ALTER TABLE `electronic_payments`
  ADD CONSTRAINT `electronic_payments_clinic_id_foreign` FOREIGN KEY (`clinic_id`) REFERENCES `clinics` (`id`) ON DELETE CASCADE ON UPDATE CASCADE,
  ADD CONSTRAINT `electronic_payments_doctor_id_foreign` FOREIGN KEY (`doctor_id`) REFERENCES `clinics` (`id`) ON DELETE CASCADE ON UPDATE CASCADE,
  ADD CONSTRAINT `electronic_payments_user_id_foreign` FOREIGN KEY (`user_id`) REFERENCES `users` (`id`) ON DELETE CASCADE ON UPDATE CASCADE;

--
-- Constraints for table `emergencies`
--
ALTER TABLE `emergencies`
  ADD CONSTRAINT `emergencies_clinic_id_foreign` FOREIGN KEY (`clinic_id`) REFERENCES `clinics` (`id`) ON DELETE CASCADE ON UPDATE CASCADE,
  ADD CONSTRAINT `emergencies_nurse_id_foreign` FOREIGN KEY (`nurse_id`) REFERENCES `clinics` (`id`) ON DELETE CASCADE ON UPDATE CASCADE,
  ADD CONSTRAINT `emergencies_user_id_foreign` FOREIGN KEY (`user_id`) REFERENCES `users` (`id`) ON DELETE CASCADE ON UPDATE CASCADE;

--
-- Constraints for table `insurances_companies_services`
--
ALTER TABLE `insurances_companies_services`
  ADD CONSTRAINT `insurances_companies_services_class_id_foreign` FOREIGN KEY (`class_id`) REFERENCES `insurance_classes` (`id`) ON DELETE CASCADE ON UPDATE CASCADE,
  ADD CONSTRAINT `insurances_companies_services_clinic_id_foreign` FOREIGN KEY (`clinic_id`) REFERENCES `clinics` (`id`) ON DELETE CASCADE ON UPDATE CASCADE,
  ADD CONSTRAINT `insurances_companies_services_clinic_service_id_foreign` FOREIGN KEY (`clinic_service_id`) REFERENCES `clinic_services` (`id`) ON DELETE CASCADE ON UPDATE CASCADE,
  ADD CONSTRAINT `insurances_companies_services_company_id_foreign` FOREIGN KEY (`company_id`) REFERENCES `insurance_companies` (`id`) ON DELETE CASCADE ON UPDATE CASCADE,
  ADD CONSTRAINT `insurances_companies_services_drug_section_id_foreign` FOREIGN KEY (`drug_section_id`) REFERENCES `drug_sections` (`id`) ON DELETE CASCADE ON UPDATE CASCADE,
  ADD CONSTRAINT `insurances_companies_services_insurance_id_foreign` FOREIGN KEY (`insurance_id`) REFERENCES `clinics` (`id`) ON DELETE CASCADE ON UPDATE CASCADE;

--
-- Constraints for table `insurance_classes`
--
ALTER TABLE `insurance_classes`
  ADD CONSTRAINT `insurance_classes_clinic_id_foreign` FOREIGN KEY (`clinic_id`) REFERENCES `clinics` (`id`) ON DELETE CASCADE ON UPDATE CASCADE,
  ADD CONSTRAINT `insurance_classes_company_id_foreign` FOREIGN KEY (`company_id`) REFERENCES `insurance_companies` (`id`) ON DELETE CASCADE ON UPDATE CASCADE,
  ADD CONSTRAINT `insurance_classes_insurance_id_foreign` FOREIGN KEY (`insurance_id`) REFERENCES `clinics` (`id`) ON DELETE CASCADE ON UPDATE CASCADE;

--
-- Constraints for table `insurance_companies`
--
ALTER TABLE `insurance_companies`
  ADD CONSTRAINT `insurance_companies_clinic_id_foreign` FOREIGN KEY (`clinic_id`) REFERENCES `clinics` (`id`) ON DELETE CASCADE ON UPDATE CASCADE,
  ADD CONSTRAINT `insurance_companies_insurance_company_id_foreign` FOREIGN KEY (`insurance_company_id`) REFERENCES `insurance_companies` (`id`) ON DELETE CASCADE ON UPDATE CASCADE,
  ADD CONSTRAINT `insurance_companies_insurance_id_foreign` FOREIGN KEY (`insurance_id`) REFERENCES `clinics` (`id`) ON DELETE CASCADE ON UPDATE CASCADE;

--
-- Constraints for table `insurance_policies`
--
ALTER TABLE `insurance_policies`
  ADD CONSTRAINT `insurance_policies_class_id_foreign` FOREIGN KEY (`class_id`) REFERENCES `insurance_classes` (`id`) ON DELETE CASCADE ON UPDATE CASCADE,
  ADD CONSTRAINT `insurance_policies_clinic_id_foreign` FOREIGN KEY (`clinic_id`) REFERENCES `clinics` (`id`) ON DELETE CASCADE ON UPDATE CASCADE,
  ADD CONSTRAINT `insurance_policies_company_id_foreign` FOREIGN KEY (`company_id`) REFERENCES `insurance_companies` (`id`) ON DELETE CASCADE ON UPDATE CASCADE;

--
-- Constraints for table `invoices`
--
ALTER TABLE `invoices`
  ADD CONSTRAINT `invoices_company_id_foreign` FOREIGN KEY (`company_id`) REFERENCES `insurance_companies` (`id`) ON DELETE CASCADE ON UPDATE CASCADE,
  ADD CONSTRAINT `invoices_doctor_id_foreign` FOREIGN KEY (`doctor_id`) REFERENCES `clinics` (`id`) ON DELETE CASCADE ON UPDATE CASCADE,
  ADD CONSTRAINT `invoices_payment_method_foreign` FOREIGN KEY (`payment_method`) REFERENCES `payment_methods` (`id`) ON DELETE CASCADE ON UPDATE CASCADE,
  ADD CONSTRAINT `invoices_reception_id_foreign` FOREIGN KEY (`reception_id`) REFERENCES `clinics` (`id`) ON DELETE CASCADE ON UPDATE CASCADE,
  ADD CONSTRAINT `invoices_reservation_id_foreign` FOREIGN KEY (`reservation_id`) REFERENCES `reservations` (`id`) ON DELETE CASCADE ON UPDATE CASCADE,
  ADD CONSTRAINT `invoices_user_id_foreign` FOREIGN KEY (`user_id`) REFERENCES `users` (`id`) ON DELETE CASCADE ON UPDATE CASCADE;

--
-- Constraints for table `item_units`
--
ALTER TABLE `item_units`
  ADD CONSTRAINT `item_units_clinic_id_foreign` FOREIGN KEY (`clinic_id`) REFERENCES `clinics` (`parent_id`) ON DELETE CASCADE ON UPDATE CASCADE,
  ADD CONSTRAINT `item_units_pharmacy_id_foreign` FOREIGN KEY (`pharmacy_id`) REFERENCES `clinics` (`id`) ON DELETE CASCADE ON UPDATE CASCADE;

--
-- Constraints for table `medical_reports`
--
ALTER TABLE `medical_reports`
  ADD CONSTRAINT `medical_reports_parent_id_foreign` FOREIGN KEY (`parent_id`) REFERENCES `medical_reports` (`id`) ON DELETE CASCADE ON UPDATE CASCADE;

--
-- Constraints for table `model_has_permissions`
--
ALTER TABLE `model_has_permissions`
  ADD CONSTRAINT `model_has_permissions_permission_id_foreign` FOREIGN KEY (`permission_id`) REFERENCES `permissions` (`id`) ON DELETE CASCADE;

--
-- Constraints for table `model_has_roles`
--
ALTER TABLE `model_has_roles`
  ADD CONSTRAINT `model_has_roles_role_id_foreign` FOREIGN KEY (`role_id`) REFERENCES `roles` (`id`) ON DELETE CASCADE;

--
-- Constraints for table `notifications`
--
ALTER TABLE `notifications`
  ADD CONSTRAINT `notifications_admin_id_foreign` FOREIGN KEY (`admin_id`) REFERENCES `admins` (`id`) ON DELETE CASCADE ON UPDATE CASCADE,
  ADD CONSTRAINT `notifications_clinic_id_foreign` FOREIGN KEY (`clinic_id`) REFERENCES `clinics` (`id`) ON DELETE CASCADE ON UPDATE CASCADE,
  ADD CONSTRAINT `notifications_user_id_foreign` FOREIGN KEY (`user_id`) REFERENCES `users` (`id`) ON DELETE CASCADE ON UPDATE CASCADE;

--
-- Constraints for table `nurse_emergencies`
--
ALTER TABLE `nurse_emergencies`
  ADD CONSTRAINT `nurse_emergencies_emergency_id_foreign` FOREIGN KEY (`emergency_id`) REFERENCES `emergencies` (`id`) ON DELETE CASCADE ON UPDATE CASCADE,
  ADD CONSTRAINT `nurse_emergencies_nurse_id_foreign` FOREIGN KEY (`nurse_id`) REFERENCES `clinics` (`id`) ON DELETE CASCADE ON UPDATE CASCADE;

--
-- Constraints for table `patient_medical_reports`
--
ALTER TABLE `patient_medical_reports`
  ADD CONSTRAINT `patient_medical_reports_answer_id_foreign` FOREIGN KEY (`answer_id`) REFERENCES `medical_reports` (`id`) ON DELETE CASCADE ON UPDATE CASCADE,
  ADD CONSTRAINT `patient_medical_reports_parent_id_foreign` FOREIGN KEY (`parent_id`) REFERENCES `patient_medical_reports` (`id`) ON DELETE CASCADE ON UPDATE CASCADE,
  ADD CONSTRAINT `patient_medical_reports_report_id_foreign` FOREIGN KEY (`report_id`) REFERENCES `medical_reports` (`id`) ON DELETE CASCADE ON UPDATE CASCADE,
  ADD CONSTRAINT `patient_medical_reports_user_id_foreign` FOREIGN KEY (`user_id`) REFERENCES `users` (`id`) ON DELETE CASCADE ON UPDATE CASCADE;

--
-- Constraints for table `patient_services`
--
ALTER TABLE `patient_services`
  ADD CONSTRAINT `patient_services_clinic_id_foreign` FOREIGN KEY (`clinic_id`) REFERENCES `clinics` (`id`) ON DELETE CASCADE ON UPDATE CASCADE,
  ADD CONSTRAINT `patient_services_doctor_id_foreign` FOREIGN KEY (`doctor_id`) REFERENCES `clinics` (`id`) ON DELETE CASCADE ON UPDATE CASCADE,
  ADD CONSTRAINT `patient_services_invoice_id_foreign` FOREIGN KEY (`invoice_id`) REFERENCES `invoices` (`id`) ON DELETE CASCADE ON UPDATE CASCADE,
  ADD CONSTRAINT `patient_services_nurse_id_foreign` FOREIGN KEY (`nurse_id`) REFERENCES `clinics` (`id`) ON DELETE CASCADE ON UPDATE CASCADE,
  ADD CONSTRAINT `patient_services_point_id_foreign` FOREIGN KEY (`point_id`) REFERENCES `clinic_point_nursings` (`id`) ON DELETE CASCADE ON UPDATE CASCADE,
  ADD CONSTRAINT `patient_services_reservation_id_foreign` FOREIGN KEY (`reservation_id`) REFERENCES `reservations` (`id`) ON DELETE CASCADE ON UPDATE CASCADE,
  ADD CONSTRAINT `patient_services_service_id_foreign` FOREIGN KEY (`service_id`) REFERENCES `services` (`id`) ON DELETE CASCADE ON UPDATE CASCADE,
  ADD CONSTRAINT `patient_services_user_id_foreign` FOREIGN KEY (`user_id`) REFERENCES `users` (`id`) ON DELETE CASCADE ON UPDATE CASCADE;

--
-- Constraints for table `payment_methods`
--
ALTER TABLE `payment_methods`
  ADD CONSTRAINT `payment_methods_clinic_id_foreign` FOREIGN KEY (`clinic_id`) REFERENCES `clinics` (`id`) ON DELETE CASCADE ON UPDATE CASCADE;

--
-- Constraints for table `permissions`
--
ALTER TABLE `permissions`
  ADD CONSTRAINT `permissions_parent_id_foreign` FOREIGN KEY (`parent_id`) REFERENCES `permissions` (`id`) ON DELETE CASCADE ON UPDATE CASCADE;

--
-- Constraints for table `permissions_requests`
--
ALTER TABLE `permissions_requests`
  ADD CONSTRAINT `permissions_requests_clinic_id_foreign` FOREIGN KEY (`clinic_id`) REFERENCES `clinics` (`id`) ON DELETE CASCADE ON UPDATE CASCADE,
  ADD CONSTRAINT `permissions_requests_permission_owner_foreign` FOREIGN KEY (`permission_owner`) REFERENCES `clinics` (`id`) ON DELETE CASCADE ON UPDATE CASCADE,
  ADD CONSTRAINT `permissions_requests_permission_type_foreign` FOREIGN KEY (`permission_type`) REFERENCES `permissions_types` (`id`) ON DELETE CASCADE ON UPDATE CASCADE;

--
-- Constraints for table `pharmacy_prescriptions`
--
ALTER TABLE `pharmacy_prescriptions`
  ADD CONSTRAINT `pharmacy_prescriptions_clinic_id_foreign` FOREIGN KEY (`clinic_id`) REFERENCES `clinics` (`id`) ON DELETE CASCADE ON UPDATE CASCADE,
  ADD CONSTRAINT `pharmacy_prescriptions_doctor_id_foreign` FOREIGN KEY (`doctor_id`) REFERENCES `clinics` (`id`) ON DELETE CASCADE ON UPDATE CASCADE,
  ADD CONSTRAINT `pharmacy_prescriptions_user_id_foreign` FOREIGN KEY (`user_id`) REFERENCES `users` (`id`) ON DELETE CASCADE ON UPDATE CASCADE;

--
-- Constraints for table `posts`
--
ALTER TABLE `posts`
  ADD CONSTRAINT `posts_clinic_id_foreign` FOREIGN KEY (`clinic_id`) REFERENCES `clinics` (`id`) ON DELETE CASCADE ON UPDATE CASCADE;

--
-- Constraints for table `regions`
--
ALTER TABLE `regions`
  ADD CONSTRAINT `regions_city_id_foreign` FOREIGN KEY (`city_id`) REFERENCES `cities` (`id`) ON DELETE CASCADE ON UPDATE CASCADE;

--
-- Constraints for table `reservations`
--
ALTER TABLE `reservations`
  ADD CONSTRAINT `reservations_clinic_id_foreign` FOREIGN KEY (`clinic_id`) REFERENCES `clinics` (`id`) ON DELETE CASCADE ON UPDATE CASCADE,
  ADD CONSTRAINT `reservations_doctor_id_foreign` FOREIGN KEY (`doctor_id`) REFERENCES `clinics` (`id`) ON DELETE CASCADE ON UPDATE CASCADE,
  ADD CONSTRAINT `reservations_parent_id_foreign` FOREIGN KEY (`parent_id`) REFERENCES `users` (`id`) ON DELETE CASCADE ON UPDATE CASCADE,
  ADD CONSTRAINT `reservations_reception_id_foreign` FOREIGN KEY (`reception_id`) REFERENCES `clinics` (`id`) ON DELETE CASCADE ON UPDATE CASCADE,
  ADD CONSTRAINT `reservations_status_id_foreign` FOREIGN KEY (`status_id`) REFERENCES `statuses` (`id`) ON DELETE CASCADE ON UPDATE CASCADE,
  ADD CONSTRAINT `reservations_user_id_foreign` FOREIGN KEY (`user_id`) REFERENCES `users` (`id`) ON DELETE CASCADE ON UPDATE CASCADE;

--
-- Constraints for table `reservation_chats`
--
ALTER TABLE `reservation_chats`
  ADD CONSTRAINT `reservation_chats_receiver_id_foreign` FOREIGN KEY (`receiver_id`) REFERENCES `clinics` (`id`) ON DELETE CASCADE ON UPDATE CASCADE,
  ADD CONSTRAINT `reservation_chats_reservation_id_foreign` FOREIGN KEY (`reservation_id`) REFERENCES `reservations` (`id`) ON DELETE CASCADE ON UPDATE CASCADE,
  ADD CONSTRAINT `reservation_chats_sender_id_foreign` FOREIGN KEY (`sender_id`) REFERENCES `clinics` (`id`) ON DELETE CASCADE ON UPDATE CASCADE,
  ADD CONSTRAINT `reservation_chats_user_id_foreign` FOREIGN KEY (`user_id`) REFERENCES `users` (`id`) ON DELETE CASCADE ON UPDATE CASCADE;

--
-- Constraints for table `reservation_vital_signs`
--
ALTER TABLE `reservation_vital_signs`
  ADD CONSTRAINT `reservation_vital_signs_reservation_id_foreign` FOREIGN KEY (`reservation_id`) REFERENCES `reservations` (`id`) ON DELETE CASCADE ON UPDATE CASCADE;

--
-- Constraints for table `result_manuals`
--
ALTER TABLE `result_manuals`
  ADD CONSTRAINT `result_manuals_patient_service_id_foreign` FOREIGN KEY (`patient_service_id`) REFERENCES `patient_services` (`id`) ON DELETE CASCADE ON UPDATE CASCADE;

--
-- Constraints for table `role_has_permissions`
--
ALTER TABLE `role_has_permissions`
  ADD CONSTRAINT `role_has_permissions_permission_id_foreign` FOREIGN KEY (`permission_id`) REFERENCES `permissions` (`id`) ON DELETE CASCADE,
  ADD CONSTRAINT `role_has_permissions_role_id_foreign` FOREIGN KEY (`role_id`) REFERENCES `roles` (`id`) ON DELETE CASCADE;

--
-- Constraints for table `services`
--
ALTER TABLE `services`
  ADD CONSTRAINT `services_category_id_foreign` FOREIGN KEY (`category_id`) REFERENCES `services_categories` (`id`) ON DELETE CASCADE ON UPDATE CASCADE,
  ADD CONSTRAINT `services_clinic_id_foreign` FOREIGN KEY (`clinic_id`) REFERENCES `clinics` (`id`) ON DELETE CASCADE ON UPDATE CASCADE,
  ADD CONSTRAINT `services_created_by_foreign` FOREIGN KEY (`created_by`) REFERENCES `clinics` (`id`) ON DELETE CASCADE ON UPDATE CASCADE,
  ADD CONSTRAINT `services_specialty_id_foreign` FOREIGN KEY (`specialty_id`) REFERENCES `specialties` (`id`) ON DELETE CASCADE ON UPDATE CASCADE;

--
-- Constraints for table `services_categories`
--
ALTER TABLE `services_categories`
  ADD CONSTRAINT `services_categories_clinic_id_foreign` FOREIGN KEY (`clinic_id`) REFERENCES `clinics` (`id`) ON DELETE CASCADE ON UPDATE CASCADE;

--
-- Constraints for table `service_analysis_attributes`
--
ALTER TABLE `service_analysis_attributes`
  ADD CONSTRAINT `service_analysis_attributes_age_id_foreign` FOREIGN KEY (`age_id`) REFERENCES `age_categories` (`id`) ON DELETE CASCADE ON UPDATE CASCADE,
  ADD CONSTRAINT `service_analysis_attributes_parent_id_foreign` FOREIGN KEY (`parent_id`) REFERENCES `service_analysis_attributes` (`id`) ON DELETE CASCADE ON UPDATE CASCADE,
  ADD CONSTRAINT `service_analysis_attributes_service_id_foreign` FOREIGN KEY (`service_id`) REFERENCES `services` (`id`) ON DELETE CASCADE ON UPDATE CASCADE;

--
-- Constraints for table `settings`
--
ALTER TABLE `settings`
  ADD CONSTRAINT `settings_app_type_foreign` FOREIGN KEY (`app_type`) REFERENCES `app_types` (`id`) ON DELETE CASCADE ON UPDATE CASCADE;

--
-- Constraints for table `shifts`
--
ALTER TABLE `shifts`
  ADD CONSTRAINT `shifts_account_type_foreign` FOREIGN KEY (`account_type`) REFERENCES `app_types` (`id`) ON DELETE CASCADE ON UPDATE CASCADE,
  ADD CONSTRAINT `shifts_clinic_id_foreign` FOREIGN KEY (`clinic_id`) REFERENCES `clinics` (`id`) ON DELETE CASCADE ON UPDATE CASCADE;

--
-- Constraints for table `shift_employees`
--
ALTER TABLE `shift_employees`
  ADD CONSTRAINT `shift_employees_account_type_foreign` FOREIGN KEY (`account_type`) REFERENCES `app_types` (`id`) ON DELETE CASCADE ON UPDATE CASCADE,
  ADD CONSTRAINT `shift_employees_checkin_another_employee_foreign` FOREIGN KEY (`checkin_another_employee`) REFERENCES `clinics` (`id`) ON DELETE CASCADE ON UPDATE CASCADE,
  ADD CONSTRAINT `shift_employees_checkout_another_employee_foreign` FOREIGN KEY (`checkout_another_employee`) REFERENCES `clinics` (`id`) ON DELETE CASCADE ON UPDATE CASCADE,
  ADD CONSTRAINT `shift_employees_clinic_id_foreign` FOREIGN KEY (`clinic_id`) REFERENCES `clinics` (`id`) ON DELETE CASCADE ON UPDATE CASCADE,
  ADD CONSTRAINT `shift_employees_employee_id_foreign` FOREIGN KEY (`employee_id`) REFERENCES `clinics` (`id`) ON DELETE CASCADE ON UPDATE CASCADE,
  ADD CONSTRAINT `shift_employees_shift_id_foreign` FOREIGN KEY (`shift_id`) REFERENCES `shifts` (`id`) ON DELETE CASCADE ON UPDATE CASCADE;

--
-- Constraints for table `sick_leaves`
--
ALTER TABLE `sick_leaves`
  ADD CONSTRAINT `sick_leaves_reservation_id_foreign` FOREIGN KEY (`reservation_id`) REFERENCES `reservations` (`id`) ON DELETE CASCADE ON UPDATE CASCADE,
  ADD CONSTRAINT `sick_leaves_user_id_foreign` FOREIGN KEY (`user_id`) REFERENCES `users` (`id`) ON DELETE CASCADE ON UPDATE CASCADE;

--
-- Constraints for table `specialties`
--
ALTER TABLE `specialties`
  ADD CONSTRAINT `specialties_created_by_foreign` FOREIGN KEY (`created_by`) REFERENCES `clinics` (`id`) ON DELETE CASCADE ON UPDATE CASCADE,
  ADD CONSTRAINT `specialties_parent_id_foreign` FOREIGN KEY (`parent_id`) REFERENCES `specialties` (`id`) ON DELETE CASCADE ON UPDATE CASCADE;

--
-- Constraints for table `status_conversions`
--
ALTER TABLE `status_conversions`
  ADD CONSTRAINT `status_conversions_doctor_id_foreign` FOREIGN KEY (`doctor_id`) REFERENCES `clinics` (`id`) ON DELETE CASCADE ON UPDATE CASCADE,
  ADD CONSTRAINT `status_conversions_reception_id_foreign` FOREIGN KEY (`reception_id`) REFERENCES `clinics` (`id`) ON DELETE CASCADE ON UPDATE CASCADE,
  ADD CONSTRAINT `status_conversions_reservation_id_foreign` FOREIGN KEY (`reservation_id`) REFERENCES `reservations` (`id`) ON DELETE CASCADE ON UPDATE CASCADE,
  ADD CONSTRAINT `status_conversions_user_id_foreign` FOREIGN KEY (`user_id`) REFERENCES `users` (`id`) ON DELETE CASCADE ON UPDATE CASCADE;

--
-- Constraints for table `subscriptions_package_users`
--
ALTER TABLE `subscriptions_package_users`
  ADD CONSTRAINT `subscriptions_package_users_package_id_foreign` FOREIGN KEY (`package_id`) REFERENCES `packages` (`id`) ON DELETE CASCADE ON UPDATE CASCADE,
  ADD CONSTRAINT `subscriptions_package_users_user_id_foreign` FOREIGN KEY (`user_id`) REFERENCES `users` (`id`) ON DELETE CASCADE ON UPDATE CASCADE;

--
-- Constraints for table `suppliers`
--
ALTER TABLE `suppliers`
  ADD CONSTRAINT `suppliers_clinic_id_foreign` FOREIGN KEY (`clinic_id`) REFERENCES `clinics` (`parent_id`) ON DELETE CASCADE ON UPDATE CASCADE,
  ADD CONSTRAINT `suppliers_pharmacy_id_foreign` FOREIGN KEY (`pharmacy_id`) REFERENCES `clinics` (`id`) ON DELETE CASCADE ON UPDATE CASCADE;

--
-- Constraints for table `test_results`
--
ALTER TABLE `test_results`
  ADD CONSTRAINT `test_results_clinic_id_foreign` FOREIGN KEY (`clinic_id`) REFERENCES `clinics` (`id`) ON DELETE CASCADE ON UPDATE CASCADE,
  ADD CONSTRAINT `test_results_doctor_id_foreign` FOREIGN KEY (`doctor_id`) REFERENCES `clinics` (`id`) ON DELETE CASCADE ON UPDATE CASCADE,
  ADD CONSTRAINT `test_results_user_id_foreign` FOREIGN KEY (`user_id`) REFERENCES `users` (`id`) ON DELETE CASCADE ON UPDATE CASCADE;

--
-- Constraints for table `users`
--
ALTER TABLE `users`
  ADD CONSTRAINT `users_city_id_foreign` FOREIGN KEY (`city_id`) REFERENCES `cities` (`id`) ON DELETE CASCADE ON UPDATE CASCADE,
  ADD CONSTRAINT `users_class_id_foreign` FOREIGN KEY (`class_id`) REFERENCES `insurance_classes` (`id`) ON DELETE CASCADE ON UPDATE CASCADE,
  ADD CONSTRAINT `users_company_id_foreign` FOREIGN KEY (`company_id`) REFERENCES `insurance_companies` (`id`) ON DELETE CASCADE ON UPDATE CASCADE,
  ADD CONSTRAINT `users_country_id_foreign` FOREIGN KEY (`country_id`) REFERENCES `countries` (`id`) ON DELETE CASCADE ON UPDATE CASCADE,
  ADD CONSTRAINT `users_gover_id_foreign` FOREIGN KEY (`gover_id`) REFERENCES `cities` (`id`) ON DELETE CASCADE ON UPDATE CASCADE,
  ADD CONSTRAINT `users_nationality_id_foreign` FOREIGN KEY (`nationality_id`) REFERENCES `countries` (`id`) ON DELETE CASCADE ON UPDATE CASCADE,
  ADD CONSTRAINT `users_parent_id_foreign` FOREIGN KEY (`parent_id`) REFERENCES `users` (`id`) ON DELETE CASCADE ON UPDATE CASCADE,
  ADD CONSTRAINT `users_reception_id_foreign` FOREIGN KEY (`reception_id`) REFERENCES `clinics` (`id`) ON DELETE CASCADE ON UPDATE CASCADE,
  ADD CONSTRAINT `users_region_id_foreign` FOREIGN KEY (`region_id`) REFERENCES `regions` (`id`) ON DELETE CASCADE ON UPDATE CASCADE;

--
-- Constraints for table `users_members`
--
ALTER TABLE `users_members`
  ADD CONSTRAINT `users_members_user_id_foreign` FOREIGN KEY (`user_id`) REFERENCES `users` (`id`) ON DELETE CASCADE ON UPDATE CASCADE;

--
-- Constraints for table `user_points`
--
ALTER TABLE `user_points`
  ADD CONSTRAINT `user_points_clinic_id_foreign` FOREIGN KEY (`clinic_id`) REFERENCES `clinics` (`id`) ON DELETE CASCADE ON UPDATE CASCADE,
  ADD CONSTRAINT `user_points_user_id_foreign` FOREIGN KEY (`user_id`) REFERENCES `users` (`id`) ON DELETE CASCADE ON UPDATE CASCADE;

--
-- Constraints for table `verification_codes`
--
ALTER TABLE `verification_codes`
  ADD CONSTRAINT `verification_codes_user_id_foreign` FOREIGN KEY (`user_id`) REFERENCES `users` (`id`) ON DELETE CASCADE ON UPDATE CASCADE;

--
-- Constraints for table `vital_signs`
--
ALTER TABLE `vital_signs`
  ADD CONSTRAINT `vital_signs_clinic_id_foreign` FOREIGN KEY (`clinic_id`) REFERENCES `clinics` (`id`) ON DELETE CASCADE ON UPDATE CASCADE,
  ADD CONSTRAINT `vital_signs_doctor_id_foreign` FOREIGN KEY (`doctor_id`) REFERENCES `clinics` (`id`) ON DELETE CASCADE ON UPDATE CASCADE,
  ADD CONSTRAINT `vital_signs_emergency_id_foreign` FOREIGN KEY (`emergency_id`) REFERENCES `emergencies` (`id`) ON DELETE CASCADE ON UPDATE CASCADE,
  ADD CONSTRAINT `vital_signs_reservation_id_foreign` FOREIGN KEY (`reservation_id`) REFERENCES `reservations` (`id`) ON DELETE CASCADE ON UPDATE CASCADE,
  ADD CONSTRAINT `vital_signs_user_id_foreign` FOREIGN KEY (`user_id`) REFERENCES `users` (`id`) ON DELETE CASCADE ON UPDATE CASCADE;

--
-- Constraints for table `working_days`
--
ALTER TABLE `working_days`
  ADD CONSTRAINT `working_days_day_id_foreign` FOREIGN KEY (`day_id`) REFERENCES `days` (`id`) ON DELETE CASCADE ON UPDATE CASCADE,
  ADD CONSTRAINT `working_days_pharmacist_id_foreign` FOREIGN KEY (`pharmacist_id`) REFERENCES `clinics` (`id`) ON DELETE CASCADE ON UPDATE CASCADE;
COMMIT;

/*!40101 SET CHARACTER_SET_CLIENT=@OLD_CHARACTER_SET_CLIENT */;
/*!40101 SET CHARACTER_SET_RESULTS=@OLD_CHARACTER_SET_RESULTS */;
/*!40101 SET COLLATION_CONNECTION=@OLD_COLLATION_CONNECTION */;
